Node_ID,True_Label,Pred_Label,Confidence,Split
0,1,1,0.99479747,train
1,1,1,0.9996517,train
2,0,0,0.99954444,train
3,2,2,0.9999465,train
4,1,1,0.99450845,train
5,2,2,0.99929047,train
6,2,2,0.9999906,train
7,1,1,0.996458,train
8,2,2,0.99997497,train
9,1,1,0.99992,train
10,2,2,0.9901085,train
11,2,2,0.9999286,train
12,2,2,0.99999774,train
13,2,2,0.99991083,train
14,2,2,0.99995077,train
15,0,0,0.9999199,train
16,1,1,1.0,train
17,2,2,0.9994549,train
18,1,1,0.9990707,train
19,2,2,0.9999722,train
20,2,2,0.99978846,train
21,1,1,0.9992409,train
22,2,2,0.9989543,train
23,2,2,0.99979585,train
24,2,2,0.9980052,train
25,1,1,0.99994135,train
26,2,2,0.9999994,train
27,2,2,0.9999527,train
28,2,2,0.9996092,train
29,1,1,0.9789252,train
30,1,1,0.99316555,train
31,1,1,0.99969125,train
32,2,2,0.99939525,train
33,1,1,0.99967694,train
34,0,0,0.999882,train
35,0,0,0.9999993,train
36,1,1,0.9996222,train
37,1,1,0.9924319,train
38,0,0,0.9999999,train
39,2,2,0.99924636,train
40,0,0,0.9998853,train
41,1,1,0.968697,train
42,0,0,0.99999166,train
43,1,1,0.9998567,train
44,1,1,0.99833244,train
45,1,1,0.98787016,train
46,1,1,0.99993396,train
47,0,0,1.0,train
48,0,0,0.9186923,train
49,0,0,0.9999989,train
50,0,0,0.99996006,train
51,0,0,0.99999094,train
52,0,0,0.99906653,train
53,0,0,0.99956816,train
54,0,0,0.999969,train
55,0,0,0.99999857,train
56,0,0,0.9985593,train
57,0,0,0.99998057,train
58,0,0,1.0,train
59,0,0,0.99994516,train
60,2,2,0.99999464,val
61,2,2,0.9936848,val
62,1,1,0.9730408,val
63,2,0,0.9963923,val
64,1,1,0.56248444,val
65,1,1,0.96331966,val
66,2,2,0.99569255,val
67,1,1,0.85328895,val
68,0,0,0.9865507,val
69,1,1,0.9599207,val
70,0,0,0.9959967,val
71,2,2,0.99983644,val
72,0,0,0.9999243,val
73,2,2,0.998814,val
74,1,1,0.6580135,val
75,2,2,0.9944231,val
76,2,2,0.99985456,val
77,0,0,0.9703016,val
78,0,2,0.45726955,val
79,0,0,0.96042526,val
80,0,0,0.99742895,val
81,0,2,0.99287957,val
82,1,1,0.9666773,val
83,2,2,0.7384291,val
84,1,1,0.9961039,val
85,2,2,0.9999726,val
86,1,1,0.9292284,val
87,2,2,0.9824697,val
88,1,1,0.9995932,val
89,1,2,0.940921,val
90,0,0,0.9999949,val
91,2,2,0.48355502,val
92,1,2,0.8167557,val
93,2,2,0.9998541,val
94,0,0,0.9900857,val
95,0,0,0.9999844,val
96,1,1,0.89441705,val
97,2,2,0.99710804,val
98,1,2,0.9967347,val
99,1,1,0.99886227,val
100,1,1,0.9665807,val
101,0,0,1.0,val
102,2,0,0.72532433,val
103,2,2,0.9991671,val
104,2,1,0.952138,val
105,1,1,0.9940895,val
106,0,0,0.9999516,val
107,2,2,0.9156873,val
108,2,2,0.9999007,val
109,2,2,0.9980726,val
110,0,0,0.95882285,val
111,2,1,0.8847197,val
112,1,1,0.99999976,val
113,1,1,0.9929806,val
114,1,1,0.96672183,val
115,0,0,0.9996195,val
116,2,2,0.65099883,val
117,2,2,1.0,val
118,1,1,0.9256029,val
119,1,1,0.9354832,val
120,1,1,0.9944353,val
121,0,0,0.9998733,val
122,2,2,0.9733434,val
123,0,0,0.9451385,val
124,2,2,1.0,val
125,2,2,0.51460034,val
126,0,2,0.9469399,val
127,0,0,0.99978274,val
128,2,2,0.99977976,val
129,2,2,0.5980405,val
130,0,0,0.9992704,val
131,2,2,0.99189174,val
132,0,0,1.0,val
133,0,0,0.99065536,val
134,1,1,0.39562815,val
135,2,2,0.9830936,val
136,0,0,0.9999999,val
137,2,1,0.8054572,val
138,1,2,0.9997428,val
139,0,0,0.99993455,val
140,1,1,0.8665203,val
141,0,0,0.9990595,val
142,0,0,0.5224226,val
143,2,2,0.90773636,val
144,2,2,0.9999776,val
145,2,2,0.8559177,val
146,2,2,0.9752871,val
147,1,1,0.99897003,val
148,2,2,0.61032623,val
149,2,2,0.7929441,val
150,1,1,0.9649696,val
151,0,0,0.9998449,val
152,2,1,0.90249133,val
153,0,0,0.99431026,val
154,1,0,0.78546536,val
155,0,0,0.9985631,val
156,2,2,0.6298768,val
157,1,1,0.9666277,val
158,1,1,0.97575855,val
159,1,0,0.6526569,val
160,1,1,0.89231676,val
161,1,1,0.97005165,val
162,2,2,0.99089956,val
163,2,1,0.9573145,val
164,1,1,0.99341196,val
165,1,1,0.9093627,val
166,1,1,0.8917934,val
167,2,2,0.9983354,val
168,1,1,0.77513564,val
169,0,0,0.99901235,val
170,1,1,0.7312461,val
171,1,2,0.9116061,val
172,1,1,0.9936987,val
173,0,0,0.99931765,val
174,0,1,0.4425155,val
175,2,2,0.9664316,val
176,2,2,0.910478,val
177,2,1,0.8696863,val
178,1,1,0.7778547,val
179,2,0,0.3762361,val
180,1,1,0.5985971,val
181,2,2,0.95385695,val
182,1,2,0.87143135,val
183,1,1,0.99122494,val
184,1,1,0.99972254,val
185,1,1,0.9945872,val
186,2,2,0.99901855,val
187,2,2,0.47238192,val
188,1,1,0.9990252,val
189,2,2,0.9984451,val
190,2,2,0.9557047,val
191,1,1,0.9700865,val
192,2,2,0.99525404,val
193,1,0,0.8663933,val
194,0,0,0.99999774,val
195,2,2,0.99823415,val
196,1,1,0.9989784,val
197,1,1,0.8412265,val
198,2,1,0.9862664,val
199,2,2,0.98129565,val
200,2,2,0.77871454,val
201,2,2,0.9896208,val
202,1,2,0.9455269,val
203,1,1,0.8908647,val
204,1,1,0.999843,val
205,2,2,0.9995473,val
206,0,0,0.9952668,val
207,0,0,0.9996792,val
208,2,2,0.9959074,val
209,2,2,0.9980227,val
210,2,2,0.99885476,val
211,2,2,0.9998486,val
212,1,1,0.98837835,val
213,2,2,0.9128998,val
214,1,1,0.93744254,val
215,1,1,0.91206616,val
216,1,2,0.638742,val
217,1,1,0.968118,val
218,2,2,0.9999647,val
219,1,0,0.8441578,val
220,2,1,0.9705034,val
221,1,1,0.99977654,val
222,1,0,0.99072003,val
223,0,0,0.9996613,val
224,2,2,0.93546623,val
225,2,2,0.9950364,val
226,2,2,0.9956928,val
227,2,2,0.9974407,val
228,2,2,0.9013717,val
229,2,2,0.98808193,val
230,0,0,0.98949,val
231,1,2,0.98249245,val
232,1,2,0.7147727,val
233,0,0,0.97751427,val
234,0,0,0.9985819,val
235,1,1,0.98529655,val
236,2,0,0.8776836,val
237,2,0,0.999954,val
238,2,0,0.9999776,val
239,2,0,0.97726715,val
240,0,0,0.60909545,val
241,1,1,0.972672,val
242,2,2,0.99737996,val
243,1,1,0.8795223,val
244,0,0,0.8026486,val
245,1,1,0.7776445,val
246,2,2,0.99974245,val
247,2,2,0.995911,val
248,0,0,0.9830738,val
249,2,2,0.68541366,val
250,1,2,0.9120243,val
251,2,1,0.91922647,val
252,0,0,0.99971825,val
253,1,1,0.9999881,val
254,1,2,0.6513665,val
255,0,0,0.93932843,val
256,2,0,0.93902427,val
257,0,0,0.99579406,val
258,2,2,0.9999956,val
259,2,0,0.68642914,val
260,2,2,0.9988789,val
261,0,0,0.999315,val
262,0,0,0.9930601,val
263,1,1,0.9795964,val
264,2,2,0.993986,val
265,2,2,0.98517364,val
266,1,1,0.990289,val
267,1,1,0.74485916,val
268,2,2,0.9997491,val
269,0,1,0.9654377,val
270,2,2,0.9510459,val
271,2,2,0.9997398,val
272,2,2,0.9973695,val
273,1,1,0.9098153,val
274,2,2,0.9988783,val
275,1,1,0.984437,val
276,1,1,0.8799016,val
277,1,1,0.98990214,val
278,2,2,0.919706,val
279,1,1,0.8729056,val
280,1,1,0.9445703,val
281,2,2,0.6738185,val
282,2,2,0.7642085,val
283,2,2,0.8573703,val
284,1,1,0.99999964,val
285,0,1,0.9966112,val
286,2,2,0.99749786,val
287,2,2,0.9987571,val
288,2,2,0.9998228,val
289,2,2,0.91015744,val
290,1,1,0.95919925,val
291,1,1,0.98088354,val
292,2,2,0.73953134,val
293,2,2,0.999856,val
294,2,2,1.0,val
295,2,2,0.9998977,val
296,0,0,0.9916788,val
297,0,0,0.999897,val
298,2,2,0.8175836,val
299,1,1,0.9814068,val
300,1,0,0.99307805,val
301,0,0,0.9993893,val
302,1,1,0.98578787,val
303,2,2,0.98795867,val
304,1,1,0.9878955,val
305,0,0,0.99341136,val
306,2,2,0.6015983,val
307,1,0,0.99993706,val
308,2,0,0.860121,val
309,0,0,0.9995136,val
310,1,1,0.7832355,val
311,2,2,1.0,val
312,2,2,0.81400263,val
313,1,1,0.97796667,val
314,1,1,0.9607505,val
315,2,2,0.99916136,val
316,2,2,0.9998528,val
317,2,2,1.0,val
318,0,0,0.9999958,val
319,1,1,0.9795852,val
320,2,2,0.5434295,val
321,1,1,0.762255,val
322,2,1,0.77720195,val
323,0,0,0.99999976,val
324,1,1,0.97861165,val
325,1,1,0.8402011,val
326,2,2,0.9656284,val
327,1,1,0.7751978,val
328,0,0,0.99999833,val
329,1,1,0.9984894,val
330,2,1,0.50507456,val
331,2,2,0.9973757,val
332,1,1,0.9191895,val
333,2,1,0.9640171,val
334,0,0,0.9938683,val
335,1,1,0.8385213,val
336,2,2,0.9998667,val
337,2,2,0.99999523,val
338,2,2,0.9994862,val
339,2,2,0.9792644,val
340,1,1,0.9509868,val
341,2,1,0.8382045,val
342,2,2,0.96755123,val
343,2,2,0.55057245,val
344,2,2,0.99190944,val
345,2,2,0.9344787,val
346,1,1,0.97588557,val
347,1,1,0.45155016,val
348,2,2,0.9997904,val
349,2,2,0.9997136,val
350,1,1,0.9997296,val
351,1,2,0.9893805,val
352,1,0,0.5607014,val
353,2,2,0.9997303,val
354,1,1,0.487906,val
355,1,1,0.98119444,val
356,1,1,0.9646592,val
357,1,1,0.99999714,val
358,2,0,0.9190921,val
359,1,1,0.92438823,val
360,1,2,0.93655074,val
361,2,2,0.9996797,val
362,2,1,0.8984039,val
363,0,0,0.99117166,val
364,0,1,0.8733211,val
365,2,1,0.7923777,val
366,1,1,0.9813277,val
367,2,1,0.92902344,val
368,2,2,0.9997651,val
369,1,1,0.95403636,val
370,1,1,0.9334129,val
371,1,1,0.99624985,val
372,0,2,0.9999181,val
373,1,1,0.9905098,val
374,2,2,0.9879753,val
375,2,2,0.99969876,val
376,1,1,0.99925023,val
377,1,1,0.93990976,val
378,2,1,0.99674064,val
379,1,1,0.7391989,val
380,1,1,0.795551,val
381,1,1,0.9699893,val
382,2,2,0.59012747,val
383,0,0,0.99804187,val
384,1,1,0.9870591,val
385,0,2,0.9987398,val
386,2,2,0.91239977,val
387,2,2,0.99995625,val
388,2,2,0.99786985,val
389,1,2,0.913345,val
390,2,2,0.9812337,val
391,1,1,0.98656183,val
392,1,1,0.9235292,val
393,1,1,0.9945943,val
394,1,0,0.7459372,val
395,2,1,0.90787435,val
396,2,0,0.9626614,val
397,1,1,0.7415125,val
398,0,0,0.9479616,val
399,1,1,0.93917596,val
400,1,1,0.9841436,val
401,1,1,0.9973871,val
402,2,1,0.9992926,val
403,1,1,0.6635532,val
404,1,1,0.846526,val
405,1,1,0.9117358,val
406,0,0,1.0,val
407,1,1,0.9878512,val
408,1,1,0.9387108,val
409,0,0,0.99999964,val
410,2,2,0.99992716,val
411,1,1,0.98045623,val
412,2,2,0.9897663,val
413,0,0,0.99993134,val
414,1,1,0.9808472,val
415,0,0,0.999534,val
416,1,1,0.7855694,val
417,1,1,0.55853146,val
418,2,2,0.9345471,val
419,2,2,0.9998037,val
420,2,1,0.9892669,val
421,2,2,0.999956,val
422,2,2,0.72598535,val
423,1,1,0.9972982,val
424,2,2,0.9999982,val
425,1,1,0.5035295,val
426,1,1,0.5840749,val
427,2,2,0.53964937,val
428,1,1,0.9999794,val
429,0,0,0.99997747,val
430,1,1,0.9797132,val
431,1,1,0.9318899,val
432,1,1,0.7824953,val
433,1,1,0.9953399,val
434,1,2,0.87800634,val
435,1,1,0.79146785,val
436,2,1,0.9854543,val
437,0,0,0.7478317,val
438,1,1,0.5490428,val
439,1,1,0.999548,val
440,1,1,0.8887879,val
441,2,2,0.96223724,val
442,2,2,0.9978387,val
443,2,2,0.99999833,val
444,2,2,0.9999131,val
445,1,1,0.876296,val
446,1,1,0.8389526,val
447,1,1,0.98596466,val
448,1,1,0.8142386,val
449,0,0,0.99986386,val
450,2,2,0.9992643,val
451,1,1,0.7252756,val
452,1,1,0.9920053,val
453,0,0,0.90453404,val
454,0,2,0.8335538,val
455,1,1,0.5270914,val
456,2,1,0.9952992,val
457,2,2,0.7055081,val
458,2,2,0.9037736,val
459,2,2,0.99922645,val
460,1,1,0.997973,val
461,1,1,0.96761775,val
462,2,1,0.8889065,val
463,2,0,0.84166574,val
464,2,2,0.99993455,val
465,1,1,0.9871509,val
466,2,1,0.8630738,val
467,1,1,0.94680214,val
468,2,2,0.9999608,val
469,2,2,0.99974054,val
470,0,0,0.99949205,val
471,2,2,0.9994797,val
472,2,1,0.91806793,val
473,2,0,0.97089607,val
474,2,2,0.9894197,val
475,2,2,0.999811,val
476,0,0,0.9998641,val
477,1,1,0.9831338,val
478,1,1,0.9711501,val
479,2,2,0.99999976,val
480,0,0,0.9569027,val
481,2,1,0.9995303,val
482,0,0,0.9970239,val
483,2,2,0.9998323,val
484,0,0,0.58717334,val
485,2,2,0.9942966,val
486,1,2,0.93900776,val
487,1,1,0.96369255,val
488,2,2,0.9999999,val
489,2,2,0.9998134,val
490,1,1,0.9847761,val
491,2,1,0.77796584,val
492,0,0,0.99832386,val
493,2,2,0.54194355,val
494,1,2,0.568521,val
495,0,0,0.9999826,val
496,1,1,0.9615189,val
497,2,1,0.7388208,val
498,1,1,0.9900221,val
499,1,1,0.9890555,val
500,2,2,0.99515176,val
501,0,0,0.8287386,val
502,1,1,0.9386751,val
503,2,1,0.72139424,val
504,2,2,0.99988365,val
505,2,2,0.94149476,val
506,2,2,0.99759537,val
507,0,0,0.99989974,val
508,2,2,0.9984627,val
509,0,0,0.99999857,val
510,1,1,0.9897719,val
511,1,2,0.98340327,val
512,2,2,0.96863616,val
513,1,1,0.6876862,val
514,2,2,1.0,val
515,2,2,0.9236581,val
516,0,0,0.986772,val
517,0,1,0.93163663,val
518,1,0,0.9893243,val
519,0,0,0.98728895,val
520,2,0,0.99822277,val
521,1,1,0.94816315,val
522,1,1,0.99310887,val
523,2,2,0.9292679,val
524,1,2,0.5840552,val
525,2,2,0.83407205,val
526,1,1,0.8283612,val
527,0,0,0.99509025,val
528,0,2,0.99948287,val
529,0,0,0.99999964,val
530,1,1,0.7671976,val
531,0,0,0.99998236,val
532,2,2,0.9917617,val
533,2,2,1.0,val
534,1,2,0.999987,val
535,2,2,0.99671614,val
536,0,0,0.98405206,val
537,0,0,0.99867237,val
538,1,2,0.5574766,val
539,0,0,0.9628566,val
540,1,1,0.51575756,val
541,1,1,0.7599626,val
542,0,0,0.9990484,val
543,1,0,0.6843826,val
544,1,1,0.84840834,val
545,2,0,0.54971784,val
546,1,1,0.9725672,val
547,1,2,0.910315,val
548,2,2,0.6601731,val
549,0,0,0.9947796,val
550,0,0,0.996241,val
551,2,2,0.50809443,val
552,2,2,0.5003194,val
553,0,2,0.9993787,val
554,2,1,0.85063994,val
555,1,1,0.9996296,val
556,1,1,0.97836816,val
557,2,2,0.8608213,val
558,2,2,0.9849244,val
559,0,0,0.9374769,val
560,2,2,0.78402317,unassigned
561,1,1,0.91774833,unassigned
562,1,1,0.96197104,unassigned
563,2,2,0.9999416,unassigned
564,1,1,0.98438615,unassigned
565,1,2,0.98404837,unassigned
566,2,2,0.96722066,unassigned
567,1,1,0.70766973,unassigned
568,2,2,0.9168559,unassigned
569,1,1,0.98830914,unassigned
570,2,0,0.97570103,unassigned
571,1,1,0.9900607,unassigned
572,2,2,0.7804872,unassigned
573,1,1,0.8700916,unassigned
574,2,2,0.95235205,unassigned
575,0,0,0.99930584,unassigned
576,1,1,0.9683488,unassigned
577,0,2,0.9019032,unassigned
578,2,2,0.99722725,unassigned
579,2,2,1.0,unassigned
580,2,2,0.99941945,unassigned
581,0,0,0.9994753,unassigned
582,0,0,0.9999938,unassigned
583,0,2,0.9235917,unassigned
584,1,1,0.97705066,unassigned
585,2,2,0.89562047,unassigned
586,1,1,0.90036285,unassigned
587,0,0,0.9945275,unassigned
588,1,0,0.98991334,unassigned
589,2,0,0.9468895,unassigned
590,0,1,0.99995744,unassigned
591,0,0,0.9665132,unassigned
592,1,1,0.98094463,unassigned
593,2,2,0.7330738,unassigned
594,2,2,0.75093937,unassigned
595,0,2,0.9819004,unassigned
596,2,2,0.96236604,unassigned
597,2,2,0.9612088,unassigned
598,0,0,0.99911195,unassigned
599,2,2,0.9988856,unassigned
600,2,2,0.9881025,unassigned
601,2,2,0.9982583,unassigned
602,2,2,0.9999893,unassigned
603,2,2,0.9294713,unassigned
604,0,0,0.9974486,unassigned
605,1,1,0.99680895,unassigned
606,2,0,0.4248688,unassigned
607,1,1,0.9910068,unassigned
608,1,1,0.6047068,unassigned
609,1,1,0.5324683,unassigned
610,1,0,0.73624665,unassigned
611,2,2,0.9999995,unassigned
612,1,2,0.80617034,unassigned
613,1,1,0.7053946,unassigned
614,0,0,0.99991083,unassigned
615,1,0,0.99671954,unassigned
616,1,1,0.9899228,unassigned
617,2,2,0.99927443,unassigned
618,0,0,0.8533498,unassigned
619,0,0,0.9999151,unassigned
620,0,0,0.8011416,unassigned
621,1,1,0.9992374,unassigned
622,2,1,0.86902976,unassigned
623,0,0,1.0,unassigned
624,2,2,0.9998118,unassigned
625,1,1,0.95082974,unassigned
626,1,2,0.5002654,unassigned
627,0,0,0.97570246,unassigned
628,2,2,0.9890258,unassigned
629,2,2,0.96494806,unassigned
630,2,2,0.9984799,unassigned
631,2,2,0.91083074,unassigned
632,0,2,0.9133918,unassigned
633,0,0,0.9998754,unassigned
634,0,0,0.99997497,unassigned
635,1,1,0.9669129,unassigned
636,0,2,0.99908257,unassigned
637,1,2,0.9795544,unassigned
638,1,1,0.98218024,unassigned
639,2,0,0.60787004,unassigned
640,1,1,0.90935606,unassigned
641,1,1,0.9853984,unassigned
642,1,1,0.9691309,unassigned
643,0,0,0.99842,unassigned
644,0,0,0.99809486,unassigned
645,2,2,0.5764202,unassigned
646,1,1,0.9238854,unassigned
647,1,1,0.7116576,unassigned
648,1,1,0.9994246,unassigned
649,1,2,0.9999707,unassigned
650,1,1,0.9546415,unassigned
651,1,1,0.97377825,unassigned
652,1,1,0.9886642,unassigned
653,2,2,0.9998342,unassigned
654,1,0,0.9994331,unassigned
655,1,1,0.9199319,unassigned
656,2,2,0.99999154,unassigned
657,0,0,0.99986064,unassigned
658,2,2,0.99643683,unassigned
659,1,1,0.9999913,unassigned
660,2,2,0.99810046,unassigned
661,0,0,0.9999888,unassigned
662,1,2,0.8337268,unassigned
663,2,2,0.99387616,unassigned
664,1,1,0.9872804,unassigned
665,1,1,0.9985644,unassigned
666,0,0,0.999995,unassigned
667,2,2,0.99981827,unassigned
668,1,1,0.9998361,unassigned
669,2,2,0.9957365,unassigned
670,2,2,0.97946584,unassigned
671,1,1,0.9220208,unassigned
672,0,2,0.96984607,unassigned
673,1,1,0.95442235,unassigned
674,2,0,0.933589,unassigned
675,1,0,0.904258,unassigned
676,2,2,0.99578166,unassigned
677,0,0,0.99999416,unassigned
678,1,1,0.719694,unassigned
679,1,1,0.9583214,unassigned
680,1,0,0.9633655,unassigned
681,2,2,0.9994778,unassigned
682,2,2,0.8569498,unassigned
683,1,2,0.7459761,unassigned
684,0,0,0.9766938,unassigned
685,0,0,0.99962723,unassigned
686,1,1,0.94781506,unassigned
687,2,2,0.99956363,unassigned
688,2,2,0.99991643,unassigned
689,1,1,0.7616707,unassigned
690,0,0,0.99993706,unassigned
691,2,1,0.61017245,unassigned
692,1,1,0.70130444,unassigned
693,0,0,0.99972075,unassigned
694,2,2,0.71743846,unassigned
695,0,1,0.5756045,unassigned
696,1,0,0.59647185,unassigned
697,1,1,0.99969995,unassigned
698,1,1,0.9887382,unassigned
699,0,2,0.95889014,unassigned
700,2,2,0.9791357,unassigned
701,1,2,0.89491785,unassigned
702,2,2,0.9995466,unassigned
703,2,2,0.94047517,unassigned
704,1,1,0.7051441,unassigned
705,1,1,0.9610595,unassigned
706,0,0,0.9999993,unassigned
707,2,2,0.999231,unassigned
708,1,1,0.9958937,unassigned
709,2,2,0.99986076,unassigned
710,1,1,0.93965024,unassigned
711,2,2,0.9992335,unassigned
712,1,1,0.9962579,unassigned
713,1,1,0.9860897,unassigned
714,1,1,0.9500614,unassigned
715,0,0,0.99998546,unassigned
716,2,2,0.96515656,unassigned
717,1,2,0.96091354,unassigned
718,1,1,0.7426416,unassigned
719,2,2,0.99269694,unassigned
720,0,0,0.9998889,unassigned
721,1,0,0.806811,unassigned
722,0,0,0.79325634,unassigned
723,1,1,0.8611621,unassigned
724,0,2,0.99772483,unassigned
725,1,1,0.65179163,unassigned
726,2,2,0.9985361,unassigned
727,2,2,0.63703144,unassigned
728,2,2,0.7066904,unassigned
729,0,2,0.95777315,unassigned
730,2,0,0.9985273,unassigned
731,1,1,0.99973077,unassigned
732,2,2,0.6563508,unassigned
733,2,2,0.930768,unassigned
734,1,1,0.9892301,unassigned
735,2,2,1.0,unassigned
736,1,1,0.7735611,unassigned
737,0,0,0.92288315,unassigned
738,1,2,0.99996555,unassigned
739,1,1,0.85242885,unassigned
740,1,1,0.83457476,unassigned
741,1,2,0.867677,unassigned
742,0,0,0.99204016,unassigned
743,2,2,0.9918664,unassigned
744,1,1,0.9322846,unassigned
745,0,1,0.99028647,unassigned
746,1,1,0.9841082,unassigned
747,1,1,0.99636406,unassigned
748,1,2,0.5394567,unassigned
749,2,2,0.99999964,unassigned
750,2,2,0.9995665,unassigned
751,0,2,0.9508703,unassigned
752,0,0,0.999686,unassigned
753,2,2,0.9993942,unassigned
754,2,1,0.99953353,unassigned
755,0,0,0.99999833,unassigned
756,1,2,0.61280245,unassigned
757,1,1,0.58081895,unassigned
758,2,2,0.99985707,unassigned
759,1,2,0.855864,unassigned
760,0,2,0.5925,unassigned
761,1,1,0.9960508,unassigned
762,1,1,0.8947873,unassigned
763,1,1,0.95675904,unassigned
764,2,2,0.96559507,unassigned
765,2,2,0.9995073,unassigned
766,1,1,0.8955833,unassigned
767,2,2,0.99999726,unassigned
768,1,1,0.99861825,unassigned
769,1,0,0.536602,unassigned
770,1,1,0.9954293,unassigned
771,1,1,0.9971902,unassigned
772,2,2,0.9954808,unassigned
773,1,2,0.8190002,unassigned
774,2,2,0.99870706,unassigned
775,0,0,0.9171871,unassigned
776,2,2,0.9995639,unassigned
777,2,2,0.9898775,unassigned
778,2,2,1.0,unassigned
779,2,2,0.94822556,unassigned
780,2,2,0.9995914,unassigned
781,1,1,0.85305095,unassigned
782,1,1,0.9906961,unassigned
783,1,1,0.9675446,unassigned
784,1,0,0.9999963,unassigned
785,1,1,0.7617634,unassigned
786,2,2,0.9998363,unassigned
787,0,2,0.86168796,unassigned
788,2,1,0.8878479,unassigned
789,2,1,0.92012566,unassigned
790,0,0,0.99974376,unassigned
791,2,2,0.8575955,unassigned
792,0,0,0.9999294,unassigned
793,1,1,0.9965783,unassigned
794,1,2,0.61245495,unassigned
795,1,1,0.93610865,unassigned
796,1,2,0.951973,unassigned
797,1,2,0.54077727,unassigned
798,1,1,0.87115693,unassigned
799,2,1,0.9998461,unassigned
800,1,1,0.93554485,unassigned
801,1,1,0.6378727,unassigned
802,2,0,0.9940738,unassigned
803,2,2,0.9999099,unassigned
804,1,1,0.88383126,unassigned
805,2,2,1.0,unassigned
806,0,0,1.0,unassigned
807,0,0,0.96884626,unassigned
808,1,1,0.88103056,unassigned
809,0,0,0.9999963,unassigned
810,1,1,0.987975,unassigned
811,1,1,0.9744095,unassigned
812,2,2,0.99965346,unassigned
813,0,1,0.5865615,unassigned
814,2,1,0.8608703,unassigned
815,2,1,0.98693776,unassigned
816,0,0,0.9997904,unassigned
817,0,0,0.99956816,unassigned
818,1,1,0.8553826,unassigned
819,2,2,0.5733378,unassigned
820,0,0,0.9999944,unassigned
821,1,1,0.74047863,unassigned
822,1,2,0.9482711,unassigned
823,1,1,0.9949419,unassigned
824,1,1,0.9992299,unassigned
825,2,2,0.99902356,unassigned
826,1,2,0.99859184,unassigned
827,2,2,0.9848876,unassigned
828,1,1,0.5005111,unassigned
829,1,1,0.77768564,unassigned
830,2,2,0.99729234,unassigned
831,2,2,0.9999144,unassigned
832,1,1,0.9998529,unassigned
833,1,1,0.95395476,unassigned
834,0,0,0.6149366,unassigned
835,0,0,0.98737514,unassigned
836,1,1,0.73184526,unassigned
837,1,1,0.9297912,unassigned
838,2,2,0.99960583,unassigned
839,1,1,0.9975921,unassigned
840,1,1,0.9751286,unassigned
841,1,2,0.6734253,unassigned
842,2,1,0.99890864,unassigned
843,0,0,0.9954391,unassigned
844,0,2,0.6053251,unassigned
845,2,2,0.99776626,unassigned
846,2,2,0.9916825,unassigned
847,2,2,0.99973315,unassigned
848,1,1,0.9696722,unassigned
849,2,2,0.99862564,unassigned
850,2,0,0.99513125,unassigned
851,2,2,0.99847347,unassigned
852,1,1,0.51667625,unassigned
853,1,0,0.56557745,unassigned
854,2,2,0.98292094,unassigned
855,1,1,0.7917327,unassigned
856,1,1,0.9622873,unassigned
857,2,0,0.9839008,unassigned
858,1,1,0.96107185,unassigned
859,2,2,0.99983966,unassigned
860,2,1,0.90776175,unassigned
861,2,2,0.4922297,unassigned
862,2,2,0.9998549,unassigned
863,1,2,0.99809486,unassigned
864,1,1,0.7695047,unassigned
865,2,2,0.999995,unassigned
866,2,2,0.9999764,unassigned
867,0,0,0.9999974,unassigned
868,2,2,0.90647787,unassigned
869,0,0,0.9966628,unassigned
870,0,0,0.9598231,unassigned
871,2,2,0.9945398,unassigned
872,1,1,0.9999945,unassigned
873,2,1,0.8747551,unassigned
874,2,2,0.9807339,unassigned
875,1,1,0.9983382,unassigned
876,2,1,0.9765718,unassigned
877,1,1,0.8410776,unassigned
878,1,1,0.72247607,unassigned
879,2,1,0.7840647,unassigned
880,2,2,0.98148996,unassigned
881,2,2,0.9996325,unassigned
882,0,0,0.9050083,unassigned
883,1,1,0.9973127,unassigned
884,1,1,0.9640076,unassigned
885,1,1,0.9714057,unassigned
886,2,2,0.57947105,unassigned
887,2,2,0.998727,unassigned
888,1,1,0.98631114,unassigned
889,1,1,0.7939891,unassigned
890,1,2,0.8434089,unassigned
891,0,0,0.9966844,unassigned
892,1,1,0.89583766,unassigned
893,2,2,0.9974693,unassigned
894,0,2,0.9709589,unassigned
895,2,2,0.92682594,unassigned
896,0,0,0.99999523,unassigned
897,2,1,0.82315993,unassigned
898,1,1,0.94459605,unassigned
899,1,1,0.953756,unassigned
900,0,2,0.6409028,unassigned
901,1,1,0.9999205,unassigned
902,2,2,0.9943929,unassigned
903,1,1,1.0,unassigned
904,1,2,0.9816133,unassigned
905,0,1,0.86366564,unassigned
906,2,2,0.9718441,unassigned
907,0,0,0.9778837,unassigned
908,1,1,0.9990362,unassigned
909,2,2,1.0,unassigned
910,1,0,0.95938927,unassigned
911,2,1,0.997766,unassigned
912,1,1,0.9111519,unassigned
913,0,0,0.99968433,unassigned
914,1,2,0.9933286,unassigned
915,2,1,0.78561836,unassigned
916,2,2,0.9961332,unassigned
917,2,2,0.99793255,unassigned
918,2,2,0.9979463,unassigned
919,1,1,0.99255073,unassigned
920,1,2,0.97470325,unassigned
921,1,1,0.9815345,unassigned
922,1,1,0.91064453,unassigned
923,1,1,0.8910109,unassigned
924,2,2,0.9999976,unassigned
925,1,1,0.7413315,unassigned
926,2,2,0.6348009,unassigned
927,0,0,0.9937239,unassigned
928,1,1,0.94178534,unassigned
929,2,0,0.55894727,unassigned
930,2,2,0.99950886,unassigned
931,2,2,0.99986446,unassigned
932,2,2,0.9995869,unassigned
933,2,0,0.99841833,unassigned
934,1,1,0.942495,unassigned
935,1,1,0.96037227,unassigned
936,0,0,0.99968064,unassigned
937,0,0,0.9982578,unassigned
938,0,0,0.9994585,unassigned
939,2,1,0.4958587,unassigned
940,0,0,0.99718815,unassigned
941,1,1,0.98613536,unassigned
942,1,1,0.89991105,unassigned
943,0,1,0.93095,unassigned
944,2,2,0.9998938,unassigned
945,1,1,0.9946036,unassigned
946,1,2,0.98474437,unassigned
947,1,1,0.98644966,unassigned
948,2,2,0.99999905,unassigned
949,2,2,0.8067827,unassigned
950,2,1,0.9943212,unassigned
951,2,2,0.9999553,unassigned
952,1,1,0.63693243,unassigned
953,2,2,0.7744278,unassigned
954,1,1,0.6986702,unassigned
955,1,1,0.8175607,unassigned
956,2,2,0.90317404,unassigned
957,0,0,0.99999857,unassigned
958,1,1,0.9152278,unassigned
959,2,2,0.7171271,unassigned
960,1,1,0.99245423,unassigned
961,1,1,0.907055,unassigned
962,1,1,0.894942,unassigned
963,2,2,0.9353991,unassigned
964,1,1,0.67269695,unassigned
965,1,1,0.65994406,unassigned
966,0,0,0.9992417,unassigned
967,1,1,0.81001383,unassigned
968,1,2,0.50460875,unassigned
969,2,2,0.89357245,unassigned
970,2,2,0.98683286,unassigned
971,1,1,0.99828976,unassigned
972,0,1,0.59813255,unassigned
973,2,2,0.9999218,unassigned
974,1,1,0.5550612,unassigned
975,1,0,0.9999989,unassigned
976,1,1,0.60175776,unassigned
977,0,2,0.6758119,unassigned
978,2,0,0.78878486,unassigned
979,2,2,0.99999607,unassigned
980,1,1,0.96729404,unassigned
981,1,1,0.79387945,unassigned
982,2,2,0.9994228,unassigned
983,1,1,0.99871695,unassigned
984,0,0,0.9999994,unassigned
985,2,2,0.9996201,unassigned
986,2,2,0.997743,unassigned
987,0,2,0.9891756,unassigned
988,1,1,0.92984563,unassigned
989,1,1,0.898628,unassigned
990,2,2,0.9998574,unassigned
991,1,0,0.7692953,unassigned
992,1,2,0.7675862,unassigned
993,1,1,0.96486783,unassigned
994,1,0,0.98762065,unassigned
995,1,1,0.99676657,unassigned
996,0,0,1.0,unassigned
997,1,1,0.6841741,unassigned
998,2,2,0.97913605,unassigned
999,1,1,0.87788564,unassigned
1000,1,2,0.9334746,unassigned
1001,1,2,0.94099295,unassigned
1002,1,2,0.9416773,unassigned
1003,0,0,0.99736434,unassigned
1004,0,0,0.9987186,unassigned
1005,1,2,0.9979761,unassigned
1006,1,1,0.9797563,unassigned
1007,2,2,0.99968135,unassigned
1008,1,1,0.97369474,unassigned
1009,0,2,0.49796897,unassigned
1010,2,2,0.8220536,unassigned
1011,0,0,0.9998604,unassigned
1012,2,2,0.9995553,unassigned
1013,2,2,0.9999951,unassigned
1014,2,0,0.53595406,unassigned
1015,2,2,0.99675095,unassigned
1016,1,1,0.93251806,unassigned
1017,2,2,0.97901094,unassigned
1018,1,1,0.90522236,unassigned
1019,1,2,0.5938179,unassigned
1020,2,1,0.96836007,unassigned
1021,1,2,0.99359643,unassigned
1022,0,0,0.9984041,unassigned
1023,2,2,0.99151295,unassigned
1024,2,2,0.9983481,unassigned
1025,2,2,0.9978775,unassigned
1026,2,2,0.99447614,unassigned
1027,2,2,0.9996582,unassigned
1028,2,2,0.9950656,unassigned
1029,2,2,0.7067093,unassigned
1030,2,2,0.97477627,unassigned
1031,0,0,0.9999889,unassigned
1032,1,2,0.7769855,unassigned
1033,1,1,0.9572203,unassigned
1034,0,2,0.9409547,unassigned
1035,1,1,0.99019414,unassigned
1036,0,0,0.99901617,unassigned
1037,2,0,0.9975374,unassigned
1038,1,1,0.9971027,unassigned
1039,2,2,0.9987921,unassigned
1040,2,2,0.58018535,unassigned
1041,0,0,0.9999764,unassigned
1042,0,0,0.9989981,unassigned
1043,2,2,0.9669006,unassigned
1044,1,0,0.70630705,unassigned
1045,2,2,1.0,unassigned
1046,2,1,0.98259455,unassigned
1047,2,1,0.8958926,unassigned
1048,2,2,0.9327605,unassigned
1049,2,1,0.9616032,unassigned
1050,2,2,0.99123806,unassigned
1051,1,1,0.9538928,unassigned
1052,1,2,0.99722207,unassigned
1053,1,0,0.8449107,unassigned
1054,1,1,0.98046106,unassigned
1055,1,1,0.9933294,unassigned
1056,1,1,0.99946624,unassigned
1057,1,1,0.6197437,unassigned
1058,2,1,0.5983318,unassigned
1059,1,1,0.6965599,unassigned
1060,1,1,0.9647495,unassigned
1061,2,2,0.99986494,unassigned
1062,1,0,0.95082104,unassigned
1063,1,1,0.9801342,unassigned
1064,1,1,0.9050411,unassigned
1065,1,1,0.9579843,unassigned
1066,2,0,0.9475565,unassigned
1067,1,0,0.66204876,unassigned
1068,1,1,0.99800617,unassigned
1069,0,0,0.6534047,unassigned
1070,1,0,0.91999656,unassigned
1071,1,1,0.57839626,unassigned
1072,1,0,0.6363435,unassigned
1073,2,2,0.5194049,unassigned
1074,2,2,0.98876953,unassigned
1075,0,0,0.9462587,unassigned
1076,2,2,0.99938107,unassigned
1077,1,1,0.99990284,unassigned
1078,2,1,0.9934048,unassigned
1079,0,0,0.99459285,unassigned
1080,1,2,0.9917956,unassigned
1081,2,2,0.93651676,unassigned
1082,2,2,0.7666962,unassigned
1083,1,1,0.9438856,unassigned
1084,0,0,0.99999607,unassigned
1085,0,0,0.9999999,unassigned
1086,0,0,0.9973109,unassigned
1087,2,2,0.5027476,unassigned
1088,1,1,0.9788036,unassigned
1089,1,2,0.58995885,unassigned
1090,1,2,0.9174315,unassigned
1091,1,0,0.94372505,unassigned
1092,0,2,0.92974544,unassigned
1093,0,0,0.9999615,unassigned
1094,0,0,0.80448806,unassigned
1095,2,2,0.9888671,unassigned
1096,1,1,0.9891828,unassigned
1097,1,2,0.79044217,unassigned
1098,2,2,0.99998295,unassigned
1099,1,2,0.7731471,unassigned
1100,1,0,0.5512127,unassigned
1101,0,0,0.9990293,unassigned
1102,1,2,0.7919543,unassigned
1103,0,0,0.9988852,unassigned
1104,1,1,0.80473334,unassigned
1105,0,2,0.76644033,unassigned
1106,1,2,0.68302387,unassigned
1107,2,2,0.82908547,unassigned
1108,0,0,1.0,unassigned
1109,0,0,0.9998234,unassigned
1110,1,1,0.6030677,unassigned
1111,2,2,0.83803767,unassigned
1112,2,1,0.77753013,unassigned
1113,2,2,0.99984765,unassigned
1114,1,1,0.5449033,unassigned
1115,0,2,0.990715,unassigned
1116,2,2,0.99757487,unassigned
1117,1,2,0.70455694,unassigned
1118,1,1,0.9989666,unassigned
1119,2,2,0.99994457,unassigned
1120,1,1,0.9952259,unassigned
1121,1,1,0.6309449,unassigned
1122,0,0,0.99999976,unassigned
1123,2,2,0.9990507,unassigned
1124,2,2,0.962719,unassigned
1125,1,1,0.7701564,unassigned
1126,2,2,0.8800927,unassigned
1127,0,0,0.4999923,unassigned
1128,2,2,0.98566103,unassigned
1129,0,0,0.99623835,unassigned
1130,1,1,0.9972568,unassigned
1131,1,1,0.9690456,unassigned
1132,1,2,0.7964574,unassigned
1133,1,1,0.79495674,unassigned
1134,0,0,0.99869686,unassigned
1135,2,0,0.9421183,unassigned
1136,0,0,0.9599817,unassigned
1137,0,0,0.5244825,unassigned
1138,2,2,0.99547136,unassigned
1139,1,1,0.9846935,unassigned
1140,0,0,0.98749405,unassigned
1141,2,2,0.99887234,unassigned
1142,2,2,0.9999995,unassigned
1143,0,0,0.99968874,unassigned
1144,2,2,0.82465935,unassigned
1145,1,2,0.58865225,unassigned
1146,2,2,0.99609715,unassigned
1147,1,0,0.69928014,unassigned
1148,0,0,0.99759525,unassigned
1149,1,2,0.5594679,unassigned
1150,0,0,0.9993967,unassigned
1151,1,1,0.9773316,unassigned
1152,1,0,0.8816997,unassigned
1153,1,1,0.98403,unassigned
1154,2,1,0.9730013,unassigned
1155,1,1,0.7928903,unassigned
1156,1,1,0.7590139,unassigned
1157,1,1,0.9902344,unassigned
1158,1,1,0.5902729,unassigned
1159,1,2,0.93935835,unassigned
1160,2,2,0.9988533,unassigned
1161,1,1,0.9969099,unassigned
1162,1,2,0.9198424,unassigned
1163,0,0,0.99997723,unassigned
1164,1,1,0.84699416,unassigned
1165,2,2,0.9984718,unassigned
1166,2,1,0.7269858,unassigned
1167,2,2,0.99939847,unassigned
1168,1,1,0.678597,unassigned
1169,2,1,0.9710154,unassigned
1170,2,2,0.44757622,unassigned
1171,1,1,0.97561127,unassigned
1172,2,2,0.99990594,unassigned
1173,1,1,0.9878626,unassigned
1174,0,0,0.99980384,unassigned
1175,1,2,0.9393442,unassigned
1176,1,1,0.79734695,unassigned
1177,1,0,0.6541012,unassigned
1178,0,2,0.99876106,unassigned
1179,1,1,0.9791515,unassigned
1180,2,1,0.5665288,unassigned
1181,1,1,0.83676237,unassigned
1182,1,2,0.84144276,unassigned
1183,0,0,0.99999976,unassigned
1184,2,2,0.92867005,unassigned
1185,1,1,0.9779142,unassigned
1186,2,2,0.5505633,unassigned
1187,1,2,0.820569,unassigned
1188,0,0,0.9997116,unassigned
1189,2,2,0.9057936,unassigned
1190,1,1,0.9270863,unassigned
1191,0,0,0.9953831,unassigned
1192,2,2,0.8928483,unassigned
1193,1,1,0.78768975,unassigned
1194,2,2,0.9844749,unassigned
1195,1,1,0.9966815,unassigned
1196,2,2,0.96853113,unassigned
1197,2,2,0.9922975,unassigned
1198,1,1,0.9937359,unassigned
1199,2,2,0.9944397,unassigned
1200,2,2,0.88218164,unassigned
1201,0,0,0.9999862,unassigned
1202,1,1,0.8480474,unassigned
1203,0,2,0.79673207,unassigned
1204,1,2,0.95915824,unassigned
1205,2,2,1.0,unassigned
1206,1,1,0.989291,unassigned
1207,1,1,0.98102474,unassigned
1208,1,1,0.998978,unassigned
1209,2,1,0.5936861,unassigned
1210,2,2,0.99966455,unassigned
1211,2,2,0.99990106,unassigned
1212,1,1,0.90949047,unassigned
1213,2,2,0.9997435,unassigned
1214,2,1,0.7845558,unassigned
1215,1,2,0.6958445,unassigned
1216,0,0,0.85140723,unassigned
1217,1,1,0.9963491,unassigned
1218,1,0,0.9982834,unassigned
1219,1,1,0.99479103,unassigned
1220,1,1,0.9487304,unassigned
1221,2,2,0.99754167,unassigned
1222,1,1,0.9864456,unassigned
1223,0,2,0.999059,unassigned
1224,1,2,0.55290914,unassigned
1225,2,2,0.9914751,unassigned
1226,1,1,0.96839976,unassigned
1227,2,1,0.9863877,unassigned
1228,1,2,0.91451406,unassigned
1229,0,0,0.9989329,unassigned
1230,2,2,0.9864652,unassigned
1231,2,2,0.9977648,unassigned
1232,2,2,0.99994946,unassigned
1233,2,1,0.9921131,unassigned
1234,1,1,0.7420181,unassigned
1235,2,2,0.9890316,unassigned
1236,0,0,0.8109823,unassigned
1237,2,2,0.9966589,unassigned
1238,2,2,0.73475754,unassigned
1239,1,1,0.9995327,unassigned
1240,1,1,0.6852361,unassigned
1241,1,1,0.8644655,unassigned
1242,1,1,0.997629,unassigned
1243,1,1,0.99914646,unassigned
1244,2,2,0.9999889,unassigned
1245,1,1,0.99866974,unassigned
1246,1,1,0.8605386,unassigned
1247,1,1,0.99835217,unassigned
1248,0,0,0.6615062,unassigned
1249,2,2,0.9927724,unassigned
1250,2,1,0.5298408,unassigned
1251,2,0,0.99937624,unassigned
1252,2,0,0.99953675,unassigned
1253,2,2,0.9996588,unassigned
1254,1,1,0.9243938,unassigned
1255,2,2,0.9996056,unassigned
1256,1,2,0.7623434,unassigned
1257,1,2,0.99701273,unassigned
1258,0,0,0.9998859,unassigned
1259,0,0,0.9990582,unassigned
1260,1,1,0.984029,unassigned
1261,2,2,0.99935013,unassigned
1262,0,0,0.99998903,unassigned
1263,2,2,0.99992275,unassigned
1264,1,2,0.7808179,unassigned
1265,1,2,0.9557954,unassigned
1266,0,0,0.90306133,unassigned
1267,2,2,0.9734967,unassigned
1268,0,2,0.9939367,unassigned
1269,1,1,0.6366168,unassigned
1270,1,1,0.9519324,unassigned
1271,2,2,0.99992275,unassigned
1272,1,0,0.57661283,unassigned
1273,1,1,0.9967493,unassigned
1274,1,2,0.8154442,unassigned
1275,1,2,0.9999943,unassigned
1276,1,2,0.9531284,unassigned
1277,2,2,0.9981743,unassigned
1278,2,2,0.98397857,unassigned
1279,1,1,0.9673438,unassigned
1280,2,2,0.9999974,unassigned
1281,0,0,1.0,unassigned
1282,2,2,1.0,unassigned
1283,1,1,0.49564996,unassigned
1284,2,2,0.99962115,unassigned
1285,1,1,0.91560405,unassigned
1286,1,1,0.8940967,unassigned
1287,2,0,0.62206745,unassigned
1288,1,2,0.87916744,unassigned
1289,2,2,0.9979377,unassigned
1290,1,1,0.9940257,unassigned
1291,2,0,0.57743746,unassigned
1292,2,2,0.9997055,unassigned
1293,1,1,0.95092136,unassigned
1294,1,1,0.9007464,unassigned
1295,1,0,0.519262,unassigned
1296,2,2,0.9991623,unassigned
1297,2,1,0.69148755,unassigned
1298,2,0,0.9568621,unassigned
1299,1,1,0.9955408,unassigned
1300,1,1,0.9873883,unassigned
1301,1,2,0.9802188,unassigned
1302,1,1,0.865925,unassigned
1303,2,2,0.52594537,unassigned
1304,1,1,0.8687025,unassigned
1305,2,2,0.94010675,unassigned
1306,0,0,0.9999994,unassigned
1307,2,2,0.8158402,unassigned
1308,1,1,0.9967186,unassigned
1309,0,0,0.99986947,unassigned
1310,0,0,1.0,unassigned
1311,0,0,0.9889276,unassigned
1312,2,2,0.9999995,unassigned
1313,1,1,0.762422,unassigned
1314,2,2,0.9999558,unassigned
1315,0,0,0.9999831,unassigned
1316,1,1,0.99696654,unassigned
1317,0,0,0.99995744,unassigned
1318,0,0,0.99693704,unassigned
1319,2,2,0.99904794,unassigned
1320,1,1,0.95237106,unassigned
1321,0,0,0.99746037,unassigned
1322,1,1,0.96104234,unassigned
1323,0,0,0.9998776,unassigned
1324,1,1,0.639458,unassigned
1325,2,1,0.9995565,unassigned
1326,1,1,0.498411,unassigned
1327,0,0,0.99934906,unassigned
1328,1,1,0.9463553,unassigned
1329,1,2,0.53599566,unassigned
1330,1,2,0.66913974,unassigned
1331,0,0,0.6648437,unassigned
1332,1,1,0.6359475,unassigned
1333,0,0,0.9843754,unassigned
1334,1,1,0.9767572,unassigned
1335,0,0,0.8334497,unassigned
1336,1,1,0.99625164,unassigned
1337,1,1,0.66616464,unassigned
1338,1,1,0.9709033,unassigned
1339,1,1,0.98686093,unassigned
1340,0,0,0.99395716,unassigned
1341,2,0,0.999673,unassigned
1342,1,1,0.9997002,unassigned
1343,1,1,0.95655775,unassigned
1344,0,0,0.99886024,unassigned
1345,2,2,0.9834995,unassigned
1346,1,1,0.45819533,unassigned
1347,0,2,0.9658757,unassigned
1348,1,1,0.98250866,unassigned
1349,2,2,0.99999714,unassigned
1350,1,1,0.6708585,unassigned
1351,2,2,0.99959487,unassigned
1352,0,0,0.9992495,unassigned
1353,2,2,0.99163413,unassigned
1354,2,2,0.99923456,unassigned
1355,2,2,0.9984836,unassigned
1356,2,0,0.766502,unassigned
1357,2,2,0.9996674,unassigned
1358,0,0,0.99309206,unassigned
1359,0,0,0.8058445,unassigned
1360,1,1,0.9999995,unassigned
1361,1,1,0.9353499,unassigned
1362,2,2,0.972056,unassigned
1363,1,0,0.5978506,unassigned
1364,0,0,0.999785,unassigned
1365,2,2,1.0,unassigned
1366,2,0,0.9985933,unassigned
1367,2,2,0.60225415,unassigned
1368,2,2,0.8474932,unassigned
1369,1,2,0.5851776,unassigned
1370,1,1,0.7140919,unassigned
1371,1,1,0.61085325,unassigned
1372,2,0,0.98588306,unassigned
1373,1,1,0.9843515,unassigned
1374,1,2,0.9994584,unassigned
1375,1,2,0.58626086,unassigned
1376,2,1,0.8327074,unassigned
1377,1,1,0.6082715,unassigned
1378,1,1,0.99967885,unassigned
1379,1,1,0.7915576,unassigned
1380,2,2,0.99235946,unassigned
1381,2,2,0.9977684,unassigned
1382,2,1,0.67237854,unassigned
1383,2,2,0.99680185,unassigned
1384,2,2,0.98522943,unassigned
1385,1,1,0.9997596,unassigned
1386,1,2,0.96624684,unassigned
1387,1,2,0.5738264,unassigned
1388,1,2,0.97441465,unassigned
1389,1,1,0.75378895,unassigned
1390,1,1,0.7746876,unassigned
1391,1,2,0.6640074,unassigned
1392,1,1,0.7675896,unassigned
1393,0,0,0.99902034,unassigned
1394,2,2,1.0,unassigned
1395,1,0,0.7011091,unassigned
1396,1,1,0.94644064,unassigned
1397,1,2,0.993457,unassigned
1398,1,1,0.9932306,unassigned
1399,2,1,0.7887818,unassigned
1400,2,1,0.5168581,unassigned
1401,0,0,0.9983942,unassigned
1402,1,1,0.99990356,unassigned
1403,0,0,0.99999976,unassigned
1404,2,1,0.7982099,unassigned
1405,1,1,0.99642247,unassigned
1406,2,2,0.9935555,unassigned
1407,1,1,0.9444259,unassigned
1408,2,2,0.9991598,unassigned
1409,2,2,0.9913441,unassigned
1410,1,1,0.9154728,unassigned
1411,1,1,0.77743524,unassigned
1412,0,2,0.9999995,unassigned
1413,1,1,0.976986,unassigned
1414,1,1,0.87744135,unassigned
1415,2,2,0.9951367,unassigned
1416,1,0,0.68778235,unassigned
1417,2,1,0.7647979,unassigned
1418,1,1,0.9478118,unassigned
1419,0,0,0.9999573,unassigned
1420,0,0,0.989291,unassigned
1421,1,1,0.75226617,unassigned
1422,1,0,0.990428,unassigned
1423,1,2,0.9942279,unassigned
1424,2,0,0.7776315,unassigned
1425,1,1,0.97939134,unassigned
1426,2,2,0.9690094,unassigned
1427,2,2,0.98569787,unassigned
1428,1,0,0.9793631,unassigned
1429,1,0,0.546931,unassigned
1430,2,0,0.9999838,unassigned
1431,0,0,0.50334257,unassigned
1432,1,1,0.9940469,unassigned
1433,1,2,0.8871515,unassigned
1434,1,1,0.79191446,unassigned
1435,0,0,0.9725115,unassigned
1436,2,2,0.9578975,unassigned
1437,0,0,0.9781138,unassigned
1438,2,2,0.88264287,unassigned
1439,2,2,0.99999905,unassigned
1440,1,0,0.9651558,unassigned
1441,1,2,0.9835466,unassigned
1442,2,2,0.99830073,unassigned
1443,2,2,0.9966679,unassigned
1444,2,2,0.95020163,unassigned
1445,2,2,0.99798113,unassigned
1446,2,0,0.5082374,unassigned
1447,2,1,0.7958701,unassigned
1448,0,0,0.9650038,unassigned
1449,0,0,0.6061227,unassigned
1450,2,1,0.83889556,unassigned
1451,1,1,0.9980039,unassigned
1452,2,2,0.992002,unassigned
1453,1,1,0.93561894,unassigned
1454,2,2,0.9695626,unassigned
1455,0,0,0.99999857,unassigned
1456,1,1,0.99299216,unassigned
1457,0,0,0.999772,unassigned
1458,2,1,0.5416715,unassigned
1459,0,2,0.73669755,unassigned
1460,1,1,0.99238294,unassigned
1461,1,2,0.9623166,unassigned
1462,2,2,0.9998448,unassigned
1463,2,2,0.99999976,unassigned
1464,2,2,0.99992967,unassigned
1465,2,2,0.99984264,unassigned
1466,2,2,0.5671478,unassigned
1467,1,0,0.9832665,unassigned
1468,2,0,0.8951418,unassigned
1469,1,1,0.9955651,unassigned
1470,2,2,0.9990676,unassigned
1471,2,2,0.9998266,unassigned
1472,1,0,0.7657415,unassigned
1473,2,0,0.99808264,unassigned
1474,2,2,1.0,unassigned
1475,0,0,0.5162163,unassigned
1476,2,2,0.9989374,unassigned
1477,0,0,0.9999999,unassigned
1478,1,1,0.9998691,unassigned
1479,2,2,0.99562895,unassigned
1480,1,1,0.79530823,unassigned
1481,1,1,0.9655047,unassigned
1482,0,1,0.6389904,unassigned
1483,2,2,0.99415016,unassigned
1484,2,2,0.9999386,unassigned
1485,1,1,0.9454099,unassigned
1486,1,1,0.9980077,unassigned
1487,1,1,0.50982136,unassigned
1488,2,2,0.85431135,unassigned
1489,2,2,0.8060152,unassigned
1490,0,0,0.9885916,unassigned
1491,2,2,0.9969073,unassigned
1492,2,2,0.9994018,unassigned
1493,1,1,0.60548806,unassigned
1494,1,1,0.71595424,unassigned
1495,1,1,0.9977429,unassigned
1496,1,1,0.70030904,unassigned
1497,2,2,0.99999964,unassigned
1498,2,1,0.98634505,unassigned
1499,0,0,0.99983644,unassigned
1500,2,2,0.9992594,unassigned
1501,1,2,0.9973646,unassigned
1502,1,1,0.8590685,unassigned
1503,1,1,0.99995804,unassigned
1504,2,2,0.99934095,unassigned
1505,0,0,0.9982305,unassigned
1506,2,2,0.9950642,unassigned
1507,1,1,0.9999777,unassigned
1508,0,0,0.99996984,unassigned
1509,0,0,0.9436633,unassigned
1510,2,2,0.9824325,unassigned
1511,0,0,0.9995227,unassigned
1512,1,1,0.9961598,unassigned
1513,0,0,0.9999993,unassigned
1514,0,0,0.99987924,unassigned
1515,1,1,0.9850138,unassigned
1516,0,0,0.99849546,unassigned
1517,1,0,0.65256053,unassigned
1518,1,1,0.758366,unassigned
1519,2,2,0.9953843,unassigned
1520,0,0,0.99456537,unassigned
1521,2,2,0.99972683,unassigned
1522,0,0,0.99991477,unassigned
1523,1,0,0.5177026,unassigned
1524,0,0,0.9943164,unassigned
1525,2,2,0.99432963,unassigned
1526,0,0,0.9977029,unassigned
1527,2,1,0.9702094,unassigned
1528,1,2,0.9962496,unassigned
1529,2,2,0.9999268,unassigned
1530,0,0,0.9999403,unassigned
1531,2,2,0.91682583,unassigned
1532,1,1,0.997035,unassigned
1533,1,1,0.7319335,unassigned
1534,0,1,0.7389729,unassigned
1535,1,1,0.88163716,unassigned
1536,2,2,0.96932733,unassigned
1537,0,0,0.98790956,unassigned
1538,2,2,0.9972498,unassigned
1539,0,0,0.99997306,unassigned
1540,0,0,0.9999385,unassigned
1541,1,1,0.9266299,unassigned
1542,1,1,0.6813902,unassigned
1543,2,2,0.98764056,unassigned
1544,1,1,0.99988914,unassigned
1545,2,2,0.9997342,unassigned
1546,1,1,0.9144829,unassigned
1547,1,1,0.7487617,unassigned
1548,0,0,0.99999213,unassigned
1549,1,1,0.99193877,unassigned
1550,0,0,0.9994848,unassigned
1551,1,2,0.83376145,unassigned
1552,2,2,0.99022865,unassigned
1553,2,2,0.9974221,unassigned
1554,0,0,0.99998605,unassigned
1555,1,1,0.9833698,unassigned
1556,2,2,0.9995797,unassigned
1557,2,2,0.9998883,unassigned
1558,1,1,0.7601138,unassigned
1559,2,2,0.99737906,unassigned
1560,1,1,0.99828064,unassigned
1561,2,2,0.99974674,unassigned
1562,1,1,0.98397255,unassigned
1563,0,2,0.99835616,unassigned
1564,0,2,0.99940705,unassigned
1565,0,2,0.99980277,unassigned
1566,2,2,0.9997321,unassigned
1567,1,1,0.98328626,unassigned
1568,1,1,0.9997869,unassigned
1569,2,2,0.99999416,unassigned
1570,2,2,0.99999976,unassigned
1571,2,2,0.9998448,unassigned
1572,1,1,0.9561003,unassigned
1573,1,1,0.9322944,unassigned
1574,1,1,0.9994318,unassigned
1575,0,0,0.99999774,unassigned
1576,0,0,0.9999932,unassigned
1577,2,0,0.9869245,unassigned
1578,1,1,0.9874343,unassigned
1579,0,0,0.9998797,unassigned
1580,2,0,0.68122447,unassigned
1581,2,1,0.9551095,unassigned
1582,1,0,0.5249065,unassigned
1583,1,1,0.989632,unassigned
1584,2,1,0.94079614,unassigned
1585,0,0,0.9997013,unassigned
1586,0,1,0.5197489,unassigned
1587,1,1,0.84947455,unassigned
1588,1,1,0.5355245,unassigned
1589,0,0,0.99999964,unassigned
1590,1,1,0.82264286,unassigned
1591,2,0,0.9893483,unassigned
1592,1,1,0.9776898,unassigned
1593,1,1,0.9907162,unassigned
1594,1,1,0.903211,unassigned
1595,2,2,0.99997115,unassigned
1596,1,1,0.9423275,unassigned
1597,2,1,0.74770945,unassigned
1598,1,1,0.6550723,unassigned
1599,1,1,0.98167086,unassigned
1600,1,1,0.97983253,unassigned
1601,0,0,0.8328432,unassigned
1602,2,2,1.0,unassigned
1603,1,1,0.9835144,unassigned
1604,2,2,0.880818,unassigned
1605,2,1,0.78378874,unassigned
1606,1,1,0.9675357,unassigned
1607,2,2,0.9871163,unassigned
1608,2,0,0.9878968,unassigned
1609,2,2,0.9498228,unassigned
1610,2,2,0.6270797,unassigned
1611,1,0,0.951456,unassigned
1612,2,0,0.98452294,unassigned
1613,1,1,0.7758533,unassigned
1614,2,0,0.9984902,unassigned
1615,1,1,0.92462933,unassigned
1616,1,1,0.6911836,unassigned
1617,2,2,0.9993761,unassigned
1618,2,2,0.9989969,unassigned
1619,2,2,0.98493975,unassigned
1620,0,0,0.99999416,unassigned
1621,1,1,0.9379969,unassigned
1622,1,1,0.5466161,unassigned
1623,1,0,0.9006032,unassigned
1624,2,2,0.9999602,unassigned
1625,1,1,0.9966652,unassigned
1626,1,1,0.9950641,unassigned
1627,1,1,0.64873046,unassigned
1628,1,1,0.99990773,unassigned
1629,2,2,0.9532906,unassigned
1630,1,2,0.98791957,unassigned
1631,2,2,0.999995,unassigned
1632,0,0,0.9999615,unassigned
1633,1,1,0.7219415,unassigned
1634,2,2,0.99764735,unassigned
1635,1,2,0.65138763,unassigned
1636,1,2,0.9949969,unassigned
1637,0,0,0.99997675,unassigned
1638,1,2,0.8169101,unassigned
1639,1,1,0.9886674,unassigned
1640,1,2,0.82571274,unassigned
1641,1,1,0.8200967,unassigned
1642,1,2,0.9999645,unassigned
1643,0,0,0.9197791,unassigned
1644,1,1,0.975468,unassigned
1645,1,1,0.99854445,unassigned
1646,2,2,0.8676365,unassigned
1647,2,2,0.995635,unassigned
1648,1,2,0.4365148,unassigned
1649,1,0,0.8366848,unassigned
1650,1,1,0.9302027,unassigned
1651,2,0,0.67107993,unassigned
1652,1,1,0.5630913,unassigned
1653,1,1,0.89270484,unassigned
1654,2,2,0.9970427,unassigned
1655,0,0,0.9996543,unassigned
1656,1,1,0.64364815,unassigned
1657,1,1,0.8641369,unassigned
1658,0,0,0.9999914,unassigned
1659,0,0,0.9972024,unassigned
1660,0,1,0.95917535,unassigned
1661,1,1,0.612513,unassigned
1662,1,1,0.49781707,unassigned
1663,2,0,0.9855225,unassigned
1664,1,0,0.91414106,unassigned
1665,2,2,0.98903286,unassigned
1666,1,1,0.97441065,unassigned
1667,2,2,0.99996924,unassigned
1668,2,2,0.99853027,unassigned
1669,0,0,0.99995935,unassigned
1670,2,1,0.6929072,unassigned
1671,2,2,0.94027007,unassigned
1672,1,1,0.8992975,unassigned
1673,0,0,0.999889,unassigned
1674,2,1,0.6138076,unassigned
1675,2,2,0.99989927,unassigned
1676,1,1,0.8691567,unassigned
1677,1,1,0.9708425,unassigned
1678,2,2,0.9995296,unassigned
1679,2,1,0.6827381,unassigned
1680,2,1,0.6473161,unassigned
1681,2,2,1.0,unassigned
1682,2,2,0.9901522,unassigned
1683,1,1,0.9997577,unassigned
1684,0,0,0.9853087,unassigned
1685,1,1,0.99470335,unassigned
1686,1,1,0.87517375,unassigned
1687,0,0,1.0,unassigned
1688,1,1,0.58246255,unassigned
1689,1,1,0.5365295,unassigned
1690,0,0,0.785752,unassigned
1691,2,1,0.9815005,unassigned
1692,2,2,0.89720976,unassigned
1693,1,1,0.9714044,unassigned
1694,1,2,0.67183244,unassigned
1695,2,2,0.99980205,unassigned
1696,1,1,0.8544994,unassigned
1697,2,0,0.863454,unassigned
1698,0,0,0.968381,unassigned
1699,2,1,0.8871154,unassigned
1700,0,0,0.9713315,unassigned
1701,1,1,0.8095343,unassigned
1702,2,2,0.9999281,unassigned
1703,0,0,0.9999913,unassigned
1704,2,2,0.9999496,unassigned
1705,1,2,0.9999229,unassigned
1706,2,2,0.65307635,unassigned
1707,2,2,0.8502701,unassigned
1708,1,1,0.9553901,unassigned
1709,1,1,0.9901354,unassigned
1710,0,0,0.9999988,unassigned
1711,0,0,0.8375063,unassigned
1712,0,0,0.77795655,unassigned
1713,0,0,0.99992967,unassigned
1714,1,1,0.9919864,unassigned
1715,1,1,0.85825354,unassigned
1716,2,1,0.80256575,unassigned
1717,1,2,0.9926495,unassigned
1718,1,0,0.4701345,unassigned
1719,0,0,0.9998029,unassigned
1720,1,1,0.94570047,unassigned
1721,1,1,0.9567992,unassigned
1722,1,1,0.8922319,unassigned
1723,2,2,0.99999964,unassigned
1724,1,1,0.82194805,unassigned
1725,0,2,0.8578906,unassigned
1726,1,1,0.7003874,unassigned
1727,2,2,0.9653895,unassigned
1728,1,1,0.9858424,unassigned
1729,2,2,0.9951337,unassigned
1730,0,1,0.7085564,unassigned
1731,0,0,0.99985313,unassigned
1732,1,1,0.9907189,unassigned
1733,1,1,0.97753954,unassigned
1734,2,0,0.99075353,unassigned
1735,1,0,0.7280798,unassigned
1736,2,2,0.9959657,unassigned
1737,2,2,0.8398735,unassigned
1738,1,1,0.99880564,unassigned
1739,0,0,0.7326774,unassigned
1740,2,2,0.52968955,unassigned
1741,0,0,0.96053207,unassigned
1742,2,2,0.9299567,unassigned
1743,2,2,0.9970764,unassigned
1744,1,1,0.8495359,unassigned
1745,0,0,0.9990132,unassigned
1746,2,2,0.97737986,unassigned
1747,1,1,0.92051226,unassigned
1748,1,1,0.92687416,unassigned
1749,1,0,0.7588733,unassigned
1750,2,0,0.84021235,unassigned
1751,0,0,0.99653816,unassigned
1752,0,0,0.9999957,unassigned
1753,1,1,0.8109864,unassigned
1754,1,1,0.98375964,unassigned
1755,0,0,0.97478867,unassigned
1756,1,1,0.999912,unassigned
1757,1,1,0.9978332,unassigned
1758,0,0,0.9932152,unassigned
1759,1,1,0.995368,unassigned
1760,2,1,0.6743412,unassigned
1761,2,2,0.5817292,unassigned
1762,1,1,0.8856157,unassigned
1763,0,0,0.99843127,unassigned
1764,2,1,0.8025384,unassigned
1765,1,1,0.8512614,unassigned
1766,1,1,0.80205184,unassigned
1767,1,2,0.9966827,unassigned
1768,2,2,0.7404494,unassigned
1769,2,2,0.97630084,unassigned
1770,2,0,0.9974745,unassigned
1771,1,2,0.88602525,unassigned
1772,1,1,0.9538023,unassigned
1773,1,0,0.9975157,unassigned
1774,0,0,0.8455126,unassigned
1775,2,2,0.999495,unassigned
1776,2,2,0.9983993,unassigned
1777,2,2,0.60089004,unassigned
1778,2,2,0.9888362,unassigned
1779,2,0,0.9799064,unassigned
1780,2,2,0.9978345,unassigned
1781,1,1,0.92531705,unassigned
1782,1,1,0.8930975,unassigned
1783,0,0,0.9999441,unassigned
1784,1,1,0.96444726,unassigned
1785,2,2,0.98794657,unassigned
1786,2,1,0.7708191,unassigned
1787,0,1,0.7871912,unassigned
1788,0,2,0.96907645,unassigned
1789,1,2,0.98358077,unassigned
1790,0,0,0.8280577,unassigned
1791,0,0,0.99991107,unassigned
1792,0,0,0.99960095,unassigned
1793,2,2,0.9997545,unassigned
1794,1,1,0.5521952,unassigned
1795,1,1,0.8386059,unassigned
1796,1,1,0.9118154,unassigned
1797,1,1,0.99408275,unassigned
1798,2,2,0.8830945,unassigned
1799,0,0,0.9999896,unassigned
1800,1,1,0.9955374,unassigned
1801,1,1,0.99457043,unassigned
1802,0,0,0.9999995,unassigned
1803,2,2,0.9995753,unassigned
1804,1,1,0.7222454,unassigned
1805,0,0,0.75432485,unassigned
1806,1,1,0.99571145,unassigned
1807,2,2,0.9972447,unassigned
1808,1,1,0.78313,unassigned
1809,1,1,0.9721347,unassigned
1810,1,1,0.97583145,unassigned
1811,0,2,0.69466627,unassigned
1812,1,1,0.98569334,unassigned
1813,0,0,0.9334847,unassigned
1814,1,1,0.9989041,unassigned
1815,1,2,0.9999995,unassigned
1816,2,0,0.8926593,unassigned
1817,0,0,0.9761155,unassigned
1818,2,2,0.9999999,unassigned
1819,1,1,0.65437126,unassigned
1820,1,1,0.45408124,unassigned
1821,0,0,0.99999714,unassigned
1822,1,1,0.88851917,unassigned
1823,2,2,0.58487314,unassigned
1824,1,1,0.62327904,unassigned
1825,1,1,0.9119448,unassigned
1826,1,1,0.7981941,unassigned
1827,0,0,0.9961845,unassigned
1828,2,2,0.99435174,unassigned
1829,1,1,0.7852953,unassigned
1830,0,0,0.9999945,unassigned
1831,1,1,0.99253654,unassigned
1832,2,2,0.99111545,unassigned
1833,0,0,0.999311,unassigned
1834,1,1,0.9933616,unassigned
1835,1,1,0.9984068,unassigned
1836,1,1,0.99970585,unassigned
1837,2,2,0.9993749,unassigned
1838,0,0,0.9999665,unassigned
1839,1,1,0.9707893,unassigned
1840,1,1,0.94506985,unassigned
1841,1,1,0.9999975,unassigned
1842,2,2,0.9999962,unassigned
1843,1,0,0.6497584,unassigned
1844,2,2,0.7396494,unassigned
1845,1,1,0.9953505,unassigned
1846,2,2,0.99970967,unassigned
1847,0,2,0.97979945,unassigned
1848,0,0,0.99993074,unassigned
1849,1,1,0.9639719,unassigned
1850,2,2,0.497656,unassigned
1851,0,0,0.5056439,unassigned
1852,1,1,0.9966708,unassigned
1853,0,0,0.99999774,unassigned
1854,1,1,0.60373414,unassigned
1855,0,0,0.99638784,unassigned
1856,1,1,0.89150053,unassigned
1857,1,1,0.9954184,unassigned
1858,2,2,0.5150777,unassigned
1859,1,0,0.81230456,unassigned
1860,2,2,0.9845685,unassigned
1861,2,2,0.87905765,unassigned
1862,2,2,0.85439366,unassigned
1863,2,2,0.9700468,unassigned
1864,1,1,0.9781503,unassigned
1865,2,2,0.98485523,unassigned
1866,2,2,0.9879391,unassigned
1867,2,2,0.9999995,unassigned
1868,2,2,0.9985726,unassigned
1869,2,2,0.9358487,unassigned
1870,1,1,0.7061528,unassigned
1871,2,1,0.87291396,unassigned
1872,0,0,0.99995446,unassigned
1873,0,0,0.99992263,unassigned
1874,1,1,0.9693253,unassigned
1875,1,1,0.9738705,unassigned
1876,2,2,0.9999982,unassigned
1877,0,1,0.983573,unassigned
1878,0,0,0.9981413,unassigned
1879,0,0,0.7113779,unassigned
1880,0,0,0.86393905,unassigned
1881,2,2,0.7604695,unassigned
1882,2,2,0.9978542,unassigned
1883,0,0,0.99995077,unassigned
1884,2,2,0.9999882,unassigned
1885,1,2,0.6358714,unassigned
1886,0,0,0.9994659,unassigned
1887,2,2,0.9790406,unassigned
1888,2,2,0.99994195,unassigned
1889,1,1,0.96747535,unassigned
1890,2,2,0.9923529,unassigned
1891,2,2,0.9998029,unassigned
1892,1,1,0.7874932,unassigned
1893,0,0,0.9993235,unassigned
1894,2,2,0.65894127,unassigned
1895,2,2,0.9996873,unassigned
1896,1,1,0.98442113,unassigned
1897,0,2,0.99883646,unassigned
1898,0,0,0.7906669,unassigned
1899,0,2,0.8742121,unassigned
1900,1,1,0.55170864,unassigned
1901,0,0,0.99965,unassigned
1902,2,2,0.9999912,unassigned
1903,1,1,0.9918133,unassigned
1904,1,1,0.99894077,unassigned
1905,2,1,0.99264777,unassigned
1906,1,1,0.9938508,unassigned
1907,2,2,0.9999976,unassigned
1908,1,1,0.99846077,unassigned
1909,1,1,0.8444587,unassigned
1910,2,2,0.9703255,unassigned
1911,1,1,0.4876137,unassigned
1912,1,1,0.65845,unassigned
1913,0,0,0.9989472,unassigned
1914,1,0,0.90093166,unassigned
1915,0,1,0.98615545,unassigned
1916,2,2,0.9998109,unassigned
1917,2,2,0.9995258,unassigned
1918,1,1,0.97880846,unassigned
1919,1,1,0.9609671,unassigned
1920,2,1,1.0,unassigned
1921,2,2,0.7986588,unassigned
1922,0,0,0.9994242,unassigned
1923,2,2,0.9999912,unassigned
1924,2,2,0.9997447,unassigned
1925,2,2,0.99976593,unassigned
1926,1,1,0.9318907,unassigned
1927,1,1,0.99620277,unassigned
1928,2,2,0.70091385,unassigned
1929,1,2,0.90089923,unassigned
1930,2,0,0.79766995,unassigned
1931,0,0,0.99808156,unassigned
1932,2,1,0.92985964,unassigned
1933,2,2,0.9940691,unassigned
1934,1,1,0.8115066,unassigned
1935,0,2,0.94402605,unassigned
1936,1,1,0.9745534,unassigned
1937,2,2,0.86070144,unassigned
1938,2,1,0.77251154,unassigned
1939,0,1,0.97646606,unassigned
1940,2,0,0.80425996,unassigned
1941,2,2,0.72853535,unassigned
1942,2,2,0.99750525,unassigned
1943,2,2,0.99991035,unassigned
1944,2,2,0.9687922,unassigned
1945,1,1,0.9998349,unassigned
1946,0,2,0.9982906,unassigned
1947,1,1,0.996148,unassigned
1948,2,2,0.79411256,unassigned
1949,2,2,0.999584,unassigned
1950,0,0,0.9709126,unassigned
1951,2,2,0.9789245,unassigned
1952,2,2,0.99988174,unassigned
1953,2,2,0.7119854,unassigned
1954,1,2,0.6800496,unassigned
1955,1,1,0.9985794,unassigned
1956,0,2,0.9742768,unassigned
1957,2,2,0.99935764,unassigned
1958,0,0,0.78652275,unassigned
1959,0,0,0.9998822,unassigned
1960,0,0,0.9678448,unassigned
1961,1,1,0.9966717,unassigned
1962,2,2,0.9929484,unassigned
1963,1,0,0.9510921,unassigned
1964,1,1,0.9973533,unassigned
1965,2,2,0.5913164,unassigned
1966,1,1,0.9477053,unassigned
1967,1,0,0.83256066,unassigned
1968,2,1,0.7160333,unassigned
1969,1,1,0.97038335,unassigned
1970,1,1,0.95760965,unassigned
1971,2,1,0.98747164,unassigned
1972,1,1,0.9998042,unassigned
1973,1,0,0.71421665,unassigned
1974,1,1,0.93980825,unassigned
1975,1,1,0.9788462,unassigned
1976,1,1,0.9999951,unassigned
1977,2,1,0.65861034,unassigned
1978,1,1,0.9960396,unassigned
1979,2,2,0.9936346,unassigned
1980,2,0,0.98892874,unassigned
1981,1,1,0.95939213,unassigned
1982,1,1,0.758252,unassigned
1983,2,2,0.99970394,unassigned
1984,0,2,0.9389619,unassigned
1985,2,1,0.6725,unassigned
1986,2,2,0.8515322,unassigned
1987,1,1,0.9945798,unassigned
1988,2,2,0.99869823,unassigned
1989,0,2,0.93580705,unassigned
1990,1,1,0.94760513,unassigned
1991,2,2,0.97589713,unassigned
1992,2,2,0.9999707,unassigned
1993,1,2,0.62896776,unassigned
1994,2,2,0.7431266,unassigned
1995,1,1,0.70994943,unassigned
1996,2,2,0.9852099,unassigned
1997,2,2,0.9965855,unassigned
1998,1,1,0.5870263,unassigned
1999,1,1,0.9501827,unassigned
2000,0,0,0.9952762,unassigned
2001,2,2,0.9915535,unassigned
2002,2,1,0.9451989,unassigned
2003,2,2,0.99821365,unassigned
2004,2,2,0.99612397,unassigned
2005,2,2,0.7168188,unassigned
2006,1,1,0.969112,unassigned
2007,1,2,0.8878103,unassigned
2008,2,2,0.9997013,unassigned
2009,1,2,0.7214101,unassigned
2010,2,0,0.9849568,unassigned
2011,1,1,0.49947566,unassigned
2012,0,0,0.9947412,unassigned
2013,0,0,0.99316823,unassigned
2014,0,0,0.99985397,unassigned
2015,2,2,0.99905795,unassigned
2016,0,0,0.99991846,unassigned
2017,2,2,0.99984264,unassigned
2018,1,0,0.9903144,unassigned
2019,1,1,0.9986927,unassigned
2020,1,1,0.98531586,unassigned
2021,2,1,0.92601615,unassigned
2022,2,2,0.8356792,unassigned
2023,2,2,0.9170667,unassigned
2024,1,1,0.9426674,unassigned
2025,1,1,0.98334646,unassigned
2026,2,0,0.974157,unassigned
2027,2,2,0.99976784,unassigned
2028,2,2,0.70769364,unassigned
2029,0,0,0.9999993,unassigned
2030,2,2,0.9986305,unassigned
2031,1,1,0.99991477,unassigned
2032,0,2,0.94936585,unassigned
2033,1,1,0.98342276,unassigned
2034,2,2,0.89287245,unassigned
2035,2,1,0.93185294,unassigned
2036,2,2,0.70947796,unassigned
2037,1,2,0.8134919,unassigned
2038,1,1,0.98117036,unassigned
2039,1,1,0.9998534,unassigned
2040,2,2,0.9999932,unassigned
2041,1,1,0.99914,unassigned
2042,0,1,0.99052644,unassigned
2043,1,1,0.96404946,unassigned
2044,1,1,0.918879,unassigned
2045,1,2,0.9034814,unassigned
2046,1,2,0.5547479,unassigned
2047,0,0,0.9991301,unassigned
2048,1,1,0.94827676,unassigned
2049,1,1,0.6417741,unassigned
2050,2,2,0.9873427,unassigned
2051,2,1,0.9168873,unassigned
2052,2,2,0.9999615,unassigned
2053,1,0,0.999731,unassigned
2054,2,2,0.98118377,unassigned
2055,1,1,0.9516392,unassigned
2056,2,0,0.61762244,unassigned
2057,1,2,0.9975616,unassigned
2058,1,1,0.8959486,unassigned
2059,0,0,0.9990017,unassigned
2060,2,2,0.99979955,unassigned
2061,1,1,0.9616809,unassigned
2062,2,2,0.8478075,unassigned
2063,2,0,0.94649315,unassigned
2064,1,2,0.64929205,unassigned
2065,2,2,0.9992674,unassigned
2066,2,2,0.8799786,unassigned
2067,0,0,0.9972314,unassigned
2068,1,1,0.94929206,unassigned
2069,2,2,0.99444383,unassigned
2070,2,1,0.91118056,unassigned
2071,0,0,0.84210867,unassigned
2072,1,2,0.9731276,unassigned
2073,1,2,0.9906804,unassigned
2074,1,1,0.6419895,unassigned
2075,2,1,0.81455046,unassigned
2076,0,2,0.96897596,unassigned
2077,0,0,0.9999778,unassigned
2078,1,1,0.9839183,unassigned
2079,2,0,0.93867624,unassigned
2080,1,2,0.5016348,unassigned
2081,2,2,0.6104218,unassigned
2082,1,2,0.92028683,unassigned
2083,0,2,0.81204236,unassigned
2084,2,1,0.6110586,unassigned
2085,1,1,0.58585954,unassigned
2086,2,2,0.55764574,unassigned
2087,0,0,0.9817069,unassigned
2088,2,1,0.8816327,unassigned
2089,1,1,0.996139,unassigned
2090,1,1,0.7845567,unassigned
2091,2,2,0.999554,unassigned
2092,0,0,0.9991732,unassigned
2093,1,2,0.8578716,unassigned
2094,1,1,0.78238815,unassigned
2095,2,2,0.99999964,unassigned
2096,0,0,0.9999589,unassigned
2097,1,1,0.90354025,unassigned
2098,2,2,0.9999999,unassigned
2099,0,0,0.88969284,unassigned
2100,0,2,0.86237377,unassigned
2101,1,1,0.99609596,unassigned
2102,2,0,0.98930573,unassigned
2103,1,0,0.6248022,unassigned
2104,1,2,0.9990644,unassigned
2105,0,0,0.55110276,unassigned
2106,1,1,0.9050617,unassigned
2107,1,1,0.9042043,unassigned
2108,1,1,0.7547496,unassigned
2109,0,0,0.98361313,unassigned
2110,1,1,0.99470747,unassigned
2111,2,2,0.9999914,unassigned
2112,0,0,0.99996233,unassigned
2113,2,1,0.597328,unassigned
2114,2,2,0.99999917,unassigned
2115,2,2,0.999928,unassigned
2116,2,2,0.99675024,unassigned
2117,2,2,0.9944818,unassigned
2118,1,1,0.83225924,unassigned
2119,2,2,0.89717895,unassigned
2120,2,0,0.8678856,unassigned
2121,2,2,0.7896007,unassigned
2122,2,2,0.99996734,unassigned
2123,1,2,0.5477482,unassigned
2124,2,2,0.99659723,unassigned
2125,2,2,0.98997724,unassigned
2126,0,2,0.99999976,unassigned
2127,2,2,0.9706405,unassigned
2128,2,2,0.9999982,unassigned
2129,2,1,0.6387006,unassigned
2130,2,2,0.9661203,unassigned
2131,1,1,0.78904194,unassigned
2132,2,1,0.6436589,unassigned
2133,0,0,0.9906523,unassigned
2134,2,2,0.99950886,unassigned
2135,1,1,0.60740584,unassigned
2136,1,1,0.99947566,unassigned
2137,1,1,0.9896951,unassigned
2138,0,0,0.99999964,unassigned
2139,1,1,0.8631697,unassigned
2140,1,1,0.99299425,unassigned
2141,1,1,0.97062343,unassigned
2142,1,2,0.996761,unassigned
2143,2,2,0.5932163,unassigned
2144,1,1,0.76684487,unassigned
2145,1,1,0.9171365,unassigned
2146,0,0,0.98940456,unassigned
2147,0,0,0.9998714,unassigned
2148,2,1,0.935803,unassigned
2149,0,0,0.9215476,unassigned
2150,0,0,1.0,unassigned
2151,0,0,0.88309073,unassigned
2152,2,2,0.9999994,unassigned
2153,1,1,0.8635506,unassigned
2154,2,2,1.0,unassigned
2155,0,0,0.99951375,unassigned
2156,1,1,0.99316967,unassigned
2157,0,0,0.9999615,unassigned
2158,1,1,0.9885196,unassigned
2159,2,2,0.8667859,unassigned
2160,1,1,0.99376464,unassigned
2161,1,0,0.9190479,unassigned
2162,1,1,0.7124344,unassigned
2163,0,0,0.95179015,unassigned
2164,2,2,0.9998914,unassigned
2165,2,1,0.560087,unassigned
2166,1,0,0.557334,unassigned
2167,0,0,0.99990773,unassigned
2168,1,1,0.89840955,unassigned
2169,1,1,0.64160836,unassigned
2170,2,2,0.9981122,unassigned
2171,2,0,0.6104513,unassigned
2172,1,1,0.9991186,unassigned
2173,2,2,0.9985538,unassigned
2174,0,0,0.99999416,unassigned
2175,2,2,0.99836653,unassigned
2176,1,1,0.62636834,unassigned
2177,0,0,0.99999964,unassigned
2178,2,2,0.9556523,unassigned
2179,1,1,0.9691628,unassigned
2180,2,2,0.9953377,unassigned
2181,2,2,0.98979187,unassigned
2182,0,0,0.9999993,unassigned
2183,0,0,0.9956369,unassigned
2184,0,0,0.9948309,unassigned
2185,1,1,0.92760575,unassigned
2186,1,1,0.92975855,unassigned
2187,1,1,0.63903344,unassigned
2188,2,2,0.91400737,unassigned
2189,1,1,0.9154749,unassigned
2190,2,2,0.9670278,unassigned
2191,0,0,0.9999126,unassigned
2192,1,2,0.82386976,unassigned
2193,1,1,0.53701025,unassigned
2194,2,2,0.7098436,unassigned
2195,2,2,0.96792865,unassigned
2196,2,2,0.60996586,unassigned
2197,0,0,0.35238475,unassigned
2198,0,0,0.9999573,unassigned
2199,2,2,0.9999893,unassigned
2200,2,1,0.51542,unassigned
2201,1,1,0.99028087,unassigned
2202,0,0,0.9999659,unassigned
2203,1,1,0.99983406,unassigned
2204,0,0,0.99999356,unassigned
2205,0,0,0.9986297,unassigned
2206,1,1,0.9976203,unassigned
2207,1,1,0.99198216,unassigned
2208,1,1,0.57797873,unassigned
2209,0,0,0.9332863,unassigned
2210,1,2,0.55063474,unassigned
2211,1,0,0.99857247,unassigned
2212,1,2,0.5784522,unassigned
2213,1,1,0.8430482,unassigned
2214,2,0,0.9997379,unassigned
2215,2,2,0.9988808,unassigned
2216,2,2,0.9999801,unassigned
2217,2,2,0.98323375,unassigned
2218,2,0,0.48739088,unassigned
2219,1,1,0.99999666,unassigned
2220,1,1,0.9710401,unassigned
2221,2,2,0.9935347,unassigned
2222,1,1,0.99905866,unassigned
2223,1,1,0.95851666,unassigned
2224,0,2,0.8139286,unassigned
2225,1,1,0.9792915,unassigned
2226,1,1,0.9902531,unassigned
2227,2,0,0.64050215,unassigned
2228,2,2,0.99999976,unassigned
2229,1,1,0.9999796,unassigned
2230,0,0,0.9999999,unassigned
2231,1,1,0.73526543,unassigned
2232,2,2,0.9689465,unassigned
2233,0,0,0.99994886,unassigned
2234,2,2,0.9181315,unassigned
2235,1,1,0.75192624,unassigned
2236,0,0,0.9996331,unassigned
2237,2,2,0.87788653,unassigned
2238,0,0,0.9986167,unassigned
2239,0,0,0.9999925,unassigned
2240,1,2,0.9942926,unassigned
2241,1,1,0.9203628,unassigned
2242,1,1,0.9958378,unassigned
2243,0,0,0.99997747,unassigned
2244,1,1,0.7870895,unassigned
2245,2,2,0.99928516,unassigned
2246,1,1,0.9947277,unassigned
2247,2,1,0.79375726,unassigned
2248,0,0,1.0,unassigned
2249,2,2,0.98806274,unassigned
2250,2,2,0.9926838,unassigned
2251,1,0,0.6399952,unassigned
2252,2,2,0.99795306,unassigned
2253,2,2,0.98506194,unassigned
2254,2,2,0.99919623,unassigned
2255,1,1,0.9586756,unassigned
2256,2,2,0.9916209,unassigned
2257,1,1,0.9649637,unassigned
2258,2,1,0.5437614,unassigned
2259,2,2,0.99963117,unassigned
2260,2,2,0.75001067,unassigned
2261,2,2,0.86906797,unassigned
2262,2,0,0.9999993,unassigned
2263,1,1,0.8552503,unassigned
2264,0,0,0.99671835,unassigned
2265,1,1,0.5842344,unassigned
2266,2,1,0.8158994,unassigned
2267,0,0,0.9998958,unassigned
2268,2,2,0.9999999,unassigned
2269,1,1,0.94909465,unassigned
2270,0,0,0.84203875,unassigned
2271,2,2,0.9999999,unassigned
2272,0,2,0.92465377,unassigned
2273,1,1,0.86258936,unassigned
2274,1,1,0.9979765,unassigned
2275,0,0,0.96143997,unassigned
2276,2,1,0.998417,unassigned
2277,2,2,0.98302716,unassigned
2278,2,2,0.99987435,unassigned
2279,1,1,0.9614729,unassigned
2280,0,2,0.9976675,unassigned
2281,0,0,0.9993055,unassigned
2282,1,0,0.40984726,unassigned
2283,2,2,0.9933368,unassigned
2284,1,0,0.8694422,unassigned
2285,0,2,0.99813014,unassigned
2286,2,2,0.87682617,unassigned
2287,2,2,0.9999709,unassigned
2288,0,0,0.99817944,unassigned
2289,2,2,0.99300355,unassigned
2290,1,1,0.8448496,unassigned
2291,1,2,0.9911165,unassigned
2292,1,1,0.9943764,unassigned
2293,1,1,0.9175249,unassigned
2294,2,1,0.7677882,unassigned
2295,0,0,0.99921584,unassigned
2296,1,1,0.98561203,unassigned
2297,0,0,0.99968624,unassigned
2298,1,1,0.9433617,unassigned
2299,1,2,0.8837605,unassigned
2300,0,0,1.0,unassigned
2301,2,2,0.9990742,unassigned
2302,0,0,0.9999925,unassigned
2303,2,2,0.93420905,unassigned
2304,1,2,0.9999999,unassigned
2305,0,0,0.99999535,unassigned
2306,2,2,0.9997869,unassigned
2307,0,2,0.8774751,unassigned
2308,2,2,0.9994491,unassigned
2309,1,1,0.62829876,unassigned
2310,1,1,0.9109092,unassigned
2311,2,1,0.9656916,unassigned
2312,2,2,0.9958954,unassigned
2313,2,2,0.993341,unassigned
2314,2,1,0.6232302,unassigned
2315,2,2,0.7899065,unassigned
2316,1,1,0.9899553,unassigned
2317,2,2,0.89103067,unassigned
2318,0,0,0.9999485,unassigned
2319,2,2,0.9965849,unassigned
2320,2,2,0.99392974,unassigned
2321,2,2,0.9924509,unassigned
2322,2,2,0.998106,unassigned
2323,1,1,0.98045945,unassigned
2324,2,2,0.99876153,unassigned
2325,2,2,0.99992645,unassigned
2326,1,1,0.9545615,unassigned
2327,1,1,0.9762305,unassigned
2328,1,1,0.93021107,unassigned
2329,2,2,0.9479809,unassigned
2330,1,1,0.71466076,unassigned
2331,1,1,0.79817784,unassigned
2332,2,2,0.99990094,unassigned
2333,0,2,0.9831617,unassigned
2334,1,2,0.8457798,unassigned
2335,2,1,0.9724444,unassigned
2336,2,2,0.9998493,unassigned
2337,2,0,0.99976784,unassigned
2338,0,0,1.0,unassigned
2339,2,2,0.9996909,unassigned
2340,2,2,0.9948431,unassigned
2341,2,2,0.98054963,unassigned
2342,2,2,0.57022434,unassigned
2343,1,1,0.9189795,unassigned
2344,1,1,0.79429436,unassigned
2345,2,2,0.9997905,unassigned
2346,2,2,0.9982905,unassigned
2347,2,2,0.8898839,unassigned
2348,1,1,0.98285127,unassigned
2349,1,1,0.8064928,unassigned
2350,2,2,0.9983954,unassigned
2351,1,2,0.9546345,unassigned
2352,1,1,0.8822881,unassigned
2353,1,1,0.64670146,unassigned
2354,2,2,0.99968004,unassigned
2355,2,2,0.9998022,unassigned
2356,1,2,0.7994013,unassigned
2357,1,1,0.8757948,unassigned
2358,1,1,0.92285347,unassigned
2359,0,0,0.99981695,unassigned
2360,1,1,0.9897077,unassigned
2361,2,2,1.0,unassigned
2362,1,0,0.9915065,unassigned
2363,2,2,0.9121437,unassigned
2364,2,1,0.8342726,unassigned
2365,0,2,0.98708147,unassigned
2366,2,2,0.98245215,unassigned
2367,0,0,0.9839484,unassigned
2368,0,2,0.9992594,unassigned
2369,1,1,0.9404657,unassigned
2370,2,2,0.96320397,unassigned
2371,1,1,0.98914284,unassigned
2372,1,1,0.97973907,unassigned
2373,1,2,0.9632084,unassigned
2374,1,1,0.9019662,unassigned
2375,1,1,0.94546956,unassigned
2376,1,1,0.92988706,unassigned
2377,2,2,0.9974201,unassigned
2378,2,2,0.99702257,unassigned
2379,1,1,0.9667772,unassigned
2380,1,0,0.73002017,unassigned
2381,2,0,0.99816906,unassigned
2382,2,2,0.994752,unassigned
2383,0,2,0.7848647,unassigned
2384,1,2,0.94111323,unassigned
2385,2,2,0.97702104,unassigned
2386,2,2,0.99967146,unassigned
2387,1,2,0.56389356,unassigned
2388,2,2,0.98304003,unassigned
2389,2,2,0.82960147,unassigned
2390,0,0,0.99832386,unassigned
2391,0,0,0.9997508,unassigned
2392,0,2,0.7842178,unassigned
2393,2,2,0.7337305,unassigned
2394,2,2,0.5722339,unassigned
2395,1,1,0.67531,unassigned
2396,2,2,0.9999101,unassigned
2397,0,0,0.9982482,unassigned
2398,2,1,0.5136729,unassigned
2399,1,2,0.7059889,unassigned
2400,2,2,0.65493923,unassigned
2401,0,1,0.9475476,unassigned
2402,2,2,0.9981963,unassigned
2403,2,2,0.8144778,unassigned
2404,0,0,0.9817763,unassigned
2405,0,0,0.88446367,unassigned
2406,2,2,0.9999839,unassigned
2407,2,2,0.98777384,unassigned
2408,2,2,0.9999856,unassigned
2409,1,1,0.96419936,unassigned
2410,2,2,0.9977538,unassigned
2411,2,2,0.5805368,unassigned
2412,1,1,0.9922283,unassigned
2413,0,0,0.9999702,unassigned
2414,1,1,0.7254163,unassigned
2415,1,1,0.9319155,unassigned
2416,1,2,0.9973387,unassigned
2417,1,1,0.9955042,unassigned
2418,0,0,0.99997616,unassigned
2419,2,1,0.9291359,unassigned
2420,0,0,0.9996885,unassigned
2421,1,1,0.76978916,unassigned
2422,1,1,0.99068797,unassigned
2423,1,1,0.98998475,unassigned
2424,1,1,0.7787448,unassigned
2425,0,2,0.99848,unassigned
2426,0,2,0.94817406,unassigned
2427,2,2,0.99588674,unassigned
2428,2,2,0.69060117,unassigned
2429,0,0,0.99554634,unassigned
2430,1,1,0.98774403,unassigned
2431,2,1,0.9911185,unassigned
2432,0,0,0.9996486,unassigned
2433,2,0,0.9991586,unassigned
2434,2,0,0.98189765,unassigned
2435,1,1,0.85102475,unassigned
2436,0,1,0.97252077,unassigned
2437,2,2,0.99993503,unassigned
2438,1,2,0.7605143,unassigned
2439,2,2,0.97803396,unassigned
2440,2,2,0.98067117,unassigned
2441,2,1,0.9944442,unassigned
2442,2,1,0.53078824,unassigned
2443,1,0,0.8403995,unassigned
2444,1,1,0.99442166,unassigned
2445,1,2,0.99728024,unassigned
2446,1,1,0.9585835,unassigned
2447,2,2,0.9335923,unassigned
2448,1,1,0.5019444,unassigned
2449,1,2,0.5798501,unassigned
2450,1,1,0.86624086,unassigned
2451,2,2,0.98370636,unassigned
2452,1,2,0.59833366,unassigned
2453,1,1,0.9991385,unassigned
2454,0,2,0.8597818,unassigned
2455,0,0,0.9999583,unassigned
2456,0,0,0.999992,unassigned
2457,2,2,0.9768614,unassigned
2458,2,2,0.99873143,unassigned
2459,1,1,0.61420864,unassigned
2460,1,1,0.9477472,unassigned
2461,1,1,0.99061793,unassigned
2462,1,1,0.68179107,unassigned
2463,1,2,0.95770764,unassigned
2464,1,2,0.87101454,unassigned
2465,2,2,0.825865,unassigned
2466,2,2,0.9976973,unassigned
2467,0,0,0.99961275,unassigned
2468,1,1,0.99798274,unassigned
2469,1,1,0.7098742,unassigned
2470,2,1,0.859937,unassigned
2471,2,2,0.99994063,unassigned
2472,2,2,0.93270534,unassigned
2473,0,0,0.9997892,unassigned
2474,0,0,0.80256534,unassigned
2475,2,2,0.9999995,unassigned
2476,1,1,0.99447906,unassigned
2477,2,2,0.995419,unassigned
2478,1,1,0.62636155,unassigned
2479,2,2,0.7485382,unassigned
2480,1,1,0.9423421,unassigned
2481,2,2,0.931817,unassigned
2482,0,0,0.9989042,unassigned
2483,2,2,0.5000893,unassigned
2484,2,2,0.9999994,unassigned
2485,0,2,0.9528629,unassigned
2486,0,0,0.9999546,unassigned
2487,0,0,0.9993443,unassigned
2488,1,2,0.60146785,unassigned
2489,1,2,0.6025976,unassigned
2490,0,0,0.99999917,unassigned
2491,2,2,0.99779874,unassigned
2492,0,0,0.99999905,unassigned
2493,2,2,0.9997366,unassigned
2494,2,2,0.99920756,unassigned
2495,2,2,0.8450861,unassigned
2496,1,2,0.9459386,unassigned
2497,1,1,0.99032354,unassigned
2498,2,2,0.9986677,unassigned
2499,2,1,0.5809455,unassigned
2500,1,1,0.9108691,unassigned
2501,2,2,1.0,unassigned
2502,2,2,0.9888791,unassigned
2503,2,2,0.7900925,unassigned
2504,1,1,0.97333217,unassigned
2505,2,0,0.82285285,unassigned
2506,2,2,0.9999999,unassigned
2507,0,0,0.99977404,unassigned
2508,2,2,0.99803215,unassigned
2509,2,0,0.66759664,unassigned
2510,2,2,0.9843056,unassigned
2511,0,0,0.99884295,unassigned
2512,2,1,0.96765894,unassigned
2513,0,0,0.99994326,unassigned
2514,2,0,0.9708709,unassigned
2515,0,0,0.93230593,unassigned
2516,0,0,0.9999993,unassigned
2517,2,2,0.9999633,unassigned
2518,1,1,0.78456855,unassigned
2519,2,2,0.96142465,unassigned
2520,1,2,0.9043589,unassigned
2521,2,2,0.9921818,unassigned
2522,2,2,0.99996436,unassigned
2523,2,2,0.9774556,unassigned
2524,0,2,0.9289322,unassigned
2525,1,1,0.9991259,unassigned
2526,2,2,0.56667405,unassigned
2527,0,0,1.0,unassigned
2528,1,1,0.9040832,unassigned
2529,0,2,0.9960821,unassigned
2530,2,2,0.9999958,unassigned
2531,0,0,0.99960095,unassigned
2532,1,2,0.98267835,unassigned
2533,0,0,0.93449545,unassigned
2534,1,2,0.9966486,unassigned
2535,1,1,0.99379975,unassigned
2536,1,1,0.9841137,unassigned
2537,0,0,0.999516,unassigned
2538,2,1,0.99966896,unassigned
2539,2,2,0.7149506,unassigned
2540,0,0,0.9998777,unassigned
2541,1,2,0.9857897,unassigned
2542,2,2,0.9902288,unassigned
2543,0,0,0.9999988,unassigned
2544,2,0,0.95491004,unassigned
2545,2,2,0.94437265,unassigned
2546,1,1,0.9848557,unassigned
2547,2,2,0.90434575,unassigned
2548,1,1,0.9987153,unassigned
2549,1,1,0.54751354,unassigned
2550,1,0,0.69817865,unassigned
2551,0,0,0.9993173,unassigned
2552,1,1,0.8584422,unassigned
2553,0,2,0.99714005,unassigned
2554,2,2,0.9999982,unassigned
2555,2,0,0.8633876,unassigned
2556,2,2,0.92160445,unassigned
2557,0,0,0.99706286,unassigned
2558,0,2,0.99578154,unassigned
2559,1,1,0.98061293,unassigned
2560,0,0,0.99999833,unassigned
2561,2,0,0.5829154,unassigned
2562,1,1,0.78344065,unassigned
2563,1,1,0.88843286,unassigned
2564,0,1,0.866271,unassigned
2565,0,0,0.99875164,unassigned
2566,1,1,0.95932585,unassigned
2567,0,0,0.9992736,unassigned
2568,0,0,0.9997024,unassigned
2569,2,2,0.99944085,unassigned
2570,0,0,0.9764441,unassigned
2571,2,2,0.99999535,unassigned
2572,0,0,0.99998474,unassigned
2573,2,2,0.98762053,unassigned
2574,2,2,0.37147307,unassigned
2575,1,1,0.8797231,unassigned
2576,2,2,0.99991465,unassigned
2577,0,0,0.9999988,unassigned
2578,1,2,0.6174916,unassigned
2579,1,1,0.9791886,unassigned
2580,1,1,0.8911571,unassigned
2581,2,1,0.5572904,unassigned
2582,2,2,0.98668844,unassigned
2583,0,0,0.9864118,unassigned
2584,2,2,0.53739357,unassigned
2585,1,1,0.9972115,unassigned
2586,2,2,0.998616,unassigned
2587,2,2,0.9920431,unassigned
2588,2,2,0.98217624,unassigned
2589,1,1,0.90358984,unassigned
2590,2,2,0.9999995,unassigned
2591,1,1,0.9746251,unassigned
2592,1,2,0.8513366,unassigned
2593,2,2,0.42917594,unassigned
2594,2,1,0.96521395,unassigned
2595,0,0,0.96993166,unassigned
2596,1,1,0.991084,unassigned
2597,0,0,0.98069066,unassigned
2598,2,2,0.6537157,unassigned
2599,1,1,0.9741959,unassigned
2600,0,0,0.9993911,unassigned
2601,1,1,0.91187173,unassigned
2602,2,2,0.9983316,unassigned
2603,2,2,0.9882676,unassigned
2604,1,1,0.99809307,unassigned
2605,2,2,0.9998903,unassigned
2606,1,0,0.98152775,unassigned
2607,1,1,0.9861623,unassigned
2608,0,0,0.72764575,unassigned
2609,2,2,0.8984972,unassigned
2610,1,1,0.9884143,unassigned
2611,1,0,0.54698706,unassigned
2612,1,1,0.5031138,unassigned
2613,2,2,0.7737772,unassigned
2614,1,0,0.9951627,unassigned
2615,0,2,0.714703,unassigned
2616,1,1,0.981818,unassigned
2617,2,2,0.994507,unassigned
2618,1,1,0.95700115,unassigned
2619,1,1,0.92314404,unassigned
2620,2,1,0.8877674,unassigned
2621,2,2,0.99773526,unassigned
2622,1,1,0.96319723,unassigned
2623,1,1,0.9928013,unassigned
2624,2,2,0.8412946,unassigned
2625,1,1,0.9234852,unassigned
2626,0,1,0.8294052,unassigned
2627,2,2,0.99992335,unassigned
2628,1,0,0.9211884,unassigned
2629,2,2,0.9545154,unassigned
2630,2,2,0.9983829,unassigned
2631,1,1,0.9993175,unassigned
2632,0,0,0.9879062,unassigned
2633,1,1,0.9355092,unassigned
2634,0,0,0.99853444,unassigned
2635,2,2,0.8097775,unassigned
2636,2,1,0.8703684,unassigned
2637,1,1,0.9889242,unassigned
2638,2,2,0.95177186,unassigned
2639,2,2,0.999527,unassigned
2640,1,2,0.96763325,unassigned
2641,1,1,0.6158002,unassigned
2642,1,1,0.8728334,unassigned
2643,2,2,0.98761404,unassigned
2644,1,1,0.96863025,unassigned
2645,2,0,0.98910284,unassigned
2646,2,2,0.9988921,unassigned
2647,1,1,0.9145111,unassigned
2648,1,1,0.99934214,unassigned
2649,1,1,0.96441066,unassigned
2650,1,1,0.7676002,unassigned
2651,0,0,0.96347624,unassigned
2652,1,1,0.9492306,unassigned
2653,0,0,0.99708945,unassigned
2654,2,2,0.7758097,unassigned
2655,1,1,0.98805237,unassigned
2656,0,0,0.98872364,unassigned
2657,2,0,0.8635006,unassigned
2658,2,1,0.9952428,unassigned
2659,0,0,0.9995789,unassigned
2660,2,2,0.9531724,unassigned
2661,1,1,0.67853194,unassigned
2662,2,2,0.9898934,unassigned
2663,2,1,0.7332177,unassigned
2664,2,2,0.8538683,unassigned
2665,1,2,0.8021303,unassigned
2666,0,0,0.999997,unassigned
2667,1,1,0.9905663,unassigned
2668,1,1,0.94424665,unassigned
2669,1,1,0.9927095,unassigned
2670,2,2,0.9697178,unassigned
2671,1,2,0.51602006,unassigned
2672,2,2,0.897421,unassigned
2673,1,1,0.99999976,unassigned
2674,2,2,1.0,unassigned
2675,2,2,0.9638103,unassigned
2676,1,1,0.9675396,unassigned
2677,2,2,0.9451793,unassigned
2678,1,1,0.9953838,unassigned
2679,0,0,0.59525204,unassigned
2680,2,0,0.5090525,unassigned
2681,1,1,0.93657887,unassigned
2682,2,2,0.98892725,unassigned
2683,0,2,0.99858034,unassigned
2684,1,0,0.9500672,unassigned
2685,1,1,0.7277799,unassigned
2686,1,0,0.88077724,unassigned
2687,2,0,0.98135054,unassigned
2688,1,0,0.8682436,unassigned
2689,2,2,0.6706311,unassigned
2690,1,1,0.70450497,unassigned
2691,1,1,0.7850009,unassigned
2692,1,2,0.98772705,unassigned
2693,2,2,0.9997565,unassigned
2694,1,1,0.5168779,unassigned
2695,2,2,0.9935126,unassigned
2696,2,2,0.7747861,unassigned
2697,2,2,0.99974805,unassigned
2698,2,0,0.7862504,unassigned
2699,1,0,0.89066225,unassigned
2700,0,0,0.9998336,unassigned
2701,2,2,0.9995553,unassigned
2702,2,2,0.9999999,unassigned
2703,2,2,0.99999356,unassigned
2704,1,2,0.9911185,unassigned
2705,1,1,0.87716454,unassigned
2706,2,2,0.9732722,unassigned
2707,2,2,0.9903126,unassigned
2708,2,2,1.0,unassigned
2709,2,2,0.9999299,unassigned
2710,2,2,0.9991744,unassigned
2711,2,2,0.9983876,unassigned
2712,2,2,0.9968141,unassigned
2713,0,0,0.6300123,unassigned
2714,0,2,0.98127407,unassigned
2715,2,2,0.8597818,unassigned
2716,2,2,0.9450367,unassigned
2717,0,0,0.99172115,unassigned
2718,2,2,0.67536783,unassigned
2719,2,2,0.85193586,unassigned
2720,1,1,0.8042618,unassigned
2721,1,2,0.8498786,unassigned
2722,0,0,0.9999999,unassigned
2723,1,1,0.9648839,unassigned
2724,1,1,0.9619158,unassigned
2725,0,0,0.9999982,unassigned
2726,1,2,0.8093882,unassigned
2727,2,2,0.9653495,unassigned
2728,0,0,0.9995308,unassigned
2729,1,2,0.72850513,unassigned
2730,1,1,0.9551873,unassigned
2731,0,2,0.7252484,unassigned
2732,0,0,0.9989813,unassigned
2733,1,1,0.9564155,unassigned
2734,1,1,0.95590603,unassigned
2735,1,1,0.9998574,unassigned
2736,1,1,0.73980343,unassigned
2737,2,1,0.80961764,unassigned
2738,1,2,0.69175553,unassigned
2739,2,2,0.99492365,unassigned
2740,1,0,0.5848568,unassigned
2741,2,1,0.96888274,unassigned
2742,2,2,0.99046457,unassigned
2743,1,1,0.98843676,unassigned
2744,2,2,0.99999654,unassigned
2745,2,2,0.99999917,unassigned
2746,2,2,0.9860119,unassigned
2747,2,2,0.469411,unassigned
2748,2,1,0.6301334,unassigned
2749,1,1,0.69982344,unassigned
2750,0,0,0.9913248,unassigned
2751,2,2,0.5688732,unassigned
2752,1,2,0.5163407,unassigned
2753,2,0,0.8735697,unassigned
2754,1,2,0.91193646,unassigned
2755,2,2,0.9973145,unassigned
2756,0,0,0.9999939,unassigned
2757,2,2,0.9996369,unassigned
2758,1,1,0.9977456,unassigned
2759,2,2,0.99866545,unassigned
2760,2,2,0.99967086,unassigned
2761,2,2,0.9998796,unassigned
2762,0,0,0.99875915,unassigned
2763,0,0,0.9999509,unassigned
2764,0,0,0.97145253,unassigned
2765,2,1,0.9064347,unassigned
2766,0,0,0.9278123,unassigned
2767,2,2,0.97680783,unassigned
2768,1,1,0.9987239,unassigned
2769,2,2,0.9978598,unassigned
2770,2,1,0.72248226,unassigned
2771,2,1,0.77813196,unassigned
2772,1,2,0.98887336,unassigned
2773,0,0,0.99962986,unassigned
2774,1,0,0.92505276,unassigned
2775,0,0,0.9999491,unassigned
2776,0,0,0.98562074,unassigned
2777,2,2,0.9926086,unassigned
2778,0,0,0.99996996,unassigned
2779,0,0,0.9354175,unassigned
2780,2,0,0.47229376,unassigned
2781,1,1,0.9890484,unassigned
2782,2,2,0.640321,unassigned
2783,0,0,0.9997578,unassigned
2784,2,2,0.9701745,unassigned
2785,2,2,0.9502253,unassigned
2786,1,2,0.7640628,unassigned
2787,2,0,0.60535836,unassigned
2788,1,1,0.89765054,unassigned
2789,2,1,0.66123194,unassigned
2790,1,1,0.88628465,unassigned
2791,1,1,0.6547888,unassigned
2792,1,1,0.92835724,unassigned
2793,2,2,0.99999917,unassigned
2794,0,0,0.9999943,unassigned
2795,0,0,0.99898165,unassigned
2796,2,2,1.0,unassigned
2797,2,2,0.9141556,unassigned
2798,2,2,0.9988458,unassigned
2799,2,2,0.99973017,unassigned
2800,1,1,0.6857223,unassigned
2801,2,1,0.99748874,unassigned
2802,1,1,0.9832615,unassigned
2803,2,1,0.8528014,unassigned
2804,2,2,0.99971026,unassigned
2805,2,1,0.99908996,unassigned
2806,0,0,0.99140865,unassigned
2807,1,0,0.5457067,unassigned
2808,2,2,0.99995244,unassigned
2809,2,1,0.9432209,unassigned
2810,1,1,0.9287175,unassigned
2811,2,2,0.50032043,unassigned
2812,0,0,1.0,unassigned
2813,0,0,0.9913715,unassigned
2814,0,0,0.64200664,unassigned
2815,1,1,0.95285296,unassigned
2816,1,1,0.9997392,unassigned
2817,2,2,0.99794513,unassigned
2818,2,0,0.5897847,unassigned
2819,0,0,0.6064343,unassigned
2820,0,0,0.99999213,unassigned
2821,2,1,0.76443845,unassigned
2822,0,0,0.9999473,unassigned
2823,1,1,0.87508285,unassigned
2824,0,2,0.98392975,unassigned
2825,2,2,0.63437563,unassigned
2826,2,2,0.99962425,unassigned
2827,0,0,0.8344164,unassigned
2828,1,1,0.93140244,unassigned
2829,1,0,0.6038002,unassigned
2830,2,0,0.6321621,unassigned
2831,1,1,0.87298316,unassigned
2832,0,0,0.99894756,unassigned
2833,1,0,0.9645264,unassigned
2834,2,2,0.97495544,unassigned
2835,2,2,0.74652195,unassigned
2836,2,2,0.9988348,unassigned
2837,1,0,0.833038,unassigned
2838,1,1,0.8847366,unassigned
2839,1,1,0.9041739,unassigned
2840,1,0,0.80580026,unassigned
2841,0,0,1.0,unassigned
2842,1,2,0.55371594,unassigned
2843,2,2,0.98096555,unassigned
2844,1,2,0.76080066,unassigned
2845,1,2,0.68764335,unassigned
2846,0,0,0.9996878,unassigned
2847,1,1,0.9999988,unassigned
2848,2,1,0.4205723,unassigned
2849,1,1,0.9198624,unassigned
2850,0,0,0.99862564,unassigned
2851,1,1,0.9823757,unassigned
2852,2,1,0.9623592,unassigned
2853,2,2,0.99382436,unassigned
2854,1,1,0.99924135,unassigned
2855,2,2,0.9991239,unassigned
2856,1,0,0.9999641,unassigned
2857,0,0,1.0,unassigned
2858,1,1,0.9404876,unassigned
2859,2,2,0.99937147,unassigned
2860,2,2,0.9968047,unassigned
2861,2,2,0.9998029,unassigned
2862,0,0,0.99999356,unassigned
2863,2,2,0.8722803,unassigned
2864,0,0,0.99999845,unassigned
2865,1,1,0.95101744,unassigned
2866,1,1,0.6002726,unassigned
2867,2,2,0.9955918,unassigned
2868,1,1,0.99392253,unassigned
2869,0,0,0.99971277,unassigned
2870,2,2,0.9462237,unassigned
2871,1,1,0.67951506,unassigned
2872,1,1,0.9187744,unassigned
2873,0,2,0.82621956,unassigned
2874,1,1,0.97753644,unassigned
2875,0,0,0.996046,unassigned
2876,0,1,0.94845605,unassigned
2877,1,1,0.9995153,unassigned
2878,2,2,0.9995084,unassigned
2879,2,2,0.99993765,unassigned
2880,1,0,0.9830887,unassigned
2881,2,2,0.9998332,unassigned
2882,1,2,0.9898928,unassigned
2883,1,1,0.9791342,unassigned
2884,2,2,0.999977,unassigned
2885,0,0,0.99995816,unassigned
2886,2,0,0.9999589,unassigned
2887,1,0,0.9807961,unassigned
2888,0,2,0.87344974,unassigned
2889,1,2,0.6439343,unassigned
2890,2,2,0.41767174,unassigned
2891,0,0,0.99995756,unassigned
2892,1,2,0.7914226,unassigned
2893,1,0,0.98143977,unassigned
2894,0,0,0.99999976,unassigned
2895,1,0,0.56195396,unassigned
2896,0,0,0.67815435,unassigned
2897,2,0,0.9999974,unassigned
2898,1,1,0.9146042,unassigned
2899,1,0,0.48791498,unassigned
2900,1,1,0.97644466,unassigned
2901,1,1,0.9777982,unassigned
2902,2,2,0.9915352,unassigned
2903,2,1,0.76765555,unassigned
2904,1,1,0.8585215,unassigned
2905,0,0,0.99997866,unassigned
2906,1,0,0.9439037,unassigned
2907,1,2,0.6138244,unassigned
2908,0,0,0.65296656,unassigned
2909,0,0,0.91609615,unassigned
2910,2,2,0.9938689,unassigned
2911,1,1,0.9750797,unassigned
2912,1,0,0.99190205,unassigned
2913,2,1,0.51119685,unassigned
2914,1,1,0.885292,unassigned
2915,2,2,0.999835,unassigned
2916,2,2,0.9991756,unassigned
2917,0,0,0.9966743,unassigned
2918,2,2,0.9992442,unassigned
2919,2,2,0.95245206,unassigned
2920,0,0,0.9910808,unassigned
2921,2,2,0.9998665,unassigned
2922,2,2,0.99720144,unassigned
2923,0,0,0.9999877,unassigned
2924,2,2,0.9815036,unassigned
2925,0,0,0.9273999,unassigned
2926,2,2,0.9401392,unassigned
2927,2,2,0.99990356,unassigned
2928,2,2,0.99941504,unassigned
2929,1,1,0.9427666,unassigned
2930,1,2,0.99160427,unassigned
2931,2,2,0.9960366,unassigned
2932,1,1,0.8249479,unassigned
2933,0,0,0.9999887,unassigned
2934,1,1,0.9618389,unassigned
2935,2,1,0.98012537,unassigned
2936,0,0,0.9915426,unassigned
2937,0,0,0.99942786,unassigned
2938,0,0,0.9969258,unassigned
2939,1,1,0.90115273,unassigned
2940,1,1,0.99604213,unassigned
2941,2,2,0.9984345,unassigned
2942,2,1,0.9091031,unassigned
2943,1,1,0.9991617,unassigned
2944,0,0,0.99986625,unassigned
2945,1,1,0.84508485,unassigned
2946,1,2,0.8205268,unassigned
2947,1,1,0.990842,unassigned
2948,1,1,0.9732151,unassigned
2949,0,0,0.99871004,unassigned
2950,1,1,0.9617674,unassigned
2951,2,2,0.9915822,unassigned
2952,2,0,0.990328,unassigned
2953,2,2,0.99391586,unassigned
2954,2,2,0.6406467,unassigned
2955,1,2,0.76888,unassigned
2956,1,2,0.9065052,unassigned
2957,2,2,0.99887663,unassigned
2958,1,1,0.8821977,unassigned
2959,1,2,0.67213005,unassigned
2960,1,1,0.9360066,unassigned
2961,0,0,0.9966223,unassigned
2962,2,2,0.99923074,unassigned
2963,2,2,0.7959188,unassigned
2964,2,2,0.98977965,unassigned
2965,2,2,0.9506344,unassigned
2966,1,2,0.9978119,unassigned
2967,2,2,0.6683177,unassigned
2968,0,0,0.993786,unassigned
2969,2,2,0.9995351,unassigned
2970,2,2,0.9950059,unassigned
2971,2,2,0.9994043,unassigned
2972,1,1,0.96907747,unassigned
2973,1,1,0.9868766,unassigned
2974,1,1,0.9607214,unassigned
2975,1,1,0.9520334,unassigned
2976,2,1,0.9972397,unassigned
2977,1,2,0.9834473,unassigned
2978,0,0,0.99891746,unassigned
2979,2,2,0.9936039,unassigned
2980,2,2,0.8572989,unassigned
2981,2,0,0.57951796,unassigned
2982,2,2,0.9832487,unassigned
2983,2,0,0.99035186,unassigned
2984,1,1,0.8777797,unassigned
2985,0,0,0.7876523,unassigned
2986,0,0,0.9996321,unassigned
2987,1,1,0.99682546,unassigned
2988,2,2,0.9999988,unassigned
2989,2,2,0.98777175,unassigned
2990,0,0,1.0,unassigned
2991,1,1,0.9863323,unassigned
2992,2,2,0.9902148,unassigned
2993,1,1,0.8580361,unassigned
2994,1,1,0.9991855,unassigned
2995,2,2,0.98995763,unassigned
2996,0,0,0.6043802,unassigned
2997,1,1,0.87974435,unassigned
2998,0,2,0.999647,unassigned
2999,2,2,1.0,unassigned
3000,2,2,0.999363,unassigned
3001,1,1,0.9248884,unassigned
3002,2,2,0.9682349,unassigned
3003,0,0,0.9991448,unassigned
3004,2,2,0.99113476,unassigned
3005,1,1,0.68870234,unassigned
3006,0,0,0.93483204,unassigned
3007,0,0,0.9703935,unassigned
3008,1,0,0.5463253,unassigned
3009,2,0,0.57228696,unassigned
3010,2,1,0.86746496,unassigned
3011,0,0,0.99989414,unassigned
3012,2,2,0.99707353,unassigned
3013,1,1,0.99849737,unassigned
3014,2,0,0.938358,unassigned
3015,1,1,0.65547,unassigned
3016,1,1,0.97055286,unassigned
3017,1,1,0.8996244,unassigned
3018,2,2,1.0,unassigned
3019,1,1,0.52203965,unassigned
3020,1,1,0.9339562,unassigned
3021,0,0,0.8604439,unassigned
3022,1,1,0.75800973,unassigned
3023,2,1,0.9359243,unassigned
3024,0,0,0.9596366,unassigned
3025,0,0,0.9292084,unassigned
3026,0,0,0.99956053,unassigned
3027,1,0,0.70015806,unassigned
3028,0,0,0.9978492,unassigned
3029,1,2,0.9616976,unassigned
3030,2,1,0.7029437,unassigned
3031,1,2,0.56537986,unassigned
3032,1,1,0.90000546,unassigned
3033,2,2,0.99870825,unassigned
3034,2,2,0.99830306,unassigned
3035,2,2,0.90372515,unassigned
3036,2,2,0.9911438,unassigned
3037,1,1,0.7095403,unassigned
3038,1,1,0.65738267,unassigned
3039,0,0,0.99766856,unassigned
3040,1,1,0.95788664,unassigned
3041,2,2,0.9987016,unassigned
3042,2,2,0.45801592,unassigned
3043,2,2,0.89108336,unassigned
3044,2,2,0.956584,unassigned
3045,1,0,0.87472016,unassigned
3046,1,0,0.96285415,unassigned
3047,2,2,0.9931738,unassigned
3048,1,1,0.8034605,unassigned
3049,0,0,0.7769841,unassigned
3050,1,1,0.99620926,unassigned
3051,1,1,0.5016817,unassigned
3052,2,2,0.99408466,unassigned
3053,2,1,0.93893987,unassigned
3054,2,2,0.8454411,unassigned
3055,2,2,0.99956506,unassigned
3056,2,2,0.99751914,unassigned
3057,2,2,0.9351414,unassigned
3058,2,2,0.76560575,unassigned
3059,1,0,0.99897987,unassigned
3060,2,2,0.9980116,unassigned
3061,1,1,0.9654209,unassigned
3062,2,2,1.0,unassigned
3063,0,0,0.9998963,unassigned
3064,1,1,0.80785507,unassigned
3065,2,1,0.7562578,unassigned
3066,2,2,0.9811297,unassigned
3067,1,2,0.5255822,unassigned
3068,2,2,0.9977551,unassigned
3069,2,1,0.5623602,unassigned
3070,1,1,0.99725515,unassigned
3071,1,1,0.97515136,unassigned
3072,1,1,0.94438195,unassigned
3073,2,2,0.99999976,unassigned
3074,2,2,0.99975735,unassigned
3075,2,2,0.99975806,unassigned
3076,0,0,0.99932253,unassigned
3077,0,1,0.88323057,unassigned
3078,1,1,0.8961743,unassigned
3079,0,0,0.9999653,unassigned
3080,1,2,0.9994149,unassigned
3081,1,1,0.9006461,unassigned
3082,1,1,0.9999821,unassigned
3083,0,0,0.97261894,unassigned
3084,2,2,0.99973625,unassigned
3085,0,0,0.96023434,unassigned
3086,1,1,0.98553675,unassigned
3087,1,0,0.96346176,unassigned
3088,0,0,0.9955445,unassigned
3089,2,1,0.6423852,unassigned
3090,0,0,0.99987924,unassigned
3091,2,2,0.9294917,unassigned
3092,2,2,0.99653864,unassigned
3093,0,0,0.9997516,unassigned
3094,1,2,0.7730366,unassigned
3095,2,2,0.9857708,unassigned
3096,1,1,0.83414984,unassigned
3097,2,0,0.9676642,unassigned
3098,2,0,0.71185535,unassigned
3099,2,2,0.98795843,unassigned
3100,1,2,0.96457744,unassigned
3101,1,1,0.7054086,unassigned
3102,0,0,0.99999917,unassigned
3103,1,2,0.590692,unassigned
3104,1,2,0.9949302,unassigned
3105,2,2,0.99999845,unassigned
3106,0,0,0.7812482,unassigned
3107,2,1,0.5514095,unassigned
3108,2,1,0.5096511,unassigned
3109,2,1,0.88557476,unassigned
3110,2,2,0.9999411,unassigned
3111,2,2,0.9458974,unassigned
3112,0,0,0.9953603,unassigned
3113,2,2,0.9999596,unassigned
3114,0,1,0.98483527,unassigned
3115,2,2,0.99830294,unassigned
3116,1,1,0.89462733,unassigned
3117,2,2,0.9951467,unassigned
3118,1,1,0.65776485,unassigned
3119,2,0,0.99969494,unassigned
3120,0,0,0.9999893,unassigned
3121,1,1,0.9970137,unassigned
3122,0,0,0.9996493,unassigned
3123,2,2,0.9845446,unassigned
3124,1,1,0.9997079,unassigned
3125,2,2,0.9843092,unassigned
3126,2,2,0.99720794,unassigned
3127,2,2,0.9943178,unassigned
3128,1,1,0.86484927,unassigned
3129,0,0,0.9999988,unassigned
3130,1,1,0.9129954,unassigned
3131,1,1,0.9618782,unassigned
3132,1,1,0.97447234,unassigned
3133,1,1,0.9639234,unassigned
3134,2,1,0.93688744,unassigned
3135,2,0,0.9145744,unassigned
3136,1,2,0.99991477,unassigned
3137,1,1,0.9981275,unassigned
3138,1,1,0.9857594,unassigned
3139,1,1,0.9134498,unassigned
3140,0,0,0.9999893,unassigned
3141,1,1,0.9762508,unassigned
3142,1,1,0.9805227,unassigned
3143,1,0,0.960032,unassigned
3144,2,0,0.7602809,unassigned
3145,2,0,0.8803879,unassigned
3146,1,2,0.5343786,unassigned
3147,0,0,0.9999558,unassigned
3148,2,0,0.9973289,unassigned
3149,2,2,0.8092008,unassigned
3150,2,2,0.99974364,unassigned
3151,1,1,0.9776635,unassigned
3152,2,2,0.9731968,unassigned
3153,1,0,0.99990296,unassigned
3154,2,2,0.99999976,unassigned
3155,2,2,0.53056854,unassigned
3156,2,0,0.98093367,unassigned
3157,2,2,0.99999917,unassigned
3158,1,1,0.99972624,unassigned
3159,2,1,0.8997012,unassigned
3160,0,1,0.9692096,unassigned
3161,1,1,0.996931,unassigned
3162,2,0,0.731324,unassigned
3163,0,0,0.99926394,unassigned
3164,0,0,0.87686765,unassigned
3165,2,2,1.0,unassigned
3166,0,0,0.9999809,unassigned
3167,1,2,0.7718569,unassigned
3168,1,1,0.9543558,unassigned
3169,1,1,0.9821545,unassigned
3170,1,1,0.9786612,unassigned
3171,1,1,0.989888,unassigned
3172,1,1,0.67127174,unassigned
3173,2,1,0.5374735,unassigned
3174,1,1,0.9435441,unassigned
3175,0,1,0.95968395,unassigned
3176,2,2,0.9562969,unassigned
3177,1,0,0.84208465,unassigned
3178,2,2,0.68286383,unassigned
3179,1,1,0.70703906,unassigned
3180,1,1,0.9888466,unassigned
3181,1,1,0.56714267,unassigned
3182,2,2,1.0,unassigned
3183,1,1,0.67090744,unassigned
3184,2,2,0.999876,unassigned
3185,0,0,0.9991491,unassigned
3186,2,2,0.9539255,unassigned
3187,2,2,0.9998354,unassigned
3188,0,0,0.9975758,unassigned
3189,2,2,0.9996631,unassigned
3190,1,1,0.9974475,unassigned
3191,2,1,0.844323,unassigned
3192,2,1,0.51852846,unassigned
3193,2,2,0.9968913,unassigned
3194,0,0,0.9999777,unassigned
3195,2,2,0.8983695,unassigned
3196,1,1,0.87821484,unassigned
3197,0,0,0.99999905,unassigned
3198,2,1,0.81550086,unassigned
3199,2,2,0.99708515,unassigned
3200,2,2,0.92230153,unassigned
3201,1,1,0.8239592,unassigned
3202,2,2,0.9941338,unassigned
3203,0,0,0.58374,unassigned
3204,1,1,0.9340277,unassigned
3205,2,2,0.99786156,unassigned
3206,2,2,0.99735177,unassigned
3207,1,1,0.99211884,unassigned
3208,2,1,0.995861,unassigned
3209,2,2,0.99469084,unassigned
3210,2,2,0.9987808,unassigned
3211,0,2,0.9738394,unassigned
3212,1,1,0.910336,unassigned
3213,2,2,0.99919325,unassigned
3214,1,2,0.9588335,unassigned
3215,1,1,0.9828198,unassigned
3216,2,2,0.5655281,unassigned
3217,2,2,0.99991214,unassigned
3218,1,1,0.99973625,unassigned
3219,0,0,0.9135078,unassigned
3220,2,2,0.9999683,unassigned
3221,1,1,0.8826082,unassigned
3222,1,1,0.9296183,unassigned
3223,2,2,0.98428494,unassigned
3224,1,2,0.9999819,unassigned
3225,1,2,0.94719255,unassigned
3226,1,1,0.88745004,unassigned
3227,0,0,0.99903,unassigned
3228,0,1,0.9562638,unassigned
3229,0,0,0.8570404,unassigned
3230,2,2,0.9999777,unassigned
3231,1,1,0.9951109,unassigned
3232,1,1,0.9596348,unassigned
3233,1,2,0.92063725,unassigned
3234,1,1,0.81326073,unassigned
3235,1,2,0.8953334,unassigned
3236,1,1,0.77132666,unassigned
3237,1,1,0.88205594,unassigned
3238,2,0,0.9108846,unassigned
3239,2,2,0.95794266,unassigned
3240,1,0,0.96131986,unassigned
3241,2,2,0.88145757,unassigned
3242,1,1,0.99885726,unassigned
3243,0,1,0.90448576,unassigned
3244,2,1,0.97739196,unassigned
3245,2,2,0.9976628,unassigned
3246,1,1,0.50587344,unassigned
3247,1,0,0.6243544,unassigned
3248,1,1,0.44697717,unassigned
3249,1,1,0.9921067,unassigned
3250,2,1,0.96291995,unassigned
3251,1,1,0.95340574,unassigned
3252,0,0,1.0,unassigned
3253,0,0,0.99986374,unassigned
3254,1,1,0.9980361,unassigned
3255,0,0,0.98068756,unassigned
3256,2,2,0.99991286,unassigned
3257,0,0,0.999764,unassigned
3258,2,2,0.8712417,unassigned
3259,2,2,0.5830785,unassigned
3260,1,1,0.84183097,unassigned
3261,0,0,0.99421304,unassigned
3262,2,0,0.94809186,unassigned
3263,0,0,0.9975592,unassigned
3264,1,1,0.99068856,unassigned
3265,2,2,0.98828506,unassigned
3266,0,0,0.9996575,unassigned
3267,1,1,0.9428128,unassigned
3268,0,0,0.99981135,unassigned
3269,2,2,0.9999826,unassigned
3270,2,2,0.9943242,unassigned
3271,1,1,0.9999176,unassigned
3272,2,2,0.9805024,unassigned
3273,2,2,1.0,unassigned
3274,0,0,0.99780875,unassigned
3275,2,2,0.9932641,unassigned
3276,1,1,0.84933066,unassigned
3277,1,1,0.9985044,unassigned
3278,2,2,0.51565254,unassigned
3279,2,2,0.99395317,unassigned
3280,2,2,0.91715956,unassigned
3281,1,1,0.9084804,unassigned
3282,2,1,0.8479014,unassigned
3283,0,0,0.99938035,unassigned
3284,1,1,0.99880373,unassigned
3285,1,1,0.8890601,unassigned
3286,1,1,0.99999905,unassigned
3287,1,2,0.94514716,unassigned
3288,1,1,0.9280556,unassigned
3289,1,2,0.89910895,unassigned
3290,1,1,0.7912804,unassigned
3291,0,0,0.99458283,unassigned
3292,0,0,0.99993575,unassigned
3293,1,1,0.88612616,unassigned
3294,1,1,0.9989139,unassigned
3295,2,2,0.99950695,unassigned
3296,1,2,0.9638443,unassigned
3297,0,0,0.9998987,unassigned
3298,2,2,0.9573382,unassigned
3299,1,1,0.70904326,unassigned
3300,1,1,0.9999895,unassigned
3301,1,1,0.94564015,unassigned
3302,0,0,0.96301687,unassigned
3303,0,0,0.99919814,unassigned
3304,1,0,0.90994734,unassigned
3305,1,2,0.528519,unassigned
3306,0,0,0.9962929,unassigned
3307,1,1,0.86645705,unassigned
3308,2,2,0.99817,unassigned
3309,0,0,0.9993949,unassigned
3310,2,1,0.9255174,unassigned
3311,2,2,0.99975103,unassigned
3312,1,1,0.5125879,unassigned
3313,2,1,0.6938974,unassigned
3314,1,1,0.97440946,unassigned
3315,0,0,0.9999838,unassigned
3316,1,1,0.99546945,unassigned
3317,2,0,0.99939287,unassigned
3318,1,2,0.89212257,unassigned
3319,2,2,0.9994629,unassigned
3320,0,0,0.9989373,unassigned
3321,2,2,0.9921029,unassigned
3322,0,2,0.98657817,unassigned
3323,2,2,0.96078455,unassigned
3324,2,2,0.96493196,unassigned
3325,1,2,0.7783858,unassigned
3326,0,0,0.98198503,unassigned
3327,1,1,0.6351777,unassigned
3328,0,2,0.9933955,unassigned
3329,2,2,0.99574417,unassigned
3330,2,2,0.99926394,unassigned
3331,1,1,0.99981743,unassigned
3332,1,1,0.94464713,unassigned
3333,2,2,0.55889684,unassigned
3334,1,1,0.9314354,unassigned
3335,1,1,0.987894,unassigned
3336,0,0,0.9995433,unassigned
3337,2,2,1.0,unassigned
3338,2,2,0.99989104,unassigned
3339,0,0,0.9992865,unassigned
3340,1,0,0.99008125,unassigned
3341,1,0,0.88228416,unassigned
3342,1,0,0.5035086,unassigned
3343,2,2,0.9994764,unassigned
3344,2,2,0.96341217,unassigned
3345,1,1,0.7867729,unassigned
3346,1,1,0.95152926,unassigned
3347,2,2,0.9981865,unassigned
3348,2,2,0.6580303,unassigned
3349,0,0,0.99813193,unassigned
3350,1,1,0.9999958,unassigned
3351,0,0,0.50051314,unassigned
3352,1,1,0.9869892,unassigned
3353,1,2,0.60805416,unassigned
3354,2,2,0.8197522,unassigned
3355,1,1,0.75364393,unassigned
3356,0,0,0.98162234,unassigned
3357,0,0,0.99971503,unassigned
3358,0,0,0.733691,unassigned
3359,2,2,0.98012495,unassigned
3360,0,0,0.98391336,unassigned
3361,0,2,0.9739459,unassigned
3362,0,0,0.98283756,unassigned
3363,2,2,0.716459,unassigned
3364,2,2,0.9989955,unassigned
3365,1,1,0.98946977,unassigned
3366,1,1,0.62697,unassigned
3367,2,1,0.8910133,unassigned
3368,1,1,0.91399723,unassigned
3369,2,2,0.92759377,unassigned
3370,2,2,0.998995,unassigned
3371,2,2,0.999894,unassigned
3372,2,2,0.99794775,unassigned
3373,0,0,0.8791956,unassigned
3374,0,0,0.99993634,unassigned
3375,1,1,0.9392278,unassigned
3376,2,2,0.99939406,unassigned
3377,2,1,0.57750314,unassigned
3378,1,0,0.44260055,unassigned
3379,2,2,0.9950321,unassigned
3380,2,1,0.99607205,unassigned
3381,0,0,0.9999671,unassigned
3382,1,2,0.6103835,unassigned
3383,1,1,0.9891206,unassigned
3384,2,2,0.997858,unassigned
3385,0,0,0.99072975,unassigned
3386,1,1,0.91260624,unassigned
3387,1,1,0.9789782,unassigned
3388,2,2,0.5680116,unassigned
3389,2,2,0.9995883,unassigned
3390,1,1,0.9940601,unassigned
3391,1,1,0.991574,unassigned
3392,1,2,0.90479296,unassigned
3393,1,1,0.9810976,unassigned
3394,1,1,0.9920987,unassigned
3395,1,1,0.9836753,unassigned
3396,1,0,0.6578508,unassigned
3397,1,2,0.8142431,unassigned
3398,2,2,0.6276643,unassigned
3399,1,0,0.9997811,unassigned
3400,2,2,0.9971505,unassigned
3401,1,1,0.99759823,unassigned
3402,2,1,0.9896836,unassigned
3403,1,1,0.8805321,unassigned
3404,1,1,0.95294726,unassigned
3405,2,0,0.99908245,unassigned
3406,1,1,0.9982828,unassigned
3407,2,2,0.99490356,unassigned
3408,2,2,0.99999905,unassigned
3409,2,2,0.84039015,unassigned
3410,2,2,0.99999964,unassigned
3411,0,0,0.8871275,unassigned
3412,1,1,0.9998338,unassigned
3413,1,2,0.99967885,unassigned
3414,2,2,0.99998045,unassigned
3415,2,2,0.9926778,unassigned
3416,1,1,0.98714906,unassigned
3417,0,0,0.8863645,unassigned
3418,2,2,0.9978011,unassigned
3419,1,1,0.99977213,unassigned
3420,0,2,0.52646524,unassigned
3421,0,0,0.9999136,unassigned
3422,2,2,0.9980592,unassigned
3423,2,2,0.50961566,unassigned
3424,1,1,0.9897481,unassigned
3425,2,0,0.9999999,unassigned
3426,0,0,0.9988092,unassigned
3427,0,0,0.9999622,unassigned
3428,2,2,0.99945015,unassigned
3429,1,1,0.99876153,unassigned
3430,2,2,0.99990094,unassigned
3431,1,1,0.8501141,unassigned
3432,0,0,0.9951084,unassigned
3433,1,1,0.9131205,unassigned
3434,1,1,0.98656297,unassigned
3435,2,2,0.99885166,unassigned
3436,1,1,0.8180173,unassigned
3437,1,0,0.8786725,unassigned
3438,0,0,0.68968964,unassigned
3439,1,1,0.9600218,unassigned
3440,1,1,0.97154546,unassigned
3441,2,2,1.0,unassigned
3442,0,2,0.98181134,unassigned
3443,2,2,0.9930093,unassigned
3444,2,0,0.41145593,unassigned
3445,1,1,0.98659676,unassigned
3446,2,1,0.88926506,unassigned
3447,2,2,0.9994318,unassigned
3448,1,1,0.64708567,unassigned
3449,1,1,0.9417369,unassigned
3450,1,1,0.9982267,unassigned
3451,2,2,0.99998915,unassigned
3452,2,2,0.9553269,unassigned
3453,1,1,0.980713,unassigned
3454,0,0,0.99997425,unassigned
3455,1,1,0.64058816,unassigned
3456,1,1,0.9789128,unassigned
3457,2,2,0.86020386,unassigned
3458,2,2,0.9975733,unassigned
3459,1,1,0.99787843,unassigned
3460,1,1,0.90370286,unassigned
3461,1,0,0.8329514,unassigned
3462,1,1,0.938413,unassigned
3463,2,2,0.99457514,unassigned
3464,2,2,0.99241525,unassigned
3465,1,1,0.9876787,unassigned
3466,2,2,0.9996056,unassigned
3467,2,2,0.99784017,unassigned
3468,1,1,0.83043814,unassigned
3469,0,0,0.99004155,unassigned
3470,0,0,0.99309915,unassigned
3471,2,0,0.9254359,unassigned
3472,2,2,0.99959356,unassigned
3473,2,0,0.993954,unassigned
3474,0,0,0.9998816,unassigned
3475,2,1,0.84284645,unassigned
3476,2,1,0.7511689,unassigned
3477,2,2,0.99725974,unassigned
3478,2,2,0.9996612,unassigned
3479,2,2,0.9786497,unassigned
3480,1,1,0.8746881,unassigned
3481,1,1,0.99970007,unassigned
3482,1,1,0.97602195,unassigned
3483,2,2,0.99937254,unassigned
3484,2,2,0.99929893,unassigned
3485,1,2,0.9989141,unassigned
3486,2,1,0.9574751,unassigned
3487,2,0,0.9965437,unassigned
3488,1,1,0.8258944,unassigned
3489,2,2,0.99929655,unassigned
3490,2,0,0.99997234,unassigned
3491,2,0,0.9897739,unassigned
3492,2,2,0.84339845,unassigned
3493,1,1,0.99996114,unassigned
3494,2,2,0.81252444,unassigned
3495,1,1,0.9257971,unassigned
3496,2,2,0.92226285,unassigned
3497,1,1,0.9467037,unassigned
3498,1,1,0.99194145,unassigned
3499,1,1,0.7860065,unassigned
3500,2,2,0.99940383,unassigned
3501,1,2,0.5180226,unassigned
3502,0,0,0.9885903,unassigned
3503,0,0,0.898366,unassigned
3504,1,2,0.5810959,unassigned
3505,2,2,0.98097926,unassigned
3506,0,0,0.99910307,unassigned
3507,1,1,0.9327327,unassigned
3508,2,2,0.99989986,unassigned
3509,2,2,0.9832723,unassigned
3510,1,1,0.4963119,unassigned
3511,2,2,0.98262435,unassigned
3512,1,1,0.9988463,unassigned
3513,1,1,0.77988905,unassigned
3514,2,2,0.99935967,unassigned
3515,2,2,0.9997553,unassigned
3516,2,1,0.9671193,unassigned
3517,1,1,0.98418117,unassigned
3518,2,2,0.98780084,unassigned
3519,1,2,0.8892784,unassigned
3520,0,0,0.9999167,unassigned
3521,1,1,0.5000329,unassigned
3522,2,2,0.9960632,unassigned
3523,2,2,0.999652,unassigned
3524,2,2,0.99997747,unassigned
3525,2,2,0.99955684,unassigned
3526,0,0,0.99992645,unassigned
3527,1,1,0.99433494,unassigned
3528,1,1,0.53928006,unassigned
3529,1,2,0.9659928,unassigned
3530,2,1,0.7729684,unassigned
3531,1,1,0.99968386,unassigned
3532,1,1,0.96964866,unassigned
3533,0,0,0.9997899,unassigned
3534,0,0,0.81747633,unassigned
3535,0,0,0.9989502,unassigned
3536,1,1,0.8207284,unassigned
3537,0,0,0.96048135,unassigned
3538,0,0,1.0,unassigned
3539,1,1,0.7157509,unassigned
3540,2,2,0.9997874,unassigned
3541,1,1,0.9676954,unassigned
3542,1,1,0.99329996,unassigned
3543,1,2,0.97182786,unassigned
3544,2,0,0.86542434,unassigned
3545,2,2,0.9938268,unassigned
3546,2,2,0.95777607,unassigned
3547,1,1,0.99857414,unassigned
3548,1,1,0.8440899,unassigned
3549,2,1,0.41088563,unassigned
3550,1,1,0.87475306,unassigned
3551,1,2,0.57518446,unassigned
3552,1,1,0.9985837,unassigned
3553,2,2,0.9935009,unassigned
3554,1,1,0.9835064,unassigned
3555,2,2,0.99995565,unassigned
3556,2,2,0.9998186,unassigned
3557,2,2,0.77603704,unassigned
3558,0,0,0.9998497,unassigned
3559,2,2,0.9979323,unassigned
3560,2,2,0.9995766,unassigned
3561,2,1,0.7050671,unassigned
3562,2,2,0.99829036,unassigned
3563,0,0,0.99990916,unassigned
3564,2,2,0.51741606,unassigned
3565,1,1,0.7984483,unassigned
3566,0,0,0.9996902,unassigned
3567,1,1,0.9629743,unassigned
3568,2,2,0.9996425,unassigned
3569,2,0,0.78190744,unassigned
3570,1,1,0.9996612,unassigned
3571,2,1,0.6798068,unassigned
3572,2,2,0.99939835,unassigned
3573,2,2,0.99990845,unassigned
3574,2,2,1.0,unassigned
3575,0,0,0.99475694,unassigned
3576,2,0,0.9991648,unassigned
3577,0,0,0.9999999,unassigned
3578,2,0,0.6791655,unassigned
3579,2,2,0.940118,unassigned
3580,0,0,0.69384646,unassigned
3581,2,2,0.99846554,unassigned
3582,2,2,0.9973043,unassigned
3583,1,1,0.7591773,unassigned
3584,2,2,0.9946531,unassigned
3585,1,1,0.9918686,unassigned
3586,2,2,0.99999535,unassigned
3587,1,2,0.9236196,unassigned
3588,0,0,0.9998447,unassigned
3589,1,1,0.9870559,unassigned
3590,2,2,0.9999168,unassigned
3591,1,1,0.9702783,unassigned
3592,2,2,0.99999917,unassigned
3593,2,2,0.9997347,unassigned
3594,0,0,0.99854654,unassigned
3595,0,0,0.9901868,unassigned
3596,2,2,0.99821645,unassigned
3597,2,2,0.9663757,unassigned
3598,2,2,1.0,unassigned
3599,0,2,0.7975088,unassigned
3600,2,2,0.8309844,unassigned
3601,2,2,0.99999666,unassigned
3602,0,0,1.0,unassigned
3603,2,2,0.8196832,unassigned
3604,1,1,0.99619365,unassigned
3605,2,2,0.9547066,unassigned
3606,1,1,0.9032445,unassigned
3607,2,2,0.9999995,unassigned
3608,2,1,0.83389395,unassigned
3609,1,1,0.99549896,unassigned
3610,1,2,0.9463851,unassigned
3611,2,2,0.9895523,unassigned
3612,0,0,0.99869496,unassigned
3613,2,2,0.99969566,unassigned
3614,1,0,0.5001803,unassigned
3615,1,1,0.99617285,unassigned
3616,2,2,0.99850744,unassigned
3617,0,0,1.0,unassigned
3618,2,2,0.5978453,unassigned
3619,0,0,0.99961877,unassigned
3620,2,2,0.99640095,unassigned
3621,1,1,0.91818845,unassigned
3622,0,0,0.99444085,unassigned
3623,2,2,0.9415178,unassigned
3624,1,1,0.8742738,unassigned
3625,2,2,0.99971193,unassigned
3626,1,1,0.8628377,unassigned
3627,1,0,0.62514246,unassigned
3628,1,1,0.9942714,unassigned
3629,2,2,0.9994978,unassigned
3630,2,2,0.99997556,unassigned
3631,1,0,0.93713444,unassigned
3632,2,1,0.73965573,unassigned
3633,0,0,0.9833492,unassigned
3634,0,0,0.99998116,unassigned
3635,2,2,0.9380797,unassigned
3636,1,1,0.9528847,unassigned
3637,1,1,0.9514551,unassigned
3638,0,0,0.9962231,unassigned
3639,0,0,0.72058064,unassigned
3640,1,1,0.860677,unassigned
3641,2,2,0.9815372,unassigned
3642,2,0,0.9814819,unassigned
3643,1,1,0.90978646,unassigned
3644,1,1,0.9854915,unassigned
3645,1,2,0.9759975,unassigned
3646,2,0,0.6400894,unassigned
3647,2,2,0.9783004,unassigned
3648,0,0,0.99970824,unassigned
3649,0,0,0.8887876,unassigned
3650,2,1,0.8405633,unassigned
3651,0,0,0.9998307,unassigned
3652,2,2,0.8796725,unassigned
3653,1,1,0.9903714,unassigned
3654,2,2,0.9999808,unassigned
3655,1,2,0.52843,unassigned
3656,2,2,0.99695,unassigned
3657,0,0,0.99920386,unassigned
3658,1,1,0.9849199,unassigned
3659,0,0,0.9999876,unassigned
3660,0,2,0.9915222,unassigned
3661,2,1,0.9952101,unassigned
3662,1,1,0.84712183,unassigned
3663,0,1,0.6724668,unassigned
3664,1,1,0.99539655,unassigned
3665,0,0,0.9999963,unassigned
3666,1,0,0.7241128,unassigned
3667,1,1,0.9994654,unassigned
3668,2,2,0.916212,unassigned
3669,0,0,0.9999715,unassigned
3670,0,2,0.99632925,unassigned
3671,2,1,0.8315184,unassigned
3672,2,2,0.99825364,unassigned
3673,2,2,0.9999968,unassigned
3674,0,0,0.91363907,unassigned
3675,1,1,0.82680523,unassigned
3676,2,2,0.91441727,unassigned
3677,1,1,0.68491805,unassigned
3678,2,2,0.6438719,unassigned
3679,1,2,0.9997863,unassigned
3680,2,2,0.8506883,unassigned
3681,1,2,0.5732602,unassigned
3682,2,1,0.5634457,unassigned
3683,1,1,0.9849066,unassigned
3684,1,1,0.5303207,unassigned
3685,1,2,0.78906274,unassigned
3686,0,2,0.9953916,unassigned
3687,1,1,0.97243845,unassigned
3688,1,1,0.9735011,unassigned
3689,1,0,0.544795,unassigned
3690,0,0,0.7337341,unassigned
3691,1,1,0.9999509,unassigned
3692,2,2,0.98312485,unassigned
3693,2,2,0.999998,unassigned
3694,1,1,0.9492546,unassigned
3695,2,2,0.999949,unassigned
3696,1,1,0.968653,unassigned
3697,1,1,0.96379226,unassigned
3698,1,1,0.9311549,unassigned
3699,2,1,0.58620214,unassigned
3700,2,0,0.9487918,unassigned
3701,2,2,0.9990847,unassigned
3702,2,1,0.99536186,unassigned
3703,0,0,0.9576032,unassigned
3704,0,0,0.9974654,unassigned
3705,0,0,1.0,unassigned
3706,2,1,0.9516721,unassigned
3707,1,1,0.9758399,unassigned
3708,1,1,0.7879179,unassigned
3709,0,0,0.9982316,unassigned
3710,2,2,0.99922276,unassigned
3711,1,1,0.999699,unassigned
3712,2,2,0.55552775,unassigned
3713,1,1,0.99812716,unassigned
3714,0,0,0.9987992,unassigned
3715,2,2,0.99988866,unassigned
3716,2,2,0.99452776,unassigned
3717,0,1,0.62297034,unassigned
3718,2,0,0.9957419,unassigned
3719,2,0,0.99676776,unassigned
3720,0,0,0.9999317,unassigned
3721,0,2,0.8584812,unassigned
3722,1,2,0.9557175,unassigned
3723,0,0,0.6673468,unassigned
3724,0,0,0.8621787,unassigned
3725,1,1,0.9780723,unassigned
3726,2,2,0.9924966,unassigned
3727,1,1,0.98062474,unassigned
3728,2,2,0.9999999,unassigned
3729,2,2,0.99997115,unassigned
3730,2,1,0.8752104,unassigned
3731,1,1,0.89346814,unassigned
3732,1,1,0.88016105,unassigned
3733,1,1,0.99195087,unassigned
3734,2,1,0.6410506,unassigned
3735,2,2,0.99967957,unassigned
3736,1,2,0.7621733,unassigned
3737,2,0,0.4834806,unassigned
3738,2,2,0.99998844,unassigned
3739,1,1,0.84312415,unassigned
3740,2,2,0.9998172,unassigned
3741,1,2,0.958545,unassigned
3742,1,1,0.9485517,unassigned
3743,2,2,0.9631967,unassigned
3744,2,2,0.99930906,unassigned
3745,0,0,0.99148035,unassigned
3746,1,1,0.9549926,unassigned
3747,2,1,0.57723814,unassigned
3748,2,0,0.58140975,unassigned
3749,2,2,0.80111635,unassigned
3750,1,1,0.9883211,unassigned
3751,2,2,0.9956929,unassigned
3752,2,0,0.7267555,unassigned
3753,0,0,0.9997814,unassigned
3754,2,2,1.0,unassigned
3755,2,1,0.68496263,unassigned
3756,0,0,1.0,unassigned
3757,1,1,0.54314655,unassigned
3758,1,1,0.993944,unassigned
3759,2,2,0.9939891,unassigned
3760,0,0,0.9999347,unassigned
3761,0,0,0.9320662,unassigned
3762,1,1,0.9959246,unassigned
3763,1,1,0.99460655,unassigned
3764,2,2,0.99771464,unassigned
3765,2,1,0.9633251,unassigned
3766,1,1,0.9928464,unassigned
3767,1,1,0.9741218,unassigned
3768,1,0,0.57160974,unassigned
3769,1,2,0.9645891,unassigned
3770,2,0,0.9963839,unassigned
3771,2,2,0.998906,unassigned
3772,1,1,0.96857387,unassigned
3773,2,0,0.9892364,unassigned
3774,0,0,0.9994906,unassigned
3775,2,2,0.9997503,unassigned
3776,1,1,0.9412535,unassigned
3777,1,1,0.999054,unassigned
3778,2,1,0.5905663,unassigned
3779,2,2,0.9999243,unassigned
3780,1,1,0.93497306,unassigned
3781,2,1,0.70627284,unassigned
3782,0,2,0.99156946,unassigned
3783,0,0,0.9911214,unassigned
3784,0,0,0.9475409,unassigned
3785,2,2,0.99991643,unassigned
3786,0,0,0.99997854,unassigned
3787,2,1,0.79417855,unassigned
3788,1,1,0.99290985,unassigned
3789,1,1,0.9880382,unassigned
3790,2,2,0.9946731,unassigned
3791,0,0,0.9722405,unassigned
3792,2,2,0.54051197,unassigned
3793,2,2,0.9999827,unassigned
3794,0,0,0.9663717,unassigned
3795,1,0,0.9217289,unassigned
3796,2,1,0.98812836,unassigned
3797,2,1,0.8220443,unassigned
3798,1,2,0.9427406,unassigned
3799,0,0,0.9936638,unassigned
3800,0,2,0.9464942,unassigned
3801,1,1,0.9595375,unassigned
3802,2,2,0.99367297,unassigned
3803,1,0,0.71188015,unassigned
3804,0,2,0.87021357,unassigned
3805,1,1,0.7879368,unassigned
3806,1,2,0.740582,unassigned
3807,1,1,0.5639941,unassigned
3808,0,0,0.874683,unassigned
3809,2,2,0.9999372,unassigned
3810,1,1,0.8946546,unassigned
3811,1,1,0.7996788,unassigned
3812,1,2,0.81675833,unassigned
3813,2,0,0.8944386,unassigned
3814,1,1,0.97828764,unassigned
3815,1,1,0.95214826,unassigned
3816,0,1,0.9927416,unassigned
3817,0,2,0.9996624,unassigned
3818,1,1,0.5664068,unassigned
3819,1,1,0.9519759,unassigned
3820,1,1,0.7415943,unassigned
3821,2,2,0.9957873,unassigned
3822,2,2,0.9788119,unassigned
3823,1,1,0.99958724,unassigned
3824,2,2,0.99997246,unassigned
3825,2,2,0.820041,unassigned
3826,0,0,0.99985266,unassigned
3827,2,2,0.99769396,unassigned
3828,2,2,0.9998791,unassigned
3829,2,2,0.82601285,unassigned
3830,2,2,0.9809965,unassigned
3831,2,2,1.0,unassigned
3832,1,0,0.9243228,unassigned
3833,1,1,0.52990013,unassigned
3834,2,0,0.85215545,unassigned
3835,2,1,0.58052886,unassigned
3836,2,0,0.80946505,unassigned
3837,0,0,0.9906048,unassigned
3838,0,0,0.9999217,unassigned
3839,2,0,0.9992587,unassigned
3840,2,2,0.99829096,unassigned
3841,1,1,0.86890274,unassigned
3842,0,0,0.6781375,unassigned
3843,1,1,0.9906759,unassigned
3844,0,0,0.9999713,unassigned
3845,1,2,0.7675246,unassigned
3846,1,1,0.9999962,unassigned
3847,0,0,0.99976784,unassigned
3848,2,2,1.0,unassigned
3849,0,0,0.9995122,unassigned
3850,0,2,0.9112763,unassigned
3851,1,1,0.99873465,unassigned
3852,1,1,0.90870625,unassigned
3853,0,2,0.89710104,unassigned
3854,2,2,0.996058,unassigned
3855,1,1,0.97813547,unassigned
3856,1,2,0.71606857,unassigned
3857,2,2,0.67802113,unassigned
3858,1,0,0.65568364,unassigned
3859,1,1,0.6838604,unassigned
3860,1,0,0.8902846,unassigned
3861,1,2,0.92871755,unassigned
3862,1,0,0.7093058,unassigned
3863,1,2,0.5275787,unassigned
3864,2,2,0.7310033,unassigned
3865,0,0,0.99921536,unassigned
3866,0,0,0.9999138,unassigned
3867,0,0,0.9738799,unassigned
3868,0,0,0.99996877,unassigned
3869,1,1,0.99937636,unassigned
3870,2,1,0.52989507,unassigned
3871,2,2,0.9991283,unassigned
3872,1,1,0.56823015,unassigned
3873,1,1,0.8856264,unassigned
3874,1,1,0.941509,unassigned
3875,0,0,0.9997925,unassigned
3876,1,0,0.6258624,unassigned
3877,2,1,0.90014213,unassigned
3878,0,0,0.99949336,unassigned
3879,1,1,0.7065078,unassigned
3880,2,2,0.97910357,unassigned
3881,1,0,0.9631957,unassigned
3882,1,1,0.942973,unassigned
3883,2,1,0.8422983,unassigned
3884,1,1,0.92362124,unassigned
3885,1,1,0.9879232,unassigned
3886,2,0,0.50134563,unassigned
3887,2,2,0.95675635,unassigned
3888,1,1,0.91605973,unassigned
3889,2,1,0.6664589,unassigned
3890,1,1,0.7210663,unassigned
3891,2,2,0.99971217,unassigned
3892,1,1,0.6791947,unassigned
3893,1,1,0.96882814,unassigned
3894,2,2,0.9978046,unassigned
3895,1,2,0.8181641,unassigned
3896,2,2,0.99398464,unassigned
3897,1,1,0.7923929,unassigned
3898,2,1,0.94362074,unassigned
3899,2,2,0.9998,unassigned
3900,2,2,0.99928916,unassigned
3901,2,2,0.99967444,unassigned
3902,2,2,0.8758756,unassigned
3903,2,2,0.99636453,unassigned
3904,2,1,0.9979785,unassigned
3905,2,2,0.9907672,unassigned
3906,2,0,0.6897412,unassigned
3907,2,2,0.9963792,unassigned
3908,1,1,0.98329115,unassigned
3909,2,2,0.99999905,unassigned
3910,2,2,0.9914957,unassigned
3911,0,0,0.99091375,unassigned
3912,1,1,0.613402,unassigned
3913,2,2,0.9997602,unassigned
3914,1,1,0.990741,unassigned
3915,1,1,0.9096994,unassigned
3916,0,0,0.99999547,unassigned
3917,1,1,0.96919215,unassigned
3918,2,2,0.9976501,unassigned
3919,2,2,0.7986695,unassigned
3920,2,2,0.995513,unassigned
3921,1,1,0.97623116,unassigned
3922,0,2,0.9883427,unassigned
3923,1,1,0.97164303,unassigned
3924,2,2,0.89276505,unassigned
3925,1,0,0.99989223,unassigned
3926,1,1,0.92881095,unassigned
3927,1,1,0.99999416,unassigned
3928,2,2,0.8336901,unassigned
3929,2,2,1.0,unassigned
3930,2,2,0.99989927,unassigned
3931,2,2,0.99977225,unassigned
3932,0,1,0.72012585,unassigned
3933,2,2,0.9999169,unassigned
3934,1,2,0.9951691,unassigned
3935,0,0,0.9999989,unassigned
3936,1,0,0.7873595,unassigned
3937,0,0,0.99697137,unassigned
3938,2,2,0.99123293,unassigned
3939,2,2,0.99980336,unassigned
3940,1,1,0.9282019,unassigned
3941,2,2,0.84796053,unassigned
3942,0,0,0.99977773,unassigned
3943,0,0,0.9986804,unassigned
3944,1,1,0.93546,unassigned
3945,1,0,0.9353889,unassigned
3946,2,2,0.999913,unassigned
3947,0,0,0.9927254,unassigned
3948,1,1,0.49689457,unassigned
3949,1,2,0.78081226,unassigned
3950,1,1,0.95598483,unassigned
3951,1,0,0.8276446,unassigned
3952,1,2,0.7828715,unassigned
3953,1,0,0.5904012,unassigned
3954,1,1,0.997865,unassigned
3955,0,0,0.99996555,unassigned
3956,2,2,0.99997103,unassigned
3957,0,0,0.9692583,unassigned
3958,1,1,0.5460206,unassigned
3959,2,2,0.9997106,unassigned
3960,1,2,0.74167484,unassigned
3961,2,2,0.99932754,unassigned
3962,1,1,0.6631301,unassigned
3963,1,2,0.9372009,unassigned
3964,1,1,0.839717,unassigned
3965,2,0,0.99908555,unassigned
3966,2,2,0.99869883,unassigned
3967,2,1,0.7391977,unassigned
3968,1,1,0.949347,unassigned
3969,1,1,0.5862524,unassigned
3970,0,0,0.9910217,unassigned
3971,2,2,0.5372827,unassigned
3972,2,2,0.9941776,unassigned
3973,0,0,0.9998704,unassigned
3974,2,2,0.9986896,unassigned
3975,0,0,0.9640978,unassigned
3976,1,1,0.89363945,unassigned
3977,1,1,0.65705377,unassigned
3978,1,0,0.93604165,unassigned
3979,0,0,0.95260674,unassigned
3980,0,0,0.99919254,unassigned
3981,1,2,0.85707915,unassigned
3982,2,0,0.9991171,unassigned
3983,1,1,0.9999466,unassigned
3984,1,1,0.9212798,unassigned
3985,0,1,0.65258026,unassigned
3986,0,0,0.9993018,unassigned
3987,1,1,0.9507445,unassigned
3988,0,0,0.9999969,unassigned
3989,2,1,0.5413248,unassigned
3990,0,0,0.99990106,unassigned
3991,0,0,0.9947247,unassigned
3992,0,2,0.9834477,unassigned
3993,1,1,0.81776166,unassigned
3994,2,2,0.9998629,unassigned
3995,1,1,0.9982529,unassigned
3996,0,1,0.34930047,unassigned
3997,1,1,0.90925,unassigned
3998,2,2,0.9998683,unassigned
3999,2,2,0.9991042,unassigned
4000,0,0,0.9990395,unassigned
4001,1,1,0.7023268,unassigned
4002,0,1,0.78137124,unassigned
4003,1,0,0.98615605,unassigned
4004,2,1,0.54402155,unassigned
4005,1,1,0.9959286,unassigned
4006,1,1,0.9365197,unassigned
4007,0,0,0.9995403,unassigned
4008,0,0,0.99910945,unassigned
4009,0,0,0.60105133,unassigned
4010,1,1,0.9822073,unassigned
4011,1,1,0.99297595,unassigned
4012,2,2,0.9897859,unassigned
4013,2,2,0.9994273,unassigned
4014,2,0,0.9525533,unassigned
4015,0,2,0.75240916,unassigned
4016,1,0,0.8823808,unassigned
4017,2,2,0.9950295,unassigned
4018,1,0,0.9327834,unassigned
4019,0,0,0.88314116,unassigned
4020,0,0,0.9999794,unassigned
4021,0,0,0.68570656,unassigned
4022,1,1,0.98976505,unassigned
4023,0,0,0.99856514,unassigned
4024,0,0,0.99999714,unassigned
4025,1,1,0.98995495,unassigned
4026,0,0,0.9672021,unassigned
4027,2,0,0.997407,unassigned
4028,0,0,0.9999932,unassigned
4029,1,0,0.65363806,unassigned
4030,2,0,0.8573289,unassigned
4031,2,2,0.9956671,unassigned
4032,1,1,0.99921525,unassigned
4033,1,1,0.9081225,unassigned
4034,1,1,0.7357468,unassigned
4035,2,1,0.78397065,unassigned
4036,0,0,0.9999999,unassigned
4037,2,2,0.5860022,unassigned
4038,2,2,0.89282465,unassigned
4039,2,1,0.63202083,unassigned
4040,2,2,0.7958416,unassigned
4041,1,2,0.7923444,unassigned
4042,1,0,0.9944851,unassigned
4043,2,2,0.6166132,unassigned
4044,2,1,0.9948271,unassigned
4045,1,1,0.98571014,unassigned
4046,2,2,0.96192366,unassigned
4047,2,1,0.6114976,unassigned
4048,1,1,0.9773645,unassigned
4049,1,1,0.9432968,unassigned
4050,1,1,0.5388023,unassigned
4051,1,1,0.56717503,unassigned
4052,1,2,0.9795726,unassigned
4053,2,2,0.6002482,unassigned
4054,2,0,0.599024,unassigned
4055,2,2,0.9995183,unassigned
4056,2,2,0.9999716,unassigned
4057,1,1,0.5858614,unassigned
4058,2,1,0.99711525,unassigned
4059,1,1,0.69511765,unassigned
4060,2,0,0.68142104,unassigned
4061,2,2,0.9997942,unassigned
4062,1,1,0.9990299,unassigned
4063,0,0,0.9996773,unassigned
4064,0,0,0.99933726,unassigned
4065,2,0,0.9947077,unassigned
4066,2,2,0.9374681,unassigned
4067,1,1,0.9983714,unassigned
4068,2,2,0.9967794,unassigned
4069,1,1,0.9739707,unassigned
4070,1,1,0.99064064,unassigned
4071,1,1,0.9563498,unassigned
4072,0,0,0.9822797,unassigned
4073,2,1,0.8006408,unassigned
4074,2,2,0.9571224,unassigned
4075,2,2,0.6961213,unassigned
4076,0,0,0.96581954,unassigned
4077,1,2,0.9949175,unassigned
4078,2,2,0.9436444,unassigned
4079,2,1,0.87530464,unassigned
4080,1,1,0.59060615,unassigned
4081,1,1,0.60838085,unassigned
4082,1,1,0.88606393,unassigned
4083,2,0,0.99891293,unassigned
4084,1,1,0.6513407,unassigned
4085,1,1,0.97408766,unassigned
4086,2,2,1.0,unassigned
4087,2,2,0.99548596,unassigned
4088,0,0,0.96886057,unassigned
4089,1,1,0.9817368,unassigned
4090,0,0,0.9910452,unassigned
4091,2,2,0.99960357,unassigned
4092,2,2,0.9982634,unassigned
4093,2,2,0.9996145,unassigned
4094,2,1,0.70980793,unassigned
4095,2,2,0.99585885,unassigned
4096,2,1,0.5364563,unassigned
4097,0,0,0.97984743,unassigned
4098,0,1,0.999759,unassigned
4099,1,1,0.99754983,unassigned
4100,1,0,0.8452654,unassigned
4101,2,2,0.59455395,unassigned
4102,1,1,0.9982658,unassigned
4103,1,1,0.5560672,unassigned
4104,1,1,0.9978537,unassigned
4105,1,1,0.9257889,unassigned
4106,2,1,0.98604786,unassigned
4107,1,0,0.9044459,unassigned
4108,0,0,0.99340266,unassigned
4109,2,2,0.98902553,unassigned
4110,2,1,0.5177872,unassigned
4111,1,0,0.9119753,unassigned
4112,1,1,0.6718891,unassigned
4113,2,2,0.8941944,unassigned
4114,1,1,0.9989008,unassigned
4115,2,2,0.99088037,unassigned
4116,2,2,0.9559007,unassigned
4117,1,1,0.97887075,unassigned
4118,2,2,0.9973816,unassigned
4119,0,0,0.9741759,unassigned
4120,0,0,0.9999758,unassigned
4121,0,2,0.71214485,unassigned
4122,2,2,0.9540899,unassigned
4123,1,0,0.5449129,unassigned
4124,0,0,0.9914819,unassigned
4125,0,2,0.71553326,unassigned
4126,0,0,0.7717933,unassigned
4127,1,1,0.9986199,unassigned
4128,0,0,0.9977259,unassigned
4129,2,0,0.9997625,unassigned
4130,2,2,0.9999391,unassigned
4131,1,1,0.899577,unassigned
4132,1,1,0.9979164,unassigned
4133,1,1,0.98089933,unassigned
4134,1,1,0.9504866,unassigned
4135,0,0,0.44595805,unassigned
4136,2,2,0.63006604,unassigned
4137,1,1,0.6256691,unassigned
4138,2,2,0.79813045,unassigned
4139,1,1,0.99611616,unassigned
4140,2,2,0.9882613,unassigned
4141,2,1,0.9287119,unassigned
4142,2,2,0.8989344,unassigned
4143,2,0,0.9994306,unassigned
4144,1,1,0.5980727,unassigned
4145,1,1,0.9927395,unassigned
4146,1,1,0.6405958,unassigned
4147,0,0,0.99864846,unassigned
4148,2,2,0.9999993,unassigned
4149,1,1,0.99877626,unassigned
4150,2,2,0.96299255,unassigned
4151,2,2,0.9999428,unassigned
4152,1,1,0.999948,unassigned
4153,0,0,0.9999995,unassigned
4154,1,0,0.8467765,unassigned
4155,1,1,0.99798214,unassigned
4156,2,2,0.9581638,unassigned
4157,2,0,0.9988764,unassigned
4158,2,0,0.99883944,unassigned
4159,2,2,0.99717724,unassigned
4160,0,2,0.8799165,unassigned
4161,0,2,0.92382497,unassigned
4162,1,1,0.55803555,unassigned
4163,2,2,0.9969535,unassigned
4164,1,0,0.9222282,unassigned
4165,1,0,0.56233734,unassigned
4166,2,2,0.9612137,unassigned
4167,2,0,0.99831235,unassigned
4168,2,1,0.47451827,unassigned
4169,0,0,0.9999982,unassigned
4170,2,0,0.98606354,unassigned
4171,2,1,0.596246,unassigned
4172,2,1,0.6052288,unassigned
4173,2,2,0.93731505,unassigned
4174,2,2,0.97764564,unassigned
4175,1,0,0.9427826,unassigned
4176,2,0,0.7001159,unassigned
4177,2,2,0.9776708,unassigned
4178,2,2,0.99826425,unassigned
4179,1,1,0.9792985,unassigned
4180,0,0,0.9984987,unassigned
4181,2,2,0.9999877,unassigned
4182,2,2,0.9845042,unassigned
4183,2,2,0.9989095,unassigned
4184,1,0,0.8523089,unassigned
4185,2,2,0.99685884,unassigned
4186,2,2,0.99998224,unassigned
4187,1,1,0.96824217,unassigned
4188,2,2,0.99121314,unassigned
4189,1,1,0.6051364,unassigned
4190,1,0,0.99684036,unassigned
4191,1,1,0.74079823,unassigned
4192,2,2,0.9704286,unassigned
4193,2,2,0.9955048,unassigned
4194,2,2,0.99999976,unassigned
4195,1,0,0.9185185,unassigned
4196,2,1,0.8961426,unassigned
4197,0,2,0.99936646,unassigned
4198,2,2,0.99999046,unassigned
4199,2,2,0.43265694,unassigned
4200,1,1,0.9784782,unassigned
4201,1,1,0.91621983,unassigned
4202,1,2,0.96735305,unassigned
4203,1,1,0.856862,unassigned
4204,0,0,0.9999571,unassigned
4205,1,0,0.5453351,unassigned
4206,2,2,0.9841824,unassigned
4207,1,1,0.7059708,unassigned
4208,2,1,0.58098733,unassigned
4209,0,0,0.9818618,unassigned
4210,1,1,0.8975841,unassigned
4211,1,0,0.5284245,unassigned
4212,0,2,0.7952721,unassigned
4213,2,2,0.99954957,unassigned
4214,0,0,0.9999999,unassigned
4215,0,0,0.99998116,unassigned
4216,2,1,0.53961164,unassigned
4217,1,1,0.8788589,unassigned
4218,0,0,0.98872375,unassigned
4219,0,0,0.99975294,unassigned
4220,1,1,0.9324416,unassigned
4221,0,0,0.9999999,unassigned
4222,1,1,0.911428,unassigned
4223,0,0,0.9991972,unassigned
4224,2,2,0.8378843,unassigned
4225,2,2,0.9998253,unassigned
4226,2,2,0.97089773,unassigned
4227,1,0,0.90128785,unassigned
4228,2,2,0.99381083,unassigned
4229,2,2,0.9771434,unassigned
4230,0,0,0.99999666,unassigned
4231,1,1,0.78901154,unassigned
4232,1,0,0.99663085,unassigned
4233,1,1,0.8115966,unassigned
4234,0,0,0.9997209,unassigned
4235,1,1,0.998418,unassigned
4236,2,2,0.92219913,unassigned
4237,2,2,1.0,unassigned
4238,1,1,0.96783316,unassigned
4239,1,1,0.95748246,unassigned
4240,1,1,0.9941958,unassigned
4241,2,2,0.8717569,unassigned
4242,2,1,0.51097006,unassigned
4243,1,2,0.7637419,unassigned
4244,2,2,0.7343598,unassigned
4245,1,2,0.7319225,unassigned
4246,1,1,0.89172405,unassigned
4247,1,1,0.9399085,unassigned
4248,2,2,0.9873241,unassigned
4249,1,1,0.9929397,unassigned
4250,0,2,0.9986259,unassigned
4251,2,0,0.82235175,unassigned
4252,1,1,0.93212366,unassigned
4253,1,2,0.85455924,unassigned
4254,1,1,0.7948692,unassigned
4255,2,0,0.6650748,unassigned
4256,2,2,0.9989937,unassigned
4257,2,2,0.99282914,unassigned
4258,2,2,0.79947233,unassigned
4259,1,1,0.9917326,unassigned
4260,0,0,0.86765194,unassigned
4261,1,1,0.77437466,unassigned
4262,1,1,0.9999931,unassigned
4263,2,2,0.9999831,unassigned
4264,2,2,0.99797803,unassigned
4265,0,0,0.9973694,unassigned
4266,0,0,0.998351,unassigned
4267,0,0,0.99947447,unassigned
4268,2,2,0.9999833,unassigned
4269,2,2,0.9997477,unassigned
4270,2,1,0.9100756,unassigned
4271,2,0,0.96501243,unassigned
4272,1,1,0.9261908,unassigned
4273,2,2,0.9933263,unassigned
4274,1,2,0.6883445,unassigned
4275,1,1,0.9995061,unassigned
4276,1,1,0.991385,unassigned
4277,2,2,0.9269624,unassigned
4278,1,1,0.9759378,unassigned
4279,2,2,0.8727258,unassigned
4280,1,1,0.99128777,unassigned
4281,1,1,0.9985233,unassigned
4282,0,2,0.82152915,unassigned
4283,1,1,0.9965126,unassigned
4284,0,0,0.99999964,unassigned
4285,0,0,0.9271445,unassigned
4286,2,2,0.9949452,unassigned
4287,2,1,0.99839634,unassigned
4288,1,1,0.97431993,unassigned
4289,2,2,0.6162114,unassigned
4290,1,1,0.6282985,unassigned
4291,0,0,0.99985754,unassigned
4292,1,1,0.98089427,unassigned
4293,2,2,0.8337147,unassigned
4294,1,1,0.98535514,unassigned
4295,2,0,0.8816883,unassigned
4296,0,0,0.9612138,unassigned
4297,1,1,0.9999938,unassigned
4298,1,1,0.9998134,unassigned
4299,0,0,0.96683806,unassigned
4300,1,1,0.749986,unassigned
4301,2,1,0.5933904,unassigned
4302,1,1,0.5138848,unassigned
4303,0,0,0.9997689,unassigned
4304,2,2,0.9997452,unassigned
4305,1,1,0.9992803,unassigned
4306,1,1,0.95444995,unassigned
4307,2,2,0.99989223,unassigned
4308,2,2,0.9975909,unassigned
4309,0,0,0.9999962,unassigned
4310,0,0,0.99925214,unassigned
4311,0,0,0.99882275,unassigned
4312,2,0,0.8145148,unassigned
4313,1,2,0.9960318,unassigned
4314,0,0,0.9990422,unassigned
4315,1,1,0.9685611,unassigned
4316,0,0,0.99572146,unassigned
4317,2,2,0.96950287,unassigned
4318,1,1,0.6708689,unassigned
4319,2,2,0.9992729,unassigned
4320,2,0,0.99556893,unassigned
4321,2,1,0.98733073,unassigned
4322,1,1,0.9651918,unassigned
4323,2,2,0.9999989,unassigned
4324,0,2,0.7504225,unassigned
4325,1,2,0.6251447,unassigned
4326,1,1,0.84878993,unassigned
4327,2,2,0.986068,unassigned
4328,0,0,0.986026,unassigned
4329,0,0,0.99995446,unassigned
4330,2,2,0.999811,unassigned
4331,2,2,0.9999367,unassigned
4332,1,1,0.8477108,unassigned
4333,2,2,0.9987262,unassigned
4334,1,1,0.9490596,unassigned
4335,1,1,0.9701424,unassigned
4336,2,2,0.99946827,unassigned
4337,2,2,0.9925051,unassigned
4338,1,1,0.99543804,unassigned
4339,0,0,0.9999995,unassigned
4340,1,1,0.9372608,unassigned
4341,1,1,0.9897509,unassigned
4342,1,1,0.99293244,unassigned
4343,2,2,0.9999987,unassigned
4344,2,2,0.4937812,unassigned
4345,2,0,1.0,unassigned
4346,2,2,0.81072164,unassigned
4347,1,1,0.98025674,unassigned
4348,0,0,0.9997632,unassigned
4349,1,1,0.85592073,unassigned
4350,2,0,0.99727005,unassigned
4351,2,2,0.9696778,unassigned
4352,0,0,0.95719796,unassigned
4353,2,2,0.9993505,unassigned
4354,2,2,0.9998468,unassigned
4355,0,0,0.9998487,unassigned
4356,1,2,0.83227086,unassigned
4357,1,1,0.8519519,unassigned
4358,1,1,0.90926903,unassigned
4359,1,1,0.9195278,unassigned
4360,1,1,0.9992336,unassigned
4361,0,0,0.9999367,unassigned
4362,1,1,0.99441105,unassigned
4363,1,1,0.9856858,unassigned
4364,1,1,0.992673,unassigned
4365,2,2,0.8983543,unassigned
4366,1,1,0.519224,unassigned
4367,1,2,0.99699354,unassigned
4368,1,1,0.9832855,unassigned
4369,0,0,0.9965134,unassigned
4370,1,2,0.6523232,unassigned
4371,1,1,0.986426,unassigned
4372,0,0,0.99948335,unassigned
4373,1,0,0.9968086,unassigned
4374,2,1,0.54288715,unassigned
4375,1,1,0.997715,unassigned
4376,1,0,0.5577782,unassigned
4377,2,2,0.9986119,unassigned
4378,0,0,0.9986708,unassigned
4379,2,2,0.9792474,unassigned
4380,1,1,0.6774471,unassigned
4381,2,2,0.9213007,unassigned
4382,2,2,0.9966587,unassigned
4383,2,1,0.8796839,unassigned
4384,0,0,0.9981148,unassigned
4385,2,1,0.6619636,unassigned
4386,2,1,0.7815026,unassigned
4387,1,1,0.9255449,unassigned
4388,2,2,0.9998672,unassigned
4389,0,0,0.9953016,unassigned
4390,0,2,0.47877482,unassigned
4391,2,1,0.7376125,unassigned
4392,1,1,0.9878076,unassigned
4393,2,2,0.9997843,unassigned
4394,1,1,0.9522678,unassigned
4395,0,0,0.99999225,unassigned
4396,0,0,0.99990344,unassigned
4397,2,2,0.9999975,unassigned
4398,0,0,0.9861282,unassigned
4399,0,0,0.79335123,unassigned
4400,2,2,0.9998611,unassigned
4401,1,1,0.9901182,unassigned
4402,1,1,0.9970119,unassigned
4403,1,0,0.47787064,unassigned
4404,0,0,0.99993,unassigned
4405,2,2,0.99991167,unassigned
4406,1,1,0.827107,unassigned
4407,1,2,0.98759705,unassigned
4408,0,2,0.9735738,unassigned
4409,1,1,0.7500564,unassigned
4410,2,2,0.99996924,unassigned
4411,1,1,0.9999994,unassigned
4412,2,2,0.9992908,unassigned
4413,2,2,0.99883014,unassigned
4414,2,2,0.9931116,unassigned
4415,1,2,0.9747355,unassigned
4416,1,1,0.9914056,unassigned
4417,2,0,0.98624486,unassigned
4418,1,1,0.9644398,unassigned
4419,1,1,0.50499874,unassigned
4420,1,1,0.8666425,unassigned
4421,1,1,0.99980325,unassigned
4422,1,0,0.95401984,unassigned
4423,2,2,0.9997956,unassigned
4424,1,1,0.93490195,unassigned
4425,2,1,0.9992169,unassigned
4426,2,2,0.9848343,unassigned
4427,1,1,0.7606227,unassigned
4428,1,1,0.9892736,unassigned
4429,2,2,0.9997937,unassigned
4430,1,2,0.7365446,unassigned
4431,0,0,0.99981326,unassigned
4432,1,2,0.54528964,unassigned
4433,1,1,0.9954437,unassigned
4434,2,1,0.79856724,unassigned
4435,1,1,0.9534949,unassigned
4436,1,1,0.97106206,unassigned
4437,2,0,0.92301106,unassigned
4438,2,2,0.9872821,unassigned
4439,0,0,0.9992021,unassigned
4440,2,2,1.0,unassigned
4441,2,2,0.6801859,unassigned
4442,0,0,1.0,unassigned
4443,1,2,0.8620738,unassigned
4444,2,2,0.99802786,unassigned
4445,2,2,0.6113017,unassigned
4446,1,1,0.9939501,unassigned
4447,2,1,0.9071506,unassigned
4448,2,2,0.9977617,unassigned
4449,1,1,0.9380752,unassigned
4450,2,2,0.9999988,unassigned
4451,1,1,0.98547727,unassigned
4452,2,2,0.9956269,unassigned
4453,1,1,0.9639932,unassigned
4454,2,2,0.9507651,unassigned
4455,2,2,1.0,unassigned
4456,0,2,0.78520864,unassigned
4457,1,1,0.8723642,unassigned
4458,1,1,0.9575161,unassigned
4459,1,1,0.53317314,unassigned
4460,0,0,0.9791564,unassigned
4461,2,2,0.8398617,unassigned
4462,1,1,0.994304,unassigned
4463,0,0,0.7146435,unassigned
4464,2,2,0.99989665,unassigned
4465,0,0,0.9944148,unassigned
4466,1,2,0.881957,unassigned
4467,1,1,0.61194843,unassigned
4468,2,2,0.99922585,unassigned
4469,2,2,0.9759354,unassigned
4470,1,2,0.5042247,unassigned
4471,0,0,0.9977755,unassigned
4472,0,0,0.98806775,unassigned
4473,2,2,0.99127346,unassigned
4474,1,2,0.9834682,unassigned
4475,2,2,0.99855715,unassigned
4476,0,0,1.0,unassigned
4477,2,2,0.8896601,unassigned
4478,1,1,0.74561536,unassigned
4479,1,1,0.8843979,unassigned
4480,0,0,0.4408111,unassigned
4481,2,2,0.6621418,unassigned
4482,2,1,0.55001247,unassigned
4483,1,1,0.9423373,unassigned
4484,2,0,0.5319317,unassigned
4485,2,0,0.9726802,unassigned
4486,2,2,0.9989178,unassigned
4487,2,2,0.98613936,unassigned
4488,1,1,0.8615078,unassigned
4489,0,0,0.9999864,unassigned
4490,2,2,0.96423686,unassigned
4491,0,0,0.9959967,unassigned
4492,1,1,0.94837517,unassigned
4493,2,2,0.9999963,unassigned
4494,2,2,0.5296645,unassigned
4495,0,0,0.88603604,unassigned
4496,2,0,0.9885408,unassigned
4497,0,0,0.99991107,unassigned
4498,2,2,0.9994843,unassigned
4499,1,2,0.83345824,unassigned
4500,1,1,0.9897545,unassigned
4501,0,0,0.9964684,unassigned
4502,2,0,0.9695742,unassigned
4503,1,1,0.862098,unassigned
4504,1,1,0.71302235,unassigned
4505,1,2,0.9966444,unassigned
4506,1,1,0.58788127,unassigned
4507,1,1,0.95099497,unassigned
4508,1,1,0.64256185,unassigned
4509,2,1,0.98474574,unassigned
4510,2,2,0.99233025,unassigned
4511,0,0,0.99999356,unassigned
4512,1,1,0.8596667,unassigned
4513,2,2,0.9999976,unassigned
4514,1,0,0.9722134,unassigned
4515,2,2,0.999838,unassigned
4516,1,2,0.996366,unassigned
4517,2,2,0.74238145,unassigned
4518,2,1,0.5892741,unassigned
4519,0,0,0.99963176,unassigned
4520,1,0,0.71196586,unassigned
4521,2,2,0.9873131,unassigned
4522,2,2,0.73891634,unassigned
4523,2,2,0.99999964,unassigned
4524,0,0,0.99998677,unassigned
4525,0,0,0.9992387,unassigned
4526,2,2,0.99177843,unassigned
4527,2,2,0.9999976,unassigned
4528,1,2,0.8378174,unassigned
4529,0,0,0.9999988,unassigned
4530,0,0,0.9552345,unassigned
4531,2,2,0.9993585,unassigned
4532,1,2,0.8602732,unassigned
4533,2,2,0.8584572,unassigned
4534,2,1,0.7345985,unassigned
4535,0,0,0.9990305,unassigned
4536,1,0,0.91817373,unassigned
4537,2,2,0.99766374,unassigned
4538,2,0,0.970445,unassigned
4539,2,2,0.99604625,unassigned
4540,2,0,0.9436202,unassigned
4541,2,2,0.5913717,unassigned
4542,2,2,0.9851539,unassigned
4543,2,2,0.8394797,unassigned
4544,2,2,1.0,unassigned
4545,1,1,0.99036366,unassigned
4546,2,2,1.0,unassigned
4547,2,1,0.52646405,unassigned
4548,2,1,0.9571986,unassigned
4549,0,2,0.8439693,unassigned
4550,2,2,0.9975955,unassigned
4551,2,2,0.95427924,unassigned
4552,0,0,0.99999154,unassigned
4553,1,1,0.99806494,unassigned
4554,0,2,0.5749593,unassigned
4555,0,0,0.9999627,unassigned
4556,1,1,0.7263825,unassigned
4557,0,0,0.9999844,unassigned
4558,1,2,0.78178793,unassigned
4559,1,1,0.7503364,unassigned
4560,1,1,0.60335064,unassigned
4561,1,1,0.99744797,unassigned
4562,1,1,0.82629955,unassigned
4563,2,2,0.9359482,unassigned
4564,1,2,0.9942835,unassigned
4565,0,0,0.99289304,unassigned
4566,1,1,0.546229,unassigned
4567,2,2,0.9986203,unassigned
4568,2,2,0.94167316,unassigned
4569,1,1,0.6867456,unassigned
4570,2,2,0.9996063,unassigned
4571,2,2,0.9821369,unassigned
4572,1,1,0.9235087,unassigned
4573,2,1,0.98035985,unassigned
4574,1,1,0.9975055,unassigned
4575,2,2,0.999948,unassigned
4576,0,0,0.99999976,unassigned
4577,1,1,0.8483407,unassigned
4578,1,1,0.8844753,unassigned
4579,0,0,0.75653803,unassigned
4580,2,1,0.46853256,unassigned
4581,2,2,0.9990226,unassigned
4582,1,1,0.8593565,unassigned
4583,0,0,0.99944514,unassigned
4584,2,1,0.95644695,unassigned
4585,0,0,0.98321354,unassigned
4586,0,1,0.53497726,unassigned
4587,1,1,0.7250619,unassigned
4588,0,0,0.99772125,unassigned
4589,1,1,0.8692785,unassigned
4590,1,1,0.93810123,unassigned
4591,1,1,0.9321958,unassigned
4592,1,0,0.7628539,unassigned
4593,0,0,0.99983025,unassigned
4594,2,2,0.99652344,unassigned
4595,0,0,0.9999471,unassigned
4596,2,2,0.99904364,unassigned
4597,0,0,0.99646205,unassigned
4598,2,2,0.9992176,unassigned
4599,2,2,0.9999008,unassigned
4600,1,1,0.8495864,unassigned
4601,1,1,0.7397455,unassigned
4602,1,1,0.9662408,unassigned
4603,2,2,0.99628437,unassigned
4604,1,1,0.60754156,unassigned
4605,1,1,0.9856858,unassigned
4606,0,0,0.977999,unassigned
4607,1,1,0.5131543,unassigned
4608,2,0,0.9593054,unassigned
4609,1,1,0.9873745,unassigned
4610,1,2,0.9044681,unassigned
4611,2,1,0.7015439,unassigned
4612,1,1,0.9356749,unassigned
4613,1,1,0.94273597,unassigned
4614,0,0,0.9923707,unassigned
4615,2,2,0.99845517,unassigned
4616,2,0,0.9881715,unassigned
4617,1,1,0.98852634,unassigned
4618,0,0,0.9918098,unassigned
4619,0,0,0.98831034,unassigned
4620,2,2,1.0,unassigned
4621,1,1,0.8826471,unassigned
4622,0,0,0.9999988,unassigned
4623,1,1,0.7134795,unassigned
4624,0,0,0.9997863,unassigned
4625,1,1,0.99918574,unassigned
4626,2,2,0.9942954,unassigned
4627,1,1,0.675483,unassigned
4628,2,0,0.51943636,unassigned
4629,2,1,0.87944746,unassigned
4630,1,2,0.70878816,unassigned
4631,1,2,0.89891577,unassigned
4632,1,2,0.9895058,unassigned
4633,1,1,0.80722004,unassigned
4634,2,1,0.98165095,unassigned
4635,1,1,0.9995073,unassigned
4636,2,1,0.8056012,unassigned
4637,2,2,0.54673344,unassigned
4638,2,2,1.0,unassigned
4639,0,0,0.9955409,unassigned
4640,2,2,0.99160004,unassigned
4641,2,0,0.90126675,unassigned
4642,2,2,0.94310164,unassigned
4643,0,0,0.5542263,unassigned
4644,1,1,0.999033,unassigned
4645,1,1,0.90242654,unassigned
4646,2,2,0.9005558,unassigned
4647,2,2,0.99997747,unassigned
4648,0,2,0.7532505,unassigned
4649,2,1,0.9384573,unassigned
4650,0,2,0.998254,unassigned
4651,0,0,0.99981886,unassigned
4652,2,2,0.99741757,unassigned
4653,2,2,0.5499542,unassigned
4654,1,1,0.99993885,unassigned
4655,0,0,0.6154852,unassigned
4656,1,1,0.77299166,unassigned
4657,0,0,0.99576205,unassigned
4658,2,2,0.95307046,unassigned
4659,0,0,0.90500635,unassigned
4660,2,2,0.9850854,unassigned
4661,0,0,0.9417737,unassigned
4662,0,0,0.99833065,unassigned
4663,0,0,0.99988496,unassigned
4664,2,2,0.5222737,unassigned
4665,1,1,0.76360106,unassigned
4666,1,1,0.75992876,unassigned
4667,2,0,0.5059778,unassigned
4668,2,2,0.9999442,unassigned
4669,2,2,0.9479438,unassigned
4670,2,0,0.8328225,unassigned
4671,2,2,0.9853212,unassigned
4672,2,2,0.9998599,unassigned
4673,0,0,0.99935585,unassigned
4674,1,0,0.9568864,unassigned
4675,2,2,0.9894028,unassigned
4676,1,1,0.9894146,unassigned
4677,2,2,0.99957865,unassigned
4678,2,2,1.0,unassigned
4679,1,1,0.9839336,unassigned
4680,1,1,0.8166759,unassigned
4681,1,0,0.6733773,unassigned
4682,2,0,0.94856006,unassigned
4683,2,2,0.99956304,unassigned
4684,2,2,0.99831545,unassigned
4685,1,0,0.98799187,unassigned
4686,2,2,0.9999608,unassigned
4687,2,2,0.9999994,unassigned
4688,1,1,0.99320716,unassigned
4689,1,1,0.8254418,unassigned
4690,1,1,0.67573977,unassigned
4691,2,2,0.52415466,unassigned
4692,1,1,0.9570614,unassigned
4693,2,0,0.5096735,unassigned
4694,1,1,0.8756121,unassigned
4695,2,2,0.99019885,unassigned
4696,1,1,0.9444999,unassigned
4697,1,1,0.5379508,unassigned
4698,0,1,0.97659165,unassigned
4699,0,1,0.9849172,unassigned
4700,0,0,0.9930346,unassigned
4701,1,1,0.99162054,unassigned
4702,2,2,0.99433535,unassigned
4703,0,2,0.62218624,unassigned
4704,2,2,0.99888223,unassigned
4705,0,2,0.59163636,unassigned
4706,0,0,0.99999464,unassigned
4707,2,1,0.86300844,unassigned
4708,1,1,0.9711096,unassigned
4709,1,1,0.9910097,unassigned
4710,2,2,0.75983864,unassigned
4711,2,2,0.999871,unassigned
4712,1,1,0.99793327,unassigned
4713,1,2,0.72555727,unassigned
4714,1,1,0.9711935,unassigned
4715,2,2,0.99977976,unassigned
4716,2,0,0.9968899,unassigned
4717,1,1,0.9994562,unassigned
4718,1,0,0.9259209,unassigned
4719,1,1,0.7481475,unassigned
4720,0,0,0.6720407,unassigned
4721,1,1,0.9450138,unassigned
4722,1,2,0.6153866,unassigned
4723,0,0,0.999871,unassigned
4724,1,1,0.8427637,unassigned
4725,1,1,0.81655943,unassigned
4726,0,0,0.99940896,unassigned
4727,0,0,0.99727565,unassigned
4728,2,1,0.8167171,unassigned
4729,0,0,0.9999857,unassigned
4730,1,2,0.5541632,unassigned
4731,2,2,0.91678375,unassigned
4732,1,1,0.9589396,unassigned
4733,0,0,0.9831404,unassigned
4734,0,0,0.99669015,unassigned
4735,1,1,0.61973476,unassigned
4736,2,2,0.99982387,unassigned
4737,0,0,0.9996635,unassigned
4738,1,1,0.60871714,unassigned
4739,1,1,0.8495064,unassigned
4740,2,2,0.9994276,unassigned
4741,2,2,0.96734047,unassigned
4742,2,2,0.9227536,unassigned
4743,2,2,0.99999964,unassigned
4744,2,2,0.9999628,unassigned
4745,2,2,0.9979697,unassigned
4746,2,2,0.9997671,unassigned
4747,1,1,0.8875269,unassigned
4748,1,0,0.97321236,unassigned
4749,0,0,0.99961483,unassigned
4750,2,1,0.82515305,unassigned
4751,0,2,0.9342842,unassigned
4752,2,1,0.5698344,unassigned
4753,2,1,0.9323277,unassigned
4754,0,0,0.99966025,unassigned
4755,0,0,0.8352447,unassigned
4756,0,0,0.9677348,unassigned
4757,0,0,0.95475554,unassigned
4758,2,1,0.50956875,unassigned
4759,2,2,0.99974793,unassigned
4760,1,2,0.9958091,unassigned
4761,1,2,0.9520984,unassigned
4762,2,0,0.9997285,unassigned
4763,2,2,0.95899606,unassigned
4764,0,0,0.99999964,unassigned
4765,1,1,0.99882096,unassigned
4766,2,2,0.96808916,unassigned
4767,2,0,0.6105902,unassigned
4768,2,2,0.90008533,unassigned
4769,0,1,0.5371663,unassigned
4770,2,2,0.99904007,unassigned
4771,1,1,0.836846,unassigned
4772,1,1,0.96755034,unassigned
4773,1,1,0.82400554,unassigned
4774,2,2,0.9989606,unassigned
4775,1,1,0.87126553,unassigned
4776,1,0,0.5929556,unassigned
4777,0,0,0.76576406,unassigned
4778,0,1,0.5154842,unassigned
4779,1,1,0.9798579,unassigned
4780,2,2,0.9997272,unassigned
4781,2,2,0.99988437,unassigned
4782,0,0,1.0,unassigned
4783,2,1,0.51004386,unassigned
4784,1,1,0.50055766,unassigned
4785,0,0,0.99990296,unassigned
4786,0,0,0.9947547,unassigned
4787,0,0,0.9999993,unassigned
4788,1,1,0.9958482,unassigned
4789,2,2,0.89124817,unassigned
4790,1,1,0.9824247,unassigned
4791,1,1,0.8943797,unassigned
4792,1,0,0.49505594,unassigned
4793,1,1,0.505329,unassigned
4794,0,0,0.9999862,unassigned
4795,2,0,0.77314526,unassigned
4796,1,1,0.53814876,unassigned
4797,2,2,0.88110965,unassigned
4798,0,2,0.96181977,unassigned
4799,2,2,0.9999999,unassigned
4800,2,2,0.97112715,unassigned
4801,2,1,0.6773023,unassigned
4802,0,1,0.56977254,unassigned
4803,2,1,0.7776283,unassigned
4804,1,0,0.54465866,unassigned
4805,1,1,0.99439263,unassigned
4806,1,1,0.7171177,unassigned
4807,1,1,0.8474043,unassigned
4808,2,2,0.9946285,unassigned
4809,0,0,0.93183255,unassigned
4810,2,0,0.6821546,unassigned
4811,1,1,0.91209906,unassigned
4812,1,1,0.9815475,unassigned
4813,0,0,0.99999285,unassigned
4814,1,1,0.9169354,unassigned
4815,1,1,0.99863225,unassigned
4816,2,1,0.9904288,unassigned
4817,2,2,0.9921063,unassigned
4818,0,0,0.9939214,unassigned
4819,0,0,0.99997854,unassigned
4820,0,0,0.99981254,unassigned
4821,1,2,0.5618163,unassigned
4822,2,0,0.733486,unassigned
4823,2,2,0.99985194,unassigned
4824,2,1,0.96721226,unassigned
4825,1,1,0.8272103,unassigned
4826,1,1,0.9726556,unassigned
4827,1,1,0.6609551,unassigned
4828,1,1,0.9842569,unassigned
4829,1,1,0.9974298,unassigned
4830,1,1,0.8401676,unassigned
4831,0,0,0.99102485,unassigned
4832,2,2,0.63964534,unassigned
4833,1,1,0.72212434,unassigned
4834,2,1,0.7018908,unassigned
4835,2,2,0.9988617,unassigned
4836,1,2,0.6086705,unassigned
4837,1,2,0.9925494,unassigned
4838,2,1,0.94261914,unassigned
4839,2,2,0.9742328,unassigned
4840,0,0,0.99988925,unassigned
4841,0,0,0.5085682,unassigned
4842,2,2,0.94892615,unassigned
4843,1,1,0.9471656,unassigned
4844,0,1,0.46565178,unassigned
4845,1,1,0.99969923,unassigned
4846,1,2,0.99761885,unassigned
4847,1,1,0.93913656,unassigned
4848,0,0,0.9803288,unassigned
4849,1,1,0.9999379,unassigned
4850,2,2,0.6493269,unassigned
4851,0,0,0.8637362,unassigned
4852,2,1,0.69602525,unassigned
4853,1,1,0.8653797,unassigned
4854,2,2,0.999894,unassigned
4855,2,1,0.7969335,unassigned
4856,2,2,0.9472125,unassigned
4857,2,2,0.99998736,unassigned
4858,1,1,0.93068457,unassigned
4859,1,1,0.77339566,unassigned
4860,2,1,0.99994814,unassigned
4861,0,0,0.8929505,unassigned
4862,1,1,0.9638355,unassigned
4863,1,0,0.7477766,unassigned
4864,0,0,0.9999945,unassigned
4865,1,1,0.7433028,unassigned
4866,2,2,0.9999739,unassigned
4867,2,0,0.68792415,unassigned
4868,1,1,0.6350788,unassigned
4869,0,0,0.9991116,unassigned
4870,2,2,0.99254864,unassigned
4871,0,0,0.946862,unassigned
4872,2,2,0.99985266,unassigned
4873,2,2,0.98523456,unassigned
4874,2,2,0.99996567,unassigned
4875,1,1,0.7171935,unassigned
4876,0,2,0.85816514,unassigned
4877,2,2,0.9985368,unassigned
4878,1,2,0.69310915,unassigned
4879,1,1,0.9159009,unassigned
4880,2,2,0.99680835,unassigned
4881,1,0,0.9756565,unassigned
4882,1,2,0.5964719,unassigned
4883,0,0,0.99999607,unassigned
4884,2,2,0.99859434,unassigned
4885,0,0,0.9983882,unassigned
4886,2,2,0.5464552,unassigned
4887,2,2,0.9920474,unassigned
4888,1,1,0.999503,unassigned
4889,0,0,0.7954556,unassigned
4890,1,1,0.9956825,unassigned
4891,2,2,0.65201545,unassigned
4892,2,2,0.99967146,unassigned
4893,1,1,0.99681705,unassigned
4894,2,2,0.9600663,unassigned
4895,1,1,0.9999788,unassigned
4896,0,0,0.9433395,unassigned
4897,1,1,0.7230878,unassigned
4898,1,2,0.9445555,unassigned
4899,1,1,0.99424076,unassigned
4900,1,1,0.9998636,unassigned
4901,2,2,0.9992638,unassigned
4902,1,1,0.96793973,unassigned
4903,1,1,0.7043872,unassigned
4904,1,0,0.8126166,unassigned
4905,1,1,0.99455076,unassigned
4906,0,0,0.9959698,unassigned
4907,2,2,0.99616015,unassigned
4908,2,2,0.9625667,unassigned
4909,2,2,0.9999125,unassigned
4910,1,1,0.9375808,unassigned
4911,1,1,0.9222663,unassigned
4912,1,1,0.89606935,unassigned
4913,2,1,0.9916602,unassigned
4914,1,1,0.98822,unassigned
4915,0,0,0.9999987,unassigned
4916,1,2,0.6036554,unassigned
4917,1,1,0.9987305,unassigned
4918,2,2,0.6422535,unassigned
4919,1,1,0.9735745,unassigned
4920,2,1,0.93080145,unassigned
4921,2,2,0.9967751,unassigned
4922,2,1,0.54217035,unassigned
4923,0,0,0.99999654,unassigned
4924,0,0,0.9999989,unassigned
4925,1,1,0.9726255,unassigned
4926,2,2,0.9969061,unassigned
4927,2,2,0.9241634,unassigned
4928,2,2,0.9976864,unassigned
4929,0,0,0.9999988,unassigned
4930,1,1,0.94314903,unassigned
4931,1,1,0.90671027,unassigned
4932,1,1,0.99678963,unassigned
4933,2,2,0.9811771,unassigned
4934,2,0,0.99793637,unassigned
4935,1,0,0.68767315,unassigned
4936,1,1,0.9096111,unassigned
4937,1,1,0.8012452,unassigned
4938,0,0,1.0,unassigned
4939,0,1,0.8631503,unassigned
4940,2,2,0.9501736,unassigned
4941,2,2,0.50062525,unassigned
4942,1,1,0.9812682,unassigned
4943,2,2,0.8433075,unassigned
4944,0,0,0.9997025,unassigned
4945,2,2,0.99770325,unassigned
4946,1,1,0.9318416,unassigned
4947,2,2,0.7921885,unassigned
4948,2,2,0.9994691,unassigned
4949,2,2,0.9975297,unassigned
4950,1,1,0.99485034,unassigned
4951,1,2,0.5096115,unassigned
4952,2,0,0.8847894,unassigned
4953,1,2,0.59234196,unassigned
4954,1,1,0.45790198,unassigned
4955,2,2,0.9855892,unassigned
4956,2,2,0.6427399,unassigned
4957,1,0,0.80735314,unassigned
4958,2,2,0.9566986,unassigned
4959,1,1,0.7805346,unassigned
4960,1,1,0.9266336,unassigned
4961,2,1,0.83655214,unassigned
4962,2,2,0.9998204,unassigned
4963,1,1,0.99986255,unassigned
4964,2,1,0.5347885,unassigned
4965,0,0,0.9755558,unassigned
4966,1,0,0.5175353,unassigned
4967,1,2,0.99975294,unassigned
4968,0,0,0.9975955,unassigned
4969,1,2,0.99969447,unassigned
4970,1,1,0.52897084,unassigned
4971,1,0,0.7097483,unassigned
4972,2,1,0.98456603,unassigned
4973,1,0,0.75144786,unassigned
4974,0,0,1.0,unassigned
4975,2,2,0.9999987,unassigned
4976,1,1,0.9976412,unassigned
4977,1,1,0.9276143,unassigned
4978,1,1,0.94047105,unassigned
4979,1,1,0.97828406,unassigned
4980,1,1,0.82647705,unassigned
4981,2,2,0.99806625,unassigned
4982,2,2,0.9453754,unassigned
4983,1,1,0.999474,unassigned
4984,1,2,0.79271877,unassigned
4985,2,1,0.8957483,unassigned
4986,0,0,0.9728284,unassigned
4987,2,2,0.50350505,unassigned
4988,1,1,0.998611,unassigned
4989,1,1,0.9999242,unassigned
4990,2,2,0.99986553,unassigned
4991,0,0,0.9998934,unassigned
4992,2,2,0.9682283,unassigned
4993,1,2,0.5939163,unassigned
4994,0,0,0.9979557,unassigned
4995,2,2,0.999793,unassigned
4996,1,0,0.6059082,unassigned
4997,1,1,0.95190907,unassigned
4998,1,2,0.8739012,unassigned
4999,2,2,0.99998426,unassigned
5000,2,0,0.99967074,unassigned
5001,2,2,0.99793917,unassigned
5002,2,2,0.91444916,unassigned
5003,2,2,0.9561479,unassigned
5004,2,2,0.9949275,unassigned
5005,2,2,0.9457409,unassigned
5006,1,1,0.95136267,unassigned
5007,1,2,0.81916445,unassigned
5008,1,1,0.99595463,unassigned
5009,0,0,0.9999622,unassigned
5010,0,0,0.9989761,unassigned
5011,0,0,0.99941826,unassigned
5012,1,1,0.9477945,unassigned
5013,1,1,0.9051628,unassigned
5014,0,0,0.9999969,unassigned
5015,1,1,0.9997998,unassigned
5016,1,1,0.9865079,unassigned
5017,2,0,0.6452975,unassigned
5018,1,1,0.9414524,unassigned
5019,2,2,0.9987595,unassigned
5020,2,2,0.8059688,unassigned
5021,1,1,0.50816524,unassigned
5022,2,2,0.9752203,unassigned
5023,2,0,0.9995371,unassigned
5024,1,2,0.6129176,unassigned
5025,2,2,0.99852496,unassigned
5026,0,0,0.9999999,unassigned
5027,1,2,0.627785,unassigned
5028,1,1,0.8919726,unassigned
5029,1,1,0.9915319,unassigned
5030,1,1,0.7790295,unassigned
5031,1,1,0.9694825,unassigned
5032,0,0,0.9999994,unassigned
5033,2,2,0.9832866,unassigned
5034,1,0,0.9871709,unassigned
5035,0,0,0.99550736,unassigned
5036,1,1,0.70888436,unassigned
5037,1,2,0.96783686,unassigned
5038,2,2,0.61229134,unassigned
5039,1,1,0.84726286,unassigned
5040,1,2,0.9920873,unassigned
5041,2,2,0.9903335,unassigned
5042,2,2,0.641485,unassigned
5043,1,2,0.8404781,unassigned
5044,0,2,0.94828296,unassigned
5045,2,2,0.56564677,unassigned
5046,1,2,0.50132316,unassigned
5047,2,1,0.9902292,unassigned
5048,2,1,0.9899977,unassigned
5049,1,2,0.76052904,unassigned
5050,0,0,0.9951887,unassigned
5051,1,1,0.9618521,unassigned
5052,0,1,0.66778517,unassigned
5053,2,2,0.9964238,unassigned
5054,1,1,0.97602147,unassigned
5055,2,2,0.93510824,unassigned
5056,1,1,0.49997342,unassigned
5057,2,2,0.995167,unassigned
5058,0,0,0.9998913,unassigned
5059,1,1,0.7142308,unassigned
5060,2,2,0.9982139,unassigned
5061,2,2,0.99981326,unassigned
5062,1,1,0.9442469,unassigned
5063,2,2,0.9999945,unassigned
5064,0,0,0.999288,unassigned
5065,2,2,0.9995152,unassigned
5066,0,2,0.63770354,unassigned
5067,1,1,0.54567343,unassigned
5068,1,1,0.55947596,unassigned
5069,2,2,0.9997161,unassigned
5070,2,2,0.9943644,unassigned
5071,2,2,0.9997894,unassigned
5072,1,1,0.9594154,unassigned
5073,1,1,0.9520348,unassigned
5074,0,1,0.5969325,unassigned
5075,2,2,0.9999938,unassigned
5076,2,2,0.99993825,unassigned
5077,1,1,0.9728363,unassigned
5078,1,0,0.95666677,unassigned
5079,2,1,0.996716,unassigned
5080,1,0,0.9480999,unassigned
5081,1,2,0.99999106,unassigned
5082,0,1,0.9623642,unassigned
5083,1,1,0.9964567,unassigned
5084,0,0,0.9988285,unassigned
5085,2,2,0.9344101,unassigned
5086,2,2,0.9997187,unassigned
5087,0,0,0.93482757,unassigned
5088,2,2,0.9875509,unassigned
5089,1,1,0.9997743,unassigned
5090,2,2,0.9992113,unassigned
5091,0,2,0.836575,unassigned
5092,0,0,0.99717796,unassigned
5093,2,2,0.5827729,unassigned
5094,1,1,0.9243469,unassigned
5095,1,2,0.78881246,unassigned
5096,1,1,0.99872166,unassigned
5097,1,1,0.67670286,unassigned
5098,1,1,0.6283236,unassigned
5099,2,2,0.999877,unassigned
5100,2,2,0.9880547,unassigned
5101,2,2,0.9997334,unassigned
5102,2,2,0.9999894,unassigned
5103,2,2,0.9996158,unassigned
5104,1,1,0.98111904,unassigned
5105,2,0,0.4245598,unassigned
5106,2,2,0.99999976,unassigned
5107,1,1,0.95904845,unassigned
5108,2,2,0.99994814,unassigned
5109,1,1,0.9470763,unassigned
5110,1,1,0.9942737,unassigned
5111,2,1,0.47828233,unassigned
5112,1,1,0.6293302,unassigned
5113,2,2,0.9999757,unassigned
5114,1,1,0.9927194,unassigned
5115,2,2,0.7564114,unassigned
5116,0,0,0.6001822,unassigned
5117,0,0,0.8838915,unassigned
5118,2,2,0.9999881,unassigned
5119,0,0,0.9472226,unassigned
5120,0,0,0.9994079,unassigned
5121,1,1,0.9979253,unassigned
5122,2,2,0.9997303,unassigned
5123,1,1,0.91031903,unassigned
5124,0,2,0.9638656,unassigned
5125,2,2,0.98861724,unassigned
5126,2,2,0.99595106,unassigned
5127,2,2,0.9994041,unassigned
5128,2,2,0.9888489,unassigned
5129,2,2,0.9990689,unassigned
5130,2,2,0.99972457,unassigned
5131,2,2,0.70436233,unassigned
5132,1,1,0.92410314,unassigned
5133,1,2,0.93886745,unassigned
5134,0,1,0.898146,unassigned
5135,2,2,0.999087,unassigned
5136,1,1,0.98676306,unassigned
5137,1,1,0.9998605,unassigned
5138,1,2,0.52992535,unassigned
5139,2,2,0.89726204,unassigned
5140,1,1,0.5416949,unassigned
5141,2,2,0.98927283,unassigned
5142,2,2,0.9985483,unassigned
5143,1,1,0.9912983,unassigned
5144,2,2,0.9038927,unassigned
5145,1,1,0.9964694,unassigned
5146,0,0,0.97435457,unassigned
5147,2,2,0.99421,unassigned
5148,1,1,0.8536162,unassigned
5149,2,1,0.89343476,unassigned
5150,0,2,0.8886906,unassigned
5151,2,2,0.9999335,unassigned
5152,0,0,0.99875534,unassigned
5153,2,2,0.99981683,unassigned
5154,1,1,0.9354398,unassigned
5155,1,1,0.9717935,unassigned
5156,2,2,0.9747113,unassigned
5157,1,0,0.5851123,unassigned
5158,1,1,0.5267447,unassigned
5159,1,2,0.6646018,unassigned
5160,2,2,0.999629,unassigned
5161,2,2,0.9998166,unassigned
5162,2,0,0.71413153,unassigned
5163,0,0,0.8395089,unassigned
5164,2,1,0.69565195,unassigned
5165,1,0,0.9968051,unassigned
5166,0,0,0.9992736,unassigned
5167,1,0,0.9823011,unassigned
5168,1,1,0.8451465,unassigned
5169,1,1,0.9994154,unassigned
5170,2,0,0.935428,unassigned
5171,1,1,0.9478083,unassigned
5172,1,2,0.9747868,unassigned
5173,2,1,0.8217761,unassigned
5174,1,1,0.9922214,unassigned
5175,1,1,0.8642385,unassigned
5176,0,0,0.88052976,unassigned
5177,1,1,0.9913469,unassigned
5178,2,2,0.9710387,unassigned
5179,2,2,0.5130119,unassigned
5180,1,0,0.6643899,unassigned
5181,2,2,0.94945097,unassigned
5182,2,2,0.999616,unassigned
5183,1,1,0.9647462,unassigned
5184,1,1,0.9773201,unassigned
5185,2,2,0.9999014,unassigned
5186,0,0,0.99947745,unassigned
5187,1,1,0.98524135,unassigned
5188,0,0,0.98410136,unassigned
5189,1,1,0.9200405,unassigned
5190,0,0,0.99818975,unassigned
5191,2,2,0.9892195,unassigned
5192,1,1,0.6017922,unassigned
5193,0,0,0.91744703,unassigned
5194,2,2,0.99134445,unassigned
5195,2,2,0.999281,unassigned
5196,0,0,0.8909784,unassigned
5197,2,1,0.5272171,unassigned
5198,1,1,0.9731459,unassigned
5199,1,1,0.9614004,unassigned
5200,0,0,0.99696463,unassigned
5201,2,2,0.95928216,unassigned
5202,2,1,0.9854279,unassigned
5203,2,2,0.9996867,unassigned
5204,1,1,0.9059259,unassigned
5205,2,2,0.9999645,unassigned
5206,1,2,0.98646647,unassigned
5207,0,2,0.9999428,unassigned
5208,2,2,0.995226,unassigned
5209,2,2,0.99996746,unassigned
5210,0,1,0.99428856,unassigned
5211,0,0,0.9999572,unassigned
5212,0,0,0.8441512,unassigned
5213,0,0,0.93389165,unassigned
5214,0,0,0.9997286,unassigned
5215,2,2,0.99616665,unassigned
5216,0,0,0.99984074,unassigned
5217,1,1,0.9886441,unassigned
5218,1,1,0.8258759,unassigned
5219,0,0,0.9998982,unassigned
5220,1,1,0.9793473,unassigned
5221,1,1,0.99951684,unassigned
5222,1,1,0.97257394,unassigned
5223,2,2,0.9937551,unassigned
5224,2,2,1.0,unassigned
5225,1,1,0.9650661,unassigned
5226,2,2,0.99417216,unassigned
5227,1,1,0.7348413,unassigned
5228,2,2,0.8336498,unassigned
5229,2,2,0.9881032,unassigned
5230,1,1,0.9701558,unassigned
5231,1,1,0.99950886,unassigned
5232,2,1,0.9499761,unassigned
5233,0,0,0.99996996,unassigned
5234,2,2,0.9999864,unassigned
5235,2,0,0.5797111,unassigned
5236,2,1,0.61210126,unassigned
5237,2,1,0.97439575,unassigned
5238,1,1,0.5047252,unassigned
5239,1,1,0.94223046,unassigned
5240,2,2,0.9721191,unassigned
5241,0,0,0.9998896,unassigned
5242,0,0,0.9999052,unassigned
5243,1,1,0.9989398,unassigned
5244,2,1,0.6693743,unassigned
5245,2,2,0.45744455,unassigned
5246,2,2,0.9924971,unassigned
5247,0,0,0.99672264,unassigned
5248,2,2,0.9408361,unassigned
5249,1,1,0.99310243,unassigned
5250,0,0,0.9977137,unassigned
5251,1,2,0.8885302,unassigned
5252,0,0,0.99905235,unassigned
5253,1,1,0.764227,unassigned
5254,2,2,0.98710585,unassigned
5255,1,1,0.9475052,unassigned
5256,2,2,0.9997979,unassigned
5257,2,2,0.99990964,unassigned
5258,1,1,0.996525,unassigned
5259,1,1,0.9483558,unassigned
5260,2,1,0.9722901,unassigned
5261,1,1,0.7541938,unassigned
5262,2,2,0.9990212,unassigned
5263,2,2,0.7832177,unassigned
5264,2,2,0.9978478,unassigned
5265,2,2,0.99997663,unassigned
5266,1,0,0.7721397,unassigned
5267,2,1,0.96478045,unassigned
5268,0,0,0.99941826,unassigned
5269,2,2,0.99994516,unassigned
5270,2,2,0.9982333,unassigned
5271,2,2,0.9160344,unassigned
5272,2,2,0.9976611,unassigned
5273,1,1,0.87628883,unassigned
5274,2,2,0.99482745,unassigned
5275,2,2,0.9992071,unassigned
5276,1,1,0.88665926,unassigned
5277,1,1,0.8885704,unassigned
5278,2,2,0.980393,unassigned
5279,2,2,0.9994466,unassigned
5280,0,0,0.9994898,unassigned
5281,1,1,0.9694346,unassigned
5282,0,0,0.9938275,unassigned
5283,2,2,0.75668925,unassigned
5284,1,1,0.99391186,unassigned
5285,2,2,0.9767246,unassigned
5286,2,2,0.77409565,unassigned
5287,2,2,0.7012608,unassigned
5288,0,0,0.9999603,unassigned
5289,1,1,0.98697263,unassigned
5290,1,1,0.9794088,unassigned
5291,0,0,0.9998234,unassigned
5292,2,2,0.98910964,unassigned
5293,2,2,0.9903532,unassigned
5294,1,1,0.9899455,unassigned
5295,2,0,0.933756,unassigned
5296,2,2,0.99996376,unassigned
5297,1,2,0.96079785,unassigned
5298,1,1,0.63732624,unassigned
5299,2,2,0.9996722,unassigned
5300,1,0,0.95631397,unassigned
5301,1,2,0.9611898,unassigned
5302,2,1,0.99733126,unassigned
5303,1,1,0.8900112,unassigned
5304,1,2,0.629006,unassigned
5305,2,0,0.7742928,unassigned
5306,1,1,0.9923577,unassigned
5307,1,1,0.97286916,unassigned
5308,2,2,0.9874133,unassigned
5309,2,0,0.96247435,unassigned
5310,2,0,0.99619544,unassigned
5311,0,0,0.9999764,unassigned
5312,1,0,0.9738129,unassigned
5313,2,1,0.710301,unassigned
5314,2,2,0.94030124,unassigned
5315,2,1,0.99523574,unassigned
5316,0,0,0.9999876,unassigned
5317,1,1,0.85197955,unassigned
5318,0,0,0.90537477,unassigned
5319,1,1,0.7113785,unassigned
5320,0,0,0.6528665,unassigned
5321,2,2,0.9960717,unassigned
5322,2,2,0.99957794,unassigned
5323,0,0,0.9996699,unassigned
5324,2,2,0.79260004,unassigned
5325,1,1,0.6554742,unassigned
5326,1,1,0.9857721,unassigned
5327,1,1,0.7714565,unassigned
5328,2,2,0.98340964,unassigned
5329,2,1,0.69947475,unassigned
5330,2,0,0.7819196,unassigned
5331,2,1,0.61767095,unassigned
5332,2,1,0.9934104,unassigned
5333,1,1,0.9968561,unassigned
5334,0,0,0.95598143,unassigned
5335,2,2,0.9680407,unassigned
5336,2,2,0.99103945,unassigned
5337,1,1,0.95450205,unassigned
5338,2,1,0.77073187,unassigned
5339,1,1,0.73088187,unassigned
5340,0,0,0.85543823,unassigned
5341,1,2,0.6285878,unassigned
5342,1,1,0.5710186,unassigned
5343,1,0,0.8423214,unassigned
5344,1,2,0.7808766,unassigned
5345,2,1,0.4825207,unassigned
5346,1,0,0.6506582,unassigned
5347,2,0,0.9916202,unassigned
5348,0,0,0.9838778,unassigned
5349,2,2,0.9984345,unassigned
5350,2,1,0.87198496,unassigned
5351,0,0,0.9999933,unassigned
5352,1,1,0.9824844,unassigned
5353,2,2,0.96399975,unassigned
5354,1,1,0.94496083,unassigned
5355,1,1,0.85028815,unassigned
5356,2,2,0.9997583,unassigned
5357,1,1,0.99498546,unassigned
5358,1,1,0.6798208,unassigned
5359,2,1,0.92333686,unassigned
5360,0,0,0.99771583,unassigned
5361,1,2,0.9959124,unassigned
5362,2,2,0.99676067,unassigned
5363,2,2,0.9947147,unassigned
5364,1,0,0.9406691,unassigned
5365,1,1,0.9986212,unassigned
5366,2,2,0.94709086,unassigned
5367,2,0,0.893367,unassigned
5368,2,2,0.9999989,unassigned
5369,0,0,0.999998,unassigned
5370,0,0,0.9999089,unassigned
5371,1,1,0.9951841,unassigned
5372,2,2,0.99764794,unassigned
5373,1,1,0.985487,unassigned
5374,0,0,0.996842,unassigned
5375,1,1,0.8563389,unassigned
5376,1,1,0.9661213,unassigned
5377,2,2,0.9991099,unassigned
5378,0,0,0.9246404,unassigned
5379,2,2,0.94253707,unassigned
5380,1,1,0.5379871,unassigned
5381,2,2,0.9352956,unassigned
5382,0,0,0.9988136,unassigned
5383,1,1,0.9944924,unassigned
5384,2,0,0.8532133,unassigned
5385,1,1,0.97329134,unassigned
5386,0,0,1.0,unassigned
5387,0,0,0.57486016,unassigned
5388,2,2,0.99985933,unassigned
5389,2,2,0.99903786,unassigned
5390,1,1,0.61671543,unassigned
5391,2,1,0.9725592,unassigned
5392,1,1,0.99735415,unassigned
5393,2,2,0.99771786,unassigned
5394,2,2,0.66990644,unassigned
5395,1,1,0.9999076,unassigned
5396,2,2,0.9965669,unassigned
5397,2,2,0.91796315,unassigned
5398,2,1,0.9423466,unassigned
5399,0,0,0.99899215,unassigned
5400,0,0,0.99701995,unassigned
5401,2,0,0.9576209,unassigned
5402,2,2,0.99999976,unassigned
5403,0,0,0.9996861,unassigned
5404,2,2,0.9672202,unassigned
5405,0,2,0.67822456,unassigned
5406,1,1,0.9865789,unassigned
5407,0,0,0.99999964,unassigned
5408,1,1,0.5091969,unassigned
5409,1,1,0.9871749,unassigned
5410,1,1,0.5282282,unassigned
5411,2,2,0.98898625,unassigned
5412,2,2,0.9976301,unassigned
5413,2,1,0.38026226,unassigned
5414,1,2,0.8860991,unassigned
5415,2,1,0.73740226,unassigned
5416,1,1,0.64554733,unassigned
5417,2,0,0.9212635,unassigned
5418,1,1,0.6553209,unassigned
5419,0,0,0.9996474,unassigned
5420,1,1,0.99763775,unassigned
5421,1,1,0.9832455,unassigned
5422,0,0,0.99999094,unassigned
5423,0,0,0.9470711,unassigned
5424,1,1,0.5587992,unassigned
5425,1,1,0.5504298,unassigned
5426,1,1,0.9581519,unassigned
5427,0,0,1.0,unassigned
5428,1,1,0.8874346,unassigned
5429,1,2,0.9969664,unassigned
5430,1,1,0.9373359,unassigned
5431,2,2,0.99958915,unassigned
5432,0,0,0.97802746,unassigned
5433,1,1,0.7720042,unassigned
5434,2,2,0.99999154,unassigned
5435,1,1,0.9929697,unassigned
5436,0,0,0.99690884,unassigned
5437,1,1,0.80693567,unassigned
5438,1,1,0.99237484,unassigned
5439,2,2,0.9988826,unassigned
5440,2,2,0.99999976,unassigned
5441,1,1,0.9944301,unassigned
5442,2,1,0.8402066,unassigned
5443,1,1,0.9760007,unassigned
5444,1,0,0.999526,unassigned
5445,0,0,0.99844295,unassigned
5446,1,1,0.76695335,unassigned
5447,1,1,0.8515978,unassigned
5448,0,0,0.99862766,unassigned
5449,2,1,0.9051474,unassigned
5450,2,2,0.9534975,unassigned
5451,2,2,0.98911834,unassigned
5452,2,2,0.6829937,unassigned
5453,1,2,0.83237,unassigned
5454,1,1,0.98059756,unassigned
5455,2,0,0.95897895,unassigned
5456,1,1,0.99004936,unassigned
5457,0,0,0.9551748,unassigned
5458,2,2,0.8894943,unassigned
5459,1,2,0.6998803,unassigned
5460,2,2,0.37178254,unassigned
5461,0,0,0.9999635,unassigned
5462,0,0,0.6980089,unassigned
5463,1,1,0.9965373,unassigned
5464,1,1,0.860332,unassigned
5465,1,0,0.9995648,unassigned
5466,1,1,0.8832838,unassigned
5467,0,2,1.0,unassigned
5468,2,1,0.99792296,unassigned
5469,2,1,0.8956133,unassigned
5470,0,0,0.9999994,unassigned
5471,1,1,0.9999931,unassigned
5472,1,0,0.55835575,unassigned
5473,2,2,0.9982139,unassigned
5474,2,2,0.9998332,unassigned
5475,2,0,0.688193,unassigned
5476,1,1,0.44158182,unassigned
5477,2,2,0.5483794,unassigned
5478,2,1,0.66414255,unassigned
5479,2,2,0.9949124,unassigned
5480,1,1,0.9592041,unassigned
5481,2,2,0.8091919,unassigned
5482,0,1,0.52507603,unassigned
5483,2,2,0.9986702,unassigned
5484,1,1,0.9847419,unassigned
5485,0,1,0.5029444,unassigned
5486,1,1,0.80508846,unassigned
5487,2,2,0.9980831,unassigned
5488,2,0,0.61788726,unassigned
5489,0,0,0.9997477,unassigned
5490,1,1,0.95600766,unassigned
5491,0,0,0.99719703,unassigned
5492,1,1,0.9925868,unassigned
5493,2,2,0.99998105,unassigned
5494,1,1,0.9040253,unassigned
5495,1,0,0.87849957,unassigned
5496,2,1,0.8390725,unassigned
5497,2,2,0.9716628,unassigned
5498,2,2,0.9998541,unassigned
5499,1,1,0.9904372,unassigned
5500,2,2,0.99643874,unassigned
5501,0,0,0.8719914,unassigned
5502,2,2,0.8739406,unassigned
5503,2,2,0.99780005,unassigned
5504,1,1,0.9804341,unassigned
5505,0,0,0.999671,unassigned
5506,2,2,0.9608254,unassigned
5507,2,2,0.8592821,unassigned
5508,0,0,0.99953485,unassigned
5509,2,2,0.99101186,unassigned
5510,2,0,0.95976675,unassigned
5511,1,1,0.7678853,unassigned
5512,1,1,0.98229307,unassigned
5513,1,1,0.80778396,unassigned
5514,1,1,0.99249214,unassigned
5515,1,0,0.90790033,unassigned
5516,2,2,0.9958824,unassigned
5517,1,1,0.81844145,unassigned
5518,1,1,0.9840465,unassigned
5519,2,1,0.93134606,unassigned
5520,2,0,0.9999813,unassigned
5521,1,1,0.7844993,unassigned
5522,1,1,0.9999852,unassigned
5523,0,0,0.99981266,unassigned
5524,2,2,0.94005406,unassigned
5525,0,0,0.99991274,unassigned
5526,1,1,0.9990951,unassigned
5527,1,1,0.9488928,unassigned
5528,2,1,0.57057,unassigned
5529,0,0,0.9999999,unassigned
5530,0,0,0.9995339,unassigned
5531,1,1,0.7830718,unassigned
5532,2,2,0.52141213,unassigned
5533,0,0,0.9996474,unassigned
5534,2,2,0.99634486,unassigned
5535,2,0,0.50428104,unassigned
5536,1,2,0.9526596,unassigned
5537,1,0,0.6848307,unassigned
5538,2,2,0.99520254,unassigned
5539,2,1,0.90804887,unassigned
5540,0,0,0.99594563,unassigned
5541,1,1,0.97560626,unassigned
5542,1,1,0.99974865,unassigned
5543,2,2,0.9970521,unassigned
5544,2,2,0.9943322,unassigned
5545,1,1,0.98945355,unassigned
5546,1,1,0.8849096,unassigned
5547,1,1,0.8442605,unassigned
5548,1,1,0.9775984,unassigned
5549,1,1,0.6950723,unassigned
5550,2,2,0.9999995,unassigned
5551,1,1,0.9942485,unassigned
5552,1,1,0.94698006,unassigned
5553,1,1,0.99907637,unassigned
5554,1,0,0.6700257,unassigned
5555,1,1,0.99824107,unassigned
5556,0,0,0.5581003,unassigned
5557,1,0,0.488521,unassigned
5558,0,0,0.99923253,unassigned
5559,2,2,0.99684805,unassigned
5560,0,2,0.9968442,unassigned
5561,2,2,0.9984302,unassigned
5562,0,0,0.9988386,unassigned
5563,2,2,0.9712011,unassigned
5564,1,1,0.528705,unassigned
5565,2,2,0.9999975,unassigned
5566,2,2,0.9490289,unassigned
5567,1,2,0.9427136,unassigned
5568,1,1,0.96428674,unassigned
5569,2,2,0.99997854,unassigned
5570,2,2,0.9606295,unassigned
5571,1,1,0.77277976,unassigned
5572,1,1,0.8959529,unassigned
5573,1,1,0.8517562,unassigned
5574,2,2,0.99729687,unassigned
5575,1,2,0.9998721,unassigned
5576,1,1,0.81484324,unassigned
5577,2,2,0.9922597,unassigned
5578,0,0,0.83196104,unassigned
5579,1,1,0.7799667,unassigned
5580,1,2,0.9349695,unassigned
5581,1,1,0.98881125,unassigned
5582,1,2,0.8370773,unassigned
5583,2,0,0.99652463,unassigned
5584,1,1,0.9587661,unassigned
5585,0,0,0.99971956,unassigned
5586,1,1,0.7617117,unassigned
5587,2,2,0.9502643,unassigned
5588,0,0,0.9993438,unassigned
5589,2,1,0.96635735,unassigned
5590,0,0,0.99999905,unassigned
5591,1,1,0.9784984,unassigned
5592,2,2,0.995814,unassigned
5593,1,2,0.8151358,unassigned
5594,2,2,0.9772045,unassigned
5595,2,2,0.9995623,unassigned
5596,1,1,0.99947125,unassigned
5597,0,1,0.67168754,unassigned
5598,1,1,0.9767422,unassigned
5599,0,0,0.82300925,unassigned
5600,1,1,0.9504715,unassigned
5601,1,1,0.9973756,unassigned
5602,0,2,0.942637,unassigned
5603,1,1,0.9634757,unassigned
5604,1,1,0.82285964,unassigned
5605,1,0,0.7059978,unassigned
5606,2,1,0.62904906,unassigned
5607,2,2,0.9732963,unassigned
5608,2,2,0.9989053,unassigned
5609,2,2,0.99995744,unassigned
5610,1,0,0.55078524,unassigned
5611,2,2,0.9999287,unassigned
5612,0,0,0.9556931,unassigned
5613,1,1,0.90806025,unassigned
5614,1,1,0.9148838,unassigned
5615,2,0,0.83615094,unassigned
5616,0,0,0.99205583,unassigned
5617,2,1,0.5982409,unassigned
5618,1,2,0.9993389,unassigned
5619,1,1,0.9584573,unassigned
5620,2,2,0.99997425,unassigned
5621,2,2,0.9926093,unassigned
5622,0,0,0.99999976,unassigned
5623,2,2,0.999984,unassigned
5624,1,2,0.7537755,unassigned
5625,1,1,0.5482146,unassigned
5626,2,1,0.6143672,unassigned
5627,2,2,0.92083097,unassigned
5628,1,1,0.79007226,unassigned
5629,2,2,0.9931165,unassigned
5630,0,0,0.9962519,unassigned
5631,1,1,0.98748094,unassigned
5632,1,1,0.8700511,unassigned
5633,1,1,0.99752253,unassigned
5634,2,2,0.7229255,unassigned
5635,2,0,0.97634137,unassigned
5636,2,1,0.82177424,unassigned
5637,0,0,0.59413165,unassigned
5638,1,1,0.5739123,unassigned
5639,2,2,0.99983585,unassigned
5640,1,1,0.99292797,unassigned
5641,1,1,0.7796017,unassigned
5642,1,1,0.95163834,unassigned
5643,2,2,0.9999721,unassigned
5644,2,2,0.9917224,unassigned
5645,1,1,0.99400383,unassigned
5646,2,2,0.9996056,unassigned
5647,2,2,0.98949665,unassigned
5648,1,1,0.98944396,unassigned
5649,2,2,0.7770387,unassigned
5650,2,2,0.88983095,unassigned
5651,0,0,0.9999485,unassigned
5652,2,2,0.99866855,unassigned
5653,1,1,0.9977451,unassigned
5654,0,0,0.9999894,unassigned
5655,1,1,0.92940474,unassigned
5656,0,0,0.99929464,unassigned
5657,2,2,0.9998561,unassigned
5658,2,2,0.9641419,unassigned
5659,2,2,0.99176687,unassigned
5660,2,0,0.57035387,unassigned
5661,1,1,0.5963468,unassigned
5662,1,2,0.94171417,unassigned
5663,0,0,0.999998,unassigned
5664,2,2,0.999092,unassigned
5665,1,1,0.9636953,unassigned
5666,2,2,0.9999995,unassigned
5667,1,1,0.8819914,unassigned
5668,0,0,0.99900085,unassigned
5669,1,1,0.9885167,unassigned
5670,0,0,0.9944723,unassigned
5671,1,1,0.84908307,unassigned
5672,1,1,0.9436533,unassigned
5673,2,2,0.9963133,unassigned
5674,2,2,0.6496648,unassigned
5675,1,0,0.99353564,unassigned
5676,0,0,0.80865985,unassigned
5677,2,2,0.9975419,unassigned
5678,2,1,0.5880141,unassigned
5679,1,1,0.99156344,unassigned
5680,1,1,0.8978749,unassigned
5681,2,2,0.6507582,unassigned
5682,0,0,0.99962234,unassigned
5683,2,0,0.984615,unassigned
5684,0,0,0.9976084,unassigned
5685,0,0,0.9918283,unassigned
5686,0,0,0.999019,unassigned
5687,0,0,0.98763484,unassigned
5688,0,0,0.99225074,unassigned
5689,2,2,0.9984675,unassigned
5690,1,1,0.9722721,unassigned
5691,2,1,0.5779414,unassigned
5692,2,0,0.81588817,unassigned
5693,1,1,0.9617903,unassigned
5694,0,2,0.9826166,unassigned
5695,2,2,0.99863595,unassigned
5696,0,0,0.9999107,unassigned
5697,1,2,0.668474,unassigned
5698,2,2,0.9999993,unassigned
5699,1,1,0.9942264,unassigned
5700,0,0,0.7391318,unassigned
5701,1,1,0.98339915,unassigned
5702,0,0,1.0,unassigned
5703,2,2,0.99674463,unassigned
5704,0,2,0.49988106,unassigned
5705,1,1,0.9255436,unassigned
5706,0,0,0.97112274,unassigned
5707,1,1,0.9969981,unassigned
5708,1,1,0.8755319,unassigned
5709,2,2,0.49002337,unassigned
5710,2,2,0.99972266,unassigned
5711,1,1,0.94751245,unassigned
5712,2,2,0.88740504,unassigned
5713,1,1,0.861132,unassigned
5714,2,2,0.99919194,unassigned
5715,2,2,0.9994973,unassigned
5716,0,0,1.0,unassigned
5717,2,2,0.9977763,unassigned
5718,0,1,0.9812943,unassigned
5719,1,1,0.81572527,unassigned
5720,1,2,0.92509687,unassigned
5721,2,2,0.7269518,unassigned
5722,0,0,0.9405167,unassigned
5723,0,0,0.9956856,unassigned
5724,1,2,0.8602932,unassigned
5725,1,1,0.6219967,unassigned
5726,0,0,0.9904218,unassigned
5727,2,2,0.71207273,unassigned
5728,2,0,0.9930831,unassigned
5729,0,2,0.99423015,unassigned
5730,2,1,0.77255225,unassigned
5731,1,1,0.9948553,unassigned
5732,2,1,0.6221934,unassigned
5733,2,2,0.9962835,unassigned
5734,2,0,0.9580965,unassigned
5735,0,0,0.9990578,unassigned
5736,2,1,0.51767266,unassigned
5737,0,0,1.0,unassigned
5738,0,0,0.8649704,unassigned
5739,1,1,0.8016845,unassigned
5740,1,1,0.9997383,unassigned
5741,0,0,0.9994068,unassigned
5742,2,2,0.9984459,unassigned
5743,2,2,0.99987185,unassigned
5744,0,2,0.92809254,unassigned
5745,2,1,0.9193949,unassigned
5746,2,0,0.9126268,unassigned
5747,1,2,0.93908376,unassigned
5748,1,2,0.8272405,unassigned
5749,0,0,0.99680054,unassigned
5750,1,1,0.69840366,unassigned
5751,2,2,0.96749294,unassigned
5752,1,1,0.9743134,unassigned
5753,2,1,0.7806753,unassigned
5754,2,2,0.99297583,unassigned
5755,0,0,0.99929917,unassigned
5756,2,2,0.9959046,unassigned
5757,2,1,0.7736949,unassigned
5758,1,1,0.9919756,unassigned
5759,0,0,0.9999224,unassigned
5760,2,2,0.64624345,unassigned
5761,1,0,0.75272256,unassigned
5762,2,2,0.8392451,unassigned
5763,1,1,0.99880624,unassigned
5764,1,1,0.9997764,unassigned
5765,1,1,0.8333802,unassigned
5766,1,1,0.91962737,unassigned
5767,1,2,0.9152721,unassigned
5768,2,1,0.97527844,unassigned
5769,0,0,0.6641991,unassigned
5770,1,1,0.648772,unassigned
5771,2,2,0.9539951,unassigned
5772,0,0,0.9878086,unassigned
5773,2,2,0.9962112,unassigned
5774,2,1,0.9383368,unassigned
5775,1,2,0.95927393,unassigned
5776,0,0,0.86715335,unassigned
5777,2,1,0.5680986,unassigned
5778,1,1,0.983914,unassigned
5779,2,2,0.9841151,unassigned
5780,2,2,0.563688,unassigned
5781,1,1,0.8685459,unassigned
5782,2,2,0.6836603,unassigned
5783,0,0,0.9991172,unassigned
5784,1,1,0.9740555,unassigned
5785,1,1,0.98138714,unassigned
5786,2,2,0.9777974,unassigned
5787,2,2,0.9964742,unassigned
5788,0,1,0.9798064,unassigned
5789,1,1,0.661442,unassigned
5790,1,0,0.99996936,unassigned
5791,2,2,0.99983037,unassigned
5792,0,0,0.9999018,unassigned
5793,0,0,1.0,unassigned
5794,1,1,0.6733912,unassigned
5795,2,1,0.6097962,unassigned
5796,2,2,0.9806995,unassigned
5797,1,1,0.9921405,unassigned
5798,0,0,0.9999845,unassigned
5799,2,2,0.9997563,unassigned
5800,2,1,0.67688495,unassigned
5801,1,1,0.9267529,unassigned
5802,2,2,0.66199595,unassigned
5803,0,0,0.9886606,unassigned
5804,1,1,0.9872502,unassigned
5805,1,1,0.99978405,unassigned
5806,2,1,0.7130211,unassigned
5807,0,2,0.95378613,unassigned
5808,2,2,1.0,unassigned
5809,2,2,0.9999999,unassigned
5810,1,1,0.9992667,unassigned
5811,2,2,0.9794572,unassigned
5812,2,2,0.9603953,unassigned
5813,2,2,0.9953258,unassigned
5814,2,2,0.97740436,unassigned
5815,0,0,0.9929086,unassigned
5816,2,2,0.99965215,unassigned
5817,0,0,0.9993267,unassigned
5818,1,1,0.77466124,unassigned
5819,2,2,0.99999905,unassigned
5820,2,1,0.99709666,unassigned
5821,1,2,0.8874602,unassigned
5822,1,1,0.9972422,unassigned
5823,2,2,0.9992481,unassigned
5824,2,2,0.99929166,unassigned
5825,1,1,0.98105973,unassigned
5826,0,0,0.99997616,unassigned
5827,0,0,1.0,unassigned
5828,1,1,0.6925858,unassigned
5829,1,1,0.96658474,unassigned
5830,1,1,0.98761076,unassigned
5831,2,2,0.9909198,unassigned
5832,1,1,0.8776996,unassigned
5833,0,2,0.9741081,unassigned
5834,0,0,0.9998815,unassigned
5835,2,2,0.99536836,unassigned
5836,2,1,0.58284265,unassigned
5837,0,0,0.9991242,unassigned
5838,1,2,0.8432864,unassigned
5839,0,2,0.99999905,unassigned
5840,0,0,0.9999976,unassigned
5841,1,2,0.8878471,unassigned
5842,2,2,0.7951893,unassigned
5843,2,2,0.9999894,unassigned
5844,1,1,0.9598804,unassigned
5845,2,2,0.99968874,unassigned
5846,0,0,0.9999038,unassigned
5847,2,2,0.91861534,unassigned
5848,1,1,0.8312599,unassigned
5849,0,0,1.0,unassigned
5850,2,2,0.9998252,unassigned
5851,2,2,0.9191906,unassigned
5852,1,2,0.689225,unassigned
5853,2,1,0.79709405,unassigned
5854,2,2,0.999871,unassigned
5855,2,2,0.99868053,unassigned
5856,1,1,0.9369933,unassigned
5857,2,2,0.99925417,unassigned
5858,1,1,0.98571014,unassigned
5859,2,2,0.84916466,unassigned
5860,2,0,0.8694002,unassigned
5861,1,1,0.9978085,unassigned
5862,2,1,0.9231932,unassigned
5863,1,1,0.503627,unassigned
5864,1,1,0.50418043,unassigned
5865,1,1,0.74894434,unassigned
5866,0,0,0.99875164,unassigned
5867,0,0,0.99612397,unassigned
5868,0,0,0.9999871,unassigned
5869,2,1,0.97520906,unassigned
5870,1,1,0.99127793,unassigned
5871,1,1,0.9999894,unassigned
5872,2,2,0.9307861,unassigned
5873,0,0,0.9580816,unassigned
5874,2,2,0.9997609,unassigned
5875,2,1,0.860957,unassigned
5876,0,0,0.99984264,unassigned
5877,2,2,0.93470913,unassigned
5878,1,1,0.9556006,unassigned
5879,1,1,0.69347334,unassigned
5880,0,0,0.99976784,unassigned
5881,2,1,0.9013002,unassigned
5882,1,2,0.8219478,unassigned
5883,0,0,0.56285834,unassigned
5884,2,2,0.99937755,unassigned
5885,2,2,0.9935349,unassigned
5886,1,1,0.9789176,unassigned
5887,0,0,0.88262385,unassigned
5888,1,1,0.5730999,unassigned
5889,1,1,0.5028734,unassigned
5890,2,1,0.9286889,unassigned
5891,0,0,0.99999976,unassigned
5892,1,1,0.95220304,unassigned
5893,2,2,0.67623377,unassigned
5894,2,2,0.989019,unassigned
5895,1,2,0.7994452,unassigned
5896,2,2,0.96567607,unassigned
5897,2,2,0.9764206,unassigned
5898,1,1,0.62685925,unassigned
5899,1,1,0.95936435,unassigned
5900,1,1,0.9970968,unassigned
5901,0,0,0.97503597,unassigned
5902,1,1,0.9915986,unassigned
5903,2,2,0.99960023,unassigned
5904,2,2,0.9998141,unassigned
5905,1,0,0.9983584,unassigned
5906,1,1,0.8585433,unassigned
5907,2,2,0.89442414,unassigned
5908,2,2,1.0,unassigned
5909,2,2,0.98176897,unassigned
5910,1,2,0.9138779,unassigned
5911,2,2,0.98496664,unassigned
5912,2,2,0.9966779,unassigned
5913,2,1,0.68074065,unassigned
5914,1,1,0.99758315,unassigned
5915,2,2,0.99999833,unassigned
5916,2,2,0.9892942,unassigned
5917,2,2,0.99994135,unassigned
5918,1,1,0.99981827,unassigned
5919,1,1,0.9143235,unassigned
5920,2,2,0.9999988,unassigned
5921,2,2,0.9976877,unassigned
5922,2,2,0.9999944,unassigned
5923,0,0,0.9999999,unassigned
5924,1,1,0.9945825,unassigned
5925,2,2,0.9679023,unassigned
5926,0,1,0.9043234,unassigned
5927,2,1,0.6639262,unassigned
5928,0,0,0.99989235,unassigned
5929,2,1,0.994899,unassigned
5930,1,1,0.99999845,unassigned
5931,2,1,0.8790166,unassigned
5932,2,1,0.6710812,unassigned
5933,1,1,0.72775066,unassigned
5934,2,1,0.88525945,unassigned
5935,1,1,0.99228597,unassigned
5936,1,1,0.931021,unassigned
5937,2,2,0.99976736,unassigned
5938,1,2,0.6441826,unassigned
5939,1,1,0.9059895,unassigned
5940,1,1,0.87165064,unassigned
5941,1,0,0.8190113,unassigned
5942,2,2,0.99910957,unassigned
5943,1,1,0.9758925,unassigned
5944,2,1,0.9331438,unassigned
5945,0,0,0.9972677,unassigned
5946,1,1,0.99971336,unassigned
5947,1,1,0.9995827,unassigned
5948,2,2,0.99850684,unassigned
5949,2,2,1.0,unassigned
5950,2,2,0.9998357,unassigned
5951,2,2,0.9504809,unassigned
5952,1,1,0.99633056,unassigned
5953,0,0,0.994835,unassigned
5954,2,2,0.59774876,unassigned
5955,1,1,0.6303766,unassigned
5956,1,1,0.9134947,unassigned
5957,0,0,0.94365746,unassigned
5958,0,0,0.99635637,unassigned
5959,2,2,0.9932601,unassigned
5960,2,2,0.9628162,unassigned
5961,1,1,0.967604,unassigned
5962,2,1,0.6120565,unassigned
5963,1,1,0.9557155,unassigned
5964,2,2,0.99994314,unassigned
5965,2,2,0.9994247,unassigned
5966,1,1,0.9750158,unassigned
5967,2,2,0.5581287,unassigned
5968,2,2,0.79771984,unassigned
5969,0,2,0.9844668,unassigned
5970,2,2,0.9972606,unassigned
5971,2,1,0.98371917,unassigned
5972,2,2,0.9999975,unassigned
5973,1,1,0.60772914,unassigned
5974,1,1,0.865397,unassigned
5975,1,1,0.99567515,unassigned
5976,1,1,0.60027456,unassigned
5977,2,0,0.99630994,unassigned
5978,1,1,0.97030556,unassigned
5979,2,2,0.99748284,unassigned
5980,2,2,0.63410616,unassigned
5981,2,2,0.99979275,unassigned
5982,0,0,1.0,unassigned
5983,2,2,0.9975556,unassigned
5984,2,2,0.9637201,unassigned
5985,0,0,0.9981725,unassigned
5986,0,2,0.7595486,unassigned
5987,2,2,0.99088836,unassigned
5988,2,2,0.9999845,unassigned
5989,2,2,0.8740655,unassigned
5990,1,0,0.577302,unassigned
5991,2,1,0.90486395,unassigned
5992,1,1,0.5813896,unassigned
5993,2,0,0.9960227,unassigned
5994,0,1,0.9914631,unassigned
5995,2,2,0.9999548,unassigned
5996,2,2,0.53843516,unassigned
5997,1,1,0.7592993,unassigned
5998,2,2,0.9994567,unassigned
5999,2,2,0.9998815,unassigned
6000,2,2,0.9999633,unassigned
6001,2,2,0.999526,unassigned
6002,1,1,0.8431239,unassigned
6003,1,1,0.9965586,unassigned
6004,1,1,0.90494233,unassigned
6005,2,2,0.9925593,unassigned
6006,0,0,0.9976528,unassigned
6007,2,2,0.999451,unassigned
6008,0,0,0.99949884,unassigned
6009,2,2,0.9982135,unassigned
6010,2,0,0.50657135,unassigned
6011,1,1,0.99194616,unassigned
6012,1,0,0.6948889,unassigned
6013,2,2,0.999406,unassigned
6014,1,1,0.8917653,unassigned
6015,2,1,0.89310503,unassigned
6016,1,1,0.97329414,unassigned
6017,1,1,0.68758756,unassigned
6018,2,2,0.7074547,unassigned
6019,1,1,0.7120474,unassigned
6020,1,1,0.96751595,unassigned
6021,2,2,0.9999542,unassigned
6022,1,1,0.9810488,unassigned
6023,2,0,0.7903849,unassigned
6024,1,1,0.9365887,unassigned
6025,2,0,0.9880321,unassigned
6026,1,1,0.9990369,unassigned
6027,2,2,0.9997358,unassigned
6028,1,2,0.73023105,unassigned
6029,0,0,0.9776404,unassigned
6030,1,2,0.83001846,unassigned
6031,1,1,0.8685832,unassigned
6032,2,2,0.79999125,unassigned
6033,1,1,0.87936914,unassigned
6034,1,1,0.60176176,unassigned
6035,1,1,0.99843556,unassigned
6036,1,1,0.9726891,unassigned
6037,1,1,0.9730943,unassigned
6038,1,2,0.9726125,unassigned
6039,1,1,0.99793774,unassigned
6040,1,1,0.76805836,unassigned
6041,2,2,0.9675992,unassigned
6042,1,1,0.6613142,unassigned
6043,1,1,0.99962306,unassigned
6044,1,1,0.9249053,unassigned
6045,2,2,0.99980897,unassigned
6046,2,2,0.9930021,unassigned
6047,1,1,0.9989146,unassigned
6048,1,2,0.53725964,unassigned
6049,2,2,0.9563581,unassigned
6050,2,2,0.9999199,unassigned
6051,0,0,0.7611283,unassigned
6052,1,1,0.96511835,unassigned
6053,0,0,0.9110653,unassigned
6054,0,0,0.9183465,unassigned
6055,2,2,0.9995803,unassigned
6056,0,0,0.99975544,unassigned
6057,2,2,0.89673895,unassigned
6058,2,2,0.9999969,unassigned
6059,2,2,0.53381807,unassigned
6060,1,1,0.932142,unassigned
6061,2,2,0.6076959,unassigned
6062,0,2,0.9998122,unassigned
6063,2,2,0.97837824,unassigned
6064,1,1,0.8904427,unassigned
6065,0,0,0.99967754,unassigned
6066,2,1,0.89857316,unassigned
6067,0,0,0.9999933,unassigned
6068,1,2,0.6934289,unassigned
6069,2,2,0.99999607,unassigned
6070,0,0,0.97985417,unassigned
6071,2,1,0.75272655,unassigned
6072,2,2,0.9792363,unassigned
6073,1,1,0.99995553,unassigned
6074,1,1,0.9592033,unassigned
6075,2,2,1.0,unassigned
6076,2,0,0.95463806,unassigned
6077,2,2,0.9792357,unassigned
6078,2,1,0.62065107,unassigned
6079,1,2,0.8528267,unassigned
6080,2,2,0.5384913,unassigned
6081,2,2,0.99971443,unassigned
6082,0,0,0.9874614,unassigned
6083,2,2,0.9954651,unassigned
6084,1,1,0.88421744,unassigned
6085,0,0,0.9922361,unassigned
6086,1,1,0.9360251,unassigned
6087,2,2,0.9999448,unassigned
6088,0,0,0.9949084,unassigned
6089,1,1,0.82066494,unassigned
6090,0,1,0.6436746,unassigned
6091,0,0,0.9999708,unassigned
6092,1,1,0.99982315,unassigned
6093,2,2,0.47959843,unassigned
6094,0,0,0.9999429,unassigned
6095,2,1,0.9956554,unassigned
6096,2,2,0.97689956,unassigned
6097,0,0,0.9991978,unassigned
6098,2,2,0.99913543,unassigned
6099,2,2,0.99863094,unassigned
6100,2,0,0.4963651,unassigned
6101,2,2,0.9998927,unassigned
6102,2,2,0.9934342,unassigned
6103,1,1,0.9053072,unassigned
6104,1,1,0.67469925,unassigned
6105,1,1,0.60220414,unassigned
6106,1,2,0.83791786,unassigned
6107,2,2,0.99071956,unassigned
6108,2,2,0.99640745,unassigned
6109,2,2,0.9605196,unassigned
6110,0,2,0.7741458,unassigned
6111,2,2,0.97519875,unassigned
6112,0,1,0.91357803,unassigned
6113,1,1,0.99837685,unassigned
6114,2,2,0.9971885,unassigned
6115,2,2,0.88163275,unassigned
6116,2,2,0.99981517,unassigned
6117,2,2,0.99960774,unassigned
6118,0,0,0.99979955,unassigned
6119,2,2,0.96248263,unassigned
6120,2,2,0.9999609,unassigned
6121,0,0,0.99935585,unassigned
6122,2,2,0.95908225,unassigned
6123,2,2,0.5349937,unassigned
6124,0,0,0.9890752,unassigned
6125,0,0,0.99999833,unassigned
6126,1,2,0.8647321,unassigned
6127,0,0,0.99932814,unassigned
6128,0,0,0.9997987,unassigned
6129,2,0,0.5469567,unassigned
6130,0,2,0.99583876,unassigned
6131,1,1,0.9776994,unassigned
6132,1,1,0.56102,unassigned
6133,2,0,0.9631658,unassigned
6134,0,0,0.9924832,unassigned
6135,0,0,0.9996612,unassigned
6136,1,2,0.9702141,unassigned
6137,2,2,0.99998176,unassigned
6138,0,0,0.99999297,unassigned
6139,2,2,0.9979729,unassigned
6140,2,2,0.99995875,unassigned
6141,2,2,0.98294824,unassigned
6142,2,2,0.98484033,unassigned
6143,1,1,0.99348575,unassigned
6144,2,2,0.9979,unassigned
6145,1,1,0.7244411,unassigned
6146,2,2,0.9655755,unassigned
6147,2,2,0.98164314,unassigned
6148,0,0,0.99999666,unassigned
6149,2,2,0.99996066,unassigned
6150,1,1,0.9037215,unassigned
6151,0,0,0.9999341,unassigned
6152,2,2,0.97870696,unassigned
6153,1,1,0.9559493,unassigned
6154,0,0,0.9932105,unassigned
6155,1,1,0.98247844,unassigned
6156,2,1,0.97330046,unassigned
6157,0,0,0.8184288,unassigned
6158,2,2,0.99303585,unassigned
6159,1,1,0.6438267,unassigned
6160,1,1,0.47059488,unassigned
6161,1,2,0.9966419,unassigned
6162,1,1,0.90618145,unassigned
6163,1,0,0.58366835,unassigned
6164,1,2,0.99529713,unassigned
6165,2,2,0.87132823,unassigned
6166,0,0,1.0,unassigned
6167,2,0,0.9607834,unassigned
6168,1,1,0.69015884,unassigned
6169,1,1,0.99901986,unassigned
6170,1,2,0.80868596,unassigned
6171,1,1,0.9725777,unassigned
6172,2,1,0.79838264,unassigned
6173,1,0,0.9483138,unassigned
6174,1,1,0.9335576,unassigned
6175,1,1,0.7943882,unassigned
6176,2,2,0.9800847,unassigned
6177,1,1,0.9874899,unassigned
6178,2,2,0.97456044,unassigned
6179,2,1,0.9861638,unassigned
6180,1,1,0.59982467,unassigned
6181,2,2,0.9999032,unassigned
6182,2,1,0.8693478,unassigned
6183,2,2,0.9957699,unassigned
6184,1,1,0.9941148,unassigned
6185,2,2,0.9999218,unassigned
6186,2,1,0.6040273,unassigned
6187,0,2,0.98668087,unassigned
6188,2,2,0.9980332,unassigned
6189,0,0,0.9999976,unassigned
6190,0,2,1.0,unassigned
6191,2,2,0.9980591,unassigned
6192,1,0,0.85860246,unassigned
6193,0,2,0.9998708,unassigned
6194,0,2,0.68333,unassigned
6195,2,1,0.9990392,unassigned
6196,2,2,0.9995389,unassigned
6197,1,1,0.98791623,unassigned
6198,1,1,0.98421854,unassigned
6199,1,2,0.99962175,unassigned
6200,2,2,0.9997309,unassigned
6201,2,2,0.7473114,unassigned
6202,0,0,0.9997501,unassigned
6203,2,2,0.9994054,unassigned
6204,2,0,0.9999995,unassigned
6205,1,2,0.6897354,unassigned
6206,1,1,0.9665976,unassigned
6207,1,0,0.99957484,unassigned
6208,2,2,0.99055326,unassigned
6209,1,1,0.99972135,unassigned
6210,1,2,0.90529877,unassigned
6211,0,0,0.925616,unassigned
6212,2,0,0.63726234,unassigned
6213,1,0,0.60091126,unassigned
6214,0,0,0.99929106,unassigned
6215,0,2,0.50091314,unassigned
6216,2,2,0.98183227,unassigned
6217,0,0,0.9999995,unassigned
6218,0,2,0.5919535,unassigned
6219,2,2,0.9981046,unassigned
6220,2,2,0.6111338,unassigned
6221,0,2,0.6197286,unassigned
6222,2,1,0.9798931,unassigned
6223,1,1,0.9844157,unassigned
6224,2,2,0.9994242,unassigned
6225,0,0,0.998601,unassigned
6226,1,1,0.9438985,unassigned
6227,1,0,0.82327884,unassigned
6228,1,1,0.9950145,unassigned
6229,1,1,0.9569994,unassigned
6230,2,2,0.98576933,unassigned
6231,0,0,0.9993692,unassigned
6232,1,1,0.99858177,unassigned
6233,2,2,0.8327042,unassigned
6234,2,0,0.9944936,unassigned
6235,1,1,0.98312217,unassigned
6236,2,2,0.99558395,unassigned
6237,1,1,0.7003923,unassigned
6238,0,0,0.85666305,unassigned
6239,2,2,0.9994604,unassigned
6240,2,2,0.9926132,unassigned
6241,1,1,0.9893624,unassigned
6242,1,1,0.9995086,unassigned
6243,2,2,0.9450753,unassigned
6244,1,1,0.9878208,unassigned
6245,1,1,0.99279743,unassigned
6246,2,2,0.962341,unassigned
6247,1,1,0.855665,unassigned
6248,1,1,0.91570336,unassigned
6249,2,2,0.9863035,unassigned
6250,1,2,0.99539477,unassigned
6251,1,2,0.9917653,unassigned
6252,1,2,0.95512056,unassigned
6253,1,1,0.65090406,unassigned
6254,1,1,0.9200886,unassigned
6255,1,1,0.9107467,unassigned
6256,1,1,0.7824189,unassigned
6257,1,1,0.94064254,unassigned
6258,2,2,0.999483,unassigned
6259,1,2,0.9536461,unassigned
6260,2,1,0.74941415,unassigned
6261,1,1,0.9979342,unassigned
6262,2,2,0.9999355,unassigned
6263,2,2,0.9898685,unassigned
6264,2,2,0.9988726,unassigned
6265,1,1,0.9219817,unassigned
6266,2,1,0.74598336,unassigned
6267,0,0,0.86635655,unassigned
6268,1,1,0.56408393,unassigned
6269,2,0,0.98723966,unassigned
6270,0,0,0.99917334,unassigned
6271,2,2,0.9993038,unassigned
6272,2,2,0.99903274,unassigned
6273,1,1,0.9996092,unassigned
6274,1,1,0.8144922,unassigned
6275,0,0,0.99996865,unassigned
6276,1,1,0.9999999,unassigned
6277,2,2,0.9999465,unassigned
6278,2,2,0.8353783,unassigned
6279,2,2,0.999009,unassigned
6280,0,0,0.9977431,unassigned
6281,1,1,0.99046916,unassigned
6282,2,2,0.9994155,unassigned
6283,1,2,0.66725093,unassigned
6284,1,1,0.99732345,unassigned
6285,0,0,0.9999738,unassigned
6286,0,0,0.99983907,unassigned
6287,2,0,0.6672027,unassigned
6288,1,0,0.71920085,unassigned
6289,2,2,0.9989208,unassigned
6290,2,2,0.9724922,unassigned
6291,0,0,0.9990025,unassigned
6292,2,2,0.9870892,unassigned
6293,1,1,0.51699716,unassigned
6294,2,2,0.861463,unassigned
6295,0,0,0.99873203,unassigned
6296,0,0,0.92903465,unassigned
6297,0,0,0.99836296,unassigned
6298,1,1,0.9813902,unassigned
6299,0,0,0.99996924,unassigned
6300,0,0,0.9893026,unassigned
6301,1,1,0.98513687,unassigned
6302,2,2,0.9966947,unassigned
6303,2,1,0.7357742,unassigned
6304,1,1,0.88663137,unassigned
6305,2,2,0.9999981,unassigned
6306,0,0,0.9999697,unassigned
6307,2,0,0.95808357,unassigned
6308,1,1,0.9854351,unassigned
6309,2,1,0.846281,unassigned
6310,2,1,0.81114113,unassigned
6311,0,0,0.9978258,unassigned
6312,1,1,0.8034448,unassigned
6313,2,2,0.7277376,unassigned
6314,1,1,0.97600764,unassigned
6315,2,2,0.9867533,unassigned
6316,2,2,0.9943738,unassigned
6317,0,0,0.99957734,unassigned
6318,2,2,0.9510505,unassigned
6319,0,0,0.956163,unassigned
6320,2,2,0.99980193,unassigned
6321,1,1,0.9200968,unassigned
6322,1,1,0.65207684,unassigned
6323,1,2,0.8236224,unassigned
6324,1,1,0.9176496,unassigned
6325,2,2,0.99972826,unassigned
6326,0,0,0.98746234,unassigned
6327,1,1,0.9984616,unassigned
6328,0,2,0.99596906,unassigned
6329,2,2,0.903881,unassigned
6330,0,0,0.9998988,unassigned
6331,2,0,0.9926077,unassigned
6332,2,1,0.92267716,unassigned
6333,1,1,0.98138165,unassigned
6334,1,1,0.73301595,unassigned
6335,1,1,0.9992873,unassigned
6336,1,1,0.9918207,unassigned
6337,1,2,0.9758607,unassigned
6338,1,1,0.9501745,unassigned
6339,2,2,0.99829346,unassigned
6340,2,1,0.99960726,unassigned
6341,2,2,0.99340916,unassigned
6342,0,0,0.99248815,unassigned
6343,1,1,0.7694736,unassigned
6344,2,0,0.99154186,unassigned
6345,1,1,0.95329535,unassigned
6346,1,1,0.8789081,unassigned
6347,2,0,0.9803556,unassigned
6348,1,1,0.5235126,unassigned
6349,0,0,0.9999579,unassigned
6350,0,2,0.99936706,unassigned
6351,1,1,0.58433545,unassigned
6352,2,2,0.9997129,unassigned
6353,2,1,0.70028687,unassigned
6354,2,0,0.9715409,unassigned
6355,1,2,0.8567113,unassigned
6356,1,1,0.9872966,unassigned
6357,0,0,0.9999999,unassigned
6358,1,1,0.95591235,unassigned
6359,0,1,0.948477,unassigned
6360,1,1,0.81363857,unassigned
6361,0,0,0.98810405,unassigned
6362,1,1,0.8216087,unassigned
6363,2,2,0.97506183,unassigned
6364,1,1,0.99984777,unassigned
6365,2,2,0.64912707,unassigned
6366,1,1,0.8398923,unassigned
6367,2,2,0.95709246,unassigned
6368,1,1,0.87034076,unassigned
6369,2,2,0.9042355,unassigned
6370,2,2,0.96575415,unassigned
6371,0,0,0.99998593,unassigned
6372,1,0,0.899199,unassigned
6373,0,0,0.8407188,unassigned
6374,1,1,0.89430267,unassigned
6375,2,1,0.9764034,unassigned
6376,2,0,0.81892884,unassigned
6377,1,1,0.98316574,unassigned
6378,1,1,0.99863786,unassigned
6379,1,1,0.9569649,unassigned
6380,2,2,0.99912053,unassigned
6381,1,1,0.9923458,unassigned
6382,1,1,0.9810985,unassigned
6383,2,2,0.8395503,unassigned
6384,1,1,0.9985598,unassigned
6385,2,1,0.5093636,unassigned
6386,2,2,0.99900526,unassigned
6387,2,2,0.99169534,unassigned
6388,2,2,0.99369323,unassigned
6389,1,1,0.9532521,unassigned
6390,2,2,0.9985102,unassigned
6391,1,2,0.8089594,unassigned
6392,2,2,0.99991786,unassigned
6393,1,1,0.99781114,unassigned
6394,0,0,0.9995486,unassigned
6395,1,1,0.8877454,unassigned
6396,1,1,0.97974485,unassigned
6397,2,2,0.99713266,unassigned
6398,0,0,0.9999696,unassigned
6399,2,2,0.9975616,unassigned
6400,2,2,0.9939313,unassigned
6401,2,2,0.9569885,unassigned
6402,2,1,0.4834583,unassigned
6403,1,1,0.9929121,unassigned
6404,2,2,0.9989631,unassigned
6405,2,2,0.9999968,unassigned
6406,2,2,0.8950362,unassigned
6407,1,2,1.0,unassigned
6408,1,0,0.9145756,unassigned
6409,1,1,0.987548,unassigned
6410,1,2,0.96046144,unassigned
6411,1,1,0.99871576,unassigned
6412,0,0,0.999696,unassigned
6413,1,1,0.9863171,unassigned
6414,0,1,0.88718766,unassigned
6415,0,0,0.82306236,unassigned
6416,2,2,0.99973744,unassigned
6417,2,1,0.7886128,unassigned
6418,0,2,0.47983676,unassigned
6419,2,2,1.0,unassigned
6420,2,2,0.56231844,unassigned
6421,1,1,0.84848106,unassigned
6422,1,1,0.52641857,unassigned
6423,1,2,0.96933603,unassigned
6424,1,0,0.9999114,unassigned
6425,1,1,0.97120684,unassigned
6426,2,2,0.9943657,unassigned
6427,2,1,0.70296526,unassigned
6428,2,2,0.99987864,unassigned
6429,2,1,0.65692484,unassigned
6430,2,2,0.99977297,unassigned
6431,2,2,0.9803084,unassigned
6432,2,2,0.94991714,unassigned
6433,2,2,0.98441595,unassigned
6434,1,1,0.713994,unassigned
6435,2,2,0.99635625,unassigned
6436,1,0,0.9896595,unassigned
6437,2,2,0.99828726,unassigned
6438,1,1,0.8485881,unassigned
6439,2,2,0.99213433,unassigned
6440,2,2,1.0,unassigned
6441,2,2,0.5499716,unassigned
6442,1,1,0.8885919,unassigned
6443,1,1,0.99998975,unassigned
6444,1,1,0.9983638,unassigned
6445,2,2,0.9996747,unassigned
6446,1,1,0.97284,unassigned
6447,0,2,0.9437674,unassigned
6448,1,1,0.9831708,unassigned
6449,0,0,0.9989489,unassigned
6450,1,1,0.5502289,unassigned
6451,1,2,0.9713282,unassigned
6452,1,1,0.6299352,unassigned
6453,1,1,0.99104357,unassigned
6454,0,0,0.9975805,unassigned
6455,0,0,0.9993247,unassigned
6456,0,0,0.9981774,unassigned
6457,2,2,0.99954,unassigned
6458,2,2,0.9953518,unassigned
6459,0,0,0.9998332,unassigned
6460,1,0,0.9994702,unassigned
6461,2,2,0.78237236,unassigned
6462,2,0,0.9073571,unassigned
6463,2,2,0.9983594,unassigned
6464,1,1,0.9664955,unassigned
6465,2,2,0.9987319,unassigned
6466,1,1,0.9473437,unassigned
6467,1,1,0.97614527,unassigned
6468,2,2,0.99835086,unassigned
6469,2,1,0.51372176,unassigned
6470,2,2,0.99679714,unassigned
6471,1,2,0.98019224,unassigned
6472,2,2,0.99549234,unassigned
6473,1,0,0.9971825,unassigned
6474,2,2,0.89923173,unassigned
6475,1,1,0.9607475,unassigned
6476,1,1,0.87069017,unassigned
6477,1,0,0.59025973,unassigned
6478,1,1,0.7795757,unassigned
6479,2,2,0.99841106,unassigned
6480,1,1,0.95297295,unassigned
6481,1,1,0.99857426,unassigned
6482,1,1,0.9874665,unassigned
6483,2,1,0.5675151,unassigned
6484,1,1,0.96084046,unassigned
6485,2,2,0.81880265,unassigned
6486,2,1,0.9349664,unassigned
6487,1,1,0.9539895,unassigned
6488,1,2,0.8230409,unassigned
6489,1,1,0.928574,unassigned
6490,1,1,0.9697169,unassigned
6491,0,2,0.6615523,unassigned
6492,0,0,0.9988481,unassigned
6493,1,0,0.7803396,unassigned
6494,1,1,0.9986737,unassigned
6495,2,2,0.57072914,unassigned
6496,2,1,0.8785879,unassigned
6497,0,1,0.99845755,unassigned
6498,0,0,0.90013576,unassigned
6499,0,0,0.6333701,unassigned
6500,2,1,0.6256894,unassigned
6501,2,2,0.99999976,unassigned
6502,0,0,0.98267144,unassigned
6503,2,2,0.9936659,unassigned
6504,2,2,0.60977936,unassigned
6505,2,2,0.99969363,unassigned
6506,1,1,0.53926295,unassigned
6507,2,2,0.9401208,unassigned
6508,2,2,0.43069687,unassigned
6509,2,0,0.99999976,unassigned
6510,1,1,0.5327565,unassigned
6511,2,2,0.99999905,unassigned
6512,1,1,0.9801517,unassigned
6513,1,1,0.5015137,unassigned
6514,2,2,0.9990482,unassigned
6515,0,0,0.9996068,unassigned
6516,2,2,0.6582939,unassigned
6517,2,2,0.999995,unassigned
6518,0,0,0.99132806,unassigned
6519,1,1,0.8952065,unassigned
6520,0,0,0.9840947,unassigned
6521,2,0,0.6048207,unassigned
6522,0,0,0.9990879,unassigned
6523,2,2,0.9979857,unassigned
6524,2,2,0.9982717,unassigned
6525,1,1,0.8715206,unassigned
6526,2,2,0.9970682,unassigned
6527,2,2,0.9983004,unassigned
6528,0,0,0.9999931,unassigned
6529,0,0,0.9999436,unassigned
6530,1,1,0.9906572,unassigned
6531,1,1,0.99973017,unassigned
6532,1,1,0.666007,unassigned
6533,1,1,0.9715375,unassigned
6534,1,1,0.978434,unassigned
6535,1,1,0.5964283,unassigned
6536,0,0,0.99803215,unassigned
6537,1,1,0.98581064,unassigned
6538,2,2,0.9321612,unassigned
6539,2,1,0.5586244,unassigned
6540,1,1,0.8772421,unassigned
6541,2,2,0.99968135,unassigned
6542,2,1,0.72263545,unassigned
6543,0,0,0.999998,unassigned
6544,1,1,0.9997663,unassigned
6545,1,1,0.8491865,unassigned
6546,2,2,0.97413945,unassigned
6547,2,2,0.9211956,unassigned
6548,2,2,0.99995315,unassigned
6549,2,2,0.999514,unassigned
6550,1,2,0.7298395,unassigned
6551,2,2,0.68280745,unassigned
6552,2,1,0.67923546,unassigned
6553,1,1,0.8877242,unassigned
6554,2,2,0.99879324,unassigned
6555,2,2,0.99982375,unassigned
6556,2,2,0.9989905,unassigned
6557,1,1,0.9814828,unassigned
6558,2,2,0.99995935,unassigned
6559,0,0,0.9999355,unassigned
6560,2,2,0.98370105,unassigned
6561,1,2,0.9046418,unassigned
6562,2,2,0.999511,unassigned
6563,2,2,0.9797838,unassigned
6564,1,1,0.5789432,unassigned
6565,1,1,0.9990121,unassigned
6566,1,1,0.9566476,unassigned
6567,2,2,0.99999964,unassigned
6568,1,1,0.9176854,unassigned
6569,2,2,0.7626671,unassigned
6570,0,0,0.99523455,unassigned
6571,2,0,0.6727008,unassigned
6572,0,2,0.99999976,unassigned
6573,1,1,0.7444393,unassigned
6574,2,1,0.9899103,unassigned
6575,1,1,0.94918257,unassigned
6576,1,1,0.8591005,unassigned
6577,2,1,0.8992689,unassigned
6578,2,2,0.9951814,unassigned
6579,2,2,0.9998907,unassigned
6580,1,1,0.56529105,unassigned
6581,2,2,0.99887794,unassigned
6582,0,0,0.9902506,unassigned
6583,0,0,0.9986305,unassigned
6584,0,0,0.999308,unassigned
6585,2,0,0.6776313,unassigned
6586,2,2,0.9998982,unassigned
6587,2,2,0.9983851,unassigned
6588,0,0,0.9998035,unassigned
6589,0,2,0.848664,unassigned
6590,2,2,0.99685764,unassigned
6591,2,2,0.99997544,unassigned
6592,2,2,0.99992263,unassigned
6593,2,2,0.99851924,unassigned
6594,0,0,0.9617313,unassigned
6595,1,0,0.528944,unassigned
6596,2,2,0.9964348,unassigned
6597,2,1,0.99337256,unassigned
6598,1,1,0.9975091,unassigned
6599,2,2,0.9997203,unassigned
6600,2,2,0.99884474,unassigned
6601,1,1,0.5426048,unassigned
6602,1,1,0.935794,unassigned
6603,2,2,0.99996567,unassigned
6604,1,1,0.9194441,unassigned
6605,0,0,0.99936706,unassigned
6606,1,1,0.9237436,unassigned
6607,1,1,0.99115926,unassigned
6608,2,1,0.50326556,unassigned
6609,2,1,0.4870898,unassigned
6610,1,1,0.9915228,unassigned
6611,1,1,0.9996314,unassigned
6612,2,2,0.99283904,unassigned
6613,0,0,0.9992136,unassigned
6614,1,1,0.9879893,unassigned
6615,2,2,0.99856937,unassigned
6616,2,2,0.91200656,unassigned
6617,2,2,0.99831414,unassigned
6618,2,2,0.9990606,unassigned
6619,2,1,0.9804505,unassigned
6620,2,2,0.99963963,unassigned
6621,1,2,0.5157258,unassigned
6622,2,2,0.7945634,unassigned
6623,2,2,0.9949674,unassigned
6624,2,2,0.9988219,unassigned
6625,1,1,0.8686954,unassigned
6626,2,2,0.9987204,unassigned
6627,1,1,0.9825768,unassigned
6628,1,2,0.90920055,unassigned
6629,0,0,0.99985766,unassigned
6630,2,0,0.9376762,unassigned
6631,1,2,0.96044135,unassigned
6632,0,0,0.82493293,unassigned
6633,0,0,0.5277443,unassigned
6634,0,0,0.999892,unassigned
6635,1,1,0.9995123,unassigned
6636,0,0,0.9995468,unassigned
6637,2,2,0.9814509,unassigned
6638,2,1,0.9438218,unassigned
6639,1,1,0.567011,unassigned
6640,0,1,0.4492145,unassigned
6641,1,2,0.60791844,unassigned
6642,2,2,1.0,unassigned
6643,0,0,0.9081373,unassigned
6644,2,2,0.5501169,unassigned
6645,2,1,0.68432075,unassigned
6646,0,0,0.98766416,unassigned
6647,0,0,0.989786,unassigned
6648,1,1,0.9845686,unassigned
6649,0,2,0.96856135,unassigned
6650,1,1,0.9966737,unassigned
6651,2,2,0.9998759,unassigned
6652,0,0,0.9999187,unassigned
6653,0,0,0.99640155,unassigned
6654,1,1,0.97570735,unassigned
6655,0,2,0.95327973,unassigned
6656,1,1,0.99422437,unassigned
6657,1,1,0.548135,unassigned
6658,2,1,0.5399389,unassigned
6659,2,2,0.88543063,unassigned
6660,1,1,0.9519805,unassigned
6661,0,0,0.97450113,unassigned
6662,1,2,0.8265442,unassigned
6663,1,1,0.83988667,unassigned
6664,2,2,0.983054,unassigned
6665,0,0,0.99935156,unassigned
6666,0,0,0.9950263,unassigned
6667,2,2,0.9944547,unassigned
6668,2,2,0.9998115,unassigned
6669,0,0,0.878923,unassigned
6670,2,2,0.9283827,unassigned
6671,1,1,0.5814316,unassigned
6672,2,2,0.99846774,unassigned
6673,2,2,0.95426375,unassigned
6674,1,1,0.7183699,unassigned
6675,2,2,0.9990885,unassigned
6676,1,2,0.76451445,unassigned
6677,2,1,0.6876986,unassigned
6678,1,1,0.82030356,unassigned
6679,1,1,0.9965958,unassigned
6680,2,2,0.96802694,unassigned
6681,2,2,0.95753247,unassigned
6682,1,1,0.8910148,unassigned
6683,2,2,0.72186077,unassigned
6684,1,1,0.997979,unassigned
6685,1,1,0.7185907,unassigned
6686,1,0,0.8487914,unassigned
6687,0,0,0.9986659,unassigned
6688,1,1,0.9903776,unassigned
6689,2,0,0.9647809,unassigned
6690,1,1,0.6777056,unassigned
6691,1,1,0.9505951,unassigned
6692,2,2,0.99885166,unassigned
6693,2,1,0.5121381,unassigned
6694,2,2,0.99081224,unassigned
6695,1,1,0.98737866,unassigned
6696,2,1,0.8984711,unassigned
6697,2,2,0.9999999,unassigned
6698,2,2,0.8297645,unassigned
6699,1,1,0.8819851,unassigned
6700,1,1,0.75082076,unassigned
6701,1,2,0.6371541,unassigned
6702,0,1,0.6277197,unassigned
6703,1,1,0.977234,unassigned
6704,1,1,0.98975134,unassigned
6705,0,0,0.7752932,unassigned
6706,0,0,0.99999344,unassigned
6707,1,1,0.9231681,unassigned
6708,1,1,0.9663745,unassigned
6709,2,2,0.99804306,unassigned
6710,0,2,0.5395526,unassigned
6711,1,2,0.6094772,unassigned
6712,1,2,0.86172795,unassigned
6713,1,2,0.8816694,unassigned
6714,2,2,0.99946004,unassigned
6715,1,1,0.8960374,unassigned
6716,2,2,0.99549437,unassigned
6717,0,2,0.9977877,unassigned
6718,1,1,0.95871097,unassigned
6719,1,1,0.9869839,unassigned
6720,2,2,0.9999957,unassigned
6721,2,2,0.9999956,unassigned
6722,1,1,0.97952396,unassigned
6723,1,1,0.8443112,unassigned
6724,2,2,0.99876946,unassigned
6725,1,1,0.999861,unassigned
6726,2,2,0.99972266,unassigned
6727,2,2,0.9989042,unassigned
6728,2,2,0.99972683,unassigned
6729,2,2,0.9997863,unassigned
6730,2,2,0.982646,unassigned
6731,1,1,0.99209845,unassigned
6732,2,2,0.99960524,unassigned
6733,1,1,0.9997197,unassigned
6734,2,0,0.7782312,unassigned
6735,2,2,0.986315,unassigned
6736,0,0,0.9577361,unassigned
6737,1,1,0.72343165,unassigned
6738,2,2,0.9684134,unassigned
6739,0,0,0.98289627,unassigned
6740,2,2,0.9983809,unassigned
6741,1,1,0.8420511,unassigned
6742,1,1,0.9940824,unassigned
6743,2,0,0.9976255,unassigned
6744,2,2,0.65265745,unassigned
6745,0,0,0.99788564,unassigned
6746,1,0,0.5719149,unassigned
6747,1,1,0.9498666,unassigned
6748,1,2,0.59758925,unassigned
6749,2,2,0.99999666,unassigned
6750,2,2,0.9975412,unassigned
6751,2,2,0.9941499,unassigned
6752,0,1,0.7629567,unassigned
6753,1,1,0.99428624,unassigned
6754,1,2,0.8711356,unassigned
6755,0,0,0.99861884,unassigned
6756,1,1,0.6626136,unassigned
6757,2,0,0.5658791,unassigned
6758,1,1,0.9723345,unassigned
6759,1,1,0.9033029,unassigned
6760,2,2,0.9999075,unassigned
6761,2,2,0.99980646,unassigned
6762,2,2,0.73537135,unassigned
6763,1,1,0.99173886,unassigned
6764,2,2,0.99425346,unassigned
6765,1,0,0.8868123,unassigned
6766,0,0,0.9986236,unassigned
6767,1,1,0.8748055,unassigned
6768,0,0,0.9908953,unassigned
6769,1,1,0.9349175,unassigned
6770,0,0,0.7633696,unassigned
6771,2,2,1.0,unassigned
6772,2,2,0.99972934,unassigned
6773,1,1,0.99871457,unassigned
6774,2,0,0.9969748,unassigned
6775,2,2,0.99906904,unassigned
6776,2,0,0.8173275,unassigned
6777,2,2,0.99999976,unassigned
6778,0,0,0.9984812,unassigned
6779,2,2,0.9961661,unassigned
6780,0,0,0.9999603,unassigned
6781,0,1,0.9637361,unassigned
6782,0,0,0.9999114,unassigned
6783,0,0,0.99535096,unassigned
6784,1,1,0.9737757,unassigned
6785,0,0,0.9987437,unassigned
6786,2,2,0.9999391,unassigned
6787,1,1,0.9409101,unassigned
6788,0,0,0.9999968,unassigned
6789,1,1,0.9966118,unassigned
6790,1,1,0.9925781,unassigned
6791,2,2,0.99865294,unassigned
6792,0,1,0.56337637,unassigned
6793,2,2,0.9836211,unassigned
6794,1,1,0.99999845,unassigned
6795,2,2,0.49898973,unassigned
6796,1,2,0.5149079,unassigned
6797,2,1,0.863669,unassigned
6798,2,2,0.6315871,unassigned
6799,2,2,0.5388338,unassigned
6800,2,2,0.9926883,unassigned
6801,2,2,0.9941658,unassigned
6802,1,0,0.998575,unassigned
6803,0,0,0.9999869,unassigned
6804,1,1,0.98348814,unassigned
6805,2,2,0.9982666,unassigned
6806,2,2,0.99985576,unassigned
6807,2,1,0.82110155,unassigned
6808,1,1,0.70369,unassigned
6809,2,2,0.9997416,unassigned
6810,2,0,0.766553,unassigned
6811,2,2,0.9999671,unassigned
6812,1,2,0.94296104,unassigned
6813,2,2,0.9160367,unassigned
6814,2,2,0.61359954,unassigned
6815,1,1,0.9457483,unassigned
6816,1,1,0.9861057,unassigned
6817,1,1,0.8795868,unassigned
6818,2,0,0.88821256,unassigned
6819,1,1,0.6738522,unassigned
6820,2,2,0.99921906,unassigned
6821,1,1,0.98148996,unassigned
6822,0,0,0.9987445,unassigned
6823,2,2,0.9974974,unassigned
6824,0,2,0.8751211,unassigned
6825,2,2,0.9912752,unassigned
6826,0,0,0.9998381,unassigned
6827,2,1,0.9768422,unassigned
6828,2,2,0.99983716,unassigned
6829,0,0,0.9950677,unassigned
6830,0,0,0.99992335,unassigned
6831,0,0,0.99997425,unassigned
6832,1,1,0.8663178,unassigned
6833,0,0,0.9999974,unassigned
6834,2,2,0.9985827,unassigned
6835,1,1,0.8849853,unassigned
6836,1,1,0.98896325,unassigned
6837,0,1,0.9154461,unassigned
6838,2,2,0.99999785,unassigned
6839,2,2,0.99997675,unassigned
6840,2,2,0.97193086,unassigned
6841,1,1,0.8281102,unassigned
6842,0,0,0.999496,unassigned
6843,0,2,0.5795575,unassigned
6844,1,1,0.65289927,unassigned
6845,1,1,0.69831616,unassigned
6846,1,2,0.86488235,unassigned
6847,1,1,0.8566182,unassigned
6848,1,1,0.96220976,unassigned
6849,2,2,0.8516847,unassigned
6850,2,2,0.99932456,unassigned
6851,0,1,0.90038484,unassigned
6852,2,2,0.99991596,unassigned
6853,1,1,0.7184124,unassigned
6854,1,1,0.9419635,unassigned
6855,2,2,0.969491,unassigned
6856,2,0,0.8181441,unassigned
6857,1,1,0.99966073,unassigned
6858,1,1,0.8510353,unassigned
6859,0,0,0.92863244,unassigned
6860,0,0,0.53027093,unassigned
6861,2,2,0.9999945,unassigned
6862,1,1,0.93440855,unassigned
6863,0,0,0.99968076,unassigned
6864,0,0,0.99812657,unassigned
6865,2,2,0.99995136,unassigned
6866,1,1,0.9995778,unassigned
6867,0,0,0.9999958,unassigned
6868,1,2,0.90111566,unassigned
6869,2,1,0.7728292,unassigned
6870,2,2,0.9985536,unassigned
6871,1,1,0.9641359,unassigned
6872,2,0,0.75758684,unassigned
6873,1,1,0.98616296,unassigned
6874,2,2,0.8538482,unassigned
6875,2,2,0.9931625,unassigned
6876,2,2,0.99834025,unassigned
6877,0,0,0.9885731,unassigned
6878,0,0,0.62002045,unassigned
6879,2,2,0.9922502,unassigned
6880,1,1,0.90568554,unassigned
6881,1,2,0.55836105,unassigned
6882,0,0,0.96761507,unassigned
6883,1,1,0.6518814,unassigned
6884,2,2,0.9971836,unassigned
6885,1,2,0.5446369,unassigned
6886,2,2,0.99187523,unassigned
6887,0,1,0.66672045,unassigned
6888,2,2,0.9966439,unassigned
6889,1,1,0.9994205,unassigned
6890,1,0,0.5244193,unassigned
6891,0,0,0.9971885,unassigned
6892,2,1,0.70174396,unassigned
6893,0,0,0.99823016,unassigned
6894,2,2,0.9992843,unassigned
6895,1,1,0.9430574,unassigned
6896,0,0,0.9999964,unassigned
6897,2,2,0.95631844,unassigned
6898,1,1,0.9625823,unassigned
6899,2,2,0.9976019,unassigned
6900,1,2,0.9819412,unassigned
6901,2,2,0.8886787,unassigned
6902,0,0,0.9999994,unassigned
6903,1,1,0.9760548,unassigned
6904,1,1,0.8620116,unassigned
6905,1,1,0.99560827,unassigned
6906,1,1,0.79127234,unassigned
6907,0,0,1.0,unassigned
6908,0,0,0.6307128,unassigned
6909,2,0,0.99988437,unassigned
6910,2,2,0.7293005,unassigned
6911,2,1,0.9695858,unassigned
6912,2,1,0.5886578,unassigned
6913,0,0,0.99998844,unassigned
6914,1,2,0.8873765,unassigned
6915,1,0,0.99424225,unassigned
6916,1,2,0.56682754,unassigned
6917,1,1,0.9874499,unassigned
6918,1,1,0.9931005,unassigned
6919,2,2,0.9969476,unassigned
6920,2,2,0.99992764,unassigned
6921,0,0,0.9998305,unassigned
6922,2,2,0.9999155,unassigned
6923,1,1,0.6327417,unassigned
6924,2,2,0.99341846,unassigned
6925,2,2,0.9992507,unassigned
6926,0,0,0.9998616,unassigned
6927,1,1,0.9544525,unassigned
6928,1,1,0.77352357,unassigned
6929,0,0,0.9892736,unassigned
6930,0,2,0.9999993,unassigned
6931,2,2,0.83645564,unassigned
6932,1,1,0.9728168,unassigned
6933,1,1,0.7168975,unassigned
6934,1,1,0.99885523,unassigned
6935,1,1,0.963267,unassigned
6936,2,1,0.8710409,unassigned
6937,2,2,0.99988997,unassigned
6938,2,2,0.9869832,unassigned
6939,2,0,0.9996228,unassigned
6940,0,1,0.6746337,unassigned
6941,2,2,0.9999994,unassigned
6942,0,0,0.99981254,unassigned
6943,2,2,0.9999888,unassigned
6944,2,1,0.58641344,unassigned
6945,0,1,0.9938612,unassigned
6946,0,0,0.9323949,unassigned
6947,2,2,0.99998426,unassigned
6948,2,0,0.94076955,unassigned
6949,0,0,0.99999464,unassigned
6950,1,0,0.517001,unassigned
6951,2,2,0.9509426,unassigned
6952,2,2,0.6280118,unassigned
6953,1,1,0.9983835,unassigned
6954,2,2,0.9999831,unassigned
6955,2,1,0.3863953,unassigned
6956,2,1,0.8900912,unassigned
6957,1,2,0.58581746,unassigned
6958,1,1,0.99176264,unassigned
6959,1,2,0.9232489,unassigned
6960,1,1,0.9930843,unassigned
6961,2,0,0.99128646,unassigned
6962,1,1,0.999985,unassigned
6963,2,2,0.97215176,unassigned
6964,2,1,0.9840152,unassigned
6965,2,2,0.9993648,unassigned
6966,2,0,0.91871023,unassigned
6967,2,1,0.5048401,unassigned
6968,1,1,0.99881375,unassigned
6969,1,1,0.99019027,unassigned
6970,0,0,0.991265,unassigned
6971,2,2,0.9966912,unassigned
6972,1,1,0.9990214,unassigned
6973,0,0,0.85493505,unassigned
6974,1,1,0.99782324,unassigned
6975,1,1,0.98276836,unassigned
6976,2,0,0.94227946,unassigned
6977,1,1,0.99947613,unassigned
6978,1,1,0.994909,unassigned
6979,1,1,0.9727759,unassigned
6980,2,2,0.99927837,unassigned
6981,0,0,0.9999913,unassigned
6982,0,0,0.99812096,unassigned
6983,2,2,0.9919572,unassigned
6984,2,2,0.9508148,unassigned
6985,2,2,0.99402905,unassigned
6986,1,1,0.99809986,unassigned
6987,0,0,0.99664956,unassigned
6988,2,2,0.99999607,unassigned
6989,1,2,0.5148722,unassigned
6990,0,0,0.9905014,unassigned
6991,2,2,0.9984871,unassigned
6992,2,2,0.9999989,unassigned
6993,0,0,0.99874914,unassigned
6994,1,1,0.99910235,unassigned
6995,1,1,0.7948845,unassigned
6996,2,2,0.9999927,unassigned
6997,1,1,0.95621276,unassigned
6998,2,2,0.775018,unassigned
6999,2,2,0.98508346,unassigned
7000,1,0,0.95363975,unassigned
7001,2,1,0.991619,unassigned
7002,0,0,0.98225534,unassigned
7003,1,2,0.5639188,unassigned
7004,1,0,0.71232826,unassigned
7005,0,0,0.98754543,unassigned
7006,2,2,0.99955076,unassigned
7007,2,2,0.99855477,unassigned
7008,1,0,0.9212254,unassigned
7009,2,2,0.995477,unassigned
7010,1,1,0.99999857,unassigned
7011,2,1,0.9270697,unassigned
7012,1,1,0.95671004,unassigned
7013,1,0,0.9353522,unassigned
7014,2,2,0.9984212,unassigned
7015,0,0,0.9211646,unassigned
7016,2,2,0.99993885,unassigned
7017,2,2,0.94986635,unassigned
7018,2,2,0.9999999,unassigned
7019,0,0,0.57837564,unassigned
7020,1,2,0.88356334,unassigned
7021,2,2,1.0,unassigned
7022,1,2,0.744555,unassigned
7023,1,1,0.9981444,unassigned
7024,2,2,0.9194044,unassigned
7025,1,0,0.6891117,unassigned
7026,2,2,0.99269813,unassigned
7027,2,2,0.9995302,unassigned
7028,1,0,0.60837424,unassigned
7029,2,1,0.64425653,unassigned
7030,1,1,0.8275226,unassigned
7031,0,0,0.9649425,unassigned
7032,0,2,0.99937785,unassigned
7033,1,1,0.93505055,unassigned
7034,0,0,0.9999509,unassigned
7035,1,0,0.9725565,unassigned
7036,1,1,0.6823419,unassigned
7037,2,2,0.5304207,unassigned
7038,2,2,0.9989648,unassigned
7039,1,1,0.95785373,unassigned
7040,2,2,0.9952675,unassigned
7041,2,2,0.9577183,unassigned
7042,2,2,0.699729,unassigned
7043,1,1,0.95096016,unassigned
7044,2,2,0.92033905,unassigned
7045,0,0,0.95492136,unassigned
7046,1,0,0.93061763,unassigned
7047,1,1,0.5799928,unassigned
7048,1,1,0.90744954,unassigned
7049,1,1,0.87878984,unassigned
7050,2,2,0.99937135,unassigned
7051,2,2,0.96967983,unassigned
7052,1,1,0.9311417,unassigned
7053,0,0,0.66439223,unassigned
7054,1,2,0.99537635,unassigned
7055,0,0,0.999984,unassigned
7056,0,0,1.0,unassigned
7057,1,0,0.98423034,unassigned
7058,1,1,0.66061366,unassigned
7059,2,1,0.99353975,unassigned
7060,1,1,0.9995085,unassigned
7061,0,0,0.9998503,unassigned
7062,1,0,0.9990238,unassigned
7063,2,2,0.99941885,unassigned
7064,1,1,0.9945933,unassigned
7065,1,1,0.99058235,unassigned
7066,1,1,0.98573273,unassigned
7067,1,1,0.985565,unassigned
7068,0,0,0.91067153,unassigned
7069,2,2,0.93916094,unassigned
7070,1,1,0.95429444,unassigned
7071,2,2,0.9941454,unassigned
7072,1,2,0.99656314,unassigned
7073,1,1,0.98258144,unassigned
7074,1,1,0.99893135,unassigned
7075,1,1,0.96131516,unassigned
7076,0,0,0.9998722,unassigned
7077,2,2,0.9993895,unassigned
7078,1,1,0.9941386,unassigned
7079,2,2,0.9923471,unassigned
7080,1,1,0.8872033,unassigned
7081,2,2,0.9946991,unassigned
7082,1,1,0.9728506,unassigned
7083,2,2,0.994719,unassigned
7084,0,0,0.9985794,unassigned
7085,0,0,0.99990094,unassigned
7086,2,0,0.9904218,unassigned
7087,1,1,0.5753163,unassigned
7088,2,2,0.9999491,unassigned
7089,2,1,0.9103154,unassigned
7090,1,2,0.6029059,unassigned
7091,1,1,0.57707053,unassigned
7092,1,1,0.58570796,unassigned
7093,2,2,0.98551154,unassigned
7094,2,2,0.9999726,unassigned
7095,2,2,0.9999583,unassigned
7096,2,2,0.99987185,unassigned
7097,2,2,0.99925655,unassigned
7098,1,1,0.85011077,unassigned
7099,0,0,0.9994363,unassigned
7100,2,2,0.9999794,unassigned
7101,1,0,0.9666383,unassigned
7102,2,2,0.9999858,unassigned
7103,2,2,0.9995739,unassigned
7104,1,2,0.96507996,unassigned
7105,0,0,0.9996038,unassigned
7106,2,1,0.712703,unassigned
7107,0,0,0.9999057,unassigned
7108,1,1,0.9980757,unassigned
7109,0,0,0.9775054,unassigned
7110,0,0,1.0,unassigned
7111,0,0,0.99992144,unassigned
7112,2,2,0.99998033,unassigned
7113,2,2,0.9998765,unassigned
7114,2,1,0.8167752,unassigned
7115,2,2,1.0,unassigned
7116,2,2,0.9971405,unassigned
7117,1,1,0.89349467,unassigned
7118,2,1,0.94066113,unassigned
7119,1,2,0.57145476,unassigned
7120,1,1,0.8983818,unassigned
7121,0,0,0.9999976,unassigned
7122,2,2,0.79796076,unassigned
7123,2,2,0.9999938,unassigned
7124,2,2,0.9998293,unassigned
7125,2,2,0.9989767,unassigned
7126,0,0,0.99624133,unassigned
7127,1,1,0.91105616,unassigned
7128,2,0,0.67090225,unassigned
7129,2,0,0.85783684,unassigned
7130,0,0,0.5841737,unassigned
7131,1,1,0.8956052,unassigned
7132,1,1,0.9947811,unassigned
7133,1,1,0.9732588,unassigned
7134,1,2,0.7128397,unassigned
7135,0,0,0.99760723,unassigned
7136,2,2,0.9999999,unassigned
7137,2,2,0.77682185,unassigned
7138,1,2,0.9159602,unassigned
7139,1,1,0.93654674,unassigned
7140,1,1,0.9850353,unassigned
7141,0,0,0.9690717,unassigned
7142,1,1,0.9877407,unassigned
7143,1,1,0.9959168,unassigned
7144,0,0,0.8182748,unassigned
7145,0,0,0.99968064,unassigned
7146,2,2,0.9931728,unassigned
7147,1,1,0.9847969,unassigned
7148,1,1,0.9877439,unassigned
7149,0,0,0.57371116,unassigned
7150,2,2,0.9998895,unassigned
7151,1,1,0.89416826,unassigned
7152,1,1,0.9169369,unassigned
7153,0,0,0.9993026,unassigned
7154,2,2,0.9996557,unassigned
7155,1,2,0.5905054,unassigned
7156,2,2,0.9977385,unassigned
7157,2,2,0.9999987,unassigned
7158,0,0,0.99999785,unassigned
7159,0,0,0.9691761,unassigned
7160,0,0,0.99851316,unassigned
7161,0,0,0.9897848,unassigned
7162,0,0,0.8699255,unassigned
7163,1,2,0.68416226,unassigned
7164,2,2,0.7512229,unassigned
7165,0,0,0.9990245,unassigned
7166,2,2,0.99947804,unassigned
7167,1,1,0.91467124,unassigned
7168,1,2,0.98624927,unassigned
7169,2,2,0.9922198,unassigned
7170,2,0,0.98629665,unassigned
7171,2,2,0.9991345,unassigned
7172,0,2,0.9932719,unassigned
7173,2,2,0.9999924,unassigned
7174,1,1,0.9774035,unassigned
7175,1,1,0.77661896,unassigned
7176,2,2,0.99888164,unassigned
7177,2,2,0.98984855,unassigned
7178,0,0,0.81318396,unassigned
7179,1,1,0.6693884,unassigned
7180,1,1,0.98211974,unassigned
7181,1,0,0.8918025,unassigned
7182,2,2,0.9304375,unassigned
7183,2,2,0.49252263,unassigned
7184,2,2,0.9220224,unassigned
7185,2,2,0.9978186,unassigned
7186,1,1,0.9883277,unassigned
7187,1,1,0.94253707,unassigned
7188,2,2,0.9991007,unassigned
7189,1,1,0.7607445,unassigned
7190,2,2,0.9998306,unassigned
7191,1,1,0.99841,unassigned
7192,1,2,0.53056854,unassigned
7193,2,2,0.9995833,unassigned
7194,1,1,0.9948702,unassigned
7195,2,2,0.9999894,unassigned
7196,2,1,0.567163,unassigned
7197,2,2,0.998555,unassigned
7198,2,2,0.99546176,unassigned
7199,2,2,0.9999908,unassigned
7200,1,1,0.96537393,unassigned
7201,1,2,0.9558823,unassigned
7202,1,0,0.9057524,unassigned
7203,1,1,0.92638826,unassigned
7204,2,2,0.9946737,unassigned
7205,1,1,0.99700254,unassigned
7206,1,1,0.63953644,unassigned
7207,0,0,0.9933908,unassigned
7208,2,1,0.73428476,unassigned
7209,0,0,0.9996151,unassigned
7210,1,1,0.9772639,unassigned
7211,1,1,0.9593308,unassigned
7212,2,0,0.52754277,unassigned
7213,2,1,0.6657023,unassigned
7214,0,0,0.9980317,unassigned
7215,2,2,0.9999999,unassigned
7216,1,1,0.6058121,unassigned
7217,1,1,0.9616454,unassigned
7218,2,2,0.9999864,unassigned
7219,2,2,0.85782313,unassigned
7220,1,1,0.56771845,unassigned
7221,2,2,0.9998605,unassigned
7222,2,2,0.9999995,unassigned
7223,2,2,0.99808514,unassigned
7224,0,0,0.9999918,unassigned
7225,0,0,0.99998033,unassigned
7226,1,1,0.83191407,unassigned
7227,2,0,0.5790755,unassigned
7228,0,0,0.9999999,unassigned
7229,2,2,0.7775832,unassigned
7230,2,2,0.9855883,unassigned
7231,1,1,0.983941,unassigned
7232,2,2,0.9998018,unassigned
7233,2,2,0.9971812,unassigned
7234,0,0,0.68104607,unassigned
7235,2,2,0.8617307,unassigned
7236,2,2,0.84461296,unassigned
7237,0,0,0.9864275,unassigned
7238,2,2,0.9990357,unassigned
7239,1,1,0.90571225,unassigned
7240,2,2,0.99990964,unassigned
7241,2,2,0.9999709,unassigned
7242,1,1,0.6409423,unassigned
7243,1,1,0.995782,unassigned
7244,1,1,0.95833695,unassigned
7245,1,1,0.98661894,unassigned
7246,2,1,0.8850411,unassigned
7247,1,1,0.92963284,unassigned
7248,2,1,0.60244435,unassigned
7249,1,0,0.9981505,unassigned
7250,2,2,0.99995553,unassigned
7251,2,0,0.44452858,unassigned
7252,1,1,0.71835923,unassigned
7253,2,0,0.5411732,unassigned
7254,2,2,0.90058357,unassigned
7255,2,2,0.9950187,unassigned
7256,1,1,0.8537381,unassigned
7257,2,2,0.9975313,unassigned
7258,0,0,0.9999995,unassigned
7259,0,0,0.64620644,unassigned
7260,1,1,0.96584266,unassigned
7261,0,0,0.9950787,unassigned
7262,1,1,0.9880607,unassigned
7263,2,0,0.8782079,unassigned
7264,1,1,0.95663077,unassigned
7265,2,2,0.99998355,unassigned
7266,2,2,0.99839133,unassigned
7267,1,0,0.9994536,unassigned
7268,2,1,0.860146,unassigned
7269,1,1,0.6379393,unassigned
7270,2,2,0.9773767,unassigned
7271,1,1,0.99097955,unassigned
7272,1,1,0.9974232,unassigned
7273,2,2,0.99998236,unassigned
7274,2,2,0.9998456,unassigned
7275,2,1,0.95189005,unassigned
7276,1,1,0.9831012,unassigned
7277,1,1,0.873119,unassigned
7278,2,1,0.5981523,unassigned
7279,0,2,0.91303426,unassigned
7280,0,0,0.9844789,unassigned
7281,1,1,0.91351,unassigned
7282,1,1,0.975545,unassigned
7283,2,1,0.6953181,unassigned
7284,2,2,0.99999976,unassigned
7285,1,1,0.7565682,unassigned
7286,2,1,0.9900343,unassigned
7287,1,1,0.99551314,unassigned
7288,2,2,0.86435425,unassigned
7289,2,2,0.9916258,unassigned
7290,2,2,0.99941075,unassigned
7291,2,2,0.8554792,unassigned
7292,2,2,0.93774486,unassigned
7293,2,2,0.9969151,unassigned
7294,2,2,1.0,unassigned
7295,2,0,0.8457703,unassigned
7296,2,2,0.99506676,unassigned
7297,1,0,0.9594494,unassigned
7298,1,1,0.74493164,unassigned
7299,1,1,0.9996018,unassigned
7300,2,1,0.97755677,unassigned
7301,1,1,0.9876753,unassigned
7302,1,2,0.9946262,unassigned
7303,0,0,0.99703825,unassigned
7304,1,2,0.9948907,unassigned
7305,2,2,0.60350055,unassigned
7306,1,1,0.9882024,unassigned
7307,0,2,0.99999595,unassigned
7308,2,1,0.8356698,unassigned
7309,1,1,0.7435381,unassigned
7310,1,1,0.7631995,unassigned
7311,0,0,0.9998443,unassigned
7312,1,1,0.9993487,unassigned
7313,1,1,0.99145585,unassigned
7314,2,2,0.9973895,unassigned
7315,2,2,0.85329247,unassigned
7316,2,2,0.99999595,unassigned
7317,0,1,0.87368965,unassigned
7318,2,2,0.9999491,unassigned
7319,2,2,0.9991228,unassigned
7320,2,2,0.9979602,unassigned
7321,1,1,0.97827464,unassigned
7322,1,0,0.85773253,unassigned
7323,1,2,0.9201765,unassigned
7324,2,2,0.98563147,unassigned
7325,0,0,0.87655514,unassigned
7326,1,1,0.99784863,unassigned
7327,2,2,0.8591744,unassigned
7328,1,0,0.4264757,unassigned
7329,2,2,0.9085887,unassigned
7330,1,1,0.97539324,unassigned
7331,2,2,0.55357057,unassigned
7332,2,2,0.99450976,unassigned
7333,1,1,0.9861683,unassigned
7334,2,2,0.9101316,unassigned
7335,2,2,0.9998869,unassigned
7336,2,2,0.9999999,unassigned
7337,2,2,0.9435343,unassigned
7338,2,2,0.9999317,unassigned
7339,0,0,0.96371895,unassigned
7340,2,2,0.9259784,unassigned
7341,2,0,0.95194006,unassigned
7342,1,1,0.9985372,unassigned
7343,2,2,0.98949766,unassigned
7344,1,2,0.9762112,unassigned
7345,2,1,0.76478547,unassigned
7346,1,0,0.9896618,unassigned
7347,0,0,0.99979025,unassigned
7348,2,0,0.69477683,unassigned
7349,0,0,0.98374075,unassigned
7350,2,2,0.5886969,unassigned
7351,1,1,0.8168701,unassigned
7352,1,1,0.99565375,unassigned
7353,1,1,0.71044755,unassigned
7354,0,1,0.87812775,unassigned
7355,1,1,0.97358626,unassigned
7356,0,0,0.9999732,unassigned
7357,0,0,0.9999201,unassigned
7358,0,0,0.99999845,unassigned
7359,1,2,0.85271364,unassigned
7360,0,0,0.9989593,unassigned
7361,2,1,0.9247947,unassigned
7362,0,0,0.9999356,unassigned
7363,1,1,0.9682226,unassigned
7364,2,2,0.9996965,unassigned
7365,1,1,0.94949585,unassigned
7366,0,1,0.67540115,unassigned
7367,2,0,0.99723756,unassigned
7368,2,2,0.562843,unassigned
7369,2,2,0.98173505,unassigned
7370,2,2,0.8401324,unassigned
7371,2,1,0.97259897,unassigned
7372,2,2,0.9975708,unassigned
7373,0,2,0.9987509,unassigned
7374,0,0,0.9019863,unassigned
7375,0,0,0.9994979,unassigned
7376,1,1,0.95263183,unassigned
7377,1,2,0.96557325,unassigned
7378,2,2,0.99992263,unassigned
7379,1,1,0.9924368,unassigned
7380,1,2,0.52622116,unassigned
7381,2,2,0.99987435,unassigned
7382,1,0,0.9674704,unassigned
7383,2,0,0.98138684,unassigned
7384,0,0,0.93658584,unassigned
7385,2,1,0.72236735,unassigned
7386,1,1,0.9602684,unassigned
7387,1,1,0.9989373,unassigned
7388,2,2,0.9964095,unassigned
7389,2,2,0.9752552,unassigned
7390,2,1,0.6248439,unassigned
7391,1,1,0.9602288,unassigned
7392,1,1,0.99977845,unassigned
7393,2,2,0.9999894,unassigned
7394,1,1,0.77957976,unassigned
7395,0,2,0.6763475,unassigned
7396,2,2,0.91333854,unassigned
7397,1,1,0.83472997,unassigned
7398,0,0,0.9997688,unassigned
7399,2,2,0.99935335,unassigned
7400,1,1,0.9982408,unassigned
7401,1,0,0.50159514,unassigned
7402,2,2,0.9522029,unassigned
7403,2,2,0.8691503,unassigned
7404,1,1,0.9802879,unassigned
7405,0,0,0.99666375,unassigned
7406,2,2,0.9981021,unassigned
7407,1,1,0.98007166,unassigned
7408,2,2,0.99996185,unassigned
7409,2,2,0.8346341,unassigned
7410,0,0,0.99999154,unassigned
7411,0,0,0.9898179,unassigned
7412,1,1,0.94359803,unassigned
7413,2,1,0.64119595,unassigned
7414,1,1,0.58788526,unassigned
7415,1,1,0.9325029,unassigned
7416,0,0,0.9278158,unassigned
7417,2,0,0.59212977,unassigned
7418,1,1,0.9986343,unassigned
7419,1,1,0.98569506,unassigned
7420,0,0,0.9688825,unassigned
7421,2,0,0.8622954,unassigned
7422,1,1,0.75965565,unassigned
7423,1,1,0.9608202,unassigned
7424,1,1,0.9166319,unassigned
7425,1,2,0.9577459,unassigned
7426,2,2,0.8918049,unassigned
7427,2,1,0.9984237,unassigned
7428,2,0,0.9620003,unassigned
7429,1,0,0.7104178,unassigned
7430,0,0,0.99455875,unassigned
7431,0,0,0.94595456,unassigned
7432,2,0,0.7116743,unassigned
7433,0,0,0.9989384,unassigned
7434,2,1,0.98801875,unassigned
7435,1,1,0.9252435,unassigned
7436,2,1,0.52326024,unassigned
7437,0,1,0.9649031,unassigned
7438,2,2,1.0,unassigned
7439,1,1,0.6114712,unassigned
7440,1,1,0.99795663,unassigned
7441,1,0,0.54943043,unassigned
7442,1,1,0.74607795,unassigned
7443,1,1,0.64670753,unassigned
7444,2,2,0.9995659,unassigned
7445,1,1,0.9863344,unassigned
7446,2,2,0.9912208,unassigned
7447,0,0,0.99961436,unassigned
7448,1,1,0.9769926,unassigned
7449,0,0,0.9999764,unassigned
7450,0,0,0.99967134,unassigned
7451,2,1,0.85097146,unassigned
7452,1,1,0.99807596,unassigned
7453,1,1,0.99053127,unassigned
7454,1,0,0.6037024,unassigned
7455,0,2,0.60562617,unassigned
7456,1,1,0.9999852,unassigned
7457,0,0,0.9587157,unassigned
7458,1,1,0.8841075,unassigned
7459,0,0,0.9821977,unassigned
7460,2,2,0.9773638,unassigned
7461,2,2,0.98049015,unassigned
7462,2,2,0.9840816,unassigned
7463,2,2,0.9997725,unassigned
7464,2,2,0.9888221,unassigned
7465,2,0,0.5731274,unassigned
7466,1,1,0.98112994,unassigned
7467,1,1,0.53075147,unassigned
7468,2,2,0.99616086,unassigned
7469,2,2,0.7043659,unassigned
7470,1,1,0.50903624,unassigned
7471,2,2,0.99746084,unassigned
7472,1,2,0.61586684,unassigned
7473,1,1,0.98952276,unassigned
7474,0,0,0.99125236,unassigned
7475,1,1,0.92936474,unassigned
7476,2,2,0.9997484,unassigned
7477,1,2,0.9952207,unassigned
7478,0,0,0.9997634,unassigned
7479,2,2,0.9979475,unassigned
7480,0,0,1.0,unassigned
7481,2,2,0.8841257,unassigned
7482,2,2,0.94462293,unassigned
7483,2,2,0.99876237,unassigned
7484,1,2,0.88462317,unassigned
7485,0,2,0.5548849,unassigned
7486,2,1,0.50245017,unassigned
7487,0,2,0.9395366,unassigned
7488,2,2,0.9970432,unassigned
7489,0,2,0.97053236,unassigned
7490,0,0,0.9973699,unassigned
7491,1,1,0.98958266,unassigned
7492,2,2,0.99389946,unassigned
7493,2,2,0.99994934,unassigned
7494,2,1,0.94883496,unassigned
7495,1,1,0.97613007,unassigned
7496,1,0,0.99043685,unassigned
7497,0,2,0.780571,unassigned
7498,2,2,0.989249,unassigned
7499,1,1,0.7789063,unassigned
7500,1,1,0.8611255,unassigned
7501,0,0,0.99891376,unassigned
7502,2,1,0.54944813,unassigned
7503,0,0,0.9612215,unassigned
7504,2,2,0.9930058,unassigned
7505,2,0,0.9801169,unassigned
7506,2,2,0.988701,unassigned
7507,1,1,0.9731707,unassigned
7508,0,0,0.99874604,unassigned
7509,1,1,0.96813273,unassigned
7510,1,1,0.7638216,unassigned
7511,2,2,0.89610577,unassigned
7512,1,1,0.8077749,unassigned
7513,2,2,0.9952467,unassigned
7514,0,0,0.9539461,unassigned
7515,0,0,0.9482887,unassigned
7516,2,2,0.99993205,unassigned
7517,2,1,0.90007067,unassigned
7518,1,1,0.895603,unassigned
7519,0,2,0.7579675,unassigned
7520,2,1,0.9937943,unassigned
7521,0,0,0.99854124,unassigned
7522,2,2,0.9960079,unassigned
7523,2,2,0.5391255,unassigned
7524,2,2,0.99755496,unassigned
7525,1,1,0.9740133,unassigned
7526,2,2,0.5182177,unassigned
7527,0,1,0.98466104,unassigned
7528,2,2,0.99984515,unassigned
7529,1,1,0.9930265,unassigned
7530,1,1,0.89574033,unassigned
7531,1,1,0.93646884,unassigned
7532,0,0,0.9999981,unassigned
7533,2,2,0.9509816,unassigned
7534,1,1,0.9995654,unassigned
7535,2,2,0.9478434,unassigned
7536,1,1,0.98834795,unassigned
7537,1,1,0.9786621,unassigned
7538,2,2,0.8846202,unassigned
7539,0,0,0.99985874,unassigned
7540,2,2,0.99870884,unassigned
7541,2,1,0.99692434,unassigned
7542,0,0,0.9973538,unassigned
7543,0,0,0.9994916,unassigned
7544,0,0,0.9344402,unassigned
7545,2,2,0.98324996,unassigned
7546,2,2,0.99142563,unassigned
7547,1,1,0.9803547,unassigned
7548,1,1,0.9507308,unassigned
7549,1,1,0.9940799,unassigned
7550,1,1,0.9585283,unassigned
7551,0,0,0.65176743,unassigned
7552,0,1,0.56117165,unassigned
7553,1,0,0.99912614,unassigned
7554,0,0,0.999519,unassigned
7555,1,1,0.998432,unassigned
7556,2,2,0.9899676,unassigned
7557,0,0,0.99991095,unassigned
7558,2,2,0.99928766,unassigned
7559,0,0,0.8626762,unassigned
7560,2,2,0.99514717,unassigned
7561,0,0,0.5249126,unassigned
7562,2,2,0.9924131,unassigned
7563,2,2,0.9990934,unassigned
7564,1,2,0.6667834,unassigned
7565,1,1,0.9252501,unassigned
7566,1,2,0.9730021,unassigned
7567,2,2,0.99896395,unassigned
7568,2,1,0.6495909,unassigned
7569,0,0,0.99981385,unassigned
7570,0,0,0.9998454,unassigned
7571,1,0,0.9943469,unassigned
7572,2,2,0.9985102,unassigned
7573,2,2,0.981699,unassigned
7574,2,2,0.99949086,unassigned
7575,1,1,0.6629902,unassigned
7576,2,0,0.99951494,unassigned
7577,2,2,0.99969554,unassigned
7578,1,2,0.9938466,unassigned
7579,2,2,0.999881,unassigned
7580,1,1,0.932232,unassigned
7581,0,0,0.9946339,unassigned
7582,2,1,0.96588355,unassigned
7583,0,0,0.6628765,unassigned
7584,1,1,0.99925977,unassigned
7585,2,2,0.8214597,unassigned
7586,2,2,0.8798011,unassigned
7587,2,2,0.78878456,unassigned
7588,1,0,0.99319905,unassigned
7589,1,2,0.65814924,unassigned
7590,1,2,0.9481454,unassigned
7591,1,0,0.97549415,unassigned
7592,0,0,0.99906474,unassigned
7593,0,0,0.99996006,unassigned
7594,2,2,0.99980205,unassigned
7595,0,0,0.9229069,unassigned
7596,1,2,0.91659725,unassigned
7597,0,0,0.91934574,unassigned
7598,1,1,0.99882764,unassigned
7599,0,0,0.99996305,unassigned
7600,2,0,0.9859865,unassigned
7601,1,1,0.57980084,unassigned
7602,1,1,0.9928975,unassigned
7603,0,0,1.0,unassigned
7604,1,1,0.864166,unassigned
7605,0,0,0.9988279,unassigned
7606,1,2,0.7846824,unassigned
7607,1,1,0.58140826,unassigned
7608,1,1,0.5702263,unassigned
7609,2,1,0.8750126,unassigned
7610,0,0,0.9979988,unassigned
7611,1,1,0.8840102,unassigned
7612,1,1,0.6752426,unassigned
7613,1,1,0.7231342,unassigned
7614,1,1,0.88797903,unassigned
7615,1,2,0.4808673,unassigned
7616,1,1,0.827135,unassigned
7617,0,2,0.98147595,unassigned
7618,0,0,0.9484205,unassigned
7619,0,0,0.98813194,unassigned
7620,2,2,0.9999429,unassigned
7621,1,1,0.6509128,unassigned
7622,2,2,0.92092466,unassigned
7623,0,2,0.9874369,unassigned
7624,2,2,0.98481053,unassigned
7625,2,2,0.9871401,unassigned
7626,1,0,0.8648808,unassigned
7627,0,0,0.982567,unassigned
7628,1,1,0.8711353,unassigned
7629,0,2,0.9999578,unassigned
7630,2,2,0.99976605,unassigned
7631,1,2,0.96070534,unassigned
7632,2,1,0.9732281,unassigned
7633,1,1,0.919175,unassigned
7634,1,1,0.78448606,unassigned
7635,2,1,0.993164,unassigned
7636,1,1,0.99998593,unassigned
7637,1,2,0.9614719,unassigned
7638,1,1,0.8173231,unassigned
7639,2,2,0.99998605,unassigned
7640,2,2,0.9998247,unassigned
7641,2,2,0.9983176,unassigned
7642,0,0,0.9915087,unassigned
7643,2,2,0.956178,unassigned
7644,2,2,0.99619305,unassigned
7645,1,1,0.7872131,unassigned
7646,2,1,0.45017123,unassigned
7647,1,1,0.9669659,unassigned
7648,1,1,0.9971527,unassigned
7649,2,2,0.9997683,unassigned
7650,1,1,0.94238245,unassigned
7651,1,1,0.93591833,unassigned
7652,2,2,0.99945754,unassigned
7653,2,2,0.9789397,unassigned
7654,2,2,0.9948419,unassigned
7655,2,1,0.95319414,unassigned
7656,2,0,0.990647,unassigned
7657,2,2,0.7938979,unassigned
7658,2,2,0.6395539,unassigned
7659,2,2,0.99999976,unassigned
7660,2,1,0.4845083,unassigned
7661,0,0,0.9993019,unassigned
7662,0,0,0.99992967,unassigned
7663,1,1,0.9942735,unassigned
7664,0,0,0.99368894,unassigned
7665,2,2,0.9999989,unassigned
7666,2,0,0.99727434,unassigned
7667,2,2,0.7272151,unassigned
7668,2,2,0.99367106,unassigned
7669,1,1,0.9839877,unassigned
7670,1,0,0.5089259,unassigned
7671,2,0,0.9834013,unassigned
7672,2,2,0.93024224,unassigned
7673,2,2,0.999974,unassigned
7674,0,0,0.99976665,unassigned
7675,1,1,0.9698585,unassigned
7676,0,0,0.99905866,unassigned
7677,2,1,0.90830183,unassigned
7678,2,2,0.9854139,unassigned
7679,2,2,0.99602735,unassigned
7680,1,1,0.98758906,unassigned
7681,2,0,0.86337113,unassigned
7682,0,0,0.9964302,unassigned
7683,2,0,0.9885684,unassigned
7684,1,1,0.9909003,unassigned
7685,2,2,0.99713826,unassigned
7686,0,0,0.81373054,unassigned
7687,2,1,0.92240655,unassigned
7688,0,0,0.9983285,unassigned
7689,0,2,0.8435067,unassigned
7690,0,0,0.9996778,unassigned
7691,2,2,0.999969,unassigned
7692,1,1,0.9228086,unassigned
7693,0,0,0.99999106,unassigned
7694,0,2,0.9934936,unassigned
7695,0,0,0.9998053,unassigned
7696,1,0,0.9993266,unassigned
7697,1,1,0.9451845,unassigned
7698,1,0,0.7174057,unassigned
7699,0,0,0.53859854,unassigned
7700,0,0,0.98705614,unassigned
7701,2,0,0.9839886,unassigned
7702,2,0,0.6831367,unassigned
7703,1,1,0.7574511,unassigned
7704,2,2,0.99861956,unassigned
7705,1,2,0.9985434,unassigned
7706,2,2,0.9989691,unassigned
7707,2,0,0.9380288,unassigned
7708,2,2,0.9968027,unassigned
7709,0,1,0.8837145,unassigned
7710,0,0,0.99999845,unassigned
7711,1,1,0.9988527,unassigned
7712,2,2,1.0,unassigned
7713,0,1,0.66848665,unassigned
7714,1,0,0.8752467,unassigned
7715,2,2,0.99927706,unassigned
7716,2,1,1.0,unassigned
7717,1,2,0.94242334,unassigned
7718,0,0,0.99954814,unassigned
7719,1,1,0.9222365,unassigned
7720,1,1,0.9999981,unassigned
7721,2,2,0.9997807,unassigned
7722,2,2,0.7123594,unassigned
7723,2,1,0.73079467,unassigned
7724,1,1,0.998676,unassigned
7725,2,2,0.975371,unassigned
7726,1,2,0.8287707,unassigned
7727,2,2,0.99993885,unassigned
7728,0,0,0.99997306,unassigned
7729,2,0,0.510026,unassigned
7730,1,1,0.8177469,unassigned
7731,1,1,0.6691377,unassigned
7732,1,1,0.75366527,unassigned
7733,2,2,1.0,unassigned
7734,1,0,0.7336692,unassigned
7735,2,2,0.9343388,unassigned
7736,1,1,0.80040807,unassigned
7737,1,1,0.50695735,unassigned
7738,2,2,0.9997906,unassigned
7739,2,1,0.94142544,unassigned
7740,1,1,0.99595344,unassigned
7741,0,2,0.6832441,unassigned
7742,1,1,0.6690492,unassigned
7743,2,2,0.9976362,unassigned
7744,1,1,0.99678975,unassigned
7745,0,0,0.7609387,unassigned
7746,2,2,0.99732226,unassigned
7747,1,0,0.9074228,unassigned
7748,1,1,0.5678433,unassigned
7749,0,0,0.92485994,unassigned
7750,1,0,0.8908587,unassigned
7751,1,1,0.7474541,unassigned
7752,0,0,0.9953857,unassigned
7753,2,1,0.9740071,unassigned
7754,1,1,0.9969093,unassigned
7755,2,2,0.99584264,unassigned
7756,2,2,1.0,unassigned
7757,2,2,0.9992867,unassigned
7758,1,1,0.9965215,unassigned
7759,1,1,0.98928213,unassigned
7760,1,1,0.7173518,unassigned
7761,2,2,0.65777534,unassigned
7762,0,0,0.9166469,unassigned
7763,1,0,0.7476357,unassigned
7764,0,0,0.99999356,unassigned
7765,1,2,0.9882655,unassigned
7766,1,2,0.60033226,unassigned
7767,2,2,0.99900323,unassigned
7768,2,2,0.5372437,unassigned
7769,1,1,0.59813654,unassigned
7770,1,1,0.5052458,unassigned
7771,2,2,0.99952614,unassigned
7772,0,0,0.9997079,unassigned
7773,2,2,0.9353083,unassigned
7774,2,2,0.93652344,unassigned
7775,2,2,0.99999964,unassigned
7776,2,1,0.8505359,unassigned
7777,2,2,0.9810619,unassigned
7778,1,1,0.9120527,unassigned
7779,2,2,0.99937797,unassigned
7780,1,1,0.9941392,unassigned
7781,2,2,0.9778506,unassigned
7782,2,2,0.97071284,unassigned
7783,2,1,0.7229572,unassigned
7784,2,2,1.0,unassigned
7785,2,2,0.9994518,unassigned
7786,1,1,0.984845,unassigned
7787,2,0,0.99424744,unassigned
7788,1,1,0.92533463,unassigned
7789,1,1,0.926183,unassigned
7790,2,2,0.9998945,unassigned
7791,0,0,0.9829889,unassigned
7792,2,2,0.95312005,unassigned
7793,1,1,0.99853384,unassigned
7794,1,0,0.54185957,unassigned
7795,1,1,0.99877805,unassigned
7796,0,0,0.9961324,unassigned
7797,2,2,0.9999578,unassigned
7798,1,1,0.9830766,unassigned
7799,2,2,0.9789402,unassigned
7800,1,1,0.9976332,unassigned
7801,1,0,0.6528042,unassigned
7802,2,2,0.9976646,unassigned
7803,1,1,0.9892457,unassigned
7804,2,2,1.0,unassigned
7805,1,2,0.9780924,unassigned
7806,1,1,0.9762675,unassigned
7807,1,2,0.710519,unassigned
7808,0,0,0.9950276,unassigned
7809,0,0,0.99941313,unassigned
7810,0,0,0.9999665,unassigned
7811,0,0,0.98589283,unassigned
7812,1,0,0.9222282,unassigned
7813,1,1,0.8888013,unassigned
7814,0,0,0.5212686,unassigned
7815,0,0,0.9660722,unassigned
7816,2,2,0.9990589,unassigned
7817,1,1,0.9618455,unassigned
7818,0,0,1.0,unassigned
7819,1,1,0.9216408,unassigned
7820,0,0,0.9937384,unassigned
7821,2,2,1.0,unassigned
7822,2,1,0.6791104,unassigned
7823,1,1,0.9773152,unassigned
7824,2,2,0.9444885,unassigned
7825,2,2,0.7845493,unassigned
7826,2,0,0.9830729,unassigned
7827,1,1,0.6819407,unassigned
7828,2,2,0.7345948,unassigned
7829,1,1,0.9762249,unassigned
7830,2,2,0.99999964,unassigned
7831,1,0,0.8559557,unassigned
7832,0,0,0.99999845,unassigned
7833,2,2,0.982222,unassigned
7834,2,2,0.99554837,unassigned
7835,1,0,0.9455541,unassigned
7836,2,2,0.9999759,unassigned
7837,0,0,0.9989184,unassigned
7838,1,1,0.99760216,unassigned
7839,2,2,0.95468825,unassigned
7840,2,2,0.61514056,unassigned
7841,1,1,0.9854284,unassigned
7842,2,2,1.0,unassigned
7843,1,1,0.9601319,unassigned
7844,1,1,0.84197766,unassigned
7845,0,2,0.999371,unassigned
7846,0,0,0.9916659,unassigned
7847,2,2,0.98394555,unassigned
7848,2,2,0.9986528,unassigned
7849,0,0,0.99991703,unassigned
7850,1,1,0.9982973,unassigned
7851,1,1,0.9502091,unassigned
7852,0,2,0.97753626,unassigned
7853,2,0,0.96292084,unassigned
7854,1,1,0.9938093,unassigned
7855,0,0,0.9611767,unassigned
7856,2,2,0.9268553,unassigned
7857,2,2,0.9997305,unassigned
7858,2,2,0.5197511,unassigned
7859,1,1,0.9793012,unassigned
7860,1,2,0.8509516,unassigned
7861,0,0,0.9999914,unassigned
7862,1,1,0.9994717,unassigned
7863,2,2,0.9669194,unassigned
7864,1,0,0.728144,unassigned
7865,2,1,0.82365376,unassigned
7866,1,1,0.9248501,unassigned
7867,0,2,0.9998611,unassigned
7868,0,0,0.92441934,unassigned
7869,2,2,0.6386592,unassigned
7870,0,0,0.9978393,unassigned
7871,1,1,0.9472109,unassigned
7872,0,0,0.99989295,unassigned
7873,1,1,0.560005,unassigned
7874,1,1,0.9991036,unassigned
7875,1,1,0.9998828,unassigned
7876,0,0,0.99995995,unassigned
7877,1,1,0.8469968,unassigned
7878,2,1,0.9433291,unassigned
7879,2,0,0.9978259,unassigned
7880,0,0,0.98256,unassigned
7881,2,2,0.8095022,unassigned
7882,1,1,0.994055,unassigned
7883,1,0,0.99998116,unassigned
7884,2,2,0.9995091,unassigned
7885,1,0,0.49363104,unassigned
7886,1,2,0.75201464,unassigned
7887,0,0,0.9967865,unassigned
7888,1,1,0.9950819,unassigned
7889,2,2,0.99407697,unassigned
7890,2,2,0.9935289,unassigned
7891,0,0,1.0,unassigned
7892,2,2,0.9980118,unassigned
7893,1,1,0.9696714,unassigned
7894,0,0,0.99964166,unassigned
7895,1,1,0.96971625,unassigned
7896,0,0,0.9999989,unassigned
7897,1,0,0.7884331,unassigned
7898,0,0,0.99733967,unassigned
7899,2,1,0.5867167,unassigned
7900,2,2,1.0,unassigned
7901,1,1,0.7259109,unassigned
7902,1,1,0.6785455,unassigned
7903,1,1,0.99192834,unassigned
7904,2,2,0.5036533,unassigned
7905,2,1,0.9063376,unassigned
7906,1,1,0.9984079,unassigned
7907,2,1,0.65958923,unassigned
7908,1,1,0.99797386,unassigned
7909,1,0,0.6821682,unassigned
7910,0,0,0.99175197,unassigned
7911,1,0,0.9892758,unassigned
7912,1,2,0.963205,unassigned
7913,1,1,0.98204976,unassigned
7914,1,1,0.9162445,unassigned
7915,1,1,0.9798622,unassigned
7916,1,1,0.8779005,unassigned
7917,1,1,0.9977755,unassigned
7918,2,2,0.962541,unassigned
7919,2,2,0.9987192,unassigned
7920,1,1,0.9449307,unassigned
7921,1,1,0.96235687,unassigned
7922,1,1,0.99716944,unassigned
7923,2,2,0.99212235,unassigned
7924,2,2,0.702747,unassigned
7925,1,1,0.9979982,unassigned
7926,0,2,0.9936813,unassigned
7927,2,2,0.99999905,unassigned
7928,1,1,0.96191293,unassigned
7929,2,2,0.99999905,unassigned
7930,0,0,0.9996592,unassigned
7931,2,2,0.7949219,unassigned
7932,0,0,0.9979037,unassigned
7933,1,1,0.9000592,unassigned
7934,1,0,0.70915544,unassigned
7935,2,2,0.99526125,unassigned
7936,2,2,0.99421775,unassigned
7937,0,0,0.9995254,unassigned
7938,0,0,0.9996979,unassigned
7939,1,1,0.92277795,unassigned
7940,0,0,0.83145446,unassigned
7941,1,1,0.98796064,unassigned
7942,2,2,0.999706,unassigned
7943,1,0,0.546931,unassigned
7944,2,2,0.9997124,unassigned
7945,1,2,0.9935042,unassigned
7946,2,2,0.9946912,unassigned
7947,0,0,0.9965023,unassigned
7948,0,1,0.9665836,unassigned
7949,2,2,0.9975714,unassigned
7950,2,2,0.9995689,unassigned
7951,2,2,0.9368393,unassigned
7952,0,2,0.9998859,unassigned
7953,2,0,0.9924475,unassigned
7954,1,1,0.9293521,unassigned
7955,2,2,0.99989665,unassigned
7956,1,1,0.993005,unassigned
7957,1,1,0.6872194,unassigned
7958,2,2,0.9990276,unassigned
7959,2,0,0.79533845,unassigned
7960,2,0,0.976547,unassigned
7961,2,2,0.99730396,unassigned
7962,2,0,0.7696307,unassigned
7963,1,1,0.8927324,unassigned
7964,1,1,0.87863225,unassigned
7965,2,2,0.94929236,unassigned
7966,0,0,0.9999819,unassigned
7967,1,1,0.74464166,unassigned
7968,2,2,0.99989986,unassigned
7969,1,1,0.87067294,unassigned
7970,1,2,0.91832423,unassigned
7971,1,1,0.99997985,unassigned
7972,2,2,0.9346085,unassigned
7973,1,0,0.5939528,unassigned
7974,1,1,0.9925333,unassigned
7975,1,1,0.7463697,unassigned
7976,1,1,0.9181681,unassigned
7977,1,1,0.94599813,unassigned
7978,1,2,0.97425586,unassigned
7979,0,0,0.9999963,unassigned
7980,1,1,0.99878854,unassigned
7981,1,1,0.9001851,unassigned
7982,1,0,0.6375931,unassigned
7983,1,2,0.999835,unassigned
7984,2,2,0.9154349,unassigned
7985,2,2,0.9660767,unassigned
7986,1,1,0.8066928,unassigned
7987,0,2,0.67423993,unassigned
7988,2,2,0.99972206,unassigned
7989,2,2,0.9992587,unassigned
7990,2,2,0.9623526,unassigned
7991,1,1,0.99728847,unassigned
7992,0,0,0.9999995,unassigned
7993,0,0,0.99999785,unassigned
7994,2,2,1.0,unassigned
7995,2,2,0.999884,unassigned
7996,1,1,0.9924596,unassigned
7997,0,2,0.99986374,unassigned
7998,2,2,0.99087965,unassigned
7999,1,1,0.8407895,unassigned
8000,2,2,0.96039724,unassigned
8001,2,0,0.9923578,unassigned
8002,0,0,0.99163777,unassigned
8003,1,1,0.9644073,unassigned
8004,2,1,0.5972199,unassigned
8005,2,0,0.6952597,unassigned
8006,2,1,0.6216394,unassigned
8007,0,0,0.99750084,unassigned
8008,1,1,0.8740025,unassigned
8009,1,0,0.96604383,unassigned
8010,2,2,0.99999976,unassigned
8011,1,1,0.9979837,unassigned
8012,1,1,0.977416,unassigned
8013,2,2,0.8009738,unassigned
8014,1,2,0.88170683,unassigned
8015,2,2,0.9547334,unassigned
8016,2,2,0.9922925,unassigned
8017,2,2,0.98043996,unassigned
8018,1,2,0.8841574,unassigned
8019,1,0,0.9308775,unassigned
8020,1,2,0.9875299,unassigned
8021,1,1,0.66400385,unassigned
8022,1,1,0.66230685,unassigned
8023,2,2,0.99973816,unassigned
8024,2,2,0.9999995,unassigned
8025,0,0,0.9940976,unassigned
8026,2,2,0.89810187,unassigned
8027,2,0,0.97071654,unassigned
8028,1,0,0.9998399,unassigned
8029,2,2,0.79307085,unassigned
8030,2,2,0.9999999,unassigned
8031,0,0,0.9872097,unassigned
8032,1,1,0.9957644,unassigned
8033,0,0,0.9918094,unassigned
8034,1,2,0.95396864,unassigned
8035,1,2,0.96462184,unassigned
8036,0,2,0.98828375,unassigned
8037,2,1,0.7070461,unassigned
8038,2,2,1.0,unassigned
8039,1,1,0.8123635,unassigned
8040,2,2,0.78689814,unassigned
8041,2,1,0.9920116,unassigned
8042,2,2,0.9830003,unassigned
8043,1,1,0.84093845,unassigned
8044,0,0,0.9999664,unassigned
8045,1,1,0.94861734,unassigned
8046,1,1,0.9669011,unassigned
8047,1,1,0.99686676,unassigned
8048,2,2,0.9241318,unassigned
8049,2,2,0.9937797,unassigned
8050,1,1,0.621131,unassigned
8051,2,2,0.9931805,unassigned
8052,2,1,0.9636781,unassigned
8053,1,1,0.982001,unassigned
8054,0,2,0.8869872,unassigned
8055,1,1,0.9999858,unassigned
8056,1,1,0.8207571,unassigned
8057,2,0,0.9245522,unassigned
8058,1,1,0.9999769,unassigned
8059,2,2,0.9997793,unassigned
8060,1,1,0.9638811,unassigned
8061,2,2,0.87728333,unassigned
8062,1,1,0.9466346,unassigned
8063,0,0,0.9999982,unassigned
8064,2,1,0.9840476,unassigned
8065,0,0,0.953812,unassigned
8066,2,2,0.99740523,unassigned
8067,1,2,0.99821067,unassigned
8068,2,2,0.99933606,unassigned
8069,1,1,0.99251586,unassigned
8070,2,1,0.7608141,unassigned
8071,1,1,0.89785653,unassigned
8072,0,0,0.99952185,unassigned
8073,1,1,0.97707224,unassigned
8074,0,0,0.99905735,unassigned
8075,0,0,0.99560755,unassigned
8076,2,2,0.9498783,unassigned
8077,2,2,0.99987197,unassigned
8078,2,1,0.56982803,unassigned
8079,2,2,0.9928807,unassigned
8080,1,1,0.98410726,unassigned
8081,0,2,0.98736924,unassigned
8082,1,2,0.58880144,unassigned
8083,1,0,0.79228187,unassigned
8084,2,0,0.99782735,unassigned
8085,1,1,0.9794424,unassigned
8086,2,2,0.9963961,unassigned
8087,1,1,0.86466,unassigned
8088,2,2,0.997433,unassigned
8089,2,2,0.99999416,unassigned
8090,1,1,0.8684395,unassigned
8091,1,1,0.99905664,unassigned
8092,1,1,0.6049217,unassigned
8093,1,1,0.99994314,unassigned
8094,2,0,0.903475,unassigned
8095,2,2,0.9991326,unassigned
8096,1,2,0.75002146,unassigned
8097,2,1,0.75486153,unassigned
8098,2,2,0.999329,unassigned
8099,2,2,0.7068519,unassigned
8100,1,1,0.9860037,unassigned
8101,0,0,0.99719137,unassigned
8102,1,1,0.8843526,unassigned
8103,2,2,0.528026,unassigned
8104,2,0,0.65658444,unassigned
8105,1,1,0.90196073,unassigned
8106,2,2,1.0,unassigned
8107,0,2,0.5523203,unassigned
8108,1,1,0.9955041,unassigned
8109,2,2,0.8684654,unassigned
8110,1,1,0.97300905,unassigned
8111,2,2,0.9984596,unassigned
8112,0,0,0.8354035,unassigned
8113,1,1,0.97255635,unassigned
8114,0,0,0.99996126,unassigned
8115,1,1,0.8598349,unassigned
8116,0,2,0.6735516,unassigned
8117,1,1,0.90385413,unassigned
8118,1,1,0.9337324,unassigned
8119,0,0,0.99891055,unassigned
8120,2,2,0.993731,unassigned
8121,1,1,0.8136559,unassigned
8122,2,2,0.9999764,unassigned
8123,1,1,0.9907549,unassigned
8124,1,1,0.9386059,unassigned
8125,1,1,0.60414535,unassigned
8126,2,2,0.99974734,unassigned
8127,0,2,0.99983037,unassigned
8128,2,2,0.99884087,unassigned
8129,2,2,0.99909186,unassigned
8130,0,0,0.99999964,unassigned
8131,1,2,0.7589664,unassigned
8132,1,1,0.97282267,unassigned
8133,1,2,0.99985063,unassigned
8134,1,1,0.7727254,unassigned
8135,0,2,0.9949491,unassigned
8136,1,1,0.99140656,unassigned
8137,0,0,0.9979767,unassigned
8138,0,0,0.9999546,unassigned
8139,2,2,0.99912065,unassigned
8140,2,2,0.8031794,unassigned
8141,1,1,0.96390533,unassigned
8142,0,0,0.98455274,unassigned
8143,0,0,0.9997696,unassigned
8144,0,2,0.9578903,unassigned
8145,1,2,0.86931545,unassigned
8146,0,2,0.99104017,unassigned
8147,1,1,0.9694093,unassigned
8148,2,2,0.54552245,unassigned
8149,2,1,0.79054105,unassigned
8150,2,2,0.98678,unassigned
8151,0,0,0.9999093,unassigned
8152,1,1,0.99281126,unassigned
8153,1,1,0.9983999,unassigned
8154,1,1,0.99487174,unassigned
8155,0,2,0.99906236,unassigned
8156,0,0,0.8961247,unassigned
8157,0,0,0.9997004,unassigned
8158,0,0,0.92717713,unassigned
8159,0,0,0.9989157,unassigned
8160,2,1,0.5532737,unassigned
8161,1,1,0.972204,unassigned
8162,2,2,0.84636587,unassigned
8163,2,2,0.9985299,unassigned
8164,0,0,0.9983083,unassigned
8165,0,1,0.9941467,unassigned
8166,1,1,0.938725,unassigned
8167,1,1,0.9317529,unassigned
8168,2,2,0.99354434,unassigned
8169,2,1,0.9741942,unassigned
8170,0,0,0.9999664,unassigned
8171,0,2,0.9899138,unassigned
8172,2,2,0.9938412,unassigned
8173,2,2,0.9995536,unassigned
8174,1,2,0.96583843,unassigned
8175,2,2,0.9999728,unassigned
8176,1,1,0.9786184,unassigned
8177,2,2,0.90305686,unassigned
8178,2,2,0.8255323,unassigned
8179,0,0,0.7904479,unassigned
8180,2,0,0.99987566,unassigned
8181,1,1,0.9488779,unassigned
8182,2,2,0.996391,unassigned
8183,2,2,0.9968855,unassigned
8184,1,1,0.9168617,unassigned
8185,0,0,0.80297786,unassigned
8186,1,1,0.9918839,unassigned
8187,2,1,0.83612525,unassigned
8188,0,0,0.97077215,unassigned
8189,1,0,0.9957825,unassigned
8190,2,2,0.99959415,unassigned
8191,1,1,0.98039263,unassigned
8192,1,1,0.9899005,unassigned
8193,1,1,0.9763914,unassigned
8194,1,1,0.8168879,unassigned
8195,2,2,0.7804159,unassigned
8196,1,1,0.9610167,unassigned
8197,0,2,0.9639542,unassigned
8198,2,1,0.9998486,unassigned
8199,1,2,0.8875049,unassigned
8200,0,0,0.8151827,unassigned
8201,2,2,0.9950074,unassigned
8202,2,1,0.84322596,unassigned
8203,0,0,0.99587184,unassigned
8204,2,1,0.8718744,unassigned
8205,1,2,0.91153693,unassigned
8206,2,2,0.9899283,unassigned
8207,2,1,0.9747096,unassigned
8208,2,2,0.95441985,unassigned
8209,2,2,0.9991591,unassigned
8210,2,1,0.91298324,unassigned
8211,1,2,0.52153784,unassigned
8212,1,1,0.9889565,unassigned
8213,1,1,0.9644934,unassigned
8214,2,0,0.5020972,unassigned
8215,1,1,0.92245686,unassigned
8216,2,0,0.44312248,unassigned
8217,0,2,0.5172997,unassigned
8218,2,2,0.99988425,unassigned
8219,1,1,0.86539143,unassigned
8220,1,1,0.688182,unassigned
8221,2,2,0.6113997,unassigned
8222,0,0,0.9999981,unassigned
8223,2,1,0.9379524,unassigned
8224,1,1,0.58284116,unassigned
8225,2,1,0.9131708,unassigned
8226,1,2,0.56496036,unassigned
8227,2,1,0.5307573,unassigned
8228,1,1,0.51089865,unassigned
8229,1,1,0.82043505,unassigned
8230,2,2,0.9973341,unassigned
8231,1,2,0.88909966,unassigned
8232,2,0,0.86446685,unassigned
8233,1,1,0.9266796,unassigned
8234,0,0,0.9988502,unassigned
8235,2,2,0.9999206,unassigned
8236,2,2,0.9748443,unassigned
8237,1,2,0.9629597,unassigned
8238,2,2,0.92467123,unassigned
8239,1,1,0.9578953,unassigned
8240,1,1,0.98269457,unassigned
8241,0,0,0.9999678,unassigned
8242,0,0,0.99667287,unassigned
8243,1,2,0.6812527,unassigned
8244,0,0,0.9999465,unassigned
8245,2,2,0.97416013,unassigned
8246,2,2,0.9967765,unassigned
8247,2,2,0.8576332,unassigned
8248,1,1,0.99113125,unassigned
8249,2,2,1.0,unassigned
8250,1,1,0.6731035,unassigned
8251,0,1,0.8296565,unassigned
8252,1,1,0.94263536,unassigned
8253,2,2,0.99974483,unassigned
8254,0,2,0.7047639,unassigned
8255,2,2,0.99998534,unassigned
8256,0,0,0.9993814,unassigned
8257,1,1,0.9939314,unassigned
8258,2,2,0.62977564,unassigned
8259,2,2,0.99956983,unassigned
8260,2,0,0.99997807,unassigned
8261,0,0,0.9995166,unassigned
8262,0,0,0.99971026,unassigned
8263,1,1,0.8552759,unassigned
8264,1,1,0.91086733,unassigned
8265,2,2,0.9531492,unassigned
8266,2,2,0.9916037,unassigned
8267,2,1,0.9857383,unassigned
8268,1,1,0.89600885,unassigned
8269,0,0,0.9938019,unassigned
8270,1,0,0.47631055,unassigned
8271,2,2,0.7520168,unassigned
8272,1,1,0.55986387,unassigned
8273,0,1,0.99964035,unassigned
8274,0,0,0.9991373,unassigned
8275,2,1,0.5157034,unassigned
8276,2,2,0.9997098,unassigned
8277,1,1,0.95261246,unassigned
8278,2,2,0.9996811,unassigned
8279,1,1,0.8688603,unassigned
8280,1,1,0.96434784,unassigned
8281,1,0,0.5671455,unassigned
8282,0,0,0.9933722,unassigned
8283,1,1,0.9968051,unassigned
8284,2,2,0.99223495,unassigned
8285,1,1,0.9661391,unassigned
8286,1,2,0.99409145,unassigned
8287,1,2,0.8617076,unassigned
8288,2,2,0.99690944,unassigned
8289,1,1,0.99841475,unassigned
8290,2,2,0.9972013,unassigned
8291,2,2,1.0,unassigned
8292,2,2,0.9828646,unassigned
8293,2,1,0.9325465,unassigned
8294,1,0,0.7055923,unassigned
8295,2,2,0.9999747,unassigned
8296,2,2,1.0,unassigned
8297,0,0,0.8112051,unassigned
8298,0,0,0.9992648,unassigned
8299,2,1,0.6156967,unassigned
8300,2,2,0.8516856,unassigned
8301,2,2,0.9419011,unassigned
8302,1,1,0.9083,unassigned
8303,1,1,0.9924029,unassigned
8304,2,2,0.99993837,unassigned
8305,0,1,0.9763555,unassigned
8306,2,2,0.9987735,unassigned
8307,1,1,0.99317753,unassigned
8308,1,1,0.76473916,unassigned
8309,2,2,0.6984758,unassigned
8310,1,0,0.62605774,unassigned
8311,2,1,0.96077377,unassigned
8312,2,2,0.9139465,unassigned
8313,2,2,0.9704159,unassigned
8314,1,1,0.99789894,unassigned
8315,1,0,0.79895735,unassigned
8316,1,1,0.55382466,unassigned
8317,1,1,0.9643884,unassigned
8318,2,2,0.9935883,unassigned
8319,1,1,0.9762901,unassigned
8320,1,1,0.6540396,unassigned
8321,1,1,0.9340342,unassigned
8322,2,2,0.9996044,unassigned
8323,2,2,0.7750321,unassigned
8324,1,1,0.8817056,unassigned
8325,1,1,0.9888418,unassigned
8326,0,0,0.9959074,unassigned
8327,1,1,0.98271435,unassigned
8328,1,2,0.6782232,unassigned
8329,2,2,0.5788769,unassigned
8330,1,1,0.9886282,unassigned
8331,2,2,0.858503,unassigned
8332,2,1,0.99744606,unassigned
8333,1,1,0.9514978,unassigned
8334,1,1,0.999729,unassigned
8335,2,0,0.99897087,unassigned
8336,1,2,0.96399343,unassigned
8337,1,1,0.80880666,unassigned
8338,1,1,0.9565321,unassigned
8339,2,2,0.9850826,unassigned
8340,0,2,0.8719038,unassigned
8341,1,1,0.93303055,unassigned
8342,2,2,1.0,unassigned
8343,1,0,0.6330571,unassigned
8344,2,2,0.8349694,unassigned
8345,1,1,0.90165436,unassigned
8346,0,0,0.9891657,unassigned
8347,2,2,0.8550099,unassigned
8348,1,1,0.9744888,unassigned
8349,2,1,0.9920763,unassigned
8350,0,0,0.9977252,unassigned
8351,2,2,0.6494264,unassigned
8352,2,2,0.99999976,unassigned
8353,1,1,0.9793793,unassigned
8354,2,2,0.9999635,unassigned
8355,0,0,0.86557496,unassigned
8356,1,1,0.9966804,unassigned
8357,0,0,0.99998546,unassigned
8358,1,2,0.8767213,unassigned
8359,1,1,0.9999192,unassigned
8360,1,1,0.4820716,unassigned
8361,1,2,0.97759753,unassigned
8362,2,2,0.99310416,unassigned
8363,2,0,0.9835824,unassigned
8364,1,0,0.99996066,unassigned
8365,0,0,0.9997613,unassigned
8366,2,2,0.75143206,unassigned
8367,2,2,0.9997739,unassigned
8368,0,0,0.9524343,unassigned
8369,2,2,0.8514495,unassigned
8370,2,2,0.99999475,unassigned
8371,2,2,0.9999584,unassigned
8372,1,1,0.99996066,unassigned
8373,2,2,0.9994697,unassigned
8374,1,2,0.97698736,unassigned
8375,1,2,0.91275835,unassigned
8376,1,1,0.5573674,unassigned
8377,2,1,0.8636527,unassigned
8378,1,1,0.7260228,unassigned
8379,2,2,0.9997919,unassigned
8380,2,2,0.9550088,unassigned
8381,1,1,0.9593431,unassigned
8382,2,2,0.99997926,unassigned
8383,1,0,0.99984,unassigned
8384,2,2,1.0,unassigned
8385,1,1,0.9993376,unassigned
8386,1,1,0.9994942,unassigned
8387,2,2,0.9999567,unassigned
8388,0,0,0.95414543,unassigned
8389,1,2,0.9279141,unassigned
8390,2,2,0.738237,unassigned
8391,2,2,0.9999809,unassigned
8392,1,1,0.9841001,unassigned
8393,0,0,0.9974275,unassigned
8394,1,1,0.9631083,unassigned
8395,1,1,0.9098445,unassigned
8396,2,2,0.9999989,unassigned
8397,1,2,0.86805844,unassigned
8398,1,1,0.9734244,unassigned
8399,1,0,0.85869,unassigned
8400,1,0,0.92387456,unassigned
8401,1,1,0.9469198,unassigned
8402,1,1,0.99886924,unassigned
8403,2,2,0.8821441,unassigned
8404,0,0,0.99992,unassigned
8405,1,1,0.9926427,unassigned
8406,1,1,0.9990344,unassigned
8407,1,0,0.75973827,unassigned
8408,1,1,0.9454616,unassigned
8409,0,0,0.99967206,unassigned
8410,0,0,0.9992785,unassigned
8411,0,0,0.8221075,unassigned
8412,1,1,0.99827564,unassigned
8413,1,0,0.98272806,unassigned
8414,2,2,0.98809683,unassigned
8415,1,1,0.9735792,unassigned
8416,0,2,0.6792506,unassigned
8417,2,2,0.9943803,unassigned
8418,2,2,0.84604704,unassigned
8419,2,2,0.95123345,unassigned
8420,1,2,0.99757844,unassigned
8421,1,1,0.5449893,unassigned
8422,2,2,0.9996984,unassigned
8423,0,0,0.99964106,unassigned
8424,2,1,0.83318305,unassigned
8425,2,0,0.99597955,unassigned
8426,2,2,0.999485,unassigned
8427,2,2,0.9989429,unassigned
8428,0,0,0.9998864,unassigned
8429,1,2,0.5375797,unassigned
8430,2,2,0.99952316,unassigned
8431,1,1,0.9708213,unassigned
8432,2,1,0.54306936,unassigned
8433,0,0,0.87806123,unassigned
8434,1,2,0.603379,unassigned
8435,1,1,0.9966698,unassigned
8436,2,1,0.92330384,unassigned
8437,2,2,0.9307824,unassigned
8438,0,0,0.9883758,unassigned
8439,0,1,0.6817096,unassigned
8440,1,2,0.84190875,unassigned
8441,0,0,0.9996761,unassigned
8442,0,0,0.99993396,unassigned
8443,2,0,0.6313053,unassigned
8444,1,1,0.9961653,unassigned
8445,1,1,0.9958883,unassigned
8446,2,1,0.9930352,unassigned
8447,0,0,0.9999995,unassigned
8448,1,2,0.9773931,unassigned
8449,1,1,0.89076877,unassigned
8450,2,2,0.7990959,unassigned
8451,2,2,0.99600035,unassigned
8452,1,1,0.99974805,unassigned
8453,1,2,0.923369,unassigned
8454,0,1,0.96577436,unassigned
8455,2,1,0.5188674,unassigned
8456,1,1,0.82498366,unassigned
8457,1,1,0.87159836,unassigned
8458,1,0,0.85760874,unassigned
8459,1,2,0.51025397,unassigned
8460,0,0,0.99999714,unassigned
8461,0,0,0.8562263,unassigned
8462,2,2,0.67713547,unassigned
8463,1,1,0.8634204,unassigned
8464,1,0,0.97499233,unassigned
8465,2,0,0.997012,unassigned
8466,1,1,0.89265156,unassigned
8467,2,2,0.9998267,unassigned
8468,0,0,0.9997403,unassigned
8469,1,1,0.99317026,unassigned
8470,1,2,0.9850824,unassigned
8471,0,0,0.9968831,unassigned
8472,1,1,0.58592916,unassigned
8473,2,0,0.9928256,unassigned
8474,0,0,0.99994886,unassigned
8475,2,2,0.99961543,unassigned
8476,1,1,0.99955434,unassigned
8477,0,0,0.99983835,unassigned
8478,1,1,0.98884445,unassigned
8479,1,1,0.9699573,unassigned
8480,0,0,0.9987488,unassigned
8481,1,0,0.9781396,unassigned
8482,1,1,0.78821707,unassigned
8483,1,1,0.74987894,unassigned
8484,1,1,0.9748063,unassigned
8485,2,2,0.98083854,unassigned
8486,2,1,0.49963298,unassigned
8487,0,2,0.99905485,unassigned
8488,1,1,0.996387,unassigned
8489,0,0,0.99993455,unassigned
8490,1,1,0.9949753,unassigned
8491,1,2,0.96309286,unassigned
8492,1,1,0.99131644,unassigned
8493,1,1,0.9530838,unassigned
8494,1,2,0.55389947,unassigned
8495,2,2,0.91890407,unassigned
8496,0,0,0.96516186,unassigned
8497,2,2,1.0,unassigned
8498,2,2,0.99340844,unassigned
8499,2,2,0.9977755,unassigned
8500,2,2,0.9941901,unassigned
8501,1,1,0.8745703,unassigned
8502,1,2,0.5639085,unassigned
8503,1,1,0.9962655,unassigned
8504,2,2,0.9979273,unassigned
8505,1,1,0.9867599,unassigned
8506,2,2,0.9941717,unassigned
8507,2,2,0.99766856,unassigned
8508,2,2,0.98151946,unassigned
8509,1,1,0.9712039,unassigned
8510,1,1,0.97075707,unassigned
8511,0,0,0.9921347,unassigned
8512,1,1,0.83945423,unassigned
8513,2,2,0.9084892,unassigned
8514,2,1,0.46060544,unassigned
8515,1,1,0.92618823,unassigned
8516,0,0,0.97466063,unassigned
8517,0,0,0.99727625,unassigned
8518,2,2,0.7188587,unassigned
8519,0,0,0.9926327,unassigned
8520,1,1,0.6893218,unassigned
8521,1,1,0.9608021,unassigned
8522,2,2,0.99017465,unassigned
8523,2,2,0.98120695,unassigned
8524,2,1,0.9894162,unassigned
8525,1,1,0.9964354,unassigned
8526,1,0,0.96741104,unassigned
8527,2,2,0.9999019,unassigned
8528,1,1,0.6448816,unassigned
8529,1,2,0.751445,unassigned
8530,0,0,0.9999782,unassigned
8531,1,1,0.9960663,unassigned
8532,0,0,0.9775424,unassigned
8533,0,0,0.9990791,unassigned
8534,2,0,0.9979184,unassigned
8535,0,0,0.99968374,unassigned
8536,2,0,0.98666,unassigned
8537,0,0,0.9999713,unassigned
8538,2,1,0.53744936,unassigned
8539,1,1,0.9997558,unassigned
8540,2,1,0.7775245,unassigned
8541,2,2,0.9876924,unassigned
8542,1,1,0.9602427,unassigned
8543,2,2,0.99983275,unassigned
8544,2,2,0.6052347,unassigned
8545,2,2,0.99995303,unassigned
8546,2,2,0.7644727,unassigned
8547,2,1,0.7549619,unassigned
8548,1,2,0.99543935,unassigned
8549,1,1,0.98521197,unassigned
8550,1,1,0.8558591,unassigned
8551,1,1,0.6929678,unassigned
8552,2,2,0.9993463,unassigned
8553,0,0,0.99977106,unassigned
8554,1,2,0.913773,unassigned
8555,2,2,0.99998724,unassigned
8556,1,1,0.96284366,unassigned
8557,2,2,0.92659855,unassigned
8558,2,2,0.99737775,unassigned
8559,0,0,0.9994791,unassigned
8560,2,2,0.5408353,unassigned
8561,1,1,0.9950949,unassigned
8562,1,2,0.9998191,unassigned
8563,1,1,0.89187783,unassigned
8564,0,0,0.9727453,unassigned
8565,2,2,0.996381,unassigned
8566,1,1,0.5251874,unassigned
8567,2,2,0.9994603,unassigned
8568,2,2,0.9929321,unassigned
8569,1,1,0.9961201,unassigned
8570,1,1,0.9676504,unassigned
8571,2,2,0.99395823,unassigned
8572,0,0,1.0,unassigned
8573,1,1,0.9959084,unassigned
8574,1,2,0.78321993,unassigned
8575,2,0,0.64379936,unassigned
8576,2,0,0.99997914,unassigned
8577,2,2,0.7199528,unassigned
8578,0,0,0.72014,unassigned
8579,0,0,0.99944514,unassigned
8580,2,2,0.99883765,unassigned
8581,1,1,0.961145,unassigned
8582,0,0,0.9898258,unassigned
8583,1,0,0.9533647,unassigned
8584,0,0,0.9936161,unassigned
8585,1,1,0.4819771,unassigned
8586,2,2,0.99832934,unassigned
8587,2,1,0.8058264,unassigned
8588,2,1,0.9911509,unassigned
8589,2,2,0.99979097,unassigned
8590,2,2,0.99900466,unassigned
8591,2,2,0.7999516,unassigned
8592,2,2,0.99978477,unassigned
8593,2,1,0.80282867,unassigned
8594,2,0,0.9826947,unassigned
8595,1,2,0.90309864,unassigned
8596,2,0,0.9719082,unassigned
8597,1,1,0.9586594,unassigned
8598,2,2,0.99988854,unassigned
8599,0,0,0.82496977,unassigned
8600,0,0,0.9999052,unassigned
8601,0,1,0.9994918,unassigned
8602,2,1,0.55883265,unassigned
8603,2,2,0.9608111,unassigned
8604,1,1,0.9936609,unassigned
8605,2,0,0.992898,unassigned
8606,1,1,0.9929234,unassigned
8607,2,2,0.69140685,unassigned
8608,1,2,0.6116703,unassigned
8609,1,0,0.5980174,unassigned
8610,0,0,0.77420217,unassigned
8611,2,1,0.93387055,unassigned
8612,2,2,0.9811974,unassigned
8613,0,2,0.9473577,unassigned
8614,2,2,0.7878751,unassigned
8615,1,0,0.54122466,unassigned
8616,0,2,0.9999968,unassigned
8617,0,0,0.9999962,unassigned
8618,1,1,0.9933026,unassigned
8619,1,1,0.53791827,unassigned
8620,2,1,0.6021347,unassigned
8621,1,1,0.9951846,unassigned
8622,1,1,0.7837884,unassigned
8623,2,0,0.9994999,unassigned
8624,0,0,0.98133516,unassigned
8625,0,0,0.99849164,unassigned
8626,2,2,1.0,unassigned
8627,2,2,0.9991289,unassigned
8628,0,0,0.9999988,unassigned
8629,2,2,1.0,unassigned
8630,1,2,0.923103,unassigned
8631,1,1,0.94055647,unassigned
8632,2,2,0.9660828,unassigned
8633,1,1,0.94835943,unassigned
8634,2,2,0.98997283,unassigned
8635,1,1,0.733724,unassigned
8636,1,1,0.95158714,unassigned
8637,1,1,0.9166335,unassigned
8638,2,0,0.99998724,unassigned
8639,1,1,0.8461947,unassigned
8640,2,2,0.49360844,unassigned
8641,2,1,0.9878884,unassigned
8642,1,1,0.9494614,unassigned
8643,1,1,0.98695326,unassigned
8644,1,1,0.79345554,unassigned
8645,2,2,0.99794835,unassigned
8646,1,1,0.92373955,unassigned
8647,1,1,0.96545017,unassigned
8648,1,1,0.93960094,unassigned
8649,2,2,0.5624003,unassigned
8650,1,2,0.99896526,unassigned
8651,2,2,0.4881577,unassigned
8652,0,0,0.9992466,unassigned
8653,1,2,0.860264,unassigned
8654,2,2,0.9998746,unassigned
8655,2,2,0.9999902,unassigned
8656,1,0,0.9999993,unassigned
8657,0,0,0.99718565,unassigned
8658,2,2,0.99748755,unassigned
8659,2,2,0.98853815,unassigned
8660,1,1,0.6011863,unassigned
8661,0,0,0.92224705,unassigned
8662,2,2,0.9959092,unassigned
8663,0,2,0.77189964,unassigned
8664,1,1,0.99965584,unassigned
8665,0,0,0.9999988,unassigned
8666,1,1,0.99664587,unassigned
8667,1,1,0.85809445,unassigned
8668,2,2,0.9990012,unassigned
8669,1,1,0.73657745,unassigned
8670,0,0,0.99973553,unassigned
8671,1,1,0.98576885,unassigned
8672,2,2,0.87295645,unassigned
8673,1,1,0.60136944,unassigned
8674,1,2,0.9710451,unassigned
8675,0,0,0.9877131,unassigned
8676,2,1,0.82971996,unassigned
8677,0,0,0.9987552,unassigned
8678,2,2,0.8778049,unassigned
8679,1,2,0.9267117,unassigned
8680,2,2,0.99976915,unassigned
8681,1,1,0.85842633,unassigned
8682,1,1,0.999424,unassigned
8683,2,2,0.7339445,unassigned
8684,2,1,0.933174,unassigned
8685,1,1,0.99982387,unassigned
8686,2,2,0.9977602,unassigned
8687,1,1,0.99980325,unassigned
8688,1,1,0.9725284,unassigned
8689,2,2,0.98937255,unassigned
8690,2,2,0.9985837,unassigned
8691,2,2,0.9783337,unassigned
8692,2,2,0.9963117,unassigned
8693,2,2,0.9998574,unassigned
8694,2,2,1.0,unassigned
8695,1,1,0.7225444,unassigned
8696,0,0,0.9992931,unassigned
8697,2,2,0.9999695,unassigned
8698,1,1,0.99994195,unassigned
8699,2,2,0.9889976,unassigned
8700,1,1,0.7030006,unassigned
8701,2,0,0.98941934,unassigned
8702,1,1,0.75362235,unassigned
8703,1,1,0.7907835,unassigned
8704,0,0,0.999984,unassigned
8705,1,2,0.91529846,unassigned
8706,2,1,0.7654621,unassigned
8707,0,0,0.9902777,unassigned
8708,2,2,0.9999404,unassigned
8709,2,2,0.67151356,unassigned
8710,2,1,0.65406036,unassigned
8711,1,1,0.8379862,unassigned
8712,2,2,0.76997143,unassigned
8713,2,2,0.9865151,unassigned
8714,0,2,0.7366355,unassigned
8715,1,1,0.648044,unassigned
8716,2,1,0.6505919,unassigned
8717,1,2,0.85556686,unassigned
8718,0,0,0.99997246,unassigned
8719,2,2,0.66501427,unassigned
8720,0,0,0.9983375,unassigned
8721,0,0,0.9997205,unassigned
8722,2,2,0.99997795,unassigned
8723,1,1,0.5046371,unassigned
8724,2,2,0.9976077,unassigned
8725,2,2,0.99430215,unassigned
8726,2,2,0.9978186,unassigned
8727,1,0,0.9621369,unassigned
8728,1,1,0.90710396,unassigned
8729,1,1,0.9830698,unassigned
8730,1,1,0.9999715,unassigned
8731,1,1,0.8601072,unassigned
8732,1,1,0.99920195,unassigned
8733,1,1,0.9501916,unassigned
8734,2,2,0.5528433,unassigned
8735,0,0,0.997914,unassigned
8736,0,2,0.9636367,unassigned
8737,0,0,0.999701,unassigned
8738,0,0,0.9735704,unassigned
8739,2,2,0.9989681,unassigned
8740,0,0,0.99892175,unassigned
8741,2,2,0.9999597,unassigned
8742,2,2,0.9104619,unassigned
8743,1,1,0.9610682,unassigned
8744,1,1,0.9874392,unassigned
8745,1,1,0.9882288,unassigned
8746,1,2,0.98621446,unassigned
8747,1,1,0.962988,unassigned
8748,0,0,0.99999964,unassigned
8749,1,0,0.4523814,unassigned
8750,2,2,0.98388416,unassigned
8751,0,0,0.99998236,unassigned
8752,2,2,0.9647713,unassigned
8753,1,1,0.99759007,unassigned
8754,1,1,0.9871847,unassigned
8755,2,2,0.92850655,unassigned
8756,2,2,0.9981103,unassigned
8757,0,2,0.9996214,unassigned
8758,1,1,0.9765297,unassigned
8759,1,1,0.73217,unassigned
8760,0,0,0.9562389,unassigned
8761,2,0,0.85402584,unassigned
8762,1,1,0.94733703,unassigned
8763,1,1,0.5779369,unassigned
8764,2,2,0.9438954,unassigned
8765,2,1,0.88449395,unassigned
8766,2,2,0.45016795,unassigned
8767,1,1,0.98340684,unassigned
8768,2,2,0.9890694,unassigned
8769,1,1,0.8821908,unassigned
8770,0,0,0.99993515,unassigned
8771,1,1,0.914308,unassigned
8772,1,1,0.99992514,unassigned
8773,1,1,0.78184855,unassigned
8774,2,2,0.9985576,unassigned
8775,2,2,0.992747,unassigned
8776,2,0,0.9427044,unassigned
8777,1,1,0.95446104,unassigned
8778,1,1,0.9609455,unassigned
8779,2,2,0.9998828,unassigned
8780,0,0,0.9879475,unassigned
8781,1,1,0.83834964,unassigned
8782,0,0,0.9766639,unassigned
8783,1,0,0.9490039,unassigned
8784,2,2,0.99691284,unassigned
8785,2,2,0.96589714,unassigned
8786,2,2,0.9491361,unassigned
8787,1,1,0.7026793,unassigned
8788,1,1,0.9669427,unassigned
8789,1,2,0.7620238,unassigned
8790,0,0,0.9956536,unassigned
8791,1,1,0.9955914,unassigned
8792,2,2,0.9583763,unassigned
8793,2,2,0.9557439,unassigned
8794,1,1,0.8166703,unassigned
8795,1,0,0.96040463,unassigned
8796,2,2,0.9767992,unassigned
8797,2,2,0.9969848,unassigned
8798,1,1,0.9967098,unassigned
8799,2,1,0.85022885,unassigned
8800,2,2,0.9994289,unassigned
8801,0,0,0.99977714,unassigned
8802,0,2,0.99910235,unassigned
8803,1,1,0.9068316,unassigned
8804,1,0,0.58559674,unassigned
8805,2,2,0.9367031,unassigned
8806,1,2,0.4853466,unassigned
8807,1,1,0.875245,unassigned
8808,1,1,0.9878369,unassigned
8809,1,1,0.81621563,unassigned
8810,0,0,0.99994266,unassigned
8811,2,2,0.66825247,unassigned
8812,1,1,0.90994805,unassigned
8813,1,1,0.9804386,unassigned
8814,2,2,0.5351269,unassigned
8815,1,1,0.74229085,unassigned
8816,1,1,0.9014265,unassigned
8817,1,1,0.94010717,unassigned
8818,2,2,0.99917823,unassigned
8819,0,0,0.99839777,unassigned
8820,1,1,0.7290817,unassigned
8821,2,2,0.9307298,unassigned
8822,1,1,0.9847268,unassigned
8823,1,1,0.9915283,unassigned
8824,1,1,0.9696125,unassigned
8825,2,2,0.891182,unassigned
8826,1,1,0.9892097,unassigned
8827,2,2,0.9940195,unassigned
8828,2,2,0.9985374,unassigned
8829,0,1,0.8000754,unassigned
8830,1,1,0.9900933,unassigned
8831,1,2,0.9977958,unassigned
8832,1,1,0.9420103,unassigned
8833,0,0,0.9405348,unassigned
8834,1,1,0.98869157,unassigned
8835,2,2,0.96287394,unassigned
8836,1,2,0.9544002,unassigned
8837,1,1,0.55267704,unassigned
8838,2,1,0.8937234,unassigned
8839,2,2,0.9772421,unassigned
8840,1,1,0.99981695,unassigned
8841,0,0,0.99999964,unassigned
8842,1,1,0.9944675,unassigned
8843,0,0,0.99951017,unassigned
8844,2,2,0.99983203,unassigned
8845,2,2,0.99838495,unassigned
8846,1,1,0.94642824,unassigned
8847,2,2,0.71762264,unassigned
8848,2,2,0.9551125,unassigned
8849,0,0,0.991106,unassigned
8850,1,1,0.77531934,unassigned
8851,1,1,0.6431657,unassigned
8852,2,2,0.9906316,unassigned
8853,2,2,0.40314698,unassigned
8854,2,0,0.9997205,unassigned
8855,2,2,0.9999962,unassigned
8856,2,2,0.9817551,unassigned
8857,1,0,0.8320984,unassigned
8858,0,0,0.99993205,unassigned
8859,2,2,0.9999877,unassigned
8860,0,0,1.0,unassigned
8861,2,0,0.8195518,unassigned
8862,1,1,0.6815329,unassigned
8863,0,1,0.9653345,unassigned
8864,0,0,0.9999999,unassigned
8865,1,1,0.9973948,unassigned
8866,0,0,0.9960855,unassigned
8867,1,1,0.9020868,unassigned
8868,2,0,0.99806386,unassigned
8869,1,1,0.9433236,unassigned
8870,0,0,0.99243474,unassigned
8871,1,2,0.99628925,unassigned
8872,2,2,0.9962896,unassigned
8873,0,0,0.99999094,unassigned
8874,2,2,0.76624465,unassigned
8875,1,1,0.9989936,unassigned
8876,1,0,0.50684613,unassigned
8877,2,2,0.55866736,unassigned
8878,1,2,0.9985379,unassigned
8879,0,0,1.0,unassigned
8880,2,2,0.9997253,unassigned
8881,2,0,0.5678779,unassigned
8882,1,1,0.97584116,unassigned
8883,0,0,0.99977,unassigned
8884,1,1,0.9911413,unassigned
8885,0,0,1.0,unassigned
8886,2,2,0.98761356,unassigned
8887,2,2,0.5497146,unassigned
8888,0,0,0.99936205,unassigned
8889,1,1,0.9995047,unassigned
8890,1,1,0.9990134,unassigned
8891,1,1,0.9529466,unassigned
8892,2,2,0.9965018,unassigned
8893,2,2,0.9999939,unassigned
8894,1,1,0.9773769,unassigned
8895,2,2,0.51962554,unassigned
8896,1,1,0.94682765,unassigned
8897,1,1,0.99494004,unassigned
8898,2,2,0.88533,unassigned
8899,1,1,0.96966255,unassigned
8900,1,1,0.9775038,unassigned
8901,2,2,0.9061198,unassigned
8902,2,2,0.9951072,unassigned
8903,2,1,0.7762494,unassigned
8904,2,2,0.94183725,unassigned
8905,1,1,0.8623557,unassigned
8906,2,2,0.9999006,unassigned
8907,0,0,0.9998342,unassigned
8908,2,2,0.9920254,unassigned
8909,2,1,0.86157954,unassigned
8910,0,0,0.99999285,unassigned
8911,1,1,0.9853019,unassigned
8912,2,2,0.99995255,unassigned
8913,2,1,0.76487845,unassigned
8914,1,2,0.9244803,unassigned
8915,1,1,0.99942446,unassigned
8916,1,2,0.9946273,unassigned
8917,1,2,0.8693806,unassigned
8918,2,2,0.50537634,unassigned
8919,0,0,0.98061967,unassigned
8920,0,0,0.99967,unassigned
8921,2,2,0.99657476,unassigned
8922,2,0,0.63119155,unassigned
8923,2,2,0.99997425,unassigned
8924,1,1,0.7581123,unassigned
8925,0,0,0.7181571,unassigned
8926,2,2,0.9873964,unassigned
8927,0,0,0.99595934,unassigned
8928,1,1,0.99357706,unassigned
8929,2,2,0.99412113,unassigned
8930,1,1,0.95457536,unassigned
8931,1,1,0.97783697,unassigned
8932,1,1,0.7659055,unassigned
8933,1,1,0.9777385,unassigned
8934,1,2,0.90713114,unassigned
8935,1,1,0.98856956,unassigned
8936,1,0,0.8703664,unassigned
8937,0,0,0.9999099,unassigned
8938,2,2,0.9671423,unassigned
8939,1,1,0.9205362,unassigned
8940,0,0,0.8723515,unassigned
8941,0,0,0.9995455,unassigned
8942,2,2,0.99941444,unassigned
8943,1,2,0.99864894,unassigned
8944,2,2,0.93276507,unassigned
8945,2,2,0.9999999,unassigned
8946,0,0,0.74953824,unassigned
8947,0,2,0.907442,unassigned
8948,0,0,0.9964011,unassigned
8949,1,0,0.915709,unassigned
8950,0,0,0.9977754,unassigned
8951,2,2,0.9988417,unassigned
8952,0,2,0.58334494,unassigned
8953,2,2,0.9999889,unassigned
8954,2,2,0.7107323,unassigned
8955,1,1,0.87549806,unassigned
8956,1,1,0.99934894,unassigned
8957,1,1,0.97325516,unassigned
8958,2,2,0.9995839,unassigned
8959,0,0,0.99932563,unassigned
8960,0,0,0.9989857,unassigned
8961,1,1,0.99689215,unassigned
8962,2,2,0.6435408,unassigned
8963,2,2,0.99841857,unassigned
8964,0,2,0.9886049,unassigned
8965,0,0,0.9999989,unassigned
8966,1,1,0.975042,unassigned
8967,1,1,0.9427383,unassigned
8968,1,1,0.99815243,unassigned
8969,2,2,0.9985837,unassigned
8970,0,1,0.6018971,unassigned
8971,2,2,0.99682355,unassigned
8972,1,1,0.99772376,unassigned
8973,0,0,0.5151167,unassigned
8974,1,1,0.9987544,unassigned
8975,1,1,0.6669934,unassigned
8976,0,0,0.8881919,unassigned
8977,2,2,0.9980032,unassigned
8978,2,1,0.6826506,unassigned
8979,2,1,0.99675745,unassigned
8980,1,1,0.8407353,unassigned
8981,2,2,0.9999666,unassigned
8982,2,2,0.9520491,unassigned
8983,0,0,0.9988926,unassigned
8984,0,0,0.9985316,unassigned
8985,1,1,0.9976361,unassigned
8986,2,2,0.9996081,unassigned
8987,1,1,0.9827877,unassigned
8988,1,2,0.7906635,unassigned
8989,1,1,0.95952094,unassigned
8990,1,1,0.9905511,unassigned
8991,2,0,0.924935,unassigned
8992,1,1,0.8383316,unassigned
8993,0,0,0.99898094,unassigned
8994,1,1,0.9918035,unassigned
8995,1,2,0.7201165,unassigned
8996,2,2,0.93979084,unassigned
8997,2,0,0.9207249,unassigned
8998,2,2,0.99997354,unassigned
8999,0,0,0.99556065,unassigned
9000,2,2,0.9906619,unassigned
9001,1,1,0.89305615,unassigned
9002,1,0,0.60295784,unassigned
9003,2,2,0.8578458,unassigned
9004,0,0,0.999997,unassigned
9005,1,0,0.9999995,unassigned
9006,1,1,0.82732975,unassigned
9007,1,1,0.935701,unassigned
9008,2,2,0.99995816,unassigned
9009,2,2,0.9635275,unassigned
9010,2,2,0.8783101,unassigned
9011,2,1,0.51440555,unassigned
9012,1,1,0.9709263,unassigned
9013,2,2,0.99737597,unassigned
9014,2,2,1.0,unassigned
9015,2,2,0.99890864,unassigned
9016,2,2,0.997159,unassigned
9017,0,0,0.8674983,unassigned
9018,2,2,0.99703574,unassigned
9019,1,2,0.8770336,unassigned
9020,2,2,0.999951,unassigned
9021,1,1,0.99108267,unassigned
9022,1,2,0.9926439,unassigned
9023,2,2,0.7587689,unassigned
9024,1,1,0.8384171,unassigned
9025,2,2,0.9990402,unassigned
9026,1,1,0.96225965,unassigned
9027,0,2,0.97454697,unassigned
9028,1,1,0.7630303,unassigned
9029,0,0,0.9981591,unassigned
9030,0,0,0.99980587,unassigned
9031,0,0,0.97147477,unassigned
9032,1,2,0.76298386,unassigned
9033,1,1,0.94338536,unassigned
9034,1,2,0.6190964,unassigned
9035,1,1,0.7027057,unassigned
9036,2,2,0.99998784,unassigned
9037,2,2,0.80551565,unassigned
9038,1,1,0.74121404,unassigned
9039,2,2,0.9999856,unassigned
9040,1,1,0.993768,unassigned
9041,2,2,0.9933676,unassigned
9042,1,1,0.8579361,unassigned
9043,2,2,0.99827826,unassigned
9044,0,0,0.99127614,unassigned
9045,1,1,0.99970526,unassigned
9046,2,2,1.0,unassigned
9047,2,2,0.9999584,unassigned
9048,2,1,0.75798625,unassigned
9049,2,2,0.9989759,unassigned
9050,1,0,0.53174084,unassigned
9051,1,1,0.9010907,unassigned
9052,0,0,0.65579754,unassigned
9053,2,1,0.6455433,unassigned
9054,0,0,0.9990336,unassigned
9055,2,2,0.9073123,unassigned
9056,2,0,0.91372555,unassigned
9057,2,0,0.8036734,unassigned
9058,1,1,0.6869958,unassigned
9059,1,1,0.99999344,unassigned
9060,2,0,0.63508993,unassigned
9061,2,2,0.9999963,unassigned
9062,0,0,0.97458875,unassigned
9063,2,0,0.9542101,unassigned
9064,2,1,0.6660361,unassigned
9065,0,0,0.9995925,unassigned
9066,0,0,0.99971086,unassigned
9067,0,0,0.99997365,unassigned
9068,1,1,0.6747535,unassigned
9069,1,1,0.9182276,unassigned
9070,2,2,0.984861,unassigned
9071,1,1,0.8649837,unassigned
9072,2,2,0.9939322,unassigned
9073,0,0,0.999998,unassigned
9074,2,1,0.7978851,unassigned
9075,0,0,0.99921143,unassigned
9076,1,1,0.94875747,unassigned
9077,1,2,0.656751,unassigned
9078,2,2,0.98821497,unassigned
9079,2,2,0.84856224,unassigned
9080,0,0,0.9999008,unassigned
9081,1,1,0.89667606,unassigned
9082,1,1,0.7117956,unassigned
9083,2,2,0.99999964,unassigned
9084,0,0,0.93766594,unassigned
9085,1,2,0.9505142,unassigned
9086,2,2,0.99983406,unassigned
9087,2,2,0.9962063,unassigned
9088,0,0,0.9999976,unassigned
9089,2,2,0.99177516,unassigned
9090,2,2,0.84180814,unassigned
9091,1,1,0.6463688,unassigned
9092,1,0,0.94577277,unassigned
9093,2,2,0.97087395,unassigned
9094,1,1,0.9986274,unassigned
9095,2,2,0.99266124,unassigned
9096,2,2,0.9960375,unassigned
9097,1,1,0.5811552,unassigned
9098,1,2,0.60158837,unassigned
9099,1,1,0.9718269,unassigned
9100,2,2,0.93214226,unassigned
9101,1,1,0.9907631,unassigned
9102,2,2,0.997003,unassigned
9103,1,1,0.99997115,unassigned
9104,0,0,0.99070424,unassigned
9105,1,1,0.94656867,unassigned
9106,1,1,0.9032976,unassigned
9107,1,1,0.97361124,unassigned
9108,1,1,0.94007385,unassigned
9109,0,0,0.99387217,unassigned
9110,1,1,0.70323443,unassigned
9111,2,2,0.9977822,unassigned
9112,2,2,0.5973172,unassigned
9113,1,1,0.8647774,unassigned
9114,1,1,0.99270755,unassigned
9115,1,1,0.87788534,unassigned
9116,0,0,0.9999788,unassigned
9117,1,2,0.71926886,unassigned
9118,1,1,0.9894093,unassigned
9119,1,2,0.96938276,unassigned
9120,0,0,0.9999993,unassigned
9121,2,2,0.681616,unassigned
9122,1,1,0.5866716,unassigned
9123,1,1,0.93191123,unassigned
9124,1,1,0.9822208,unassigned
9125,2,1,0.8099666,unassigned
9126,2,2,0.99994445,unassigned
9127,1,1,0.68632966,unassigned
9128,1,2,0.7308066,unassigned
9129,2,0,0.95902115,unassigned
9130,2,2,0.99993026,unassigned
9131,2,1,0.5435305,unassigned
9132,1,1,0.9690307,unassigned
9133,1,2,0.9926697,unassigned
9134,2,1,0.8876214,unassigned
9135,0,0,0.9998894,unassigned
9136,2,1,0.9529816,unassigned
9137,1,1,0.9621244,unassigned
9138,1,1,0.61252904,unassigned
9139,1,1,0.99791473,unassigned
9140,1,1,0.9814649,unassigned
9141,1,1,0.6415002,unassigned
9142,2,1,0.9430205,unassigned
9143,2,1,0.95172644,unassigned
9144,2,2,0.9912806,unassigned
9145,1,1,0.5847339,unassigned
9146,1,1,0.92025465,unassigned
9147,0,0,0.9983353,unassigned
9148,2,2,0.90845144,unassigned
9149,1,1,0.5098218,unassigned
9150,0,1,0.84644204,unassigned
9151,1,1,0.980007,unassigned
9152,1,1,0.9824979,unassigned
9153,1,1,0.6453299,unassigned
9154,0,0,0.99999356,unassigned
9155,2,2,0.9991314,unassigned
9156,2,1,0.776461,unassigned
9157,1,0,0.82819957,unassigned
9158,1,0,0.58514553,unassigned
9159,2,2,0.99980503,unassigned
9160,0,0,0.6250569,unassigned
9161,0,2,0.9329566,unassigned
9162,0,0,0.994464,unassigned
9163,1,2,0.70954967,unassigned
9164,0,0,0.99388933,unassigned
9165,1,2,0.8409957,unassigned
9166,0,2,0.85121346,unassigned
9167,2,2,0.7574304,unassigned
9168,2,2,0.992673,unassigned
9169,2,2,0.9986493,unassigned
9170,1,1,0.88283896,unassigned
9171,2,2,0.9998971,unassigned
9172,2,2,0.9980564,unassigned
9173,1,1,0.7238028,unassigned
9174,2,2,0.9455723,unassigned
9175,2,1,0.8868542,unassigned
9176,1,1,0.9409442,unassigned
9177,1,2,0.90849984,unassigned
9178,2,2,0.97401166,unassigned
9179,1,1,0.9521837,unassigned
9180,0,0,0.99892837,unassigned
9181,1,1,0.9999994,unassigned
9182,2,1,0.6470193,unassigned
9183,2,2,0.9977927,unassigned
9184,2,2,0.9986292,unassigned
9185,0,0,0.9988777,unassigned
9186,0,0,0.99999976,unassigned
9187,2,0,0.9736198,unassigned
9188,2,2,0.8904074,unassigned
9189,1,2,0.8495295,unassigned
9190,1,1,0.9984024,unassigned
9191,1,0,0.7350185,unassigned
9192,2,2,1.0,unassigned
9193,2,2,1.0,unassigned
9194,2,2,0.999699,unassigned
9195,2,1,0.6055483,unassigned
9196,1,1,0.7923325,unassigned
9197,2,0,0.94617873,unassigned
9198,2,2,0.9993876,unassigned
9199,2,2,0.9987249,unassigned
9200,0,0,0.62125736,unassigned
9201,2,0,0.6459042,unassigned
9202,1,1,0.93730384,unassigned
9203,2,2,0.99980444,unassigned
9204,1,1,0.50937355,unassigned
9205,1,1,0.95129645,unassigned
9206,0,0,0.99995995,unassigned
9207,1,1,0.9022986,unassigned
9208,0,0,0.95844084,unassigned
9209,0,0,0.9749683,unassigned
9210,2,1,0.9178737,unassigned
9211,1,1,0.8111326,unassigned
9212,2,2,0.9939652,unassigned
9213,1,1,0.9997814,unassigned
9214,2,2,0.9980385,unassigned
9215,0,0,0.99997365,unassigned
9216,1,1,0.99923515,unassigned
9217,2,1,0.8539241,unassigned
9218,0,0,0.95929796,unassigned
9219,2,2,0.9742809,unassigned
9220,2,2,0.994146,unassigned
9221,0,1,0.588712,unassigned
9222,1,1,0.9999789,unassigned
9223,2,2,0.99974614,unassigned
9224,2,2,0.95642364,unassigned
9225,1,1,0.52873486,unassigned
9226,1,1,0.92834336,unassigned
9227,1,1,0.9996786,unassigned
9228,1,1,0.99171644,unassigned
9229,0,0,0.9998776,unassigned
9230,2,2,0.995059,unassigned
9231,2,2,0.65039223,unassigned
9232,2,2,1.0,unassigned
9233,1,0,0.8147067,unassigned
9234,2,1,0.86640745,unassigned
9235,1,1,0.95982087,unassigned
9236,2,1,0.5869386,unassigned
9237,1,1,0.9619994,unassigned
9238,2,2,0.99990857,unassigned
9239,2,2,0.99954766,unassigned
9240,1,1,0.9388976,unassigned
9241,2,2,0.9999999,unassigned
9242,1,1,0.9918161,unassigned
9243,2,0,0.94855,unassigned
9244,2,1,0.8464397,unassigned
9245,1,1,0.98251665,unassigned
9246,0,0,0.9952341,unassigned
9247,0,0,0.9999976,unassigned
9248,0,0,0.999506,unassigned
9249,1,1,0.8996108,unassigned
9250,2,2,0.99782854,unassigned
9251,1,1,0.96453035,unassigned
9252,1,2,0.7453837,unassigned
9253,2,0,0.99084735,unassigned
9254,2,2,0.9998659,unassigned
9255,0,0,0.98836166,unassigned
9256,1,1,0.99975675,unassigned
9257,1,1,0.98922414,unassigned
9258,2,1,0.9581105,unassigned
9259,1,0,0.6599025,unassigned
9260,1,1,0.79290515,unassigned
9261,2,2,0.9984763,unassigned
9262,2,2,0.9995442,unassigned
9263,2,2,0.9914351,unassigned
9264,2,2,0.99995923,unassigned
9265,1,1,0.849562,unassigned
9266,1,1,0.98668796,unassigned
9267,1,1,0.8876839,unassigned
9268,2,2,1.0,unassigned
9269,2,2,0.88839954,unassigned
9270,0,0,0.98932356,unassigned
9271,1,1,0.9542837,unassigned
9272,1,1,0.9763982,unassigned
9273,2,2,0.98662996,unassigned
9274,2,2,0.99961984,unassigned
9275,2,2,0.96081483,unassigned
9276,2,2,0.8888658,unassigned
9277,1,2,0.97642106,unassigned
9278,0,0,0.8617597,unassigned
9279,2,2,0.9996153,unassigned
9280,0,0,0.9999106,unassigned
9281,2,1,0.9777424,unassigned
9282,0,0,0.99978906,unassigned
9283,1,1,0.932679,unassigned
9284,0,0,0.99999225,unassigned
9285,2,2,0.8505068,unassigned
9286,0,0,0.8740549,unassigned
9287,0,0,0.93480164,unassigned
9288,0,0,0.9998783,unassigned
9289,1,2,0.97180295,unassigned
9290,2,2,0.99955064,unassigned
9291,0,0,0.99884796,unassigned
9292,0,2,0.8789377,unassigned
9293,1,1,0.9997967,unassigned
9294,0,0,1.0,unassigned
9295,2,2,0.9999882,unassigned
9296,2,2,0.9999378,unassigned
9297,1,1,0.97185934,unassigned
9298,1,1,0.87460077,unassigned
9299,0,0,0.9884898,unassigned
9300,1,1,0.99303764,unassigned
9301,0,0,0.8579166,unassigned
9302,1,1,0.9875551,unassigned
9303,2,1,0.9004084,unassigned
9304,0,1,0.5706767,unassigned
9305,1,1,0.99618137,unassigned
9306,0,2,0.9365746,unassigned
9307,1,1,0.66800237,unassigned
9308,1,1,0.99400395,unassigned
9309,1,1,0.9990089,unassigned
9310,0,0,0.9882045,unassigned
9311,2,2,0.96702075,unassigned
9312,1,1,0.5908425,unassigned
9313,0,0,0.9993973,unassigned
9314,0,0,0.9983741,unassigned
9315,2,2,0.9999999,unassigned
9316,0,0,0.99989724,unassigned
9317,0,2,0.8910155,unassigned
9318,1,1,0.9188811,unassigned
9319,0,0,0.6046773,unassigned
9320,0,0,0.9271011,unassigned
9321,2,2,0.9999722,unassigned
9322,1,0,0.9990784,unassigned
9323,0,0,0.9664714,unassigned
9324,2,2,0.9981267,unassigned
9325,1,0,0.5134068,unassigned
9326,2,2,0.9999558,unassigned
9327,0,1,0.74863034,unassigned
9328,2,2,0.57241225,unassigned
9329,2,0,0.9999807,unassigned
9330,1,2,0.96517956,unassigned
9331,2,2,0.9991273,unassigned
9332,2,0,0.8712876,unassigned
9333,1,1,0.911249,unassigned
9334,1,2,0.99984,unassigned
9335,2,2,0.99941957,unassigned
9336,0,1,0.59843767,unassigned
9337,1,0,0.7543187,unassigned
9338,1,2,0.5297558,unassigned
9339,0,0,0.99661934,unassigned
9340,2,2,0.9989054,unassigned
9341,2,2,0.9899094,unassigned
9342,2,2,0.99574715,unassigned
9343,2,2,1.0,unassigned
9344,2,2,0.9946636,unassigned
9345,2,2,0.98721385,unassigned
9346,1,1,0.9282911,unassigned
9347,1,1,0.75590503,unassigned
9348,2,2,0.865521,unassigned
9349,0,0,0.99861157,unassigned
9350,1,0,0.70740587,unassigned
9351,1,1,0.9692848,unassigned
9352,1,1,0.76513255,unassigned
9353,0,0,0.9967886,unassigned
9354,1,1,0.99930334,unassigned
9355,1,1,0.9732146,unassigned
9356,2,1,0.99103105,unassigned
9357,1,2,0.6220035,unassigned
9358,1,2,0.9998753,unassigned
9359,2,2,0.966729,unassigned
9360,1,1,0.59003377,unassigned
9361,1,1,0.6730834,unassigned
9362,2,1,0.66708493,unassigned
9363,1,1,0.9937185,unassigned
9364,1,2,0.7791706,unassigned
9365,2,2,0.99863476,unassigned
9366,2,2,0.99606067,unassigned
9367,2,2,0.9992449,unassigned
9368,2,2,0.9983637,unassigned
9369,0,0,0.811051,unassigned
9370,0,0,0.9999639,unassigned
9371,0,0,0.9570951,unassigned
9372,1,0,0.9371916,unassigned
9373,0,0,0.88069004,unassigned
9374,2,2,0.9967158,unassigned
9375,2,2,0.95361686,unassigned
9376,2,2,0.97107387,unassigned
9377,1,1,0.7190025,unassigned
9378,0,0,0.9986376,unassigned
9379,2,2,0.99253243,unassigned
9380,1,2,0.90408814,unassigned
9381,2,2,0.99942577,unassigned
9382,2,2,0.9943668,unassigned
9383,0,0,0.9970305,unassigned
9384,1,1,0.97067213,unassigned
9385,2,2,0.9997676,unassigned
9386,1,2,0.85081995,unassigned
9387,2,2,0.9671418,unassigned
9388,2,2,1.0,unassigned
9389,2,2,0.89015555,unassigned
9390,2,1,0.76468337,unassigned
9391,2,2,0.9974427,unassigned
9392,1,0,0.9846031,unassigned
9393,0,0,0.9913272,unassigned
9394,2,2,0.99828076,unassigned
9395,0,0,0.9989472,unassigned
9396,1,2,0.9999845,unassigned
9397,1,2,0.93156,unassigned
9398,2,2,0.9998241,unassigned
9399,1,2,0.70986676,unassigned
9400,2,0,0.59381145,unassigned
9401,1,1,0.91321546,unassigned
9402,2,2,0.9996797,unassigned
9403,1,1,0.8127016,unassigned
9404,1,1,0.7701279,unassigned
9405,1,1,0.9999957,unassigned
9406,2,2,0.99752754,unassigned
9407,2,2,0.9654335,unassigned
9408,1,1,0.9543362,unassigned
9409,2,0,0.55813,unassigned
9410,1,1,0.9916957,unassigned
9411,0,0,0.99975234,unassigned
9412,2,1,0.9958222,unassigned
9413,2,2,0.99747497,unassigned
9414,2,0,0.5735599,unassigned
9415,1,1,0.8771426,unassigned
9416,2,2,0.9734928,unassigned
9417,2,2,0.93209046,unassigned
9418,1,2,0.59200716,unassigned
9419,1,1,0.9293068,unassigned
9420,2,1,0.95582783,unassigned
9421,2,1,0.81458914,unassigned
9422,2,2,0.9999118,unassigned
9423,2,2,0.9997217,unassigned
9424,2,2,0.98911846,unassigned
9425,2,2,0.9999285,unassigned
9426,2,2,0.999729,unassigned
9427,0,0,0.9706532,unassigned
9428,1,2,0.9788684,unassigned
9429,2,2,0.7376626,unassigned
9430,1,2,0.5909382,unassigned
9431,2,2,0.93970877,unassigned
9432,0,0,0.99999976,unassigned
9433,1,1,0.6836794,unassigned
9434,0,0,0.9942601,unassigned
9435,1,0,0.58865935,unassigned
9436,2,2,0.99972314,unassigned
9437,2,0,0.99898404,unassigned
9438,1,0,0.9032385,unassigned
9439,2,2,0.87863684,unassigned
9440,2,2,0.99999976,unassigned
9441,2,1,0.73510736,unassigned
9442,2,2,0.9976519,unassigned
9443,2,2,0.999959,unassigned
9444,1,1,0.9454179,unassigned
9445,2,2,0.99911505,unassigned
9446,0,0,0.9421257,unassigned
9447,1,2,0.99986196,unassigned
9448,0,0,0.98010916,unassigned
9449,0,0,0.9979753,unassigned
9450,1,1,0.9854532,unassigned
9451,2,0,0.55372095,unassigned
9452,2,1,0.76678985,unassigned
9453,2,2,0.9994997,unassigned
9454,0,0,0.999785,unassigned
9455,1,2,0.7939013,unassigned
9456,0,0,0.9998987,unassigned
9457,1,1,0.9845867,unassigned
9458,2,0,0.7259724,unassigned
9459,0,0,0.9993656,unassigned
9460,0,0,0.97256076,unassigned
9461,2,2,0.99890184,unassigned
9462,2,2,0.9578235,unassigned
9463,1,1,0.94359875,unassigned
9464,2,2,0.9934316,unassigned
9465,1,1,0.7746396,unassigned
9466,0,2,0.9443471,unassigned
9467,2,2,0.99341875,unassigned
9468,2,2,0.99813145,unassigned
9469,1,2,0.768588,unassigned
9470,1,2,0.97327447,unassigned
9471,2,2,1.0,unassigned
9472,1,2,0.8322063,unassigned
9473,1,1,0.9929113,unassigned
9474,2,2,0.9972103,unassigned
9475,1,1,0.679548,unassigned
9476,2,2,0.99241215,unassigned
9477,2,2,0.856119,unassigned
9478,0,0,0.49355868,unassigned
9479,2,2,0.9977187,unassigned
9480,1,1,0.54779327,unassigned
9481,1,1,0.9557899,unassigned
9482,1,0,0.9901456,unassigned
9483,2,1,0.8696254,unassigned
9484,2,2,0.99998844,unassigned
9485,1,1,0.75878954,unassigned
9486,0,0,0.99972445,unassigned
9487,1,1,0.9998166,unassigned
9488,2,2,0.9960336,unassigned
9489,0,0,0.9995577,unassigned
9490,2,2,0.9993106,unassigned
9491,2,2,0.9938439,unassigned
9492,1,2,0.83814424,unassigned
9493,1,1,0.9497642,unassigned
9494,1,1,0.60698646,unassigned
9495,1,1,0.79342306,unassigned
9496,2,2,0.99982566,unassigned
9497,1,1,0.9468328,unassigned
9498,1,1,0.8568103,unassigned
9499,2,1,0.7269097,unassigned
9500,1,1,0.77371615,unassigned
9501,2,2,0.98237497,unassigned
9502,1,1,0.5427939,unassigned
9503,1,1,0.8831988,unassigned
9504,1,1,0.83403623,unassigned
9505,2,1,0.99412423,unassigned
9506,2,2,0.9995523,unassigned
9507,1,1,0.94600534,unassigned
9508,1,2,0.9911094,unassigned
9509,2,1,0.8414734,unassigned
9510,2,2,0.9513897,unassigned
9511,0,0,0.9836752,unassigned
9512,2,2,0.9918533,unassigned
9513,0,2,0.9993318,unassigned
9514,2,2,0.9994867,unassigned
9515,2,1,0.77994686,unassigned
9516,1,1,0.99159956,unassigned
9517,0,0,0.99941766,unassigned
9518,1,1,0.99455875,unassigned
9519,2,2,0.8445053,unassigned
9520,0,0,0.99999857,unassigned
9521,0,0,0.9961081,unassigned
9522,2,2,0.8598032,unassigned
9523,1,1,0.8594688,unassigned
9524,1,0,0.7803668,unassigned
9525,2,2,0.5292803,unassigned
9526,1,2,0.9902762,unassigned
9527,2,2,0.9998597,unassigned
9528,2,2,0.99998236,unassigned
9529,2,2,0.9999989,unassigned
9530,2,2,0.8993684,unassigned
9531,0,0,0.9998969,unassigned
9532,2,1,0.7979156,unassigned
9533,1,1,0.8057764,unassigned
9534,2,1,0.7407083,unassigned
9535,0,0,0.98055637,unassigned
9536,2,2,0.9996815,unassigned
9537,0,0,0.99991643,unassigned
9538,2,2,0.99976796,unassigned
9539,1,2,0.89341116,unassigned
9540,1,1,0.98474866,unassigned
9541,2,2,0.99894696,unassigned
9542,0,0,0.99977034,unassigned
9543,0,0,0.99940085,unassigned
9544,2,2,0.9118297,unassigned
9545,2,2,0.99973077,unassigned
9546,1,1,0.99938965,unassigned
9547,0,0,0.99984074,unassigned
9548,1,1,0.9957476,unassigned
9549,0,0,0.9997433,unassigned
9550,2,0,0.7059262,unassigned
9551,2,2,0.9999076,unassigned
9552,2,0,0.9767427,unassigned
9553,1,1,0.9995497,unassigned
9554,2,2,0.9330885,unassigned
9555,0,0,0.9986615,unassigned
9556,0,0,0.9997447,unassigned
9557,2,0,0.999881,unassigned
9558,2,0,0.93281496,unassigned
9559,2,2,0.9863166,unassigned
9560,2,1,0.89717275,unassigned
9561,2,2,1.0,unassigned
9562,1,1,0.94103384,unassigned
9563,2,2,0.9964405,unassigned
9564,2,2,0.99999785,unassigned
9565,2,2,0.65362644,unassigned
9566,2,2,0.9906759,unassigned
9567,2,1,0.5571403,unassigned
9568,1,1,0.9991448,unassigned
9569,1,1,0.5729398,unassigned
9570,2,2,0.998264,unassigned
9571,0,0,0.98952603,unassigned
9572,1,1,0.98992085,unassigned
9573,0,0,0.9986357,unassigned
9574,2,2,0.99999964,unassigned
9575,2,2,0.99414474,unassigned
9576,2,2,0.9999999,unassigned
9577,0,0,0.99889356,unassigned
9578,0,0,0.89666444,unassigned
9579,0,0,0.9923603,unassigned
9580,0,2,0.9780937,unassigned
9581,1,1,0.91019696,unassigned
9582,0,0,0.9999988,unassigned
9583,2,2,0.99963915,unassigned
9584,2,2,0.9999964,unassigned
9585,1,1,0.9509251,unassigned
9586,0,0,0.99878913,unassigned
9587,2,2,0.9999721,unassigned
9588,2,2,1.0,unassigned
9589,0,2,0.9931132,unassigned
9590,2,1,0.54307497,unassigned
9591,1,2,0.675761,unassigned
9592,2,2,0.74422723,unassigned
9593,1,1,0.9941982,unassigned
9594,1,1,0.9838675,unassigned
9595,2,2,0.99978095,unassigned
9596,2,0,0.97939026,unassigned
9597,1,2,0.5221195,unassigned
9598,0,0,0.9310334,unassigned
9599,1,1,0.99137634,unassigned
9600,1,1,0.9964018,unassigned
9601,1,1,0.9966439,unassigned
9602,2,2,0.9920392,unassigned
9603,2,1,0.8907511,unassigned
9604,1,1,0.9831709,unassigned
9605,1,1,0.9688693,unassigned
9606,2,2,0.7640631,unassigned
9607,0,0,0.8035304,unassigned
9608,2,2,0.9311194,unassigned
9609,1,1,0.9664142,unassigned
9610,1,1,0.83326674,unassigned
9611,2,2,0.9998424,unassigned
9612,2,1,0.48535782,unassigned
9613,1,1,0.92325366,unassigned
9614,2,0,0.5298219,unassigned
9615,2,2,0.98773557,unassigned
9616,2,2,0.825643,unassigned
9617,1,0,0.8867698,unassigned
9618,2,2,0.89532685,unassigned
9619,1,1,0.99849105,unassigned
9620,1,1,0.89408505,unassigned
9621,2,2,0.99887174,unassigned
9622,1,2,0.6476469,unassigned
9623,2,2,0.98846763,unassigned
9624,2,2,0.9752779,unassigned
9625,0,0,0.99944884,unassigned
9626,1,1,0.997729,unassigned
9627,1,2,0.8221411,unassigned
9628,1,2,0.99963474,unassigned
9629,1,1,0.9360843,unassigned
9630,2,1,0.7228875,unassigned
9631,1,2,0.83160406,unassigned
9632,2,2,0.8421543,unassigned
9633,0,0,0.9999262,unassigned
9634,1,1,0.98751163,unassigned
9635,0,0,0.9963626,unassigned
9636,1,2,0.6453449,unassigned
9637,1,1,0.92478704,unassigned
9638,2,2,0.95650595,unassigned
9639,2,0,0.97566694,unassigned
9640,1,0,0.5377603,unassigned
9641,1,1,0.9866388,unassigned
9642,1,1,0.9820503,unassigned
9643,1,1,0.9828525,unassigned
9644,1,1,0.99752444,unassigned
9645,0,0,0.96115655,unassigned
9646,2,2,0.99972993,unassigned
9647,0,0,0.9999968,unassigned
9648,1,1,0.91067773,unassigned
9649,1,1,0.9993069,unassigned
9650,0,2,0.99999416,unassigned
9651,1,0,0.5489879,unassigned
9652,1,0,0.9028804,unassigned
9653,1,1,0.9526109,unassigned
9654,0,0,0.99969435,unassigned
9655,0,0,0.9999896,unassigned
9656,2,2,0.99969935,unassigned
9657,2,0,0.9999573,unassigned
9658,2,2,0.9698473,unassigned
9659,2,2,0.697231,unassigned
9660,1,1,0.91568077,unassigned
9661,0,2,0.8165867,unassigned
9662,1,1,0.96707815,unassigned
9663,0,0,0.9940374,unassigned
9664,2,2,0.9308687,unassigned
9665,0,0,0.99838126,unassigned
9666,1,1,0.91951084,unassigned
9667,0,0,0.99785787,unassigned
9668,2,2,0.9935436,unassigned
9669,1,1,0.99208707,unassigned
9670,0,1,0.5914836,unassigned
9671,0,0,0.9994499,unassigned
9672,2,2,0.9996364,unassigned
9673,2,1,0.78368706,unassigned
9674,2,2,0.99986935,unassigned
9675,0,0,0.9999988,unassigned
9676,1,1,0.84610915,unassigned
9677,2,2,0.7440055,unassigned
9678,1,1,0.92000145,unassigned
9679,1,1,0.8600771,unassigned
9680,2,2,0.9910343,unassigned
9681,1,0,0.51715636,unassigned
9682,0,0,0.89928144,unassigned
9683,0,0,0.9254944,unassigned
9684,0,0,0.9980387,unassigned
9685,1,0,0.68297744,unassigned
9686,1,0,0.97795665,unassigned
9687,1,1,0.99983895,unassigned
9688,2,2,0.9999398,unassigned
9689,1,1,0.99075,unassigned
9690,1,1,0.9771468,unassigned
9691,0,0,0.9999976,unassigned
9692,2,2,0.9998492,unassigned
9693,1,1,0.9203786,unassigned
9694,0,0,0.9908221,unassigned
9695,1,1,0.99413586,unassigned
9696,2,2,0.9224788,unassigned
9697,1,1,0.57683736,unassigned
9698,1,1,0.9332751,unassigned
9699,2,2,0.9977537,unassigned
9700,0,0,0.9994246,unassigned
9701,2,2,0.806307,unassigned
9702,2,2,0.99817836,unassigned
9703,2,2,0.9993475,unassigned
9704,2,1,0.5474733,unassigned
9705,2,2,0.999474,unassigned
9706,2,2,0.9906042,unassigned
9707,2,0,0.99767977,unassigned
9708,2,2,0.9999893,unassigned
9709,2,2,0.99764687,unassigned
9710,1,1,0.8146537,unassigned
9711,1,1,0.8196544,unassigned
9712,2,2,0.70969737,unassigned
9713,1,1,0.583093,unassigned
9714,2,2,0.99883944,unassigned
9715,0,0,0.9176826,unassigned
9716,1,1,0.9920845,unassigned
9717,2,2,0.99953866,unassigned
9718,1,2,0.8256091,unassigned
9719,0,0,0.9979419,unassigned
9720,1,2,0.9997687,unassigned
9721,1,1,0.9922999,unassigned
9722,1,1,0.98623717,unassigned
9723,2,1,0.7539204,unassigned
9724,0,0,0.9999893,unassigned
9725,1,0,0.91726273,unassigned
9726,1,1,0.85128427,unassigned
9727,2,2,0.9992066,unassigned
9728,0,0,0.9806357,unassigned
9729,2,2,0.77765113,unassigned
9730,2,0,0.4700392,unassigned
9731,1,1,0.8400158,unassigned
9732,1,2,0.9129078,unassigned
9733,1,1,0.8672533,unassigned
9734,2,2,0.97839737,unassigned
9735,1,1,0.66988754,unassigned
9736,0,0,0.9832954,unassigned
9737,2,0,0.70263904,unassigned
9738,1,1,0.9488521,unassigned
9739,1,0,0.5998172,unassigned
9740,1,2,0.99900776,unassigned
9741,1,1,0.8888321,unassigned
9742,1,1,0.99786973,unassigned
9743,2,0,0.87471694,unassigned
9744,2,2,0.915852,unassigned
9745,0,0,0.9999615,unassigned
9746,0,0,0.9988312,unassigned
9747,1,1,0.9001931,unassigned
9748,1,1,0.9504811,unassigned
9749,1,1,0.7063388,unassigned
9750,1,1,0.7197896,unassigned
9751,2,1,0.6851955,unassigned
9752,2,2,0.7606362,unassigned
9753,2,2,0.5672869,unassigned
9754,1,1,0.90741235,unassigned
9755,1,1,0.9617674,unassigned
9756,0,0,0.93248045,unassigned
9757,2,2,0.99881196,unassigned
9758,2,2,0.98196214,unassigned
9759,2,0,0.9726925,unassigned
9760,0,0,0.99784446,unassigned
9761,1,2,0.87008387,unassigned
9762,0,0,0.99607986,unassigned
9763,2,2,0.9755559,unassigned
9764,2,2,0.99456364,unassigned
9765,1,1,0.9814933,unassigned
9766,0,1,0.6554907,unassigned
9767,1,2,0.99354184,unassigned
9768,1,2,0.9195259,unassigned
9769,1,1,0.9800828,unassigned
9770,0,1,0.48724812,unassigned
9771,2,1,0.6278171,unassigned
9772,1,1,0.84008294,unassigned
9773,0,0,0.9995633,unassigned
9774,1,1,0.9646438,unassigned
9775,0,0,0.9979153,unassigned
9776,1,2,0.97974634,unassigned
9777,2,2,1.0,unassigned
9778,2,2,0.99334806,unassigned
9779,1,1,0.9272417,unassigned
9780,1,2,0.5662597,unassigned
9781,2,0,0.99011856,unassigned
9782,1,1,0.9012256,unassigned
9783,2,1,0.9869741,unassigned
9784,1,1,0.6775792,unassigned
9785,0,2,0.9949104,unassigned
9786,2,0,0.91080207,unassigned
9787,2,2,0.5487581,unassigned
9788,2,2,0.9954566,unassigned
9789,2,2,0.65056694,unassigned
9790,0,0,0.9999397,unassigned
9791,2,2,0.99936646,unassigned
9792,2,2,0.9662573,unassigned
9793,2,2,0.999863,unassigned
9794,1,1,0.9834678,unassigned
9795,1,2,0.95734805,unassigned
9796,0,0,0.9998116,unassigned
9797,0,2,0.99551,unassigned
9798,2,1,0.6567372,unassigned
9799,1,1,0.9707672,unassigned
9800,2,2,0.9962049,unassigned
9801,2,2,0.98840904,unassigned
9802,1,1,0.99843234,unassigned
9803,2,2,0.9942485,unassigned
9804,2,2,0.9656177,unassigned
9805,2,2,0.6979995,unassigned
9806,2,2,0.9998983,unassigned
9807,1,0,0.5530623,unassigned
9808,1,1,1.0,unassigned
9809,1,1,0.99446183,unassigned
9810,0,0,0.99999607,unassigned
9811,2,2,0.4628891,unassigned
9812,2,0,0.9939097,unassigned
9813,2,2,0.99999976,unassigned
9814,2,2,0.8302157,unassigned
9815,1,2,0.8119638,unassigned
9816,0,0,0.99986196,unassigned
9817,0,0,0.995008,unassigned
9818,1,2,0.65115047,unassigned
9819,1,1,0.9999231,unassigned
9820,2,2,0.9992101,unassigned
9821,0,0,0.99641377,unassigned
9822,1,2,0.713949,unassigned
9823,2,2,0.99672925,unassigned
9824,1,2,0.97868127,unassigned
9825,2,2,0.8654626,unassigned
9826,1,1,0.99721223,unassigned
9827,1,1,0.99054784,unassigned
9828,0,0,0.9995753,unassigned
9829,0,0,0.9958203,unassigned
9830,2,2,0.9999989,unassigned
9831,0,0,0.99996686,unassigned
9832,0,0,0.9999366,unassigned
9833,2,0,0.7978213,unassigned
9834,2,2,0.95555174,unassigned
9835,1,1,0.9533497,unassigned
9836,2,2,0.741982,unassigned
9837,2,1,0.71721244,unassigned
9838,2,2,0.705756,unassigned
9839,2,2,0.9713468,unassigned
9840,1,0,0.84520817,unassigned
9841,1,1,0.9965726,unassigned
9842,2,2,1.0,unassigned
9843,0,2,0.98461294,unassigned
9844,2,2,0.994269,unassigned
9845,2,0,0.7972738,unassigned
9846,2,2,0.99973744,unassigned
9847,2,2,0.86152965,unassigned
9848,2,2,0.99840975,unassigned
9849,0,0,0.9812336,unassigned
9850,1,1,0.6626859,unassigned
9851,1,1,0.9980465,unassigned
9852,1,1,0.8099744,unassigned
9853,1,1,0.9363541,unassigned
9854,2,2,0.98858577,unassigned
9855,1,2,0.97183716,unassigned
9856,1,1,0.91308504,unassigned
9857,2,2,0.9786603,unassigned
9858,0,0,0.91963035,unassigned
9859,2,1,0.52011317,unassigned
9860,1,2,0.9882301,unassigned
9861,1,1,0.9931472,unassigned
9862,0,0,0.9999969,unassigned
9863,1,1,0.9665078,unassigned
9864,2,2,0.993772,unassigned
9865,2,2,0.91281766,unassigned
9866,1,0,0.86004436,unassigned
9867,2,2,0.9839447,unassigned
9868,1,1,0.99981946,unassigned
9869,2,1,0.9984125,unassigned
9870,0,0,0.9998795,unassigned
9871,0,0,0.9998179,unassigned
9872,1,0,0.99896646,unassigned
9873,2,2,0.9999875,unassigned
9874,0,0,0.97835517,unassigned
9875,1,1,0.9005649,unassigned
9876,1,1,0.95747006,unassigned
9877,0,0,1.0,unassigned
9878,2,0,0.67383325,unassigned
9879,1,1,0.8425804,unassigned
9880,2,1,0.9218442,unassigned
9881,2,1,0.999902,unassigned
9882,1,1,0.9692527,unassigned
9883,0,0,0.9999999,unassigned
9884,1,0,0.9996418,unassigned
9885,2,2,0.9998086,unassigned
9886,0,2,0.9995988,unassigned
9887,2,2,0.8694412,unassigned
9888,1,1,0.84584653,unassigned
9889,2,1,0.71884567,unassigned
9890,1,2,0.70331264,unassigned
9891,1,1,0.98968095,unassigned
9892,0,0,0.9900928,unassigned
9893,2,2,0.999995,unassigned
9894,0,0,0.9999827,unassigned
9895,2,2,0.9369761,unassigned
9896,1,0,0.53863317,unassigned
9897,1,1,0.8481731,unassigned
9898,1,2,0.53765255,unassigned
9899,1,1,0.9215069,unassigned
9900,0,0,0.9999535,unassigned
9901,2,2,1.0,unassigned
9902,2,2,0.9976605,unassigned
9903,1,1,0.8991442,unassigned
9904,0,0,0.99976724,unassigned
9905,0,1,0.971873,unassigned
9906,2,2,0.9997379,unassigned
9907,1,0,0.9877309,unassigned
9908,1,1,0.99101603,unassigned
9909,2,2,0.9959549,unassigned
9910,2,2,0.85782534,unassigned
9911,1,0,0.9110127,unassigned
9912,1,2,0.9333285,unassigned
9913,1,1,0.9056923,unassigned
9914,1,1,0.9036002,unassigned
9915,1,1,0.9999465,unassigned
9916,2,2,0.9984725,unassigned
9917,0,0,0.9994855,unassigned
9918,1,0,0.99973804,unassigned
9919,2,1,0.9800023,unassigned
9920,0,2,0.5822086,unassigned
9921,1,1,0.9927308,unassigned
9922,2,2,0.96733093,unassigned
9923,0,0,0.88591117,unassigned
9924,1,1,0.6134565,unassigned
9925,0,0,1.0,unassigned
9926,0,0,0.6554908,unassigned
9927,2,2,0.6778838,unassigned
9928,2,2,0.98305225,unassigned
9929,1,1,0.9024952,unassigned
9930,1,1,0.9991297,unassigned
9931,1,1,0.99038285,unassigned
9932,0,0,0.9976169,unassigned
9933,2,1,0.913775,unassigned
9934,2,2,0.7335627,unassigned
9935,2,2,0.9979804,unassigned
9936,2,2,0.99745625,unassigned
9937,1,1,0.6901747,unassigned
9938,1,1,0.92083645,unassigned
9939,2,2,0.9964212,unassigned
9940,2,0,0.7989201,unassigned
9941,0,0,1.0,unassigned
9942,2,2,0.9999993,unassigned
9943,1,2,0.9691159,unassigned
9944,0,0,0.99934024,unassigned
9945,2,1,0.972703,unassigned
9946,1,1,0.9307322,unassigned
9947,2,2,0.9984653,unassigned
9948,2,2,0.6775537,unassigned
9949,1,1,0.99654835,unassigned
9950,0,0,0.9981968,unassigned
9951,0,2,0.98784536,unassigned
9952,1,1,0.9988379,unassigned
9953,0,1,0.9999937,unassigned
9954,2,2,0.90239286,unassigned
9955,1,0,0.99804074,unassigned
9956,0,0,0.9999473,unassigned
9957,1,1,0.9999088,unassigned
9958,1,1,0.9962921,unassigned
9959,2,2,0.999485,unassigned
9960,0,0,0.9997446,unassigned
9961,2,1,0.9970312,unassigned
9962,1,2,0.83260083,unassigned
9963,2,1,0.80963147,unassigned
9964,2,2,0.9565929,unassigned
9965,1,1,0.99999344,unassigned
9966,0,2,0.69032526,unassigned
9967,2,2,0.9993383,unassigned
9968,2,2,0.9931866,unassigned
9969,2,2,0.99982977,unassigned
9970,2,2,0.9939319,unassigned
9971,1,1,0.81559885,unassigned
9972,1,1,0.5923053,unassigned
9973,1,1,0.999696,unassigned
9974,2,2,0.9878286,unassigned
9975,1,1,0.8790288,unassigned
9976,0,0,0.9996666,unassigned
9977,1,1,0.9978098,unassigned
9978,1,2,0.9452891,unassigned
9979,1,1,0.8393773,unassigned
9980,2,2,0.9901391,unassigned
9981,2,2,0.9983859,unassigned
9982,2,1,0.9735613,unassigned
9983,1,1,0.89183766,unassigned
9984,2,2,0.9990139,unassigned
9985,2,1,0.92919326,unassigned
9986,2,2,0.806198,unassigned
9987,0,0,0.53503686,unassigned
9988,0,2,0.99999976,unassigned
9989,2,2,0.98937714,unassigned
9990,2,2,0.9994011,unassigned
9991,2,2,0.99244314,unassigned
9992,1,1,0.97009027,unassigned
9993,1,1,0.7735337,unassigned
9994,0,0,0.9926529,unassigned
9995,1,1,0.7259554,unassigned
9996,2,2,0.9236556,unassigned
9997,2,1,0.780947,unassigned
9998,0,0,0.9999982,unassigned
9999,1,1,0.9954987,unassigned
10000,1,1,0.629148,unassigned
10001,2,1,0.94842345,unassigned
10002,2,2,0.9920407,unassigned
10003,2,2,0.99093646,unassigned
10004,0,0,0.9799687,unassigned
10005,1,0,0.7124176,unassigned
10006,2,1,0.8432453,unassigned
10007,0,0,0.98523325,unassigned
10008,1,1,0.9837316,unassigned
10009,1,1,0.9993445,unassigned
10010,1,1,0.7209606,unassigned
10011,1,2,0.78461045,unassigned
10012,1,1,0.9982405,unassigned
10013,0,0,0.8496486,unassigned
10014,1,1,0.99476826,unassigned
10015,1,2,0.9856493,unassigned
10016,2,0,0.9990736,unassigned
10017,2,0,0.694263,unassigned
10018,2,2,0.9991671,unassigned
10019,2,2,0.9920333,unassigned
10020,2,2,0.9964288,unassigned
10021,0,0,0.99842864,unassigned
10022,0,0,0.999483,unassigned
10023,1,0,0.96433705,unassigned
10024,2,2,0.9929236,unassigned
10025,2,2,0.99535227,unassigned
10026,2,2,0.98729336,unassigned
10027,1,1,0.9617918,unassigned
10028,1,2,0.6441474,unassigned
10029,0,2,0.9992995,unassigned
10030,1,1,0.6186991,unassigned
10031,2,2,0.6539585,unassigned
10032,2,2,0.9870308,unassigned
10033,1,1,0.9995378,unassigned
10034,1,0,0.60491943,unassigned
10035,1,1,0.94007164,unassigned
10036,2,2,0.925296,unassigned
10037,1,1,0.85563755,unassigned
10038,0,0,0.9999993,unassigned
10039,2,2,0.99589086,unassigned
10040,1,0,0.97408086,unassigned
10041,2,2,0.99613106,unassigned
10042,0,0,0.9999839,unassigned
10043,1,1,0.5581751,unassigned
10044,0,0,0.999017,unassigned
10045,0,0,0.9983479,unassigned
10046,0,0,0.9802406,unassigned
10047,1,0,0.9998808,unassigned
10048,0,0,0.65111125,unassigned
10049,0,2,0.999723,unassigned
10050,2,2,0.9999939,unassigned
10051,1,1,0.8944156,unassigned
10052,1,2,0.89806336,unassigned
10053,0,0,0.966421,unassigned
10054,2,2,0.5753715,unassigned
10055,1,1,0.94738036,unassigned
10056,1,1,0.83539975,unassigned
10057,2,2,0.9996973,unassigned
10058,2,2,0.82525295,unassigned
10059,0,0,0.9999981,unassigned
10060,0,0,0.9991726,unassigned
10061,0,0,0.99999547,unassigned
10062,1,1,0.9808559,unassigned
10063,0,0,0.999608,unassigned
10064,2,0,0.9871209,unassigned
10065,2,2,0.99999917,unassigned
10066,2,2,0.5369954,unassigned
10067,2,2,0.83213055,unassigned
10068,2,2,0.9999993,unassigned
10069,1,0,0.84448195,unassigned
10070,2,0,0.99998987,unassigned
10071,2,0,0.74324113,unassigned
10072,2,2,0.9355808,unassigned
10073,2,0,0.7417863,unassigned
10074,0,2,0.99966705,unassigned
10075,2,2,0.9985739,unassigned
10076,2,2,0.9996499,unassigned
10077,1,2,0.5654025,unassigned
10078,2,2,0.999998,unassigned
10079,0,0,0.9992574,unassigned
10080,1,1,0.86109406,unassigned
10081,1,1,0.9748395,unassigned
10082,0,0,0.86784357,unassigned
10083,2,2,0.9980398,unassigned
10084,0,0,0.9987078,unassigned
10085,2,2,0.9999194,unassigned
10086,2,2,0.9999838,unassigned
10087,1,1,0.99868137,unassigned
10088,1,1,0.99757916,unassigned
10089,2,2,0.99973243,unassigned
10090,2,2,0.9993431,unassigned
10091,2,2,0.986865,unassigned
10092,2,1,0.6810588,unassigned
10093,2,2,0.9723736,unassigned
10094,2,2,0.99999976,unassigned
10095,2,1,0.9990307,unassigned
10096,1,1,0.9771753,unassigned
10097,1,1,0.8512952,unassigned
10098,2,1,0.9199317,unassigned
10099,2,2,0.9999616,unassigned
10100,1,2,0.9992613,unassigned
10101,0,0,0.8775482,unassigned
10102,1,2,0.7397745,unassigned
10103,2,2,1.0,unassigned
10104,2,2,0.79666555,unassigned
10105,0,0,0.99533904,unassigned
10106,1,1,0.991865,unassigned
10107,1,1,0.9994443,unassigned
10108,2,2,0.5546285,unassigned
10109,2,2,0.97894853,unassigned
10110,1,1,0.85362977,unassigned
10111,1,2,0.59707564,unassigned
10112,1,1,0.9660121,unassigned
10113,0,0,0.99994755,unassigned
10114,1,2,0.67059433,unassigned
10115,1,1,0.9430783,unassigned
10116,1,2,0.99062353,unassigned
10117,1,2,0.8721565,unassigned
10118,0,0,0.9996061,unassigned
10119,2,0,0.99145037,unassigned
10120,2,0,0.97863173,unassigned
10121,1,1,0.9894554,unassigned
10122,1,1,0.9398345,unassigned
10123,0,0,1.0,unassigned
10124,2,2,0.7057839,unassigned
10125,0,0,0.9976993,unassigned
10126,2,2,0.999801,unassigned
10127,0,0,0.9998242,unassigned
10128,2,2,0.9999424,unassigned
10129,1,1,0.9898886,unassigned
10130,2,2,0.99432486,unassigned
10131,1,1,0.9600644,unassigned
10132,0,0,0.99991536,unassigned
10133,2,1,0.99594194,unassigned
10134,2,2,0.9412668,unassigned
10135,1,2,0.7360901,unassigned
10136,1,1,0.9805068,unassigned
10137,0,0,0.9995183,unassigned
10138,1,1,0.9490621,unassigned
10139,1,0,0.926028,unassigned
10140,1,1,0.99906343,unassigned
10141,0,0,0.8827026,unassigned
10142,0,0,0.85068893,unassigned
10143,0,0,0.9997452,unassigned
10144,1,2,0.85323966,unassigned
10145,2,2,0.4550915,unassigned
10146,2,2,0.7765166,unassigned
10147,0,0,0.9879546,unassigned
10148,1,1,0.9755872,unassigned
10149,0,1,0.9922616,unassigned
10150,1,1,0.93439066,unassigned
10151,2,2,0.9974178,unassigned
10152,2,2,0.9994874,unassigned
10153,2,2,0.9998498,unassigned
10154,0,0,0.98297083,unassigned
10155,2,2,0.954224,unassigned
10156,2,2,0.9995801,unassigned
10157,0,2,0.87023276,unassigned
10158,0,2,0.9865043,unassigned
10159,2,2,0.99677294,unassigned
10160,2,2,0.9999883,unassigned
10161,2,2,0.991052,unassigned
10162,1,2,0.996999,unassigned
10163,0,0,0.99999094,unassigned
10164,2,2,0.9998567,unassigned
10165,1,1,0.99729353,unassigned
10166,0,1,0.9398786,unassigned
10167,2,2,0.9999739,unassigned
10168,1,2,0.9172159,unassigned
10169,0,0,0.99999654,unassigned
10170,2,2,0.9999987,unassigned
10171,1,1,0.9802366,unassigned
10172,0,0,0.9999715,unassigned
10173,0,0,0.9999627,unassigned
10174,2,1,0.839234,unassigned
10175,2,1,0.9995703,unassigned
10176,1,1,0.9637375,unassigned
10177,1,1,0.9985703,unassigned
10178,1,1,0.80432254,unassigned
10179,1,2,0.49644095,unassigned
10180,2,2,0.9975756,unassigned
10181,1,0,0.99880683,unassigned
10182,2,2,0.992816,unassigned
10183,1,2,0.6604276,unassigned
10184,1,1,0.7760182,unassigned
10185,0,2,0.99648064,unassigned
10186,1,2,0.70053774,unassigned
10187,2,2,0.89345396,unassigned
10188,2,2,0.9897289,unassigned
10189,0,0,0.9945938,unassigned
10190,0,0,0.9996358,unassigned
10191,2,2,0.8901972,unassigned
10192,2,2,0.82847995,unassigned
10193,1,1,0.8502379,unassigned
10194,2,2,0.9995376,unassigned
10195,2,2,0.7804391,unassigned
10196,2,2,0.8071939,unassigned
10197,1,1,0.6873316,unassigned
10198,2,2,0.99999964,unassigned
10199,1,1,0.99998367,unassigned
10200,1,1,0.89574987,unassigned
10201,1,0,0.64307714,unassigned
10202,2,2,0.9990509,unassigned
10203,1,1,0.98942906,unassigned
10204,1,0,0.5607733,unassigned
10205,1,1,0.9999777,unassigned
10206,2,2,0.98869973,unassigned
10207,1,1,0.98433095,unassigned
10208,1,1,0.9809536,unassigned
10209,2,2,0.9711929,unassigned
10210,1,1,0.9989794,unassigned
10211,0,0,0.99995327,unassigned
10212,2,2,0.9999957,unassigned
10213,1,1,0.5537729,unassigned
10214,0,0,0.99922884,unassigned
10215,1,1,0.9794754,unassigned
10216,2,1,0.9455665,unassigned
10217,2,2,0.99977106,unassigned
10218,2,1,0.9810952,unassigned
10219,2,2,0.8565394,unassigned
10220,1,2,0.9288858,unassigned
10221,2,2,0.9954725,unassigned
10222,2,2,0.9978009,unassigned
10223,0,0,1.0,unassigned
10224,1,1,0.73168135,unassigned
10225,2,2,0.8969822,unassigned
10226,2,1,0.649312,unassigned
10227,1,1,0.9995983,unassigned
10228,1,1,0.9947266,unassigned
10229,1,0,0.9344988,unassigned
10230,2,2,0.9992625,unassigned
10231,1,1,0.9341214,unassigned
10232,0,0,1.0,unassigned
10233,1,0,0.54472816,unassigned
10234,0,0,0.999977,unassigned
10235,2,2,0.99920976,unassigned
10236,1,2,0.5672885,unassigned
10237,1,2,0.9223422,unassigned
10238,2,2,0.962826,unassigned
10239,2,2,0.92791635,unassigned
10240,0,0,0.99909997,unassigned
10241,2,2,0.9576488,unassigned
10242,2,2,0.6277129,unassigned
10243,1,1,0.93011814,unassigned
10244,2,2,0.9994716,unassigned
10245,1,1,0.9435472,unassigned
10246,2,2,0.9991062,unassigned
10247,0,0,0.9999839,unassigned
10248,2,2,0.83090365,unassigned
10249,2,1,0.53723294,unassigned
10250,2,2,0.6484353,unassigned
10251,0,0,0.9999907,unassigned
10252,2,2,0.76941615,unassigned
10253,2,2,0.43063864,unassigned
10254,2,2,0.9999889,unassigned
10255,0,0,0.9975388,unassigned
10256,2,2,0.9996761,unassigned
10257,2,2,0.99363977,unassigned
10258,1,1,0.98048085,unassigned
10259,1,1,0.7346078,unassigned
10260,2,1,0.7073656,unassigned
10261,0,0,0.9987349,unassigned
10262,1,1,0.9480458,unassigned
10263,2,2,0.56231856,unassigned
10264,1,1,0.72238827,unassigned
10265,2,2,0.99988806,unassigned
10266,0,2,0.99557906,unassigned
10267,1,2,0.9434333,unassigned
10268,1,1,0.7348859,unassigned
10269,2,2,0.99999964,unassigned
10270,2,2,0.9999385,unassigned
10271,1,1,0.97806257,unassigned
10272,2,2,0.9997718,unassigned
10273,2,1,0.8135747,unassigned
10274,1,1,0.86673284,unassigned
10275,2,2,0.9997447,unassigned
10276,1,1,0.9551905,unassigned
10277,2,2,0.98326415,unassigned
10278,1,1,0.9889059,unassigned
10279,0,0,0.9724185,unassigned
10280,2,2,0.6866946,unassigned
10281,1,1,0.9348848,unassigned
10282,1,1,0.95353925,unassigned
10283,1,1,0.9910397,unassigned
10284,1,1,0.47858652,unassigned
10285,2,2,0.9999944,unassigned
10286,2,2,0.9981218,unassigned
10287,2,2,0.7974014,unassigned
10288,1,1,0.99999785,unassigned
10289,1,1,0.91782063,unassigned
10290,2,2,0.99704844,unassigned
10291,1,1,0.99445194,unassigned
10292,2,2,0.99806255,unassigned
10293,2,2,0.9997625,unassigned
10294,2,2,0.9984035,unassigned
10295,0,0,0.99868053,unassigned
10296,1,1,0.8419981,unassigned
10297,1,2,0.885228,unassigned
10298,2,2,0.99833786,unassigned
10299,2,2,0.98778176,unassigned
10300,1,0,0.8869437,unassigned
10301,1,1,0.91126597,unassigned
10302,2,2,0.7838868,unassigned
10303,0,0,0.8092438,unassigned
10304,1,1,0.99706227,unassigned
10305,1,1,0.8815816,unassigned
10306,2,0,0.99724305,unassigned
10307,0,0,0.9981792,unassigned
10308,2,2,1.0,unassigned
10309,1,1,0.9899122,unassigned
10310,0,0,0.98314905,unassigned
10311,0,0,0.84134287,unassigned
10312,1,1,0.9955592,unassigned
10313,2,2,0.9999511,unassigned
10314,1,1,0.98321104,unassigned
10315,2,2,0.9966446,unassigned
10316,2,2,0.90907323,unassigned
10317,1,0,0.5498107,unassigned
10318,1,2,0.9717083,unassigned
10319,2,1,0.98799974,unassigned
10320,0,0,0.99296606,unassigned
10321,1,1,0.92225486,unassigned
10322,1,1,0.97658676,unassigned
10323,1,1,0.975938,unassigned
10324,2,2,0.9811333,unassigned
10325,2,2,0.99975675,unassigned
10326,1,1,0.5873148,unassigned
10327,0,0,0.999092,unassigned
10328,1,1,0.9982317,unassigned
10329,2,2,0.9997261,unassigned
10330,2,2,0.8912134,unassigned
10331,0,0,0.9999896,unassigned
10332,2,1,0.9829291,unassigned
10333,1,0,0.69120365,unassigned
10334,1,1,0.88202655,unassigned
10335,1,2,0.86583924,unassigned
10336,2,1,0.9810131,unassigned
10337,2,2,0.9982461,unassigned
10338,2,2,0.98465365,unassigned
10339,2,2,0.99191296,unassigned
10340,0,0,0.9995703,unassigned
10341,2,0,0.9975521,unassigned
10342,1,2,0.97672105,unassigned
10343,1,1,0.9184319,unassigned
10344,0,0,0.99704784,unassigned
10345,2,2,0.4963473,unassigned
10346,2,2,0.95347434,unassigned
10347,0,0,0.9999398,unassigned
10348,0,0,0.99995697,unassigned
10349,1,1,0.87184244,unassigned
10350,1,1,0.99976355,unassigned
10351,0,0,0.99689984,unassigned
10352,1,1,0.9705659,unassigned
10353,2,2,0.9978619,unassigned
10354,1,2,0.9981013,unassigned
10355,2,2,0.9971623,unassigned
10356,2,2,0.99655354,unassigned
10357,1,1,0.99530655,unassigned
10358,0,0,0.99999976,unassigned
10359,2,2,0.9998516,unassigned
10360,0,0,0.9999393,unassigned
10361,1,1,0.9789082,unassigned
10362,2,2,0.99967,unassigned
10363,2,2,0.9999529,unassigned
10364,2,2,0.9949823,unassigned
10365,2,1,0.81884503,unassigned
10366,2,2,0.9998603,unassigned
10367,2,2,0.9947403,unassigned
10368,0,0,1.0,unassigned
10369,2,2,0.99982136,unassigned
10370,2,2,0.8499738,unassigned
10371,2,2,0.9959792,unassigned
10372,2,2,0.9994978,unassigned
10373,2,2,0.9055817,unassigned
10374,1,2,0.52218544,unassigned
10375,2,1,0.9992937,unassigned
10376,2,2,0.9994709,unassigned
10377,2,2,0.99999464,unassigned
10378,0,0,0.9684355,unassigned
10379,2,2,0.9921721,unassigned
10380,1,1,0.9999112,unassigned
10381,2,2,0.9898245,unassigned
10382,0,0,0.99190056,unassigned
10383,2,2,0.99997914,unassigned
10384,0,2,0.5293733,unassigned
10385,2,2,0.91777897,unassigned
10386,2,1,0.64765966,unassigned
10387,2,2,0.9989489,unassigned
10388,0,0,0.9999988,unassigned
10389,0,0,1.0,unassigned
10390,1,1,0.9997317,unassigned
10391,0,0,0.9760277,unassigned
10392,1,1,0.9396222,unassigned
10393,2,2,0.7459077,unassigned
10394,1,1,0.95963347,unassigned
10395,1,1,0.8550658,unassigned
10396,2,2,0.9840559,unassigned
10397,2,2,0.99999356,unassigned
10398,1,1,0.9917989,unassigned
10399,1,1,0.7505969,unassigned
10400,2,2,0.9918128,unassigned
10401,1,1,0.97698975,unassigned
10402,1,1,0.8790771,unassigned
10403,1,1,0.9806731,unassigned
10404,1,1,0.9948856,unassigned
10405,2,2,0.9586865,unassigned
10406,2,2,0.9996737,unassigned
10407,2,0,0.58276254,unassigned
10408,1,1,0.97250676,unassigned
10409,0,0,0.9999993,unassigned
10410,1,1,0.8845799,unassigned
10411,0,0,0.9979019,unassigned
10412,2,2,0.9973757,unassigned
10413,2,2,0.82785505,unassigned
10414,0,2,0.99971384,unassigned
10415,2,0,0.68966764,unassigned
10416,0,2,0.5729919,unassigned
10417,0,2,0.9420838,unassigned
10418,1,1,0.99649113,unassigned
10419,0,0,0.99994206,unassigned
10420,1,0,0.91989416,unassigned
10421,1,1,0.99378103,unassigned
10422,2,2,0.9999889,unassigned
10423,1,1,0.9999745,unassigned
10424,1,2,0.69895154,unassigned
10425,1,0,0.946252,unassigned
10426,2,2,0.9997147,unassigned
10427,1,1,0.99819106,unassigned
10428,1,0,0.8611899,unassigned
10429,2,2,0.97329456,unassigned
10430,2,2,0.9990017,unassigned
10431,1,1,0.9999459,unassigned
10432,0,0,0.9994289,unassigned
10433,1,1,0.98512024,unassigned
10434,1,2,0.99668175,unassigned
10435,0,0,0.9999994,unassigned
10436,2,2,0.99998033,unassigned
10437,1,2,0.9530292,unassigned
10438,1,1,0.89827996,unassigned
10439,1,1,0.9937921,unassigned
10440,2,2,0.998104,unassigned
10441,1,1,0.9993236,unassigned
10442,0,0,0.99970967,unassigned
10443,0,2,0.8336288,unassigned
10444,1,0,0.84008074,unassigned
10445,1,1,0.85617083,unassigned
10446,0,0,0.9999993,unassigned
10447,1,1,0.83576703,unassigned
10448,2,2,0.99967015,unassigned
10449,2,2,0.99998724,unassigned
10450,2,0,0.7538885,unassigned
10451,1,1,0.999954,unassigned
10452,2,2,0.9399641,unassigned
10453,1,2,0.7734821,unassigned
10454,2,2,0.9993563,unassigned
10455,1,1,0.99079293,unassigned
10456,1,1,0.78183615,unassigned
10457,1,1,0.59992653,unassigned
10458,2,2,0.9632823,unassigned
10459,0,0,0.9993432,unassigned
10460,1,1,0.8818598,unassigned
10461,2,2,0.939875,unassigned
10462,0,2,0.49254045,unassigned
10463,1,1,0.8917842,unassigned
10464,1,1,0.99416417,unassigned
10465,2,2,0.6692088,unassigned
10466,1,1,0.9399209,unassigned
10467,1,1,0.7906208,unassigned
10468,2,2,0.99948823,unassigned
10469,0,0,0.9999665,unassigned
10470,2,2,0.998629,unassigned
10471,0,0,0.9378668,unassigned
10472,0,1,0.933272,unassigned
10473,1,1,0.7621624,unassigned
10474,0,0,0.9999999,unassigned
10475,2,2,0.99947566,unassigned
10476,1,1,0.48779052,unassigned
10477,0,2,0.99726534,unassigned
10478,2,2,0.9577248,unassigned
10479,2,2,0.85893506,unassigned
10480,0,0,0.99927336,unassigned
10481,1,1,0.9211392,unassigned
10482,0,0,0.9993747,unassigned
10483,1,2,0.7501712,unassigned
10484,0,0,0.99999917,unassigned
10485,2,2,0.9861231,unassigned
10486,0,0,0.98411477,unassigned
10487,1,1,0.9720162,unassigned
10488,1,1,0.98159695,unassigned
10489,2,1,0.58216405,unassigned
10490,0,0,0.9989901,unassigned
10491,1,1,0.9420971,unassigned
10492,1,1,0.9816112,unassigned
10493,2,1,0.6905825,unassigned
10494,2,1,0.5628841,unassigned
10495,1,1,0.99036,unassigned
10496,1,1,0.93543565,unassigned
10497,1,1,0.9667553,unassigned
10498,0,2,0.5644841,unassigned
10499,1,1,0.8810641,unassigned
10500,2,2,0.99621564,unassigned
10501,2,2,0.99958223,unassigned
10502,2,2,0.9934115,unassigned
10503,2,1,0.87767977,unassigned
10504,1,1,0.6427764,unassigned
10505,0,0,0.9982582,unassigned
10506,2,2,0.99906164,unassigned
10507,0,0,1.0,unassigned
10508,2,2,0.98041236,unassigned
10509,0,0,0.99940157,unassigned
10510,2,2,0.9999994,unassigned
10511,1,1,0.9812594,unassigned
10512,1,2,0.5980661,unassigned
10513,1,2,0.9995647,unassigned
10514,1,1,0.7358913,unassigned
10515,1,1,0.9748651,unassigned
10516,0,0,0.99241066,unassigned
10517,1,1,0.9253837,unassigned
10518,1,1,0.95859236,unassigned
10519,1,0,0.38034618,unassigned
10520,2,2,0.9991109,unassigned
10521,2,1,0.8323652,unassigned
10522,1,1,0.9349571,unassigned
10523,2,1,0.96256715,unassigned
10524,1,0,0.85558283,unassigned
10525,2,0,0.98561376,unassigned
10526,2,2,0.94679046,unassigned
10527,1,1,0.9999132,unassigned
10528,1,1,0.9695449,unassigned
10529,2,2,0.9830004,unassigned
10530,1,1,0.9799682,unassigned
10531,1,1,0.9654461,unassigned
10532,2,2,0.8503797,unassigned
10533,2,2,0.9868199,unassigned
10534,2,2,0.92516255,unassigned
10535,1,1,0.99892443,unassigned
10536,2,1,0.9533755,unassigned
10537,1,2,0.5879965,unassigned
10538,1,1,0.86802936,unassigned
10539,2,0,0.849391,unassigned
10540,1,2,0.9999299,unassigned
10541,0,2,0.60748994,unassigned
10542,1,1,0.85231894,unassigned
10543,0,0,0.99923384,unassigned
10544,0,0,0.99968994,unassigned
10545,1,1,0.9422969,unassigned
10546,0,0,0.9901417,unassigned
10547,0,2,0.8159378,unassigned
10548,1,1,0.95467347,unassigned
10549,2,2,0.8869705,unassigned
10550,1,1,0.9515515,unassigned
10551,1,1,0.9576672,unassigned
10552,1,1,0.98189753,unassigned
10553,2,2,0.9866542,unassigned
10554,2,1,0.90759665,unassigned
10555,0,0,0.9998023,unassigned
10556,1,1,0.64273053,unassigned
10557,2,2,0.9906832,unassigned
10558,0,0,0.99999607,unassigned
10559,2,2,0.9999497,unassigned
10560,1,1,0.98384804,unassigned
10561,2,2,0.9981515,unassigned
10562,1,0,0.51726705,unassigned
10563,2,0,0.81599593,unassigned
10564,2,0,0.9642056,unassigned
10565,0,0,0.9969298,unassigned
10566,0,0,0.9972154,unassigned
10567,2,2,0.97477144,unassigned
10568,1,1,0.81038386,unassigned
10569,1,1,0.59474677,unassigned
10570,1,0,0.8087129,unassigned
10571,1,1,0.98463917,unassigned
10572,1,0,0.88008493,unassigned
10573,2,2,0.99998426,unassigned
10574,2,2,0.8294268,unassigned
10575,0,0,0.9999814,unassigned
10576,2,2,0.87520635,unassigned
10577,2,2,0.9810527,unassigned
10578,1,1,0.8391142,unassigned
10579,1,1,0.8145567,unassigned
10580,2,2,0.9916318,unassigned
10581,0,0,0.9993787,unassigned
10582,1,1,0.9965534,unassigned
10583,1,1,0.91677994,unassigned
10584,1,1,0.9659483,unassigned
10585,2,2,0.6600324,unassigned
10586,0,1,0.6804886,unassigned
10587,1,1,0.9979463,unassigned
10588,1,1,0.9104788,unassigned
10589,2,2,0.9983845,unassigned
10590,2,2,0.9610084,unassigned
10591,2,2,0.5159617,unassigned
10592,2,2,0.99961936,unassigned
10593,2,2,0.79935,unassigned
10594,0,0,0.9999863,unassigned
10595,1,1,0.9510156,unassigned
10596,1,1,0.95773023,unassigned
10597,2,2,0.99787056,unassigned
10598,2,1,0.89386487,unassigned
10599,1,1,0.98559684,unassigned
10600,2,2,0.99986005,unassigned
10601,2,2,1.0,unassigned
10602,2,2,0.98479,unassigned
10603,2,2,0.99902296,unassigned
10604,2,2,0.99958795,unassigned
10605,0,0,0.9920367,unassigned
10606,2,2,0.9898281,unassigned
10607,1,1,0.90916204,unassigned
10608,1,1,0.9341225,unassigned
10609,1,1,0.75782025,unassigned
10610,2,2,0.99708253,unassigned
10611,1,1,0.7744019,unassigned
10612,0,0,0.99999976,unassigned
10613,2,0,0.50305814,unassigned
10614,2,2,0.9931914,unassigned
10615,0,0,0.9993864,unassigned
10616,2,2,0.99716777,unassigned
10617,0,0,1.0,unassigned
10618,2,2,0.8699253,unassigned
10619,1,1,0.9228485,unassigned
10620,1,1,0.9999572,unassigned
10621,1,1,0.934861,unassigned
10622,1,2,0.87670857,unassigned
10623,1,0,0.98822355,unassigned
10624,1,1,0.8528043,unassigned
10625,1,1,0.9916756,unassigned
10626,1,1,0.87411624,unassigned
10627,2,1,0.6221506,unassigned
10628,2,2,0.9967249,unassigned
10629,1,1,0.9999999,unassigned
10630,1,1,0.69779927,unassigned
10631,0,1,0.9084396,unassigned
10632,1,1,0.7866613,unassigned
10633,2,2,0.999067,unassigned
10634,1,1,0.971695,unassigned
10635,0,0,0.9996586,unassigned
10636,1,1,0.83005625,unassigned
10637,2,2,0.9998281,unassigned
10638,1,1,0.9883618,unassigned
10639,1,1,0.9384321,unassigned
10640,0,1,0.98223627,unassigned
10641,2,0,0.55089843,unassigned
10642,0,0,0.99999785,unassigned
10643,1,2,0.6664026,unassigned
10644,1,1,0.63941765,unassigned
10645,0,0,0.999987,unassigned
10646,0,0,0.99358773,unassigned
10647,1,1,0.8875626,unassigned
10648,2,2,0.99999976,unassigned
10649,1,0,0.5309261,unassigned
10650,1,1,0.9725437,unassigned
10651,1,0,0.68118715,unassigned
10652,2,2,0.9996494,unassigned
10653,0,0,0.9953496,unassigned
10654,2,2,0.8989529,unassigned
10655,0,0,0.82154566,unassigned
10656,2,0,0.9972301,unassigned
10657,2,2,0.99788046,unassigned
10658,1,1,0.9519894,unassigned
10659,0,2,0.9098596,unassigned
10660,2,0,0.78090495,unassigned
10661,1,1,0.99168175,unassigned
10662,0,0,0.9700338,unassigned
10663,0,0,0.99942774,unassigned
10664,1,1,0.82159436,unassigned
10665,1,1,0.977697,unassigned
10666,0,1,0.95251757,unassigned
10667,0,2,0.9081526,unassigned
10668,1,0,0.5265486,unassigned
10669,0,0,0.99953175,unassigned
10670,0,0,0.5807842,unassigned
10671,0,0,0.99525046,unassigned
10672,2,1,0.8870645,unassigned
10673,1,1,0.94460976,unassigned
10674,0,0,0.97099835,unassigned
10675,2,2,0.99998736,unassigned
10676,2,2,0.93010926,unassigned
10677,0,0,0.9989459,unassigned
10678,1,0,0.6305402,unassigned
10679,1,1,0.9989171,unassigned
10680,1,2,0.59130746,unassigned
10681,1,0,0.8854864,unassigned
10682,2,1,0.9955557,unassigned
10683,0,0,0.97365916,unassigned
10684,1,1,0.9958003,unassigned
10685,0,1,0.60054994,unassigned
10686,1,1,0.84413344,unassigned
10687,0,0,0.9970907,unassigned
10688,2,1,0.72095656,unassigned
10689,1,1,0.7532731,unassigned
10690,2,2,0.99993074,unassigned
10691,1,1,0.9866536,unassigned
10692,1,1,0.9968471,unassigned
10693,2,2,0.69092107,unassigned
10694,1,1,0.8581589,unassigned
10695,2,2,0.9962453,unassigned
10696,0,0,0.9999999,unassigned
10697,0,2,0.9197797,unassigned
10698,2,2,0.99794143,unassigned
10699,1,1,0.9962082,unassigned
10700,2,2,0.67235607,unassigned
10701,0,0,0.9562606,unassigned
10702,2,2,0.636863,unassigned
10703,2,2,0.7075501,unassigned
10704,2,2,0.9846149,unassigned
10705,1,1,0.85373324,unassigned
10706,2,2,0.9999511,unassigned
10707,2,2,0.9954846,unassigned
10708,2,2,0.5261629,unassigned
10709,2,2,0.9744591,unassigned
10710,1,2,0.9882925,unassigned
10711,1,1,0.99211055,unassigned
10712,1,1,0.9996138,unassigned
10713,1,1,0.99901724,unassigned
10714,1,1,0.6971604,unassigned
10715,0,0,0.9999819,unassigned
10716,1,1,0.8864296,unassigned
10717,2,2,0.98228216,unassigned
10718,1,1,0.89656514,unassigned
10719,1,1,0.9709844,unassigned
10720,1,1,0.9157377,unassigned
10721,0,0,0.6816285,unassigned
10722,1,0,0.9992105,unassigned
10723,2,1,0.9772753,unassigned
10724,2,2,0.9763589,unassigned
10725,1,1,0.9992212,unassigned
10726,1,1,0.96338063,unassigned
10727,1,1,0.89390457,unassigned
10728,1,1,0.99642557,unassigned
10729,1,1,0.992922,unassigned
10730,2,2,0.9994641,unassigned
10731,2,2,0.9970681,unassigned
10732,2,2,0.94926184,unassigned
10733,2,2,0.9833349,unassigned
10734,0,0,0.9999993,unassigned
10735,2,1,0.82580334,unassigned
10736,0,0,0.96487737,unassigned
10737,2,2,0.9787612,unassigned
10738,2,2,0.9997271,unassigned
10739,2,2,0.6823626,unassigned
10740,1,1,0.99747914,unassigned
10741,2,2,0.99728835,unassigned
10742,2,2,0.949139,unassigned
10743,2,2,0.9998876,unassigned
10744,2,0,0.76650923,unassigned
10745,2,2,0.91842496,unassigned
10746,2,2,0.99997747,unassigned
10747,1,0,0.8155147,unassigned
10748,2,2,0.99999475,unassigned
10749,1,1,0.98918307,unassigned
10750,2,0,0.7952121,unassigned
10751,0,0,0.9998635,unassigned
10752,0,0,0.99965084,unassigned
10753,2,2,0.56719434,unassigned
10754,2,2,1.0,unassigned
10755,1,1,0.839102,unassigned
10756,2,2,0.99938166,unassigned
10757,1,2,0.92739576,unassigned
10758,2,2,0.986262,unassigned
10759,1,2,0.9203364,unassigned
10760,0,0,0.88884425,unassigned
10761,1,1,0.99714786,unassigned
10762,1,1,0.9742444,unassigned
10763,2,2,0.992187,unassigned
10764,0,0,0.9781873,unassigned
10765,2,1,0.55297464,unassigned
10766,0,0,0.99948835,unassigned
10767,2,2,0.9986035,unassigned
10768,1,1,0.7161551,unassigned
10769,2,2,0.99999404,unassigned
10770,1,1,0.91154444,unassigned
10771,0,0,0.88656783,unassigned
10772,2,2,0.7144097,unassigned
10773,1,1,0.8873603,unassigned
10774,0,0,0.996709,unassigned
10775,1,1,0.9789588,unassigned
10776,2,2,0.9999999,unassigned
10777,2,0,0.83483034,unassigned
10778,0,0,0.8610828,unassigned
10779,2,2,0.9998373,unassigned
10780,0,0,0.9986811,unassigned
10781,0,0,0.99989593,unassigned
10782,0,0,0.9970727,unassigned
10783,1,2,0.8512036,unassigned
10784,1,1,0.9203687,unassigned
10785,1,1,0.9767254,unassigned
10786,0,0,0.99650985,unassigned
10787,1,0,0.5120068,unassigned
10788,0,0,0.9837536,unassigned
10789,1,1,0.9772438,unassigned
10790,1,0,0.7515918,unassigned
10791,2,2,0.9997787,unassigned
10792,1,2,0.540798,unassigned
10793,0,0,0.99957806,unassigned
10794,1,2,0.573939,unassigned
10795,0,0,0.999796,unassigned
10796,1,1,0.99070567,unassigned
10797,1,1,0.89090943,unassigned
10798,1,0,0.9943414,unassigned
10799,2,2,0.9983814,unassigned
10800,1,1,0.92598987,unassigned
10801,2,2,0.9999418,unassigned
10802,2,2,0.9987226,unassigned
10803,2,1,0.61270964,unassigned
10804,2,2,0.9903582,unassigned
10805,2,1,0.9513026,unassigned
10806,0,0,0.9745926,unassigned
10807,0,0,0.9945496,unassigned
10808,1,0,0.824341,unassigned
10809,2,2,0.99881613,unassigned
10810,1,0,0.9986368,unassigned
10811,2,0,0.8117849,unassigned
10812,1,2,0.8835801,unassigned
10813,1,2,0.70981455,unassigned
10814,1,1,0.9948095,unassigned
10815,1,1,0.9056306,unassigned
10816,1,0,0.7843375,unassigned
10817,1,1,0.9828383,unassigned
10818,0,0,1.0,unassigned
10819,1,1,0.9635695,unassigned
10820,1,1,0.87524766,unassigned
10821,0,2,0.86300063,unassigned
10822,1,1,0.98745,unassigned
10823,0,0,0.8431931,unassigned
10824,1,2,0.56138295,unassigned
10825,1,0,0.9363157,unassigned
10826,2,2,0.9995165,unassigned
10827,2,0,0.9996025,unassigned
10828,0,0,0.9996724,unassigned
10829,0,0,0.9479626,unassigned
10830,1,0,0.69881916,unassigned
10831,0,0,0.98815316,unassigned
10832,1,1,0.99283266,unassigned
10833,2,0,0.99847704,unassigned
10834,0,0,0.9999509,unassigned
10835,1,1,0.991947,unassigned
10836,1,1,0.9866497,unassigned
10837,1,1,0.9836474,unassigned
10838,1,1,0.94723123,unassigned
10839,1,2,0.9970188,unassigned
10840,2,2,0.93577635,unassigned
10841,1,1,0.9607885,unassigned
10842,1,1,0.79527533,unassigned
10843,1,1,0.97184914,unassigned
10844,1,2,0.93396634,unassigned
10845,1,2,0.9952997,unassigned
10846,1,1,0.9999999,unassigned
10847,0,0,0.999553,unassigned
10848,2,2,0.99501204,unassigned
10849,1,1,0.42822093,unassigned
10850,0,0,0.9752201,unassigned
10851,1,1,0.98069227,unassigned
10852,2,2,0.9946891,unassigned
10853,2,2,0.99781185,unassigned
10854,0,0,0.9993007,unassigned
10855,0,0,0.87912285,unassigned
10856,2,2,1.0,unassigned
10857,0,0,1.0,unassigned
10858,1,1,0.93354076,unassigned
10859,2,2,0.99999964,unassigned
10860,0,0,0.9949114,unassigned
10861,1,1,0.9045152,unassigned
10862,1,1,0.6862326,unassigned
10863,0,0,0.9994153,unassigned
10864,1,0,0.983676,unassigned
10865,0,0,0.9999807,unassigned
10866,0,0,0.58226794,unassigned
10867,0,0,0.9998802,unassigned
10868,1,1,0.9984263,unassigned
10869,2,1,0.991895,unassigned
10870,2,1,0.9512425,unassigned
10871,2,2,0.99991417,unassigned
10872,1,1,0.7631019,unassigned
10873,2,0,0.9310166,unassigned
10874,1,1,0.96141046,unassigned
10875,1,2,0.95470333,unassigned
10876,0,0,0.9999852,unassigned
10877,1,1,0.9367031,unassigned
10878,2,2,0.9980921,unassigned
10879,1,1,0.99529344,unassigned
10880,2,2,0.9999999,unassigned
10881,0,0,0.9999988,unassigned
10882,2,2,0.9859848,unassigned
10883,1,1,0.92129606,unassigned
10884,1,1,0.90799177,unassigned
10885,2,2,0.9998356,unassigned
10886,1,1,0.9614295,unassigned
10887,2,2,0.9957075,unassigned
10888,0,0,0.9997081,unassigned
10889,1,1,0.9980573,unassigned
10890,2,2,0.9992342,unassigned
10891,2,2,0.9995809,unassigned
10892,2,0,0.82870394,unassigned
10893,1,0,0.99973863,unassigned
10894,1,1,0.7970238,unassigned
10895,2,2,0.9979303,unassigned
10896,2,2,0.9999212,unassigned
10897,2,1,0.97676086,unassigned
10898,2,2,0.883941,unassigned
10899,1,2,0.866579,unassigned
10900,2,0,0.9077792,unassigned
10901,2,2,0.59715325,unassigned
10902,2,2,0.99934465,unassigned
10903,1,0,0.51988995,unassigned
10904,2,1,0.9580803,unassigned
10905,2,2,0.6725496,unassigned
10906,2,0,0.999428,unassigned
10907,2,2,0.9439261,unassigned
10908,2,2,0.99765223,unassigned
10909,1,0,0.8840664,unassigned
10910,2,2,0.79569983,unassigned
10911,1,1,0.99968004,unassigned
10912,2,2,0.99955815,unassigned
10913,2,0,0.9207397,unassigned
10914,1,2,0.953512,unassigned
10915,1,0,0.999897,unassigned
10916,2,2,0.9987514,unassigned
10917,2,1,0.9253544,unassigned
10918,1,1,0.99432147,unassigned
10919,2,2,0.92191774,unassigned
10920,2,2,0.97887266,unassigned
10921,1,1,0.79849374,unassigned
10922,2,2,0.74898136,unassigned
10923,1,1,0.6425215,unassigned
10924,0,0,0.9386565,unassigned
10925,0,0,0.9999926,unassigned
10926,0,0,0.99761295,unassigned
10927,0,0,0.99529713,unassigned
10928,1,1,0.9292716,unassigned
10929,0,0,0.99890494,unassigned
10930,2,2,0.9998442,unassigned
10931,2,2,0.84844035,unassigned
10932,1,1,0.99656063,unassigned
10933,1,1,0.983685,unassigned
10934,1,1,0.97983503,unassigned
10935,2,2,0.98529005,unassigned
10936,2,2,0.99988794,unassigned
10937,2,2,0.99861753,unassigned
10938,1,2,0.6717427,unassigned
10939,1,1,0.99298805,unassigned
10940,1,0,0.62208223,unassigned
10941,1,2,0.81199026,unassigned
10942,0,2,0.9884216,unassigned
10943,2,0,0.99865204,unassigned
10944,0,0,0.9979188,unassigned
10945,1,1,0.8171178,unassigned
10946,0,2,0.43338513,unassigned
10947,2,2,0.7732852,unassigned
10948,2,2,0.9911759,unassigned
10949,2,1,0.7578074,unassigned
10950,2,1,0.7825767,unassigned
10951,0,0,0.7266524,unassigned
10952,2,2,0.9348178,unassigned
10953,1,1,0.9592032,unassigned
10954,2,0,0.8565862,unassigned
10955,0,0,0.9992724,unassigned
10956,2,2,0.99999785,unassigned
10957,2,1,0.6237331,unassigned
10958,2,0,0.53712505,unassigned
10959,0,0,0.9998828,unassigned
10960,2,2,0.99361694,unassigned
10961,1,0,0.9999982,unassigned
10962,2,2,0.99364704,unassigned
10963,2,2,0.65441006,unassigned
10964,0,0,0.4270646,unassigned
10965,0,2,0.99702877,unassigned
10966,2,2,0.98466194,unassigned
10967,2,2,0.524471,unassigned
10968,2,2,0.9833362,unassigned
10969,1,1,0.9979621,unassigned
10970,2,2,0.74162567,unassigned
10971,1,1,0.8811129,unassigned
10972,2,2,0.8456132,unassigned
10973,2,1,0.97428685,unassigned
10974,2,2,0.9862104,unassigned
10975,2,2,0.98586315,unassigned
10976,1,1,0.9909383,unassigned
10977,0,0,0.97867364,unassigned
10978,1,1,0.92046714,unassigned
10979,2,2,0.9747595,unassigned
10980,1,0,0.5021385,unassigned
10981,2,2,0.9999999,unassigned
10982,2,2,0.9996563,unassigned
10983,2,2,0.8572812,unassigned
10984,1,1,0.9917671,unassigned
10985,1,1,0.7495885,unassigned
10986,1,1,0.99362856,unassigned
10987,0,0,0.96172214,unassigned
10988,2,2,0.92863345,unassigned
10989,2,2,0.9910445,unassigned
10990,1,1,0.99937624,unassigned
10991,0,0,0.99063814,unassigned
10992,1,1,0.9962534,unassigned
10993,2,2,0.9999763,unassigned
10994,0,2,0.6341122,unassigned
10995,2,2,0.8929313,unassigned
10996,2,2,0.99632484,unassigned
10997,2,1,0.86245525,unassigned
10998,2,2,0.99328667,unassigned
10999,2,2,0.9982206,unassigned
11000,2,1,0.96777064,unassigned
11001,1,1,0.6844433,unassigned
11002,2,2,0.9925432,unassigned
11003,2,2,0.88815707,unassigned
11004,2,2,0.9873259,unassigned
11005,2,2,0.9992318,unassigned
11006,0,0,0.99645764,unassigned
11007,2,2,0.9991503,unassigned
11008,1,1,0.9765186,unassigned
11009,2,2,0.99941826,unassigned
11010,2,2,0.9907074,unassigned
11011,0,0,0.98739314,unassigned
11012,0,0,0.97636753,unassigned
11013,2,2,1.0,unassigned
11014,0,1,0.57331455,unassigned
11015,0,0,0.97166044,unassigned
11016,1,1,0.9999995,unassigned
11017,1,0,0.43912446,unassigned
11018,2,2,0.99138415,unassigned
11019,2,2,0.96485347,unassigned
11020,1,1,0.9943811,unassigned
11021,1,1,0.9984113,unassigned
11022,2,2,0.99870217,unassigned
11023,2,2,0.9897882,unassigned
11024,2,2,0.9994735,unassigned
11025,1,1,0.7670739,unassigned
11026,0,1,0.86875707,unassigned
11027,1,1,0.999549,unassigned
11028,2,2,0.99873906,unassigned
11029,1,1,0.9372265,unassigned
11030,1,1,0.99805415,unassigned
11031,1,1,0.99011236,unassigned
11032,0,0,0.9999682,unassigned
11033,0,0,0.99772054,unassigned
11034,1,1,0.81669724,unassigned
11035,1,1,0.7924214,unassigned
11036,0,1,0.72113144,unassigned
11037,1,2,0.7167438,unassigned
11038,0,0,0.9985638,unassigned
11039,2,2,0.99980754,unassigned
11040,2,2,0.9818277,unassigned
11041,2,2,0.99798965,unassigned
11042,2,0,0.9232691,unassigned
11043,1,1,0.86079365,unassigned
11044,0,0,1.0,unassigned
11045,2,2,0.9866064,unassigned
11046,2,2,0.7623243,unassigned
11047,0,0,0.9999995,unassigned
11048,2,2,0.9716338,unassigned
11049,1,1,0.9964635,unassigned
11050,2,2,0.99901927,unassigned
11051,2,2,0.99989235,unassigned
11052,1,1,0.9999989,unassigned
11053,1,1,0.99861836,unassigned
11054,1,1,0.9895187,unassigned
11055,2,2,0.9998294,unassigned
11056,2,2,0.9951886,unassigned
11057,2,2,0.84446365,unassigned
11058,2,1,0.6980965,unassigned
11059,1,1,0.89088464,unassigned
11060,2,0,0.9787426,unassigned
11061,1,1,0.86459756,unassigned
11062,2,2,0.6146967,unassigned
11063,2,2,0.994703,unassigned
11064,2,2,0.9458168,unassigned
11065,1,1,0.9840592,unassigned
11066,1,2,0.8536213,unassigned
11067,2,2,0.914516,unassigned
11068,1,2,0.8871505,unassigned
11069,2,2,0.840404,unassigned
11070,1,1,0.99753344,unassigned
11071,1,1,0.99611664,unassigned
11072,1,2,0.94750035,unassigned
11073,0,0,0.99851924,unassigned
11074,2,2,0.9990088,unassigned
11075,0,0,0.99943477,unassigned
11076,1,1,0.99123657,unassigned
11077,1,1,0.99056596,unassigned
11078,1,1,0.9626891,unassigned
11079,2,2,0.99832827,unassigned
11080,2,1,0.8025858,unassigned
11081,0,0,0.9847665,unassigned
11082,2,2,0.9985753,unassigned
11083,0,0,0.78048044,unassigned
11084,1,0,0.8003564,unassigned
11085,2,2,0.9995522,unassigned
11086,1,1,0.957304,unassigned
11087,2,2,0.9935673,unassigned
11088,2,2,0.9967722,unassigned
11089,2,2,0.99777514,unassigned
11090,2,2,0.99936146,unassigned
11091,2,2,0.99520326,unassigned
11092,2,2,0.9963594,unassigned
11093,1,1,0.8801109,unassigned
11094,1,1,0.80884725,unassigned
11095,2,2,0.9999732,unassigned
11096,2,2,0.99882334,unassigned
11097,1,1,0.9818049,unassigned
11098,0,0,0.915341,unassigned
11099,0,0,1.0,unassigned
11100,2,2,0.9966478,unassigned
11101,1,1,0.9097324,unassigned
11102,1,1,0.9767025,unassigned
11103,2,1,0.49282715,unassigned
11104,1,0,0.77898455,unassigned
11105,1,1,0.9431518,unassigned
11106,2,2,0.99994814,unassigned
11107,2,2,0.97976744,unassigned
11108,2,2,0.98995715,unassigned
11109,2,1,0.92426085,unassigned
11110,2,2,0.9860529,unassigned
11111,2,1,0.95569074,unassigned
11112,2,2,0.99696213,unassigned
11113,0,0,0.9962591,unassigned
11114,2,1,0.9986356,unassigned
11115,2,0,0.9947061,unassigned
11116,0,0,0.99765575,unassigned
11117,2,2,0.99799263,unassigned
11118,1,2,0.53884214,unassigned
11119,1,1,0.6330684,unassigned
11120,1,2,0.6134872,unassigned
11121,1,1,0.9749146,unassigned
11122,2,2,0.9702355,unassigned
11123,2,0,0.83492804,unassigned
11124,2,0,0.5376923,unassigned
11125,2,2,0.9982913,unassigned
11126,2,2,0.9509892,unassigned
11127,0,0,0.99200153,unassigned
11128,1,1,0.9210964,unassigned
11129,0,0,0.99956244,unassigned
11130,2,2,0.59428513,unassigned
11131,0,0,0.99972516,unassigned
11132,0,0,0.9887411,unassigned
11133,1,2,0.5006701,unassigned
11134,2,1,0.9905235,unassigned
11135,2,2,0.90710825,unassigned
11136,0,0,0.99175316,unassigned
11137,0,0,0.99993014,unassigned
11138,2,1,0.79470736,unassigned
11139,1,1,0.95490724,unassigned
11140,1,1,0.9999603,unassigned
11141,0,0,0.99999917,unassigned
11142,1,1,0.99763656,unassigned
11143,0,0,0.9999882,unassigned
11144,2,1,0.88102746,unassigned
11145,1,1,0.97129965,unassigned
11146,2,2,0.99751425,unassigned
11147,1,2,0.990189,unassigned
11148,0,1,0.9612905,unassigned
11149,2,2,0.93816656,unassigned
11150,2,0,0.9830856,unassigned
11151,1,1,0.7984832,unassigned
11152,0,0,0.9993067,unassigned
11153,0,0,0.955513,unassigned
11154,1,1,0.88635415,unassigned
11155,1,1,0.8330977,unassigned
11156,2,2,0.9998592,unassigned
11157,2,2,0.9965814,unassigned
11158,2,2,0.9975165,unassigned
11159,1,1,0.81031024,unassigned
11160,0,1,0.6702684,unassigned
11161,2,1,0.92048943,unassigned
11162,1,1,0.9740388,unassigned
11163,2,2,0.7763761,unassigned
11164,0,2,0.98190296,unassigned
11165,2,2,0.99489564,unassigned
11166,2,2,0.9791638,unassigned
11167,1,2,0.6482728,unassigned
11168,2,2,0.926925,unassigned
11169,0,0,0.9911227,unassigned
11170,2,2,0.99987864,unassigned
11171,1,2,0.9871695,unassigned
11172,2,2,0.9993882,unassigned
11173,0,0,1.0,unassigned
11174,2,1,0.9056139,unassigned
11175,1,1,0.99116313,unassigned
11176,2,2,0.9332453,unassigned
11177,2,2,0.99996877,unassigned
11178,1,1,0.9979177,unassigned
11179,0,0,0.77558446,unassigned
11180,1,1,0.9962113,unassigned
11181,2,2,0.9999527,unassigned
11182,1,1,0.5957555,unassigned
11183,1,2,0.5688105,unassigned
11184,2,1,0.76294696,unassigned
11185,2,0,0.9970085,unassigned
11186,1,1,0.9999567,unassigned
11187,1,1,0.87229764,unassigned
11188,2,2,0.9974935,unassigned
11189,1,1,0.9982597,unassigned
11190,1,1,0.6697482,unassigned
11191,2,2,0.9763722,unassigned
11192,0,0,0.99998,unassigned
11193,0,0,0.96201915,unassigned
11194,2,2,0.98870134,unassigned
11195,0,1,0.6917148,unassigned
11196,0,0,0.9467705,unassigned
11197,1,1,0.912912,unassigned
11198,1,1,0.983691,unassigned
11199,0,0,0.9894253,unassigned
11200,1,1,0.93447536,unassigned
11201,0,0,0.9999907,unassigned
11202,2,2,0.99996924,unassigned
11203,0,0,0.73231614,unassigned
11204,2,2,0.99991846,unassigned
11205,1,1,0.99180484,unassigned
11206,2,2,0.99991095,unassigned
11207,2,2,0.9997267,unassigned
11208,0,0,0.99851686,unassigned
11209,1,0,0.53554624,unassigned
11210,1,2,0.9777004,unassigned
11211,2,2,0.9999999,unassigned
11212,1,2,0.9414665,unassigned
11213,1,1,0.78220236,unassigned
11214,1,2,0.57303923,unassigned
11215,1,1,0.9306916,unassigned
11216,1,1,0.9993585,unassigned
11217,0,0,0.9963097,unassigned
11218,1,2,0.8299994,unassigned
11219,2,2,0.91123384,unassigned
11220,1,1,0.9990245,unassigned
11221,1,1,0.9999542,unassigned
11222,1,1,0.88909936,unassigned
11223,1,1,0.6315633,unassigned
11224,2,2,0.9573685,unassigned
11225,0,0,0.99999344,unassigned
11226,2,2,0.7783008,unassigned
11227,1,1,0.6584167,unassigned
11228,2,2,0.999,unassigned
11229,0,1,0.54465806,unassigned
11230,2,2,0.9961283,unassigned
11231,2,2,0.9883434,unassigned
11232,1,1,0.73861176,unassigned
11233,0,0,1.0,unassigned
11234,2,2,0.99421823,unassigned
11235,1,2,0.6012837,unassigned
11236,2,2,0.9999943,unassigned
11237,1,1,0.99555343,unassigned
11238,0,2,0.56212705,unassigned
11239,2,2,0.99690574,unassigned
11240,2,2,0.9911856,unassigned
11241,1,1,0.9998536,unassigned
11242,2,2,0.99853003,unassigned
11243,0,2,0.9992224,unassigned
11244,1,1,0.9950059,unassigned
11245,2,1,0.91821325,unassigned
11246,2,2,0.9709382,unassigned
11247,0,0,0.99896014,unassigned
11248,1,1,0.5757818,unassigned
11249,2,1,0.51286286,unassigned
11250,2,2,0.99824214,unassigned
11251,2,2,0.9984617,unassigned
11252,2,2,0.92340815,unassigned
11253,0,0,0.8257728,unassigned
11254,1,1,0.9725428,unassigned
11255,2,2,0.94942546,unassigned
11256,2,1,0.8376995,unassigned
11257,2,2,0.99999726,unassigned
11258,2,1,0.51999724,unassigned
11259,1,2,0.9421439,unassigned
11260,2,2,0.9998913,unassigned
11261,1,1,0.6126626,unassigned
11262,1,1,0.9991159,unassigned
11263,0,0,0.9974456,unassigned
11264,0,0,0.99971646,unassigned
11265,2,2,0.74128145,unassigned
11266,1,1,0.9235538,unassigned
11267,2,2,0.9992181,unassigned
11268,1,1,0.81933564,unassigned
11269,2,1,0.9990019,unassigned
11270,2,0,0.98389024,unassigned
11271,1,1,0.5233512,unassigned
11272,2,1,0.8643409,unassigned
11273,1,1,0.6814212,unassigned
11274,1,1,0.97932947,unassigned
11275,2,2,0.9934297,unassigned
11276,1,2,0.92414224,unassigned
11277,0,0,0.9118245,unassigned
11278,2,2,0.9903956,unassigned
11279,2,2,0.96405876,unassigned
11280,1,1,0.87706816,unassigned
11281,2,2,0.99163425,unassigned
11282,2,2,0.999777,unassigned
11283,0,1,0.5990991,unassigned
11284,2,2,0.9996654,unassigned
11285,2,0,0.9874221,unassigned
11286,2,1,0.67177385,unassigned
11287,2,2,0.99999785,unassigned
11288,2,2,0.9994709,unassigned
11289,1,1,0.7307869,unassigned
11290,0,0,0.99999714,unassigned
11291,0,0,0.9999007,unassigned
11292,1,1,0.9503109,unassigned
11293,2,1,0.83912075,unassigned
11294,2,2,0.810082,unassigned
11295,1,1,0.6807936,unassigned
11296,1,1,0.9139338,unassigned
11297,1,1,0.9641247,unassigned
11298,1,1,0.55686253,unassigned
11299,2,1,0.7839561,unassigned
11300,1,1,0.9517615,unassigned
11301,1,1,0.9658991,unassigned
11302,2,2,0.99964714,unassigned
11303,2,2,0.9996704,unassigned
11304,0,0,0.9999999,unassigned
11305,2,2,0.99910337,unassigned
11306,2,2,0.9170189,unassigned
11307,1,1,0.99832493,unassigned
11308,2,2,0.99786335,unassigned
11309,1,1,0.69920355,unassigned
11310,2,2,0.9999677,unassigned
11311,0,1,0.47958198,unassigned
11312,2,2,0.85001403,unassigned
11313,2,1,0.46946388,unassigned
11314,0,0,0.9993111,unassigned
11315,1,1,0.9590616,unassigned
11316,1,1,0.97644037,unassigned
11317,1,1,0.8408839,unassigned
11318,2,2,0.50746924,unassigned
11319,1,1,0.97982657,unassigned
11320,1,1,0.96420294,unassigned
11321,2,2,0.9999517,unassigned
11322,1,1,0.9607839,unassigned
11323,2,0,0.99130696,unassigned
11324,2,1,0.65727526,unassigned
11325,2,2,0.7506344,unassigned
11326,2,1,0.89061135,unassigned
11327,2,1,0.7764031,unassigned
11328,0,0,0.99779,unassigned
11329,0,0,0.9991818,unassigned
11330,2,2,0.98797065,unassigned
11331,1,1,0.8437854,unassigned
11332,1,0,0.6300601,unassigned
11333,1,1,0.8915751,unassigned
11334,0,2,0.9998449,unassigned
11335,2,2,1.0,unassigned
11336,1,1,0.40097436,unassigned
11337,0,0,0.7794476,unassigned
11338,1,1,0.9984126,unassigned
11339,1,1,0.69643176,unassigned
11340,1,2,0.99992645,unassigned
11341,0,0,0.96007144,unassigned
11342,2,2,0.8086092,unassigned
11343,1,1,0.9963229,unassigned
11344,2,2,0.9505549,unassigned
11345,1,2,0.9990381,unassigned
11346,2,1,0.746378,unassigned
11347,0,0,0.9999627,unassigned
11348,2,1,0.8129043,unassigned
11349,0,0,0.973292,unassigned
11350,0,0,0.999962,unassigned
11351,1,0,0.54108375,unassigned
11352,2,2,0.86249685,unassigned
11353,0,2,0.9993358,unassigned
11354,2,2,0.8588932,unassigned
11355,1,2,0.65058106,unassigned
11356,1,1,0.6299779,unassigned
11357,0,0,0.9720063,unassigned
11358,2,2,0.7855908,unassigned
11359,2,2,0.9993979,unassigned
11360,2,1,0.97415584,unassigned
11361,1,1,0.96667916,unassigned
11362,2,2,0.9428181,unassigned
11363,0,0,0.99970335,unassigned
11364,2,2,0.9987797,unassigned
11365,1,1,0.6285944,unassigned
11366,1,1,0.9501788,unassigned
11367,1,1,0.9988776,unassigned
11368,2,2,0.9895153,unassigned
11369,2,2,0.96193624,unassigned
11370,2,1,0.44513717,unassigned
11371,1,2,0.9480595,unassigned
11372,1,1,1.0,unassigned
11373,1,1,0.99466395,unassigned
11374,1,1,0.9952028,unassigned
11375,2,1,0.9649738,unassigned
11376,2,2,0.99650747,unassigned
11377,1,1,0.98031473,unassigned
11378,0,2,0.84551424,unassigned
11379,0,0,0.89380306,unassigned
11380,1,1,0.9997726,unassigned
11381,2,0,0.9999994,unassigned
11382,0,0,0.5794459,unassigned
11383,2,1,0.71994567,unassigned
11384,2,2,0.62093204,unassigned
11385,2,0,0.41917545,unassigned
11386,1,1,0.89247537,unassigned
11387,1,2,0.68622804,unassigned
11388,0,0,0.99954516,unassigned
11389,2,1,0.60374993,unassigned
11390,1,1,0.87927115,unassigned
11391,2,2,0.98135895,unassigned
11392,2,2,0.9950452,unassigned
11393,2,2,0.97521394,unassigned
11394,0,0,0.91172695,unassigned
11395,2,2,0.5026116,unassigned
11396,0,2,0.99772424,unassigned
11397,1,1,0.9806737,unassigned
11398,1,1,0.8575369,unassigned
11399,1,1,0.98015714,unassigned
11400,2,1,0.94394976,unassigned
11401,2,0,0.98890615,unassigned
11402,2,2,0.79095614,unassigned
11403,1,1,0.99862957,unassigned
11404,2,2,0.7275437,unassigned
11405,1,1,0.6466974,unassigned
11406,0,0,0.9999385,unassigned
11407,1,1,0.80425894,unassigned
11408,0,1,0.99218607,unassigned
11409,1,1,0.9238205,unassigned
11410,0,0,0.99653625,unassigned
11411,0,2,0.9999014,unassigned
11412,1,1,0.55043817,unassigned
11413,1,1,0.99004525,unassigned
11414,1,1,0.7470406,unassigned
11415,0,0,0.9997758,unassigned
11416,2,2,0.95785546,unassigned
11417,1,1,0.80361813,unassigned
11418,2,1,0.99800175,unassigned
11419,1,1,0.8250645,unassigned
11420,2,2,0.99920064,unassigned
11421,1,1,0.7725338,unassigned
11422,2,1,0.96899813,unassigned
11423,0,0,0.9988889,unassigned
11424,1,1,0.99813986,unassigned
11425,2,2,0.976937,unassigned
11426,0,0,0.9998425,unassigned
11427,0,0,0.7046895,unassigned
11428,2,0,0.89498293,unassigned
11429,1,1,0.99934,unassigned
11430,1,1,0.96519333,unassigned
11431,1,1,0.9991371,unassigned
11432,2,2,0.9997451,unassigned
11433,1,1,0.5742076,unassigned
11434,2,2,0.9711599,unassigned
11435,1,1,0.5225246,unassigned
11436,1,1,0.8818291,unassigned
11437,2,2,0.9956161,unassigned
11438,0,0,0.9999994,unassigned
11439,0,0,0.99995625,unassigned
11440,2,2,0.5857714,unassigned
11441,0,0,0.9943382,unassigned
11442,2,2,0.99999666,unassigned
11443,1,1,0.9919521,unassigned
11444,0,0,0.71553105,unassigned
11445,1,1,0.66021246,unassigned
11446,0,0,1.0,unassigned
11447,2,1,0.48469105,unassigned
11448,0,0,0.97815895,unassigned
11449,1,1,0.9987502,unassigned
11450,1,1,0.9953076,unassigned
11451,2,2,0.9996561,unassigned
11452,2,2,0.99716586,unassigned
11453,2,2,0.9998416,unassigned
11454,1,1,0.99543273,unassigned
11455,2,2,0.9982181,unassigned
11456,2,2,1.0,unassigned
11457,2,2,0.9999913,unassigned
11458,2,2,0.9943568,unassigned
11459,2,0,0.997109,unassigned
11460,0,0,0.929685,unassigned
11461,1,1,0.99057627,unassigned
11462,2,2,0.9976351,unassigned
11463,1,2,0.99741036,unassigned
11464,2,2,0.99434245,unassigned
11465,0,0,0.7705641,unassigned
11466,2,2,0.9960628,unassigned
11467,1,1,0.9955721,unassigned
11468,2,2,1.0,unassigned
11469,2,2,1.0,unassigned
11470,2,2,0.8522603,unassigned
11471,1,1,0.9676542,unassigned
11472,0,0,0.9631396,unassigned
11473,1,1,0.99925286,unassigned
11474,0,0,0.99642307,unassigned
11475,2,0,0.911923,unassigned
11476,0,0,0.9898747,unassigned
11477,0,0,0.9999809,unassigned
11478,1,1,0.85938966,unassigned
11479,1,1,0.8969653,unassigned
11480,2,2,0.95327073,unassigned
11481,0,0,0.9992545,unassigned
11482,1,1,0.93312645,unassigned
11483,2,2,1.0,unassigned
11484,2,0,0.5143062,unassigned
11485,2,2,0.88943225,unassigned
11486,1,1,0.9617962,unassigned
11487,1,1,0.9693746,unassigned
11488,1,2,0.8401477,unassigned
11489,1,1,0.5968848,unassigned
11490,0,0,0.998722,unassigned
11491,2,1,0.85476565,unassigned
11492,1,2,0.48422173,unassigned
11493,2,2,0.9963043,unassigned
11494,0,0,0.9999682,unassigned
11495,2,2,0.95049274,unassigned
11496,1,1,0.9696425,unassigned
11497,1,0,0.7909759,unassigned
11498,1,1,0.89570796,unassigned
11499,2,2,0.954483,unassigned
11500,1,0,0.9988188,unassigned
11501,2,2,0.97009516,unassigned
11502,2,2,0.72420096,unassigned
11503,0,0,0.44076854,unassigned
11504,2,1,0.75724596,unassigned
11505,2,1,0.7961226,unassigned
11506,1,2,0.588701,unassigned
11507,2,2,0.99996436,unassigned
11508,2,2,0.99919814,unassigned
11509,1,1,0.88352865,unassigned
11510,0,1,0.81350785,unassigned
11511,2,0,0.81113803,unassigned
11512,1,1,0.9941056,unassigned
11513,2,2,0.9968838,unassigned
11514,2,1,0.90268135,unassigned
11515,0,0,0.9999045,unassigned
11516,1,1,0.97626585,unassigned
11517,2,2,0.9968617,unassigned
11518,2,2,0.60342807,unassigned
11519,1,1,0.9504288,unassigned
11520,0,0,0.97405213,unassigned
11521,1,1,0.9988298,unassigned
11522,2,2,0.9990349,unassigned
11523,0,1,0.7017284,unassigned
11524,0,1,0.54044807,unassigned
11525,2,2,0.99146396,unassigned
11526,2,2,1.0,unassigned
11527,1,1,0.92803925,unassigned
11528,1,0,0.98901224,unassigned
11529,0,0,0.99999905,unassigned
11530,1,2,0.5337,unassigned
11531,2,2,0.9959319,unassigned
11532,1,1,0.98319066,unassigned
11533,2,2,0.98554426,unassigned
11534,1,1,0.975315,unassigned
11535,2,1,0.61380035,unassigned
11536,2,2,0.99213386,unassigned
11537,1,1,0.9922276,unassigned
11538,2,1,0.91174597,unassigned
11539,1,1,0.9040512,unassigned
11540,2,1,0.99817383,unassigned
11541,2,1,0.89700437,unassigned
11542,0,1,0.95800436,unassigned
11543,1,0,0.49333167,unassigned
11544,2,2,0.95241994,unassigned
11545,2,2,0.9834658,unassigned
11546,2,2,1.0,unassigned
11547,1,2,0.6560938,unassigned
11548,2,2,0.976938,unassigned
11549,0,0,0.9990495,unassigned
11550,1,1,0.8242797,unassigned
11551,1,1,0.95557004,unassigned
11552,2,1,0.97077,unassigned
11553,1,1,0.86872804,unassigned
11554,2,2,1.0,unassigned
11555,1,1,0.9918859,unassigned
11556,2,2,0.5599311,unassigned
11557,2,2,0.6548102,unassigned
11558,2,2,0.9993998,unassigned
11559,2,2,0.99993646,unassigned
11560,1,2,0.63119435,unassigned
11561,2,0,0.90327466,unassigned
11562,0,0,0.99759394,unassigned
11563,1,2,0.8453476,unassigned
11564,0,2,0.6237545,unassigned
11565,0,2,0.98888576,unassigned
11566,1,1,0.8936641,unassigned
11567,2,2,0.9141809,unassigned
11568,1,1,0.9154396,unassigned
11569,1,1,0.9415273,unassigned
11570,1,1,0.99519616,unassigned
11571,1,1,0.9475684,unassigned
11572,2,0,0.9956773,unassigned
11573,1,1,0.72146285,unassigned
11574,0,0,0.99991715,unassigned
11575,2,0,0.8246249,unassigned
11576,2,2,0.8970146,unassigned
11577,0,0,0.99879175,unassigned
11578,1,1,0.512144,unassigned
11579,0,0,0.9999194,unassigned
11580,2,0,0.9999801,unassigned
11581,2,0,0.4856189,unassigned
11582,1,1,0.9979267,unassigned
11583,2,2,0.9987452,unassigned
11584,1,1,0.87634706,unassigned
11585,0,0,0.9929721,unassigned
11586,1,1,0.9966184,unassigned
11587,2,2,0.99927586,unassigned
11588,1,0,0.9993617,unassigned
11589,1,1,0.9208198,unassigned
11590,1,1,0.90233743,unassigned
11591,2,2,0.99269485,unassigned
11592,2,2,0.89660025,unassigned
11593,1,1,0.9718937,unassigned
11594,2,2,0.8797153,unassigned
11595,2,2,1.0,unassigned
11596,2,2,0.9604617,unassigned
11597,0,1,0.97242886,unassigned
11598,2,2,0.51927483,unassigned
11599,2,2,0.9969643,unassigned
11600,2,2,0.9987256,unassigned
11601,1,2,0.7152977,unassigned
11602,1,1,0.98702896,unassigned
11603,1,1,0.98041534,unassigned
11604,0,0,0.9988632,unassigned
11605,2,2,0.99295205,unassigned
11606,2,2,0.89994484,unassigned
11607,2,2,0.99752027,unassigned
11608,1,1,0.97998077,unassigned
11609,2,2,0.98549324,unassigned
11610,0,0,0.99897623,unassigned
11611,2,0,0.82666254,unassigned
11612,1,1,0.9479763,unassigned
11613,2,2,0.99999523,unassigned
11614,1,1,0.99575967,unassigned
11615,1,1,0.9997756,unassigned
11616,2,2,0.99843055,unassigned
11617,1,2,0.55312765,unassigned
11618,0,0,0.63156784,unassigned
11619,2,2,0.99988914,unassigned
11620,2,2,0.5986716,unassigned
11621,0,0,0.9914403,unassigned
11622,0,0,0.99980456,unassigned
11623,0,0,0.99910516,unassigned
11624,2,2,0.9986871,unassigned
11625,0,0,0.8182854,unassigned
11626,0,0,0.99999917,unassigned
11627,1,1,0.973959,unassigned
11628,2,2,0.99889636,unassigned
11629,0,0,0.9706171,unassigned
11630,1,1,0.8502584,unassigned
11631,1,1,0.99771225,unassigned
11632,2,2,0.99942917,unassigned
11633,1,1,0.8329041,unassigned
11634,1,1,0.9100816,unassigned
11635,1,1,0.8944985,unassigned
11636,2,0,0.9627185,unassigned
11637,0,0,1.0,unassigned
11638,1,1,0.5744014,unassigned
11639,0,0,0.99995625,unassigned
11640,1,1,0.9902203,unassigned
11641,1,1,0.9973864,unassigned
11642,2,2,0.9991843,unassigned
11643,1,1,0.9290751,unassigned
11644,2,2,0.9999838,unassigned
11645,2,0,0.989345,unassigned
11646,2,1,0.79394156,unassigned
11647,2,2,0.9365526,unassigned
11648,0,0,0.99424654,unassigned
11649,2,2,0.997681,unassigned
11650,0,0,0.9999981,unassigned
11651,1,1,0.9560538,unassigned
11652,1,1,0.99890625,unassigned
11653,0,0,0.99999714,unassigned
11654,0,0,0.99986875,unassigned
11655,1,1,0.98991895,unassigned
11656,2,1,0.94441366,unassigned
11657,1,0,0.961384,unassigned
11658,2,1,0.99542713,unassigned
11659,1,1,0.6981238,unassigned
11660,2,2,0.7921132,unassigned
11661,1,1,0.9734953,unassigned
11662,0,0,0.9999757,unassigned
11663,1,1,0.79513985,unassigned
11664,2,0,0.6517934,unassigned
11665,0,0,0.9924366,unassigned
11666,1,2,0.79608446,unassigned
11667,1,1,0.97416353,unassigned
11668,2,2,0.5913011,unassigned
11669,1,1,0.96202886,unassigned
11670,0,0,0.9998698,unassigned
11671,1,1,0.99970657,unassigned
11672,1,0,0.94354206,unassigned
11673,1,1,0.9180599,unassigned
11674,2,2,0.9985636,unassigned
11675,0,0,0.999997,unassigned
11676,2,1,0.9331462,unassigned
11677,2,2,0.9248803,unassigned
11678,0,2,0.78089446,unassigned
11679,2,1,0.99530196,unassigned
11680,2,1,0.95593995,unassigned
11681,2,2,0.9202295,unassigned
11682,1,1,0.9908408,unassigned
11683,0,0,0.94224197,unassigned
11684,2,2,0.9998491,unassigned
11685,1,1,0.6322353,unassigned
11686,1,1,0.9704572,unassigned
11687,1,1,0.75447243,unassigned
11688,1,2,0.9944417,unassigned
11689,1,1,0.9848513,unassigned
11690,2,2,0.970478,unassigned
11691,0,0,0.9995521,unassigned
11692,1,1,0.82095736,unassigned
11693,1,2,0.9223481,unassigned
11694,2,0,0.997186,unassigned
11695,2,2,0.9973732,unassigned
11696,2,2,0.8794638,unassigned
11697,2,2,0.963202,unassigned
11698,2,2,0.9991597,unassigned
11699,2,2,0.9958662,unassigned
11700,2,2,0.7431943,unassigned
11701,1,1,0.90635264,unassigned
11702,0,0,0.7409223,unassigned
11703,2,1,0.7585617,unassigned
11704,1,0,0.5808949,unassigned
11705,0,0,0.9582087,unassigned
11706,1,1,0.985463,unassigned
11707,1,1,0.9864601,unassigned
11708,2,0,0.9866382,unassigned
11709,0,0,0.98712254,unassigned
11710,1,1,0.5947405,unassigned
11711,2,2,0.9996729,unassigned
11712,2,1,0.6129226,unassigned
11713,2,2,0.51600087,unassigned
11714,2,2,0.9835396,unassigned
11715,0,2,0.9935447,unassigned
11716,1,1,0.9712999,unassigned
11717,1,1,0.9266232,unassigned
11718,2,2,0.9998392,unassigned
11719,2,2,0.9888693,unassigned
11720,1,2,0.8023089,unassigned
11721,2,2,0.9976094,unassigned
11722,2,2,0.80936825,unassigned
11723,2,2,0.99986243,unassigned
11724,2,0,0.995937,unassigned
11725,2,2,0.9999999,unassigned
11726,0,0,0.9966419,unassigned
11727,2,2,0.99997365,unassigned
11728,0,2,0.9974769,unassigned
11729,2,0,0.9987941,unassigned
11730,0,2,0.95097464,unassigned
11731,1,1,0.82640636,unassigned
11732,1,1,0.95574015,unassigned
11733,0,0,0.9193289,unassigned
11734,1,1,0.9729723,unassigned
11735,1,2,0.9962979,unassigned
11736,2,2,0.9953791,unassigned
11737,0,0,0.9983821,unassigned
11738,0,0,0.99431217,unassigned
11739,1,2,0.5660661,unassigned
11740,0,0,0.9997173,unassigned
11741,2,2,0.9743454,unassigned
11742,1,1,0.6738642,unassigned
11743,0,0,1.0,unassigned
11744,2,1,0.8629073,unassigned
11745,1,1,0.86185086,unassigned
11746,2,1,0.49606067,unassigned
11747,0,0,0.9974491,unassigned
11748,1,1,0.99983823,unassigned
11749,2,2,0.999938,unassigned
11750,0,0,0.9975108,unassigned
11751,2,2,0.9999968,unassigned
11752,0,0,0.99993,unassigned
11753,2,2,0.92586386,unassigned
11754,2,2,0.992255,unassigned
11755,1,1,0.8989428,unassigned
11756,1,1,0.9431632,unassigned
11757,2,2,0.9051081,unassigned
11758,2,2,0.9905253,unassigned
11759,2,2,0.78410167,unassigned
11760,2,0,0.9997217,unassigned
11761,1,2,0.9260012,unassigned
11762,2,0,1.0,unassigned
11763,2,2,0.8095929,unassigned
11764,1,1,0.96934724,unassigned
11765,1,1,0.9978084,unassigned
11766,1,1,0.99923265,unassigned
11767,1,1,0.9042974,unassigned
11768,1,2,0.8903648,unassigned
11769,1,1,0.94188887,unassigned
11770,2,0,0.74110353,unassigned
11771,2,2,0.9995597,unassigned
11772,0,0,0.9973109,unassigned
11773,2,2,0.9999529,unassigned
11774,1,1,0.9956001,unassigned
11775,0,0,0.74888635,unassigned
11776,1,2,0.6814557,unassigned
11777,0,0,0.9999982,unassigned
11778,1,1,0.9743945,unassigned
11779,2,1,0.8551708,unassigned
11780,1,1,0.7427653,unassigned
11781,2,0,0.74906325,unassigned
11782,2,2,0.7676381,unassigned
11783,2,2,0.9999963,unassigned
11784,1,0,0.9596664,unassigned
11785,0,0,0.9999794,unassigned
11786,1,1,0.9675986,unassigned
11787,0,0,0.99999654,unassigned
11788,1,1,0.8870287,unassigned
11789,2,2,0.9996729,unassigned
11790,0,0,0.9999999,unassigned
11791,1,2,0.9874248,unassigned
11792,1,0,0.51288754,unassigned
11793,2,0,0.9761271,unassigned
11794,1,1,0.9983506,unassigned
11795,1,2,0.88331664,unassigned
11796,1,1,0.7227318,unassigned
11797,1,1,0.8940129,unassigned
11798,1,2,0.7992779,unassigned
11799,2,2,0.9953655,unassigned
11800,2,2,0.99960214,unassigned
11801,0,0,0.9996507,unassigned
11802,1,1,0.97303706,unassigned
11803,1,1,0.99951553,unassigned
11804,1,1,0.9050753,unassigned
11805,1,1,0.99550617,unassigned
11806,1,1,0.8756486,unassigned
11807,0,0,0.99999344,unassigned
11808,2,2,0.99999976,unassigned
11809,1,1,0.99871683,unassigned
11810,2,2,0.87708,unassigned
11811,2,2,0.99918884,unassigned
11812,2,2,0.8753861,unassigned
11813,0,0,0.5650741,unassigned
11814,2,2,0.99819535,unassigned
11815,0,0,0.9844752,unassigned
11816,0,2,0.99986815,unassigned
11817,1,1,0.9435771,unassigned
11818,1,1,0.61933553,unassigned
11819,1,2,0.86632735,unassigned
11820,2,0,1.0,unassigned
11821,1,1,0.96043044,unassigned
11822,2,1,0.92862535,unassigned
11823,0,2,0.98924935,unassigned
11824,0,0,0.99969435,unassigned
11825,1,2,0.53496546,unassigned
11826,1,0,0.9927424,unassigned
11827,1,1,0.93150824,unassigned
11828,2,2,0.9975502,unassigned
11829,1,0,0.66530436,unassigned
11830,1,1,0.7259965,unassigned
11831,2,2,0.98818564,unassigned
11832,2,2,0.9975128,unassigned
11833,2,2,0.99993944,unassigned
11834,0,0,0.9970944,unassigned
11835,0,2,0.9943938,unassigned
11836,2,2,0.9969311,unassigned
11837,1,1,0.9796154,unassigned
11838,1,1,0.96621966,unassigned
11839,1,1,0.99974746,unassigned
11840,1,1,0.93128395,unassigned
11841,0,2,0.99775237,unassigned
11842,0,0,0.99999774,unassigned
11843,2,1,0.9025662,unassigned
11844,1,1,0.96967995,unassigned
11845,1,1,0.94904727,unassigned
11846,1,1,0.83559054,unassigned
11847,2,2,0.9999962,unassigned
11848,2,2,1.0,unassigned
11849,1,1,0.650312,unassigned
11850,1,0,0.9362845,unassigned
11851,2,1,0.9512404,unassigned
11852,0,0,0.6693499,unassigned
11853,1,1,0.98561096,unassigned
11854,2,1,0.9215385,unassigned
11855,2,1,0.99472296,unassigned
11856,0,0,0.9992531,unassigned
11857,2,2,0.93372375,unassigned
11858,2,2,0.9391728,unassigned
11859,2,0,1.0,unassigned
11860,1,1,0.8094559,unassigned
11861,2,2,0.99915206,unassigned
11862,0,0,0.9999076,unassigned
11863,2,2,0.99569726,unassigned
11864,0,0,0.9867753,unassigned
11865,2,2,0.91912484,unassigned
11866,1,2,1.0,unassigned
11867,2,2,0.5995332,unassigned
11868,1,1,0.9983198,unassigned
11869,1,1,0.9436856,unassigned
11870,1,0,0.87636614,unassigned
11871,0,0,0.999445,unassigned
11872,2,2,0.53976065,unassigned
11873,2,2,0.7832052,unassigned
11874,0,0,0.99799514,unassigned
11875,0,2,0.9897601,unassigned
11876,2,2,0.99996316,unassigned
11877,1,1,0.7393926,unassigned
11878,2,2,0.98922414,unassigned
11879,0,2,0.70450413,unassigned
11880,1,1,0.9953355,unassigned
11881,1,1,0.9991725,unassigned
11882,0,0,0.99175316,unassigned
11883,2,2,0.97402376,unassigned
11884,2,2,0.99571973,unassigned
11885,2,2,0.47132125,unassigned
11886,0,0,1.0,unassigned
11887,0,0,0.9999839,unassigned
11888,2,2,0.78993344,unassigned
11889,1,1,0.8001473,unassigned
11890,2,2,0.99968946,unassigned
11891,0,0,0.9997814,unassigned
11892,1,1,0.9998697,unassigned
11893,2,0,0.51377296,unassigned
11894,1,1,1.0,unassigned
11895,1,1,0.9970637,unassigned
11896,2,2,0.98422295,unassigned
11897,1,1,0.9890955,unassigned
11898,2,2,0.9029128,unassigned
11899,0,0,1.0,unassigned
11900,1,1,0.8702124,unassigned
11901,1,1,0.9937172,unassigned
11902,2,2,0.9999708,unassigned
11903,1,2,0.55920285,unassigned
11904,2,2,0.99980634,unassigned
11905,0,0,0.9755316,unassigned
11906,2,2,0.99787605,unassigned
11907,2,1,0.80937517,unassigned
11908,1,1,0.9774713,unassigned
11909,1,2,0.92769843,unassigned
11910,2,2,0.63573664,unassigned
11911,2,2,0.94381917,unassigned
11912,2,2,0.9764837,unassigned
11913,1,1,0.8798519,unassigned
11914,0,0,0.9044485,unassigned
11915,2,2,0.6563822,unassigned
11916,1,1,0.9983979,unassigned
11917,0,0,0.65251577,unassigned
11918,2,2,0.91984254,unassigned
11919,1,1,0.8998702,unassigned
11920,1,1,0.9797079,unassigned
11921,0,0,0.9999999,unassigned
11922,0,0,0.95284486,unassigned
11923,2,2,0.9999974,unassigned
11924,1,2,0.997866,unassigned
11925,1,1,0.87201035,unassigned
11926,2,2,0.940862,unassigned
11927,2,2,0.9977586,unassigned
11928,1,1,0.9990773,unassigned
11929,1,1,0.9820858,unassigned
11930,1,1,0.99162817,unassigned
11931,1,1,0.85186505,unassigned
11932,0,0,0.83586454,unassigned
11933,1,2,0.63563985,unassigned
11934,2,1,0.90271616,unassigned
11935,2,2,0.99702233,unassigned
11936,2,0,0.8165244,unassigned
11937,0,0,0.99999547,unassigned
11938,1,1,0.9022787,unassigned
11939,2,2,0.96830463,unassigned
11940,0,2,0.99882597,unassigned
11941,2,2,0.9998914,unassigned
11942,2,1,0.658401,unassigned
11943,1,1,0.942628,unassigned
11944,2,2,0.7643717,unassigned
11945,1,1,0.94924587,unassigned
11946,1,1,0.7566441,unassigned
11947,0,0,0.99745613,unassigned
11948,2,1,0.8254235,unassigned
11949,2,0,0.82378393,unassigned
11950,2,2,0.94252086,unassigned
11951,1,2,0.940272,unassigned
11952,1,2,0.5822065,unassigned
11953,2,2,0.9587354,unassigned
11954,1,0,0.76632106,unassigned
11955,1,1,0.85251427,unassigned
11956,1,1,0.9980446,unassigned
11957,2,2,0.99975854,unassigned
11958,1,1,0.966886,unassigned
11959,1,2,0.975738,unassigned
11960,1,1,0.8223242,unassigned
11961,2,2,0.999984,unassigned
11962,1,1,0.84364647,unassigned
11963,1,1,0.95697695,unassigned
11964,1,1,0.5803865,unassigned
11965,1,2,0.9405848,unassigned
11966,1,2,0.9828492,unassigned
11967,2,2,0.99800473,unassigned
11968,0,0,0.9999231,unassigned
11969,2,2,0.9993704,unassigned
11970,1,2,0.9553665,unassigned
11971,1,1,0.9758031,unassigned
11972,2,2,0.99944323,unassigned
11973,0,0,0.8937937,unassigned
11974,2,0,0.9999844,unassigned
11975,2,0,0.97456384,unassigned
11976,2,2,0.99978334,unassigned
11977,1,1,0.9385407,unassigned
11978,1,1,0.92456245,unassigned
11979,1,1,0.55870575,unassigned
11980,0,0,0.9998318,unassigned
11981,0,0,0.9999864,unassigned
11982,0,0,0.97904,unassigned
11983,1,1,0.9809864,unassigned
11984,1,1,0.43197468,unassigned
11985,2,2,0.9997825,unassigned
11986,2,2,0.9589314,unassigned
11987,1,2,0.9285796,unassigned
11988,2,2,0.97681355,unassigned
11989,2,1,0.824714,unassigned
11990,0,0,0.99997807,unassigned
11991,0,0,0.9995425,unassigned
11992,0,0,0.9996068,unassigned
11993,0,1,0.97743326,unassigned
11994,0,0,0.822747,unassigned
11995,1,1,0.9701536,unassigned
11996,2,2,0.9999813,unassigned
11997,2,2,0.9999701,unassigned
11998,0,0,0.99979097,unassigned
11999,1,1,0.99841225,unassigned
12000,2,2,0.9469073,unassigned
12001,2,2,0.9999114,unassigned
12002,0,0,0.9999958,unassigned
12003,1,1,0.91908807,unassigned
12004,2,2,0.9652668,unassigned
12005,0,0,0.8574626,unassigned
12006,2,1,0.80882096,unassigned
12007,1,1,0.97143745,unassigned
12008,1,1,0.8639125,unassigned
12009,1,1,0.7430113,unassigned
12010,2,2,0.9918902,unassigned
12011,2,2,0.9999019,unassigned
12012,1,1,0.9492614,unassigned
12013,2,2,0.9999697,unassigned
12014,2,2,0.99887997,unassigned
12015,1,1,0.9104807,unassigned
12016,2,2,0.9999957,unassigned
12017,2,2,0.99845695,unassigned
12018,1,1,0.98855454,unassigned
12019,1,1,1.0,unassigned
12020,1,1,0.8848184,unassigned
12021,2,2,0.99774325,unassigned
12022,2,2,0.99904495,unassigned
12023,1,1,0.99781287,unassigned
12024,1,1,0.38902822,unassigned
12025,2,2,0.6872549,unassigned
12026,2,2,0.9928988,unassigned
12027,1,1,0.9964797,unassigned
12028,2,2,0.9999653,unassigned
12029,2,2,0.9988997,unassigned
12030,0,2,0.9738246,unassigned
12031,1,1,0.82846946,unassigned
12032,2,0,0.8064158,unassigned
12033,1,1,0.5529591,unassigned
12034,2,2,0.9085901,unassigned
12035,2,0,0.9996136,unassigned
12036,2,0,0.9147951,unassigned
12037,1,1,0.5145024,unassigned
12038,0,0,0.99959344,unassigned
12039,0,0,0.99540234,unassigned
12040,2,2,0.99482286,unassigned
12041,2,1,0.93565196,unassigned
12042,1,1,0.5053108,unassigned
12043,1,1,0.9965023,unassigned
12044,1,0,0.54105437,unassigned
12045,1,0,0.5588147,unassigned
12046,1,1,0.920748,unassigned
12047,1,0,0.92769647,unassigned
12048,2,2,0.9210746,unassigned
12049,0,2,0.9438931,unassigned
12050,1,1,0.91250753,unassigned
12051,0,0,0.99863607,unassigned
12052,2,2,0.857767,unassigned
12053,2,2,0.9982461,unassigned
12054,2,2,0.9997011,unassigned
12055,1,1,0.96800405,unassigned
12056,1,1,0.9973122,unassigned
12057,2,2,0.9999008,unassigned
12058,2,2,0.9995976,unassigned
12059,2,2,0.9344406,unassigned
12060,2,2,0.9950654,unassigned
12061,1,1,0.9976041,unassigned
12062,2,2,0.98687685,unassigned
12063,2,2,0.64229757,unassigned
12064,2,2,0.98897284,unassigned
12065,0,0,0.98037416,unassigned
12066,2,2,1.0,unassigned
12067,1,1,0.982545,unassigned
12068,0,0,0.99999976,unassigned
12069,2,2,0.9609218,unassigned
12070,2,2,0.99953496,unassigned
12071,0,0,0.9985196,unassigned
12072,1,1,0.9193222,unassigned
12073,1,0,0.88659245,unassigned
12074,0,0,0.90433943,unassigned
12075,0,0,0.9977964,unassigned
12076,2,0,0.98945224,unassigned
12077,0,0,0.9189326,unassigned
12078,0,0,0.9980696,unassigned
12079,1,1,0.9279095,unassigned
12080,2,1,0.98467433,unassigned
12081,1,1,0.7827091,unassigned
12082,1,0,0.989618,unassigned
12083,1,2,0.50386196,unassigned
12084,1,1,0.7136973,unassigned
12085,2,1,0.99888986,unassigned
12086,2,2,0.9978542,unassigned
12087,2,2,0.77362055,unassigned
12088,2,1,0.7182059,unassigned
12089,1,0,0.8560702,unassigned
12090,2,2,0.9985857,unassigned
12091,1,0,0.9967307,unassigned
12092,2,2,1.0,unassigned
12093,2,2,0.96717346,unassigned
12094,1,0,0.9233756,unassigned
12095,1,2,0.6190689,unassigned
12096,1,0,0.76303405,unassigned
12097,1,2,0.61653286,unassigned
12098,2,2,0.99963546,unassigned
12099,2,2,0.9983021,unassigned
12100,2,2,0.9838194,unassigned
12101,1,1,0.9702827,unassigned
12102,2,0,0.75637215,unassigned
12103,1,1,0.9780057,unassigned
12104,2,0,0.80613047,unassigned
12105,1,1,0.990999,unassigned
12106,0,2,0.9962345,unassigned
12107,1,0,0.9990664,unassigned
12108,0,0,0.9980209,unassigned
12109,2,2,0.9512166,unassigned
12110,2,2,0.9999826,unassigned
12111,2,2,0.9845643,unassigned
12112,2,2,0.96778286,unassigned
12113,0,0,0.99948704,unassigned
12114,1,1,0.839521,unassigned
12115,1,1,0.9754557,unassigned
12116,1,2,0.98174816,unassigned
12117,1,2,0.99448156,unassigned
12118,0,0,0.99751294,unassigned
12119,2,2,0.9999628,unassigned
12120,1,2,0.9991254,unassigned
12121,1,0,0.73603,unassigned
12122,2,2,0.9967796,unassigned
12123,2,2,0.5985786,unassigned
12124,1,1,0.9985072,unassigned
12125,1,1,0.9894797,unassigned
12126,1,2,0.9954699,unassigned
12127,0,0,0.99982196,unassigned
12128,2,2,0.5323077,unassigned
12129,1,1,0.7987685,unassigned
12130,1,1,0.95710534,unassigned
12131,2,2,0.9074846,unassigned
12132,2,2,0.999328,unassigned
12133,1,0,0.8882178,unassigned
12134,0,0,0.8030279,unassigned
12135,2,2,0.9986027,unassigned
12136,0,0,0.9999951,unassigned
12137,1,1,0.9798671,unassigned
12138,2,2,0.95534575,unassigned
12139,1,0,0.88527226,unassigned
12140,1,1,0.9061475,unassigned
12141,1,1,0.86911595,unassigned
12142,2,2,0.9976356,unassigned
12143,1,1,0.51805377,unassigned
12144,2,1,0.9448696,unassigned
12145,2,2,0.99999344,unassigned
12146,2,1,0.54453003,unassigned
12147,2,2,0.7621609,unassigned
12148,0,0,0.9999902,unassigned
12149,1,1,0.9628936,unassigned
12150,2,2,0.999899,unassigned
12151,1,1,0.8840583,unassigned
12152,2,2,0.8985472,unassigned
12153,1,1,0.596434,unassigned
12154,0,0,0.99980944,unassigned
12155,1,1,0.9781738,unassigned
12156,2,2,0.9930286,unassigned
12157,2,2,0.99896216,unassigned
12158,2,2,0.99962664,unassigned
12159,2,2,0.9997414,unassigned
12160,1,1,0.999731,unassigned
12161,0,2,0.6340268,unassigned
12162,1,1,0.9931573,unassigned
12163,2,2,0.8258676,unassigned
12164,2,2,0.9997601,unassigned
12165,1,1,0.9457532,unassigned
12166,2,1,0.69193006,unassigned
12167,1,2,0.6386929,unassigned
12168,1,2,0.9710123,unassigned
12169,1,1,0.9726236,unassigned
12170,1,1,0.94575006,unassigned
12171,1,1,0.9689047,unassigned
12172,1,2,0.47994328,unassigned
12173,2,2,0.9999658,unassigned
12174,1,1,0.9881995,unassigned
12175,1,1,0.9998492,unassigned
12176,1,2,0.9858708,unassigned
12177,2,2,0.92658937,unassigned
12178,1,1,0.85011774,unassigned
12179,1,1,0.88677126,unassigned
12180,2,2,0.7194792,unassigned
12181,1,1,0.85014045,unassigned
12182,2,2,0.99889344,unassigned
12183,1,0,0.7852293,unassigned
12184,0,0,0.9999856,unassigned
12185,0,1,0.7833198,unassigned
12186,0,0,0.99997115,unassigned
12187,2,2,0.9956469,unassigned
12188,0,1,0.9994691,unassigned
12189,2,2,0.9984541,unassigned
12190,2,2,0.99912435,unassigned
12191,2,2,0.99777067,unassigned
12192,1,1,0.9997155,unassigned
12193,0,0,0.7476093,unassigned
12194,1,1,0.9708906,unassigned
12195,0,0,0.9999939,unassigned
12196,1,1,0.915046,unassigned
12197,1,1,0.81416124,unassigned
12198,2,2,0.6132044,unassigned
12199,0,0,0.5149217,unassigned
12200,1,1,0.99602485,unassigned
12201,2,1,0.74246925,unassigned
12202,2,1,0.6093561,unassigned
12203,0,2,0.94171596,unassigned
12204,0,0,0.99549365,unassigned
12205,2,2,0.86866754,unassigned
12206,1,1,0.997821,unassigned
12207,2,2,0.96943897,unassigned
12208,0,0,0.9955479,unassigned
12209,1,1,0.8784671,unassigned
12210,1,1,0.9942145,unassigned
12211,0,0,0.9962249,unassigned
12212,2,0,0.98398006,unassigned
12213,0,0,0.9999491,unassigned
12214,0,2,0.7491045,unassigned
12215,0,0,0.99906796,unassigned
12216,0,0,0.99999976,unassigned
12217,1,1,0.8363539,unassigned
12218,1,0,0.77242494,unassigned
12219,0,0,0.9999993,unassigned
12220,1,2,0.5553388,unassigned
12221,2,2,0.7770865,unassigned
12222,2,2,0.9991291,unassigned
12223,0,2,0.997494,unassigned
12224,2,1,0.96845275,unassigned
12225,1,1,0.70336354,unassigned
12226,2,1,0.41240475,unassigned
12227,1,1,0.9801775,unassigned
12228,2,2,0.8132178,unassigned
12229,0,0,0.97396773,unassigned
12230,2,1,0.8025166,unassigned
12231,0,0,0.99979264,unassigned
12232,2,2,0.99609095,unassigned
12233,1,2,0.5042016,unassigned
12234,1,1,0.93478537,unassigned
12235,0,0,1.0,unassigned
12236,0,0,0.99994206,unassigned
12237,1,1,0.8800143,unassigned
12238,1,1,0.9419394,unassigned
12239,2,2,0.9998425,unassigned
12240,2,2,0.999665,unassigned
12241,2,2,0.9616676,unassigned
12242,0,2,0.99980134,unassigned
12243,1,1,0.8408288,unassigned
12244,1,1,0.5340659,unassigned
12245,2,2,0.99727947,unassigned
12246,0,0,0.9984415,unassigned
12247,1,1,0.9012657,unassigned
12248,1,1,0.9495864,unassigned
12249,1,2,0.72425956,unassigned
12250,2,2,0.9966641,unassigned
12251,2,2,0.99868435,unassigned
12252,2,2,0.9999734,unassigned
12253,0,0,0.76443815,unassigned
12254,1,1,0.9979075,unassigned
12255,0,0,0.97330713,unassigned
12256,1,1,0.9584812,unassigned
12257,1,1,0.9895872,unassigned
12258,0,0,0.9999994,unassigned
12259,1,0,0.8230369,unassigned
12260,0,0,1.0,unassigned
12261,0,0,0.99978656,unassigned
12262,1,1,0.96530414,unassigned
12263,1,1,0.94823337,unassigned
12264,1,1,0.9092105,unassigned
12265,0,0,0.99998486,unassigned
12266,1,1,0.59342575,unassigned
12267,1,1,0.941886,unassigned
12268,0,0,0.9999924,unassigned
12269,1,1,0.9963335,unassigned
12270,2,2,0.99950886,unassigned
12271,2,2,0.99953914,unassigned
12272,0,0,0.999967,unassigned
12273,2,0,0.9941052,unassigned
12274,1,1,0.64168566,unassigned
12275,1,2,0.8150507,unassigned
12276,2,0,0.9496843,unassigned
12277,2,2,0.9726107,unassigned
12278,2,2,0.999997,unassigned
12279,2,2,0.9998765,unassigned
12280,1,1,0.9792909,unassigned
12281,1,1,0.72467613,unassigned
12282,1,1,0.9671291,unassigned
12283,1,1,0.8872629,unassigned
12284,1,1,0.9716343,unassigned
12285,2,2,0.999998,unassigned
12286,0,0,0.6645724,unassigned
12287,2,2,0.988149,unassigned
12288,2,0,0.8847519,unassigned
12289,2,0,0.9538308,unassigned
12290,1,0,0.9344388,unassigned
12291,2,2,0.99967206,unassigned
12292,0,0,0.92797804,unassigned
12293,2,2,0.99882597,unassigned
12294,0,0,0.9985594,unassigned
12295,2,2,0.9722529,unassigned
12296,0,0,0.87445056,unassigned
12297,2,2,0.8630767,unassigned
12298,2,2,0.9999902,unassigned
12299,2,2,0.9921022,unassigned
12300,2,1,0.8172149,unassigned
12301,1,1,0.7298822,unassigned
12302,1,1,0.98323375,unassigned
12303,0,0,0.94145966,unassigned
12304,2,0,0.8694605,unassigned
12305,2,2,0.97355235,unassigned
12306,1,0,0.80667627,unassigned
12307,2,2,0.9918773,unassigned
12308,2,2,0.9192939,unassigned
12309,2,2,0.99940443,unassigned
12310,1,2,0.624532,unassigned
12311,2,2,0.9514998,unassigned
12312,0,2,0.99024105,unassigned
12313,2,2,0.87857026,unassigned
12314,2,2,0.9986249,unassigned
12315,1,1,0.81457007,unassigned
12316,0,0,0.99932575,unassigned
12317,2,1,0.99538124,unassigned
12318,1,1,0.96025157,unassigned
12319,1,1,0.9403746,unassigned
12320,0,0,0.9990426,unassigned
12321,2,2,0.97966695,unassigned
12322,1,1,0.99431556,unassigned
12323,1,1,0.94830924,unassigned
12324,0,0,0.9929143,unassigned
12325,1,1,0.999067,unassigned
12326,1,1,0.9774699,unassigned
12327,1,1,0.9574458,unassigned
12328,2,2,0.9991499,unassigned
12329,0,0,0.9734615,unassigned
12330,1,1,0.92526716,unassigned
12331,1,1,0.98834175,unassigned
12332,2,2,0.9914676,unassigned
12333,2,2,0.9672965,unassigned
12334,0,0,0.9997904,unassigned
12335,0,0,0.9999821,unassigned
12336,2,2,0.99594647,unassigned
12337,1,1,0.5223503,unassigned
12338,1,1,0.9610941,unassigned
12339,1,0,0.9131582,unassigned
12340,1,1,0.9169336,unassigned
12341,1,1,0.9805536,unassigned
12342,2,0,0.98684585,unassigned
12343,2,1,0.51266354,unassigned
12344,1,1,0.99316376,unassigned
12345,0,1,0.9051902,unassigned
12346,0,0,0.99987364,unassigned
12347,1,2,0.6596644,unassigned
12348,0,0,0.91489816,unassigned
12349,2,2,0.9999982,unassigned
12350,1,1,0.6950852,unassigned
12351,2,1,0.6649752,unassigned
12352,1,1,0.9429486,unassigned
12353,2,2,0.999998,unassigned
12354,2,2,0.9993999,unassigned
12355,2,2,0.9908276,unassigned
12356,1,1,0.5802635,unassigned
12357,0,0,0.98542494,unassigned
12358,2,1,0.8364165,unassigned
12359,0,0,0.92157704,unassigned
12360,1,1,0.7494007,unassigned
12361,2,2,0.9999881,unassigned
12362,1,1,0.77606237,unassigned
12363,0,0,0.5498368,unassigned
12364,1,0,0.5502702,unassigned
12365,2,2,0.9999913,unassigned
12366,1,1,0.9737056,unassigned
12367,2,2,0.98524785,unassigned
12368,1,1,0.52159625,unassigned
12369,2,0,0.99678373,unassigned
12370,2,2,0.6867294,unassigned
12371,2,0,0.99999833,unassigned
12372,2,2,0.99904424,unassigned
12373,2,0,0.93570286,unassigned
12374,0,0,0.9999503,unassigned
12375,0,0,0.9994791,unassigned
12376,2,2,0.71138555,unassigned
12377,1,1,0.94501114,unassigned
12378,0,0,0.9997795,unassigned
12379,1,2,0.88018984,unassigned
12380,0,0,0.9982747,unassigned
12381,0,2,0.87950927,unassigned
12382,0,0,0.95919025,unassigned
12383,2,2,0.9964804,unassigned
12384,0,2,0.91809535,unassigned
12385,1,2,0.99109226,unassigned
12386,2,2,0.9863506,unassigned
12387,0,2,0.5573629,unassigned
12388,1,2,0.71878266,unassigned
12389,1,2,0.75630444,unassigned
12390,1,1,0.960783,unassigned
12391,2,2,0.9993369,unassigned
12392,1,1,0.71433675,unassigned
12393,2,2,0.9768859,unassigned
12394,0,0,0.99999964,unassigned
12395,2,0,0.81672525,unassigned
12396,2,2,0.99898237,unassigned
12397,2,2,0.92426115,unassigned
12398,0,0,0.99257666,unassigned
12399,2,1,0.77149487,unassigned
12400,1,1,0.99778146,unassigned
12401,2,2,0.9951504,unassigned
12402,1,0,0.81753606,unassigned
12403,2,1,0.80437595,unassigned
12404,2,2,0.999982,unassigned
12405,1,0,0.9773278,unassigned
12406,2,0,0.8810814,unassigned
12407,0,0,0.84218705,unassigned
12408,1,1,0.9527398,unassigned
12409,1,2,0.69990265,unassigned
12410,1,1,0.9853749,unassigned
12411,2,1,0.6141087,unassigned
12412,1,1,0.8095151,unassigned
12413,0,0,0.999992,unassigned
12414,1,1,0.8777471,unassigned
12415,1,1,0.8478322,unassigned
12416,1,1,0.65210813,unassigned
12417,0,2,0.62849367,unassigned
12418,2,1,0.61985075,unassigned
12419,2,1,0.58762616,unassigned
12420,1,1,0.9171133,unassigned
12421,2,2,0.9291665,unassigned
12422,2,2,0.99999976,unassigned
12423,2,2,0.99934965,unassigned
12424,1,1,0.9951102,unassigned
12425,0,1,0.68493843,unassigned
12426,1,1,0.9713974,unassigned
12427,2,2,1.0,unassigned
12428,2,2,0.9885385,unassigned
12429,1,1,0.95348483,unassigned
12430,0,0,0.99722517,unassigned
12431,1,1,0.9997507,unassigned
12432,2,2,0.99969447,unassigned
12433,1,1,0.9685083,unassigned
12434,1,1,0.9999795,unassigned
12435,2,2,0.99998343,unassigned
12436,0,0,0.7728441,unassigned
12437,1,1,0.9897092,unassigned
12438,1,1,0.7399583,unassigned
12439,2,2,0.9995509,unassigned
12440,1,1,0.9978459,unassigned
12441,2,2,0.9964132,unassigned
12442,0,0,0.99994516,unassigned
12443,2,1,0.90398985,unassigned
12444,2,2,0.9910383,unassigned
12445,1,1,0.675963,unassigned
12446,2,2,0.9238163,unassigned
12447,1,1,0.92232746,unassigned
12448,2,2,0.99996734,unassigned
12449,1,1,0.9864972,unassigned
12450,1,1,0.9939552,unassigned
12451,1,1,0.8311199,unassigned
12452,2,2,0.92156917,unassigned
12453,2,2,0.99877614,unassigned
12454,2,2,0.89775217,unassigned
12455,1,2,0.6042072,unassigned
12456,2,1,0.81800073,unassigned
12457,1,2,0.90448534,unassigned
12458,0,0,1.0,unassigned
12459,2,2,0.99982834,unassigned
12460,0,0,0.99989796,unassigned
12461,0,0,0.87102896,unassigned
12462,1,1,0.9816159,unassigned
12463,1,1,0.9890399,unassigned
12464,1,1,0.9880484,unassigned
12465,1,0,0.970959,unassigned
12466,2,0,0.94682175,unassigned
12467,0,2,0.9882599,unassigned
12468,0,0,0.9999895,unassigned
12469,1,1,0.90365326,unassigned
12470,1,2,0.95367897,unassigned
12471,1,1,0.9246387,unassigned
12472,2,2,0.99361926,unassigned
12473,1,1,0.88236195,unassigned
12474,2,2,0.99999857,unassigned
12475,2,2,0.6802014,unassigned
12476,2,1,0.97948897,unassigned
12477,1,1,0.99287367,unassigned
12478,1,1,0.77019596,unassigned
12479,1,1,0.98579955,unassigned
12480,2,2,0.89449424,unassigned
12481,1,1,0.6397646,unassigned
12482,0,0,0.99713624,unassigned
12483,1,2,0.9962114,unassigned
12484,1,1,0.9958103,unassigned
12485,2,2,0.9999615,unassigned
12486,0,0,0.9958866,unassigned
12487,2,2,0.99768865,unassigned
12488,2,1,0.94017184,unassigned
12489,2,2,0.4826503,unassigned
12490,2,2,0.8525093,unassigned
12491,1,1,0.9993272,unassigned
12492,2,2,0.9571609,unassigned
12493,0,0,0.93541884,unassigned
12494,1,1,0.98316646,unassigned
12495,2,2,0.9998202,unassigned
12496,2,2,0.99999976,unassigned
12497,1,2,0.99937326,unassigned
12498,2,2,0.9995403,unassigned
12499,1,1,0.6508827,unassigned
12500,1,2,0.7970591,unassigned
12501,1,0,0.91927814,unassigned
12502,2,2,0.99707556,unassigned
12503,1,2,0.8903362,unassigned
12504,2,2,0.97025573,unassigned
12505,2,2,0.99998283,unassigned
12506,0,0,0.9976852,unassigned
12507,1,0,0.5903285,unassigned
12508,2,2,0.99965906,unassigned
12509,2,0,0.9714357,unassigned
12510,1,0,0.93264157,unassigned
12511,2,2,0.9998909,unassigned
12512,1,1,0.9998777,unassigned
12513,0,0,0.999998,unassigned
12514,2,2,1.0,unassigned
12515,2,1,0.98061013,unassigned
12516,1,1,0.9831218,unassigned
12517,1,1,0.89131314,unassigned
12518,1,1,0.9929622,unassigned
12519,0,0,0.9982432,unassigned
12520,0,0,0.999974,unassigned
12521,2,1,0.8107865,unassigned
12522,1,2,0.9997012,unassigned
12523,1,1,0.9526396,unassigned
12524,2,2,0.99979836,unassigned
12525,0,2,0.9784808,unassigned
12526,0,0,0.7506176,unassigned
12527,2,2,0.9389739,unassigned
12528,1,1,0.9042237,unassigned
12529,1,1,0.9450268,unassigned
12530,2,1,0.97318447,unassigned
12531,2,2,0.93950707,unassigned
12532,1,2,0.9021421,unassigned
12533,1,1,0.99970275,unassigned
12534,2,2,0.95172715,unassigned
12535,2,2,0.9999182,unassigned
12536,0,0,0.8976759,unassigned
12537,2,2,0.99820566,unassigned
12538,2,2,0.90801054,unassigned
12539,2,2,0.6185458,unassigned
12540,0,0,0.99994993,unassigned
12541,2,1,0.8700832,unassigned
12542,2,2,0.99982697,unassigned
12543,1,2,0.96501374,unassigned
12544,1,1,0.9730079,unassigned
12545,2,2,1.0,unassigned
12546,1,1,0.8813289,unassigned
12547,0,2,0.9889704,unassigned
12548,1,1,0.94680053,unassigned
12549,2,2,0.9957754,unassigned
12550,1,2,0.96872205,unassigned
12551,0,2,0.99385685,unassigned
12552,1,1,0.9995752,unassigned
12553,2,2,0.83727276,unassigned
12554,0,2,0.5168581,unassigned
12555,2,2,0.99296886,unassigned
12556,2,2,0.9999169,unassigned
12557,1,1,0.86269444,unassigned
12558,1,0,0.8354659,unassigned
12559,2,1,0.99965,unassigned
12560,0,0,0.99679404,unassigned
12561,2,2,0.9999994,unassigned
12562,2,2,0.9986985,unassigned
12563,1,1,0.98817664,unassigned
12564,1,1,0.9998323,unassigned
12565,0,2,0.7927155,unassigned
12566,1,2,0.81343627,unassigned
12567,2,2,0.9918685,unassigned
12568,2,1,0.89158845,unassigned
12569,1,0,0.62460476,unassigned
12570,1,1,0.8179947,unassigned
12571,1,1,0.9601176,unassigned
12572,2,1,0.96224827,unassigned
12573,2,2,1.0,unassigned
12574,1,1,0.994263,unassigned
12575,2,2,0.9956585,unassigned
12576,1,1,0.76338077,unassigned
12577,2,2,0.97164685,unassigned
12578,0,0,0.99457824,unassigned
12579,0,0,0.939323,unassigned
12580,2,2,0.85175616,unassigned
12581,0,0,0.99971443,unassigned
12582,1,1,0.9965229,unassigned
12583,2,2,0.98714024,unassigned
12584,2,2,0.99757344,unassigned
12585,2,2,0.97044486,unassigned
12586,1,0,0.99197024,unassigned
12587,0,0,0.9999987,unassigned
12588,0,0,0.99991107,unassigned
12589,1,1,0.9622084,unassigned
12590,2,2,0.99487454,unassigned
12591,1,1,0.78750616,unassigned
12592,1,1,0.9996686,unassigned
12593,2,2,0.97907156,unassigned
12594,2,2,0.9998913,unassigned
12595,2,2,0.99996185,unassigned
12596,2,2,0.99992216,unassigned
12597,2,2,0.99779475,unassigned
12598,0,0,0.99995434,unassigned
12599,1,2,0.61621547,unassigned
12600,2,2,0.9127932,unassigned
12601,1,1,0.99813193,unassigned
12602,0,0,0.9999795,unassigned
12603,1,2,0.679166,unassigned
12604,1,1,0.9198014,unassigned
12605,1,2,0.98239917,unassigned
12606,1,1,0.92048,unassigned
12607,1,2,0.6311429,unassigned
12608,1,2,0.5433708,unassigned
12609,2,2,0.98893833,unassigned
12610,1,1,0.8927207,unassigned
12611,2,2,0.9855729,unassigned
12612,0,0,0.9999995,unassigned
12613,2,2,0.9436576,unassigned
12614,2,2,0.9855155,unassigned
12615,2,2,0.99999416,unassigned
12616,2,0,0.956795,unassigned
12617,0,0,0.96423477,unassigned
12618,1,1,0.99960595,unassigned
12619,1,1,0.9349582,unassigned
12620,0,2,0.91976035,unassigned
12621,2,0,0.93010616,unassigned
12622,1,1,0.99866986,unassigned
12623,2,2,0.999622,unassigned
12624,1,2,0.99701935,unassigned
12625,1,1,0.94075364,unassigned
12626,1,1,0.9604203,unassigned
12627,0,0,0.53120047,unassigned
12628,1,2,0.65155095,unassigned
12629,2,2,0.9919178,unassigned
12630,0,0,0.6181104,unassigned
12631,1,2,0.88211364,unassigned
12632,2,0,0.9999995,unassigned
12633,2,2,0.8976388,unassigned
12634,1,1,0.9171837,unassigned
12635,1,1,0.64033103,unassigned
12636,1,0,0.6578732,unassigned
12637,1,1,0.90173703,unassigned
12638,1,2,0.9385887,unassigned
12639,2,2,0.99934095,unassigned
12640,2,2,0.99999666,unassigned
12641,0,0,0.99937075,unassigned
12642,0,2,0.98109186,unassigned
12643,1,1,0.99906784,unassigned
12644,2,2,0.99799514,unassigned
12645,0,0,0.9995479,unassigned
12646,0,0,0.8954238,unassigned
12647,1,1,0.999358,unassigned
12648,0,1,0.7936413,unassigned
12649,2,0,0.99923384,unassigned
12650,0,0,0.9923246,unassigned
12651,2,0,0.52132964,unassigned
12652,2,2,0.99813193,unassigned
12653,2,2,0.5534205,unassigned
12654,2,2,0.9999982,unassigned
12655,2,2,1.0,unassigned
12656,2,2,0.99984896,unassigned
12657,0,2,0.9960394,unassigned
12658,0,0,0.94960487,unassigned
12659,2,0,0.76837736,unassigned
12660,0,0,0.9999579,unassigned
12661,0,0,0.9963456,unassigned
12662,2,0,0.9727725,unassigned
12663,0,0,0.9818364,unassigned
12664,1,1,0.9999976,unassigned
12665,1,1,0.9784475,unassigned
12666,2,2,0.9994369,unassigned
12667,2,2,0.5369748,unassigned
12668,1,1,0.99913436,unassigned
12669,1,1,0.77315634,unassigned
12670,0,1,0.6660635,unassigned
12671,1,2,0.523305,unassigned
12672,2,0,0.9903436,unassigned
12673,2,2,1.0,unassigned
12674,2,2,0.9998124,unassigned
12675,1,1,0.92256516,unassigned
12676,1,2,0.9953198,unassigned
12677,2,2,0.9991302,unassigned
12678,1,1,0.990703,unassigned
12679,1,2,0.99697566,unassigned
12680,2,2,0.95870674,unassigned
12681,0,0,0.9995358,unassigned
12682,2,2,0.999969,unassigned
12683,1,1,0.59709466,unassigned
12684,1,1,0.88414437,unassigned
12685,1,0,0.5458205,unassigned
12686,1,2,0.8742276,unassigned
12687,2,2,0.9984207,unassigned
12688,2,1,0.6571658,unassigned
12689,2,1,0.60808843,unassigned
12690,1,1,0.6028637,unassigned
12691,0,0,0.9943218,unassigned
12692,2,2,0.99792093,unassigned
12693,0,0,0.9999975,unassigned
12694,2,2,0.99583983,unassigned
12695,2,0,0.9891549,unassigned
12696,2,1,0.863634,unassigned
12697,0,0,0.99997616,unassigned
12698,2,2,0.7298763,unassigned
12699,1,1,0.9725026,unassigned
12700,2,2,0.9992587,unassigned
12701,2,2,0.9939423,unassigned
12702,1,2,0.8872607,unassigned
12703,0,0,0.9995782,unassigned
12704,0,0,0.9999913,unassigned
12705,2,1,0.98799616,unassigned
12706,0,0,0.878,unassigned
12707,0,0,0.9995741,unassigned
12708,2,0,0.99772817,unassigned
12709,2,2,0.9974934,unassigned
12710,1,1,0.6985146,unassigned
12711,1,1,0.9927205,unassigned
12712,2,2,0.9999511,unassigned
12713,2,0,0.9166969,unassigned
12714,1,1,0.88212043,unassigned
12715,2,2,0.99852055,unassigned
12716,2,2,0.84983987,unassigned
12717,1,1,0.898684,unassigned
12718,1,1,0.94303614,unassigned
12719,1,1,0.9955356,unassigned
12720,1,2,0.7767457,unassigned
12721,0,0,0.9997147,unassigned
12722,1,2,0.6394261,unassigned
12723,2,2,0.9975121,unassigned
12724,2,2,0.9765604,unassigned
12725,2,1,0.7280136,unassigned
12726,1,1,0.92800164,unassigned
12727,2,2,0.9999974,unassigned
12728,2,0,0.5306248,unassigned
12729,0,0,0.99999976,unassigned
12730,2,2,0.99620396,unassigned
12731,1,1,0.83085173,unassigned
12732,2,2,0.99977,unassigned
12733,2,2,0.9993499,unassigned
12734,1,1,0.99951065,unassigned
12735,0,0,0.75001985,unassigned
12736,1,0,0.76339763,unassigned
12737,1,1,0.9390818,unassigned
12738,0,0,0.75599843,unassigned
12739,0,2,0.9738699,unassigned
12740,1,1,0.9964031,unassigned
12741,0,0,0.9927614,unassigned
12742,0,0,0.84642166,unassigned
12743,2,2,0.97708225,unassigned
12744,2,2,0.99993396,unassigned
12745,1,2,0.7781283,unassigned
12746,1,1,0.8847537,unassigned
12747,1,1,0.971217,unassigned
12748,1,1,0.9277676,unassigned
12749,0,0,0.99828076,unassigned
12750,1,1,0.987021,unassigned
12751,0,0,0.8416544,unassigned
12752,0,0,0.99964225,unassigned
12753,0,0,0.99989116,unassigned
12754,1,0,0.9569006,unassigned
12755,1,1,0.6940488,unassigned
12756,0,0,0.99999976,unassigned
12757,1,1,0.8705141,unassigned
12758,2,2,0.54558915,unassigned
12759,1,2,0.62117195,unassigned
12760,1,0,0.68537974,unassigned
12761,2,1,0.7364849,unassigned
12762,0,0,0.9078646,unassigned
12763,1,1,0.7927318,unassigned
12764,0,0,0.9990754,unassigned
12765,0,0,0.99998903,unassigned
12766,2,2,0.98488,unassigned
12767,1,1,0.9914842,unassigned
12768,1,1,0.9711099,unassigned
12769,1,0,0.7038434,unassigned
12770,1,1,0.9047831,unassigned
12771,2,1,0.98088664,unassigned
12772,1,1,0.903786,unassigned
12773,0,0,0.9997876,unassigned
12774,0,0,0.9941695,unassigned
12775,2,1,0.96732694,unassigned
12776,1,1,0.9760726,unassigned
12777,1,1,0.7170465,unassigned
12778,1,1,0.94681823,unassigned
12779,1,1,0.75092775,unassigned
12780,0,0,0.92513704,unassigned
12781,0,0,0.9999008,unassigned
12782,1,2,0.62708044,unassigned
12783,2,2,0.862408,unassigned
12784,1,0,0.77839845,unassigned
12785,2,1,0.5937802,unassigned
12786,0,0,1.0,unassigned
12787,0,0,0.982533,unassigned
12788,2,1,0.93832123,unassigned
12789,2,1,0.7246374,unassigned
12790,2,0,0.9997434,unassigned
12791,1,0,0.5999287,unassigned
12792,0,0,0.99995446,unassigned
12793,0,2,0.5336799,unassigned
12794,1,2,0.8035103,unassigned
12795,0,0,0.99939954,unassigned
12796,0,0,0.97241217,unassigned
12797,1,1,0.8955867,unassigned
12798,1,1,0.8965305,unassigned
12799,1,0,0.9996551,unassigned
12800,1,1,0.99191004,unassigned
12801,1,1,0.9985813,unassigned
12802,2,2,0.88811505,unassigned
12803,2,0,0.7551763,unassigned
12804,0,0,0.99881774,unassigned
12805,0,0,0.99948007,unassigned
12806,0,0,0.9999218,unassigned
12807,1,1,0.99122757,unassigned
12808,0,0,0.9999511,unassigned
12809,2,2,0.99966097,unassigned
12810,2,2,0.9995197,unassigned
12811,1,1,0.99317366,unassigned
12812,1,1,0.9830104,unassigned
12813,0,0,0.8715859,unassigned
12814,1,1,0.8475771,unassigned
12815,2,2,0.8163329,unassigned
12816,2,1,0.99824667,unassigned
12817,2,0,0.41334456,unassigned
12818,1,1,0.52229905,unassigned
12819,0,2,0.9201238,unassigned
12820,2,2,0.99971586,unassigned
12821,1,1,0.8051874,unassigned
12822,1,1,0.51816905,unassigned
12823,1,1,0.9479063,unassigned
12824,1,1,0.5929342,unassigned
12825,0,0,0.9733549,unassigned
12826,0,0,0.9999845,unassigned
12827,1,1,0.996055,unassigned
12828,2,2,0.9786815,unassigned
12829,1,1,0.694966,unassigned
12830,2,0,0.7983685,unassigned
12831,1,1,0.9856354,unassigned
12832,2,1,0.8994233,unassigned
12833,1,1,0.99863774,unassigned
12834,0,0,0.9998292,unassigned
12835,0,0,0.9995332,unassigned
12836,1,1,0.85424393,unassigned
12837,2,2,0.84320176,unassigned
12838,2,2,0.9998603,unassigned
12839,1,1,0.9987857,unassigned
12840,2,2,0.92760587,unassigned
12841,2,2,0.9999999,unassigned
12842,1,1,0.55435044,unassigned
12843,2,2,0.99903643,unassigned
12844,0,2,0.98348385,unassigned
12845,1,1,0.9713172,unassigned
12846,2,2,0.9988489,unassigned
12847,0,0,0.99971074,unassigned
12848,0,1,0.5764366,unassigned
12849,2,2,0.99997854,unassigned
12850,1,2,0.5594078,unassigned
12851,2,2,0.9767849,unassigned
12852,1,1,0.9909046,unassigned
12853,1,1,0.52733904,unassigned
12854,1,1,0.6276413,unassigned
12855,1,2,0.7947946,unassigned
12856,2,2,0.8651352,unassigned
12857,2,2,0.99844164,unassigned
12858,2,2,0.99975735,unassigned
12859,1,1,0.9966438,unassigned
12860,0,0,0.8926721,unassigned
12861,2,2,0.7274237,unassigned
12862,2,2,0.9997621,unassigned
12863,2,2,0.99978536,unassigned
12864,1,2,0.5569402,unassigned
12865,2,2,0.99971193,unassigned
12866,2,2,0.99991286,unassigned
12867,2,2,0.9750811,unassigned
12868,2,2,0.98644805,unassigned
12869,1,1,0.641763,unassigned
12870,0,2,0.9998783,unassigned
12871,0,0,0.9999958,unassigned
12872,1,2,0.98997694,unassigned
12873,2,2,0.4704579,unassigned
12874,0,1,0.8770029,unassigned
12875,2,2,0.9967963,unassigned
12876,1,0,0.8828102,unassigned
12877,1,1,0.9927141,unassigned
12878,1,1,0.6635068,unassigned
12879,0,2,0.99995875,unassigned
12880,1,1,0.9336099,unassigned
12881,2,2,0.9128594,unassigned
12882,2,2,0.69931775,unassigned
12883,2,2,0.970036,unassigned
12884,1,2,0.99844545,unassigned
12885,2,2,0.99639314,unassigned
12886,2,1,0.87046134,unassigned
12887,2,1,0.6087826,unassigned
12888,1,1,0.9334419,unassigned
12889,0,0,0.9977622,unassigned
12890,1,0,0.6366483,unassigned
12891,2,2,0.9995869,unassigned
12892,1,1,0.59001327,unassigned
12893,0,0,0.6191503,unassigned
12894,0,0,0.9998437,unassigned
12895,2,1,0.49700144,unassigned
12896,0,0,0.9949319,unassigned
12897,2,2,0.9964676,unassigned
12898,2,2,0.9950878,unassigned
12899,0,0,0.99726474,unassigned
12900,1,1,0.57076657,unassigned
12901,2,1,0.9579465,unassigned
12902,2,2,0.99921596,unassigned
12903,0,2,0.86933905,unassigned
12904,2,2,0.9995264,unassigned
12905,0,2,0.99948573,unassigned
12906,2,0,0.99928457,unassigned
12907,1,1,0.9984037,unassigned
12908,0,0,0.9939767,unassigned
12909,2,2,0.9980379,unassigned
12910,1,2,0.9999653,unassigned
12911,2,2,0.7724572,unassigned
12912,1,1,0.9842488,unassigned
12913,1,1,0.65834665,unassigned
12914,1,1,0.73433834,unassigned
12915,0,2,0.89224905,unassigned
12916,2,2,0.99983597,unassigned
12917,2,2,0.9999871,unassigned
12918,1,1,0.7993327,unassigned
12919,0,0,0.99993277,unassigned
12920,0,0,0.9998524,unassigned
12921,1,2,0.68895113,unassigned
12922,1,1,0.9874457,unassigned
12923,0,0,0.99926597,unassigned
12924,1,1,0.91850257,unassigned
12925,1,1,0.9830634,unassigned
12926,2,2,0.99999034,unassigned
12927,0,0,0.9998635,unassigned
12928,2,1,0.91161567,unassigned
12929,1,1,0.8797458,unassigned
12930,1,2,0.5852812,unassigned
12931,1,1,0.77715236,unassigned
12932,1,1,0.9039171,unassigned
12933,0,0,0.99892825,unassigned
12934,2,2,0.90364003,unassigned
12935,1,2,0.8176656,unassigned
12936,2,0,0.9576956,unassigned
12937,1,2,0.51056933,unassigned
12938,2,2,0.9988142,unassigned
12939,1,1,0.9395411,unassigned
12940,2,1,0.9881626,unassigned
12941,2,2,0.99990964,unassigned
12942,1,0,0.97425574,unassigned
12943,1,1,0.7906915,unassigned
12944,1,1,0.9995889,unassigned
12945,1,0,0.9013275,unassigned
12946,1,2,0.56227654,unassigned
12947,1,0,0.89595115,unassigned
12948,2,2,0.98373634,unassigned
12949,0,0,0.9997718,unassigned
12950,0,0,0.9943393,unassigned
12951,2,2,0.97642046,unassigned
12952,0,0,0.9979505,unassigned
12953,0,1,0.90084815,unassigned
12954,0,0,1.0,unassigned
12955,0,0,0.9999995,unassigned
12956,0,0,0.99786526,unassigned
12957,2,1,0.6378071,unassigned
12958,0,0,0.99933225,unassigned
12959,2,1,0.52330863,unassigned
12960,2,1,0.9999778,unassigned
12961,0,0,0.64910847,unassigned
12962,2,2,0.9950317,unassigned
12963,1,1,0.93912655,unassigned
12964,0,1,0.9467868,unassigned
12965,2,2,0.99819237,unassigned
12966,1,1,0.8475161,unassigned
12967,2,1,0.9987846,unassigned
12968,2,2,0.99999905,unassigned
12969,0,0,0.99999964,unassigned
12970,1,1,0.9190746,unassigned
12971,2,1,0.5752555,unassigned
12972,1,1,0.9937238,unassigned
12973,1,2,0.5136621,unassigned
12974,2,2,0.9999999,unassigned
12975,2,1,0.9772273,unassigned
12976,1,1,0.9401569,unassigned
12977,1,1,0.9047556,unassigned
12978,2,2,0.99999213,unassigned
12979,1,1,0.99712414,unassigned
12980,0,0,0.9954888,unassigned
12981,2,2,0.99867177,unassigned
12982,0,2,0.47369084,unassigned
12983,2,2,0.8279912,unassigned
12984,2,0,0.8832672,unassigned
12985,0,0,0.9999968,unassigned
12986,2,2,0.999985,unassigned
12987,0,0,0.99992955,unassigned
12988,2,2,0.9443933,unassigned
12989,2,2,0.9999702,unassigned
12990,1,1,0.9786598,unassigned
12991,0,0,0.58209074,unassigned
12992,0,0,0.9953316,unassigned
12993,1,1,0.97190666,unassigned
12994,1,2,0.6366596,unassigned
12995,2,0,0.6113946,unassigned
12996,2,1,0.7863507,unassigned
12997,1,1,0.99247277,unassigned
12998,2,2,0.8239605,unassigned
12999,0,2,0.9933797,unassigned
13000,1,1,0.99997497,unassigned
13001,0,0,0.7111627,unassigned
13002,1,1,0.81791025,unassigned
13003,0,1,0.6563701,unassigned
13004,2,0,0.9865666,unassigned
13005,2,2,0.99952626,unassigned
13006,2,2,0.61563027,unassigned
13007,1,0,0.99992466,unassigned
13008,0,0,0.98381734,unassigned
13009,0,0,1.0,unassigned
13010,0,0,0.9999436,unassigned
13011,1,2,0.9784575,unassigned
13012,1,1,0.73727494,unassigned
13013,0,0,0.98688847,unassigned
13014,2,2,0.98721236,unassigned
13015,2,1,0.91474086,unassigned
13016,2,0,0.9861742,unassigned
13017,2,2,0.993934,unassigned
13018,1,1,0.98746467,unassigned
13019,1,1,0.8924478,unassigned
13020,2,2,1.0,unassigned
13021,0,0,0.99845755,unassigned
13022,2,2,0.9996025,unassigned
13023,0,1,0.9872333,unassigned
13024,0,0,0.999728,unassigned
13025,1,1,0.97911686,unassigned
13026,1,1,0.9999871,unassigned
13027,1,1,0.94279724,unassigned
13028,2,2,0.99864596,unassigned
13029,0,0,0.98038006,unassigned
13030,0,0,0.9881207,unassigned
13031,2,2,0.997092,unassigned
13032,2,2,0.83285683,unassigned
13033,2,2,0.9873455,unassigned
13034,1,1,0.9880717,unassigned
13035,2,2,0.99955446,unassigned
13036,1,1,0.50969124,unassigned
13037,0,0,0.99947685,unassigned
13038,2,2,0.9989197,unassigned
13039,0,0,0.99290997,unassigned
13040,2,2,0.99999404,unassigned
13041,1,0,0.5217189,unassigned
13042,2,2,0.9467147,unassigned
13043,2,2,0.99922013,unassigned
13044,1,1,0.61421376,unassigned
13045,0,0,0.99999917,unassigned
13046,2,2,1.0,unassigned
13047,2,1,0.5575135,unassigned
13048,2,2,0.9999839,unassigned
13049,0,0,0.9986852,unassigned
13050,0,0,0.7368094,unassigned
13051,2,2,0.67381305,unassigned
13052,1,1,0.7473061,unassigned
13053,2,2,0.9748779,unassigned
13054,2,1,0.99774194,unassigned
13055,1,1,0.99237424,unassigned
13056,1,0,0.99999464,unassigned
13057,1,1,0.9994832,unassigned
13058,0,0,0.9998853,unassigned
13059,1,1,0.879166,unassigned
13060,2,1,0.98372364,unassigned
13061,2,2,0.9984889,unassigned
13062,2,2,0.99690044,unassigned
13063,2,2,0.9438324,unassigned
13064,0,0,0.9998554,unassigned
13065,2,2,0.9975902,unassigned
13066,1,1,0.9880806,unassigned
13067,0,0,0.94306844,unassigned
13068,0,0,0.9988765,unassigned
13069,1,1,0.99814343,unassigned
13070,0,0,0.9999523,unassigned
13071,1,0,0.6648542,unassigned
13072,2,2,0.9999738,unassigned
13073,2,2,0.78004706,unassigned
13074,2,2,0.74005157,unassigned
13075,1,0,0.9991903,unassigned
13076,1,2,0.6489299,unassigned
13077,1,1,0.9239113,unassigned
13078,1,2,0.8994249,unassigned
13079,2,2,0.90040296,unassigned
13080,2,2,0.9658843,unassigned
13081,1,0,0.6762546,unassigned
13082,2,2,0.9983327,unassigned
13083,1,1,0.99488777,unassigned
13084,1,1,0.97058195,unassigned
13085,1,0,0.9822494,unassigned
13086,2,0,0.99995375,unassigned
13087,1,1,0.8432156,unassigned
13088,1,0,0.99983585,unassigned
13089,2,2,0.99995184,unassigned
13090,2,2,0.9966665,unassigned
13091,2,2,0.99584997,unassigned
13092,2,2,0.79353625,unassigned
13093,0,2,0.7745859,unassigned
13094,0,0,0.96804917,unassigned
13095,2,2,0.83972883,unassigned
13096,1,1,0.65044165,unassigned
13097,1,1,0.99670357,unassigned
13098,1,1,0.9888601,unassigned
13099,2,2,0.9948789,unassigned
13100,2,2,0.9931305,unassigned
13101,0,0,0.9995623,unassigned
13102,0,0,0.9431677,unassigned
13103,1,1,0.8341084,unassigned
13104,1,1,0.9999871,unassigned
13105,1,1,0.85276836,unassigned
13106,2,2,0.99893814,unassigned
13107,1,1,0.89097065,unassigned
13108,0,0,0.9989831,unassigned
13109,0,0,0.9999095,unassigned
13110,0,0,0.9951414,unassigned
13111,1,2,0.89248097,unassigned
13112,2,2,0.8702755,unassigned
13113,2,0,0.6590092,unassigned
13114,0,0,0.9999697,unassigned
13115,1,1,0.6930773,unassigned
13116,1,1,0.98732936,unassigned
13117,2,2,0.84250313,unassigned
13118,1,0,0.76123095,unassigned
13119,1,1,0.48114285,unassigned
13120,2,2,0.97688293,unassigned
13121,2,2,0.9821014,unassigned
13122,2,2,0.98474205,unassigned
13123,1,1,0.5459275,unassigned
13124,2,2,0.9926967,unassigned
13125,1,1,0.99003476,unassigned
13126,0,1,0.9339576,unassigned
13127,1,2,0.8295701,unassigned
13128,2,1,0.7844759,unassigned
13129,1,1,0.71831936,unassigned
13130,2,2,0.85180855,unassigned
13131,0,2,0.9999316,unassigned
13132,1,2,0.7985133,unassigned
13133,2,2,0.9999958,unassigned
13134,0,0,0.9996338,unassigned
13135,1,1,0.93372416,unassigned
13136,0,0,0.9920994,unassigned
13137,1,1,0.9812211,unassigned
13138,0,2,0.9979042,unassigned
13139,1,2,0.55645186,unassigned
13140,2,2,0.9999999,unassigned
13141,1,1,0.67887586,unassigned
13142,1,0,0.53007764,unassigned
13143,1,0,0.96206504,unassigned
13144,0,0,0.9999937,unassigned
13145,0,0,0.8286879,unassigned
13146,2,1,0.80108535,unassigned
13147,2,2,0.9128825,unassigned
13148,1,2,0.9935456,unassigned
13149,2,2,0.98845506,unassigned
13150,1,1,0.59900725,unassigned
13151,0,0,0.99999714,unassigned
13152,1,1,0.99999833,unassigned
13153,2,2,0.9882732,unassigned
13154,2,2,0.5861778,unassigned
13155,2,2,0.7383303,unassigned
13156,2,1,0.96383226,unassigned
13157,1,0,0.71533555,unassigned
13158,1,2,0.85756654,unassigned
13159,0,0,0.99972695,unassigned
13160,0,0,0.96828955,unassigned
13161,1,0,0.62372255,unassigned
13162,2,2,0.9649755,unassigned
13163,1,1,0.8636089,unassigned
13164,0,0,0.9988146,unassigned
13165,0,0,0.99997187,unassigned
13166,1,1,0.9294004,unassigned
13167,0,0,0.77300704,unassigned
13168,1,1,0.6489025,unassigned
13169,1,1,0.99653506,unassigned
13170,2,2,1.0,unassigned
13171,1,1,0.8745332,unassigned
13172,1,1,0.98591983,unassigned
13173,2,2,0.99839336,unassigned
13174,1,1,0.99904674,unassigned
13175,1,1,0.7683487,unassigned
13176,2,0,0.95939386,unassigned
13177,2,2,0.9999157,unassigned
13178,1,1,0.9996325,unassigned
13179,2,2,0.99947995,unassigned
13180,1,0,0.9998603,unassigned
13181,0,0,0.99178714,unassigned
13182,0,0,0.99813384,unassigned
13183,2,2,0.9975368,unassigned
13184,1,1,0.9778569,unassigned
13185,2,2,0.99998677,unassigned
13186,1,1,0.8622651,unassigned
13187,1,2,0.85160655,unassigned
13188,2,1,0.94459873,unassigned
13189,1,1,0.9826136,unassigned
13190,2,2,0.99622935,unassigned
13191,2,2,0.9999999,unassigned
13192,1,1,0.8542861,unassigned
13193,2,0,0.999037,unassigned
13194,0,1,0.9995945,unassigned
13195,1,1,0.5986122,unassigned
13196,0,0,0.9998011,unassigned
13197,0,0,0.77414685,unassigned
13198,1,1,0.99052423,unassigned
13199,2,0,0.49554503,unassigned
13200,2,0,0.96510124,unassigned
13201,2,1,0.8675222,unassigned
13202,2,2,0.99777764,unassigned
13203,0,0,0.81997675,unassigned
13204,0,0,0.9998318,unassigned
13205,1,1,0.95100373,unassigned
13206,0,0,0.99426466,unassigned
13207,1,1,0.9936672,unassigned
13208,1,1,0.99596465,unassigned
13209,2,2,0.7524757,unassigned
13210,1,1,0.9501982,unassigned
13211,2,2,0.91737646,unassigned
13212,1,1,0.77571577,unassigned
13213,1,1,0.8204704,unassigned
13214,1,2,0.88958836,unassigned
13215,1,1,0.9847766,unassigned
13216,1,1,0.9861058,unassigned
13217,2,2,0.71328026,unassigned
13218,2,2,0.38922948,unassigned
13219,1,2,0.5714365,unassigned
13220,2,2,0.9240625,unassigned
13221,0,0,0.9997712,unassigned
13222,2,0,0.6769353,unassigned
13223,0,1,0.64768666,unassigned
13224,0,0,0.99999607,unassigned
13225,1,1,0.9999995,unassigned
13226,2,2,0.9988036,unassigned
13227,0,1,0.8728879,unassigned
13228,0,0,0.5288879,unassigned
13229,0,0,0.90909326,unassigned
13230,1,0,0.46954915,unassigned
13231,1,0,0.9999993,unassigned
13232,0,0,0.47568372,unassigned
13233,1,1,0.7685297,unassigned
13234,0,0,0.9998981,unassigned
13235,1,1,0.9952436,unassigned
13236,2,2,0.9946812,unassigned
13237,1,1,0.986115,unassigned
13238,2,1,0.69702494,unassigned
13239,2,2,0.9762339,unassigned
13240,2,2,0.9956351,unassigned
13241,1,1,0.9623208,unassigned
13242,2,2,0.72840226,unassigned
13243,0,2,0.96610117,unassigned
13244,2,2,0.9994412,unassigned
13245,0,0,0.99982363,unassigned
13246,0,0,0.9990459,unassigned
13247,2,2,0.99616796,unassigned
13248,1,1,0.9905252,unassigned
13249,0,1,0.9575529,unassigned
13250,0,0,0.9959151,unassigned
13251,2,1,0.6415664,unassigned
13252,1,1,0.99740654,unassigned
13253,2,2,0.964222,unassigned
13254,2,2,0.9667633,unassigned
13255,2,2,0.99751556,unassigned
13256,1,1,0.97615767,unassigned
13257,1,1,0.88703156,unassigned
13258,2,2,0.9702985,unassigned
13259,2,2,0.6050498,unassigned
13260,1,1,0.89975774,unassigned
13261,2,0,0.62437856,unassigned
13262,0,2,0.93995523,unassigned
13263,1,1,0.99554646,unassigned
13264,0,2,0.75191814,unassigned
13265,2,2,0.9957093,unassigned
13266,2,2,0.9754167,unassigned
13267,1,2,0.8952816,unassigned
13268,2,1,0.99977154,unassigned
13269,2,2,0.9996983,unassigned
13270,2,2,0.999206,unassigned
13271,1,2,0.9888192,unassigned
13272,1,1,0.9737719,unassigned
13273,2,2,0.9997924,unassigned
13274,2,1,0.61187214,unassigned
13275,2,2,0.9149918,unassigned
13276,1,1,0.9953194,unassigned
13277,2,2,0.99917233,unassigned
13278,1,1,0.99999666,unassigned
13279,2,1,0.92819625,unassigned
13280,1,1,0.999589,unassigned
13281,1,1,0.7277252,unassigned
13282,1,1,0.99564135,unassigned
13283,2,0,0.71513504,unassigned
13284,2,2,0.9948127,unassigned
13285,1,1,0.9982844,unassigned
13286,0,0,0.79226613,unassigned
13287,1,1,0.61127466,unassigned
13288,2,2,0.99985266,unassigned
13289,2,0,0.8406748,unassigned
13290,1,0,0.9765354,unassigned
13291,1,1,0.9807569,unassigned
13292,1,1,0.9892553,unassigned
13293,2,2,0.9956968,unassigned
13294,1,1,0.63753664,unassigned
13295,1,1,0.9490112,unassigned
13296,0,0,0.99972683,unassigned
13297,0,0,0.99996924,unassigned
13298,2,1,0.8225275,unassigned
13299,2,2,0.9803064,unassigned
13300,2,1,0.5808164,unassigned
13301,2,2,0.9999826,unassigned
13302,2,2,0.9991291,unassigned
13303,1,1,0.7388799,unassigned
13304,2,2,0.99133927,unassigned
13305,1,1,0.9987472,unassigned
13306,1,1,0.9961373,unassigned
13307,1,1,0.99989855,unassigned
13308,1,1,0.97678137,unassigned
13309,2,2,0.60999423,unassigned
13310,0,0,0.99995327,unassigned
13311,2,1,0.9922637,unassigned
13312,2,2,1.0,unassigned
13313,1,1,0.9837519,unassigned
13314,0,0,0.9792125,unassigned
13315,2,2,0.9967623,unassigned
13316,1,2,0.9799687,unassigned
13317,2,1,0.95777774,unassigned
13318,1,1,0.8944579,unassigned
13319,1,1,0.9899295,unassigned
13320,0,0,0.9989133,unassigned
13321,0,0,0.99999726,unassigned
13322,2,2,0.99765176,unassigned
13323,0,2,0.7419967,unassigned
13324,2,2,0.9993988,unassigned
13325,0,0,0.8387562,unassigned
13326,2,2,0.9998179,unassigned
13327,2,0,0.9260187,unassigned
13328,2,2,0.4208875,unassigned
13329,2,0,0.521342,unassigned
13330,1,1,0.99782073,unassigned
13331,2,2,0.9283692,unassigned
13332,1,2,0.9379228,unassigned
13333,2,2,0.999943,unassigned
13334,2,2,0.9991829,unassigned
13335,2,2,0.9974879,unassigned
13336,1,1,0.9999924,unassigned
13337,2,2,1.0,unassigned
13338,1,1,0.9808148,unassigned
13339,2,2,0.9977702,unassigned
13340,1,1,0.8717176,unassigned
13341,2,2,0.9313566,unassigned
13342,0,0,0.9336795,unassigned
13343,2,2,0.9780924,unassigned
13344,0,0,0.99765587,unassigned
13345,0,2,0.7106478,unassigned
13346,0,0,0.9680802,unassigned
13347,2,2,0.84694517,unassigned
13348,2,2,0.99591786,unassigned
13349,2,2,0.9937669,unassigned
13350,2,1,0.579933,unassigned
13351,0,0,0.99904925,unassigned
13352,1,1,0.98891044,unassigned
13353,1,1,0.952598,unassigned
13354,1,1,0.9970067,unassigned
13355,2,0,0.96971995,unassigned
13356,2,2,0.7859954,unassigned
13357,1,1,0.85150445,unassigned
13358,1,2,0.6917291,unassigned
13359,2,1,0.91692686,unassigned
13360,2,2,0.9999242,unassigned
13361,1,1,0.9995796,unassigned
13362,2,2,0.57423776,unassigned
13363,0,0,0.50962025,unassigned
13364,2,2,1.0,unassigned
13365,1,1,0.890218,unassigned
13366,1,1,0.98329663,unassigned
13367,0,0,0.94817924,unassigned
13368,1,1,0.97059274,unassigned
13369,1,2,0.8876662,unassigned
13370,2,2,0.98332536,unassigned
13371,1,0,0.9332507,unassigned
13372,2,2,0.99492294,unassigned
13373,0,0,0.99929655,unassigned
13374,0,0,0.99707675,unassigned
13375,1,0,0.5965669,unassigned
13376,2,2,0.9970445,unassigned
13377,1,1,0.8949588,unassigned
13378,0,0,0.99947184,unassigned
13379,1,1,0.9989747,unassigned
13380,1,1,0.93219364,unassigned
13381,2,2,0.9989901,unassigned
13382,2,2,0.99916697,unassigned
13383,0,0,0.9990038,unassigned
13384,0,0,0.9994155,unassigned
13385,2,2,0.52979136,unassigned
13386,0,0,0.9998939,unassigned
13387,0,0,0.9920676,unassigned
13388,1,1,0.9797697,unassigned
13389,2,2,0.6960435,unassigned
13390,1,1,0.99480325,unassigned
13391,0,0,0.99828374,unassigned
13392,2,2,0.99999976,unassigned
13393,1,2,0.6416752,unassigned
13394,2,0,0.9973801,unassigned
13395,2,2,0.8681339,unassigned
13396,2,2,0.89978594,unassigned
13397,1,0,0.99054027,unassigned
13398,2,1,0.62608606,unassigned
13399,1,1,0.9432552,unassigned
13400,1,1,0.9679654,unassigned
13401,2,2,0.9952165,unassigned
13402,1,1,0.76791394,unassigned
13403,2,2,0.99999666,unassigned
13404,2,2,0.9793666,unassigned
13405,0,0,0.9999963,unassigned
13406,2,2,0.949546,unassigned
13407,1,1,0.99361163,unassigned
13408,2,2,0.99955565,unassigned
13409,2,2,0.70766014,unassigned
13410,1,1,0.9884837,unassigned
13411,1,1,0.99911207,unassigned
13412,0,2,0.97076124,unassigned
13413,0,0,0.9525206,unassigned
13414,0,0,0.9981158,unassigned
13415,2,2,1.0,unassigned
13416,1,2,0.5999783,unassigned
13417,1,0,0.67296886,unassigned
13418,2,2,0.982634,unassigned
13419,0,0,0.9999777,unassigned
13420,1,2,0.9689089,unassigned
13421,0,0,0.9830313,unassigned
13422,2,2,0.79187316,unassigned
13423,0,0,0.98460406,unassigned
13424,2,0,0.6545636,unassigned
13425,0,0,0.94559735,unassigned
13426,2,2,0.7259194,unassigned
13427,0,0,0.99996877,unassigned
13428,2,2,0.6879361,unassigned
13429,1,1,0.7942517,unassigned
13430,2,2,0.9993253,unassigned
13431,0,0,0.99716467,unassigned
13432,2,2,0.85275453,unassigned
13433,2,1,0.9955788,unassigned
13434,1,2,0.52576226,unassigned
13435,2,2,0.9998573,unassigned
13436,1,1,0.96128476,unassigned
13437,2,2,0.99972767,unassigned
13438,0,0,0.9987913,unassigned
13439,2,2,0.54631954,unassigned
13440,1,0,0.84375185,unassigned
13441,0,0,0.9999895,unassigned
13442,1,1,0.82163584,unassigned
13443,2,2,0.9991714,unassigned
13444,0,0,0.9999156,unassigned
13445,1,1,0.96418977,unassigned
13446,0,0,0.99617153,unassigned
13447,2,1,0.9428503,unassigned
13448,2,2,0.9999945,unassigned
13449,0,2,0.99689496,unassigned
13450,1,2,0.9636133,unassigned
13451,2,2,0.9949409,unassigned
13452,1,1,0.9927825,unassigned
13453,0,0,1.0,unassigned
13454,0,0,0.9997614,unassigned
13455,2,1,0.9136034,unassigned
13456,2,1,0.974812,unassigned
13457,2,2,0.9795274,unassigned
13458,1,1,0.75386816,unassigned
13459,1,2,0.96005267,unassigned
13460,0,0,0.9437989,unassigned
13461,0,0,0.87032306,unassigned
13462,2,2,0.9993326,unassigned
13463,1,1,0.9305496,unassigned
13464,2,0,0.9786361,unassigned
13465,2,0,0.6268992,unassigned
13466,1,1,0.9803223,unassigned
13467,2,2,0.99451065,unassigned
13468,2,1,0.9159074,unassigned
13469,0,2,0.76766014,unassigned
13470,1,2,0.951204,unassigned
13471,1,1,0.9443538,unassigned
13472,2,2,0.9988055,unassigned
13473,1,2,0.8808111,unassigned
13474,1,1,0.97400576,unassigned
13475,0,0,1.0,unassigned
13476,1,1,0.99716115,unassigned
13477,2,2,0.999819,unassigned
13478,0,0,0.9999043,unassigned
13479,1,1,0.9566506,unassigned
13480,0,0,0.99837154,unassigned
13481,1,1,0.79197735,unassigned
13482,2,2,0.99174315,unassigned
13483,1,1,0.9995925,unassigned
13484,2,1,0.91840583,unassigned
13485,1,1,0.6411191,unassigned
13486,2,2,0.8106314,unassigned
13487,0,0,0.9910375,unassigned
13488,2,2,0.99966955,unassigned
13489,0,0,0.84621245,unassigned
13490,1,2,0.76372534,unassigned
13491,0,0,0.8193807,unassigned
13492,2,2,0.9992455,unassigned
13493,2,0,0.98405695,unassigned
13494,1,2,0.6312668,unassigned
13495,2,0,0.9969748,unassigned
13496,2,2,0.9987984,unassigned
13497,2,2,0.99994135,unassigned
13498,2,2,0.9460504,unassigned
13499,0,0,0.9077175,unassigned
13500,0,0,0.9993806,unassigned
13501,0,0,0.9901086,unassigned
13502,2,2,0.9999504,unassigned
13503,1,1,0.5513428,unassigned
13504,1,1,0.8196388,unassigned
13505,0,0,0.99999845,unassigned
13506,2,2,0.99992573,unassigned
13507,2,2,0.99782336,unassigned
13508,2,1,0.935167,unassigned
13509,1,1,0.851638,unassigned
13510,1,1,0.8366497,unassigned
13511,2,2,0.9999963,unassigned
13512,2,2,0.9992379,unassigned
13513,1,1,0.912482,unassigned
13514,1,1,0.9310402,unassigned
13515,2,0,0.960774,unassigned
13516,2,2,0.86951816,unassigned
13517,1,1,0.98559433,unassigned
13518,1,1,0.9786901,unassigned
13519,2,2,0.90317684,unassigned
13520,2,2,0.99860364,unassigned
13521,1,1,0.921399,unassigned
13522,2,2,0.9233416,unassigned
13523,2,2,0.86680067,unassigned
13524,2,2,0.99851257,unassigned
13525,1,2,0.8375571,unassigned
13526,2,2,0.82530904,unassigned
13527,2,1,0.9927227,unassigned
13528,0,0,0.99805695,unassigned
13529,2,2,0.9999995,unassigned
13530,2,1,0.9797997,unassigned
13531,2,1,0.99410594,unassigned
13532,2,1,0.81604135,unassigned
13533,2,2,0.99391794,unassigned
13534,0,0,0.9999902,unassigned
13535,1,2,0.94831806,unassigned
13536,0,0,0.98231,unassigned
13537,0,0,0.99904925,unassigned
13538,2,1,0.53365976,unassigned
13539,1,1,0.9908682,unassigned
13540,1,2,0.82833976,unassigned
13541,1,1,0.9654043,unassigned
13542,2,2,0.98802745,unassigned
13543,0,0,0.9927303,unassigned
13544,1,1,0.9821983,unassigned
13545,1,2,0.6863858,unassigned
13546,0,2,0.6211141,unassigned
13547,2,2,0.6457205,unassigned
13548,1,1,0.77471995,unassigned
13549,2,0,0.747793,unassigned
13550,1,2,0.86802065,unassigned
13551,1,1,0.9855634,unassigned
13552,1,1,0.74030584,unassigned
13553,1,1,0.66668534,unassigned
13554,1,2,0.640823,unassigned
13555,0,1,0.5375362,unassigned
13556,1,1,0.997422,unassigned
13557,2,2,0.84865344,unassigned
13558,1,0,0.7045639,unassigned
13559,2,1,0.9768282,unassigned
13560,1,2,0.67488164,unassigned
13561,0,0,0.9971825,unassigned
13562,2,2,0.9945345,unassigned
13563,2,2,0.99975866,unassigned
13564,0,0,0.96921563,unassigned
13565,2,2,0.9995807,unassigned
13566,1,2,0.57906014,unassigned
13567,2,2,0.9958198,unassigned
13568,1,2,0.8322355,unassigned
13569,1,1,0.659536,unassigned
13570,1,1,0.8691897,unassigned
13571,2,2,0.99952567,unassigned
13572,1,1,0.93138534,unassigned
13573,2,2,0.9719901,unassigned
13574,1,0,0.9971463,unassigned
13575,2,2,0.999828,unassigned
13576,2,2,0.99976987,unassigned
13577,2,2,0.99511033,unassigned
13578,2,2,0.99381834,unassigned
13579,2,0,0.998533,unassigned
13580,0,1,0.7148177,unassigned
13581,1,2,0.9984504,unassigned
13582,2,2,0.9994424,unassigned
13583,2,1,0.7709957,unassigned
13584,2,2,0.892407,unassigned
13585,1,1,0.9999604,unassigned
13586,0,0,0.9999995,unassigned
13587,2,1,0.77121955,unassigned
13588,1,1,0.6717987,unassigned
13589,1,2,0.96285266,unassigned
13590,1,1,0.8510709,unassigned
13591,2,0,0.99670106,unassigned
13592,2,2,0.92112964,unassigned
13593,2,1,0.77764094,unassigned
13594,2,2,0.99998116,unassigned
13595,1,1,0.990182,unassigned
13596,2,2,0.99852645,unassigned
13597,2,2,0.9996623,unassigned
13598,1,1,0.9089962,unassigned
13599,2,2,0.9976942,unassigned
13600,2,2,0.99955434,unassigned
13601,1,0,0.99909794,unassigned
13602,0,1,0.8739996,unassigned
13603,2,2,0.99752253,unassigned
13604,2,2,0.9999875,unassigned
13605,1,2,0.7063557,unassigned
13606,1,1,0.8764287,unassigned
13607,0,2,0.49580276,unassigned
13608,2,0,0.9936401,unassigned
13609,2,2,0.7815544,unassigned
13610,1,1,0.7782809,unassigned
13611,1,1,0.98001,unassigned
13612,1,1,0.56335026,unassigned
13613,1,1,0.9556727,unassigned
13614,1,1,0.9154547,unassigned
13615,1,1,0.96130157,unassigned
13616,1,1,0.9997423,unassigned
13617,1,1,0.94320714,unassigned
13618,1,2,0.6657713,unassigned
13619,1,1,0.9886791,unassigned
13620,2,2,0.9946595,unassigned
13621,1,1,0.64587235,unassigned
13622,1,1,0.9684816,unassigned
13623,1,2,0.99910873,unassigned
13624,1,1,0.71455824,unassigned
13625,2,2,0.9998597,unassigned
13626,2,2,0.9986951,unassigned
13627,2,2,0.9995258,unassigned
13628,0,0,0.96751374,unassigned
13629,2,2,0.99996865,unassigned
13630,2,2,0.8754808,unassigned
13631,1,1,0.9970426,unassigned
13632,2,2,0.96373206,unassigned
13633,2,2,0.99999857,unassigned
13634,2,2,0.99739057,unassigned
13635,2,0,0.9887022,unassigned
13636,1,1,0.93487257,unassigned
13637,1,1,0.7911385,unassigned
13638,2,0,0.6555087,unassigned
13639,2,2,0.97565985,unassigned
13640,2,2,0.99974924,unassigned
13641,2,2,0.9797055,unassigned
13642,1,1,0.8113806,unassigned
13643,1,2,0.96369076,unassigned
13644,2,2,0.9999168,unassigned
13645,1,1,0.98592734,unassigned
13646,0,1,0.99833727,unassigned
13647,1,1,0.9927464,unassigned
13648,1,1,0.9993913,unassigned
13649,0,0,0.9999087,unassigned
13650,2,2,0.94426113,unassigned
13651,1,1,0.93632996,unassigned
13652,2,2,0.55223787,unassigned
13653,1,1,0.6152638,unassigned
13654,0,0,0.9996468,unassigned
13655,2,2,0.9999703,unassigned
13656,2,2,0.9999857,unassigned
13657,2,2,0.9417061,unassigned
13658,2,2,0.9994148,unassigned
13659,1,2,0.9763931,unassigned
13660,0,0,0.8965942,unassigned
13661,1,2,0.7571782,unassigned
13662,1,1,0.99995506,unassigned
13663,0,0,0.98752403,unassigned
13664,2,2,0.9998388,unassigned
13665,1,2,0.5275334,unassigned
13666,1,1,0.6912454,unassigned
13667,0,1,0.9994079,unassigned
13668,2,0,0.6884957,unassigned
13669,1,1,0.9686891,unassigned
13670,0,2,0.627131,unassigned
13671,1,2,0.56970066,unassigned
13672,1,1,0.5555913,unassigned
13673,2,2,0.9976847,unassigned
13674,0,0,0.9996654,unassigned
13675,2,2,1.0,unassigned
13676,2,2,0.9398688,unassigned
13677,1,1,0.9993419,unassigned
13678,0,0,0.9922084,unassigned
13679,0,0,0.72762305,unassigned
13680,2,2,0.99101233,unassigned
13681,1,1,0.5544769,unassigned
13682,2,2,0.9999844,unassigned
13683,2,2,0.9829837,unassigned
13684,1,1,0.7956219,unassigned
13685,2,2,0.9997002,unassigned
13686,2,2,0.9998646,unassigned
13687,2,2,0.9874194,unassigned
13688,1,1,0.9546524,unassigned
13689,0,0,0.9983125,unassigned
13690,1,2,0.8795919,unassigned
13691,1,1,0.9798362,unassigned
13692,0,2,0.8015019,unassigned
13693,2,2,0.9943937,unassigned
13694,2,2,0.99873704,unassigned
13695,1,1,0.6395468,unassigned
13696,1,1,0.9992368,unassigned
13697,1,1,0.95506793,unassigned
13698,2,2,0.94874126,unassigned
13699,1,1,0.748321,unassigned
13700,2,0,0.9194327,unassigned
13701,2,2,0.99213564,unassigned
13702,1,1,0.9934795,unassigned
13703,0,0,0.9980019,unassigned
13704,2,2,0.9509704,unassigned
13705,1,1,0.98406094,unassigned
13706,1,1,0.991804,unassigned
13707,2,2,0.9575516,unassigned
13708,1,1,0.7893103,unassigned
13709,2,2,0.9782768,unassigned
13710,2,2,0.9999137,unassigned
13711,0,0,0.9960782,unassigned
13712,1,1,0.94924,unassigned
13713,1,1,0.80722743,unassigned
13714,1,1,0.9753931,unassigned
13715,1,1,0.9726456,unassigned
13716,0,2,0.4995097,unassigned
13717,2,2,0.99999106,unassigned
13718,1,1,0.9589473,unassigned
13719,2,2,0.99819523,unassigned
13720,0,0,0.9995408,unassigned
13721,2,1,0.66487384,unassigned
13722,1,1,0.86731577,unassigned
13723,1,1,0.97369194,unassigned
13724,1,0,0.9941492,unassigned
13725,2,2,0.998019,unassigned
13726,2,2,0.9999995,unassigned
13727,2,2,0.6620251,unassigned
13728,1,1,0.983506,unassigned
13729,2,2,0.99949145,unassigned
13730,2,2,1.0,unassigned
13731,1,2,0.94954306,unassigned
13732,1,0,0.5904744,unassigned
13733,1,1,0.6733676,unassigned
13734,0,0,0.983116,unassigned
13735,2,2,0.99417806,unassigned
13736,2,1,0.49138165,unassigned
13737,2,2,0.9984617,unassigned
13738,0,0,0.8561023,unassigned
13739,2,2,0.60306835,unassigned
13740,1,1,0.8639264,unassigned
13741,2,0,0.9075686,unassigned
13742,0,0,0.99801373,unassigned
13743,2,2,0.59147304,unassigned
13744,1,0,0.7830955,unassigned
13745,1,1,0.999966,unassigned
13746,1,1,0.9990134,unassigned
13747,1,1,0.4950655,unassigned
13748,1,2,0.9944325,unassigned
13749,2,2,0.9985695,unassigned
13750,1,2,0.78374857,unassigned
13751,2,2,0.9950093,unassigned
13752,2,0,0.43645853,unassigned
13753,1,1,0.5519726,unassigned
13754,2,2,0.99994445,unassigned
13755,1,0,0.9807546,unassigned
13756,1,1,0.99608505,unassigned
13757,0,0,0.99323976,unassigned
13758,2,2,0.9957196,unassigned
13759,1,1,0.68989104,unassigned
13760,1,1,0.861366,unassigned
13761,0,0,0.9999982,unassigned
13762,1,2,0.5156917,unassigned
13763,1,1,0.9999095,unassigned
13764,1,1,0.99701023,unassigned
13765,0,0,0.9991394,unassigned
13766,1,1,0.99225473,unassigned
13767,1,1,0.4400717,unassigned
13768,2,2,0.9785825,unassigned
13769,0,0,0.9999777,unassigned
13770,2,2,0.98260236,unassigned
13771,1,1,0.95236033,unassigned
13772,1,1,0.99754083,unassigned
13773,2,2,0.99870634,unassigned
13774,2,2,0.9978661,unassigned
13775,1,1,0.8095531,unassigned
13776,1,1,0.9924926,unassigned
13777,2,2,0.9821915,unassigned
13778,1,2,0.91359794,unassigned
13779,1,2,0.8536674,unassigned
13780,1,1,0.83141726,unassigned
13781,2,2,0.9760367,unassigned
13782,1,1,0.88063127,unassigned
13783,1,1,0.8530764,unassigned
13784,2,2,0.9750947,unassigned
13785,2,1,0.9297738,unassigned
13786,1,1,0.79188836,unassigned
13787,2,1,0.63490003,unassigned
13788,2,1,0.9962818,unassigned
13789,1,1,0.95881134,unassigned
13790,0,0,0.9983741,unassigned
13791,2,1,0.5302956,unassigned
13792,2,2,0.9937995,unassigned
13793,1,1,0.98815376,unassigned
13794,1,1,0.98334587,unassigned
13795,1,1,0.6685379,unassigned
13796,1,1,0.98943955,unassigned
13797,2,2,0.99496514,unassigned
13798,2,2,0.9788988,unassigned
13799,2,2,0.99999833,unassigned
13800,2,2,0.9939348,unassigned
13801,2,2,0.99432844,unassigned
13802,0,2,0.9466377,unassigned
13803,1,1,0.99962974,unassigned
13804,2,2,0.9998221,unassigned
13805,2,2,0.55333006,unassigned
13806,1,1,0.9857641,unassigned
13807,1,1,0.9787345,unassigned
13808,2,2,0.95854545,unassigned
13809,0,0,0.62335604,unassigned
13810,0,0,0.7351296,unassigned
13811,2,2,0.999642,unassigned
13812,1,0,0.58062494,unassigned
13813,2,2,0.9990165,unassigned
13814,2,1,0.5437689,unassigned
13815,0,0,0.99564844,unassigned
13816,2,2,0.9994735,unassigned
13817,0,0,0.99892634,unassigned
13818,0,0,0.3522644,unassigned
13819,2,0,0.5510252,unassigned
13820,0,0,0.99995804,unassigned
13821,2,2,0.99988925,unassigned
13822,2,0,0.97003245,unassigned
13823,2,1,0.932263,unassigned
13824,0,0,0.9999666,unassigned
13825,2,2,0.9944178,unassigned
13826,2,1,0.91107607,unassigned
13827,2,1,0.9678339,unassigned
13828,2,2,0.96975887,unassigned
13829,2,2,0.99368393,unassigned
13830,0,0,0.99997056,unassigned
13831,0,0,0.9920677,unassigned
13832,2,2,0.99365634,unassigned
13833,1,1,0.664669,unassigned
13834,0,0,0.999964,unassigned
13835,0,0,0.9861829,unassigned
13836,2,1,0.8149728,unassigned
13837,0,0,0.7112511,unassigned
13838,0,0,0.9878412,unassigned
13839,0,0,0.9999949,unassigned
13840,0,0,0.8603225,unassigned
13841,1,1,0.6088307,unassigned
13842,2,1,0.94642645,unassigned
13843,0,0,0.9999528,unassigned
13844,2,2,0.9999999,unassigned
13845,1,1,0.9380982,unassigned
13846,2,1,0.9998696,unassigned
13847,1,1,0.9088612,unassigned
13848,1,2,0.86294013,unassigned
13849,0,0,0.99999845,unassigned
13850,1,1,0.7884556,unassigned
13851,0,0,0.9978144,unassigned
13852,1,1,0.99670947,unassigned
13853,1,0,0.611546,unassigned
13854,0,2,0.99982613,unassigned
13855,2,0,0.9882572,unassigned
13856,2,2,0.9369766,unassigned
13857,1,1,0.94512373,unassigned
13858,1,1,0.9800963,unassigned
13859,2,2,0.57688636,unassigned
13860,2,2,0.7605599,unassigned
13861,1,2,0.52834886,unassigned
13862,2,2,0.9781349,unassigned
13863,1,0,0.9832749,unassigned
13864,0,0,0.9995203,unassigned
13865,1,1,0.9400892,unassigned
13866,2,2,0.96244335,unassigned
13867,1,1,0.9978592,unassigned
13868,1,1,0.8241601,unassigned
13869,2,2,0.99923944,unassigned
13870,0,0,0.99929345,unassigned
13871,1,1,0.9298322,unassigned
13872,1,2,0.956291,unassigned
13873,2,2,0.9984022,unassigned
13874,2,2,0.91815,unassigned
13875,0,0,0.98749465,unassigned
13876,1,1,0.96840835,unassigned
13877,2,2,0.9969202,unassigned
13878,2,2,0.99967194,unassigned
13879,2,2,0.9236329,unassigned
13880,0,0,0.9999968,unassigned
13881,0,0,0.9999404,unassigned
13882,1,1,0.9991929,unassigned
13883,0,0,1.0,unassigned
13884,1,2,0.5257842,unassigned
13885,0,0,0.9983418,unassigned
13886,1,1,0.9453445,unassigned
13887,2,2,0.9945438,unassigned
13888,0,0,0.9963865,unassigned
13889,2,1,0.96585155,unassigned
13890,1,2,0.89018625,unassigned
13891,2,1,0.88713676,unassigned
13892,2,2,0.9964025,unassigned
13893,1,0,0.87930036,unassigned
13894,2,2,0.99478346,unassigned
13895,2,0,0.9819878,unassigned
13896,0,0,0.9991842,unassigned
13897,1,1,0.8370288,unassigned
13898,2,2,0.99736685,unassigned
13899,2,2,0.64973897,unassigned
13900,1,1,0.9963211,unassigned
13901,1,1,0.76297426,unassigned
13902,1,1,0.99876714,unassigned
13903,2,0,0.9998864,unassigned
13904,2,2,0.9727296,unassigned
13905,0,0,0.99985874,unassigned
13906,2,2,0.5804409,unassigned
13907,1,1,0.8289881,unassigned
13908,1,1,0.7814675,unassigned
13909,0,0,0.9359525,unassigned
13910,1,0,0.9482102,unassigned
13911,1,1,0.9247133,unassigned
13912,2,2,0.97882736,unassigned
13913,0,2,0.9415086,unassigned
13914,1,0,0.7757251,unassigned
13915,1,2,0.9886285,unassigned
13916,2,2,0.99761,unassigned
13917,2,2,0.9991406,unassigned
13918,2,2,0.9995259,unassigned
13919,1,1,0.6846174,unassigned
13920,0,0,0.9999987,unassigned
13921,2,2,0.97734743,unassigned
13922,1,2,0.7206313,unassigned
13923,1,1,0.92073566,unassigned
13924,0,0,0.9835887,unassigned
13925,1,1,0.9999987,unassigned
13926,2,0,0.84561574,unassigned
13927,0,0,0.9961026,unassigned
13928,2,2,0.9118746,unassigned
13929,1,0,0.5791866,unassigned
13930,2,2,0.99993896,unassigned
13931,2,2,0.9999616,unassigned
13932,0,0,0.9999796,unassigned
13933,1,0,0.99059373,unassigned
13934,1,1,0.9665973,unassigned
13935,2,2,0.6996059,unassigned
13936,1,1,0.96558696,unassigned
13937,1,1,0.5632089,unassigned
13938,2,2,0.9508625,unassigned
13939,0,0,0.99999917,unassigned
13940,2,2,1.0,unassigned
13941,2,2,0.66113275,unassigned
13942,2,1,0.55527747,unassigned
13943,2,2,0.99667406,unassigned
13944,1,1,0.92743707,unassigned
13945,1,1,0.7269433,unassigned
13946,0,0,0.98611,unassigned
13947,2,1,0.9366583,unassigned
13948,2,0,0.99963164,unassigned
13949,1,1,0.65688264,unassigned
13950,1,1,0.99704033,unassigned
13951,1,1,0.9049609,unassigned
13952,1,1,0.98418635,unassigned
13953,0,0,0.99943477,unassigned
13954,0,2,0.7943448,unassigned
13955,2,0,0.61741745,unassigned
13956,2,2,0.96707505,unassigned
13957,0,0,0.97890544,unassigned
13958,1,1,0.9823077,unassigned
13959,1,1,0.6985991,unassigned
13960,2,2,0.8566141,unassigned
13961,2,2,0.9788755,unassigned
13962,1,1,0.99247473,unassigned
13963,0,2,0.8752834,unassigned
13964,1,1,0.9870955,unassigned
13965,2,2,0.9493604,unassigned
13966,0,0,0.81173205,unassigned
13967,1,1,0.9982407,unassigned
13968,1,1,0.97126424,unassigned
13969,2,2,0.991285,unassigned
13970,2,2,0.96699363,unassigned
13971,1,2,0.99994636,unassigned
13972,2,2,0.98847055,unassigned
13973,2,0,0.540247,unassigned
13974,1,1,0.99990904,unassigned
13975,2,2,0.9999975,unassigned
13976,0,0,1.0,unassigned
13977,2,0,0.9941056,unassigned
13978,1,2,0.9697225,unassigned
13979,1,2,0.85429126,unassigned
13980,0,0,1.0,unassigned
13981,0,0,0.9999994,unassigned
13982,2,2,0.99365497,unassigned
13983,2,1,0.99317944,unassigned
13984,1,2,0.81476676,unassigned
13985,1,0,0.9669252,unassigned
13986,1,1,0.9049728,unassigned
13987,1,1,0.9512826,unassigned
13988,0,0,0.9999354,unassigned
13989,1,1,0.96081007,unassigned
13990,0,0,0.9998062,unassigned
13991,2,2,0.93658817,unassigned
13992,1,1,0.8714689,unassigned
13993,0,0,0.999964,unassigned
13994,1,1,0.9936707,unassigned
13995,1,1,0.97131526,unassigned
13996,2,1,0.72328997,unassigned
13997,2,1,0.6914616,unassigned
13998,2,2,0.99529284,unassigned
13999,1,1,0.6956893,unassigned
14000,1,0,0.7426647,unassigned
14001,1,1,0.9820031,unassigned
14002,2,2,0.99990356,unassigned
14003,1,1,0.99800247,unassigned
14004,1,1,0.9981883,unassigned
14005,2,1,0.6589263,unassigned
14006,1,1,0.9075897,unassigned
14007,1,2,0.9964316,unassigned
14008,2,2,1.0,unassigned
14009,1,1,0.5931079,unassigned
14010,1,1,0.99479103,unassigned
14011,2,1,0.9804007,unassigned
14012,0,0,0.99995935,unassigned
14013,2,2,0.9999999,unassigned
14014,1,1,0.5246796,unassigned
14015,1,2,0.89963675,unassigned
14016,0,0,0.9989592,unassigned
14017,1,0,0.98278195,unassigned
14018,0,0,0.99983454,unassigned
14019,0,0,0.9999434,unassigned
14020,2,2,0.9434388,unassigned
14021,1,1,0.8579415,unassigned
14022,0,0,0.99978,unassigned
14023,2,2,0.9843911,unassigned
14024,1,2,0.99991894,unassigned
14025,2,2,0.99997103,unassigned
14026,1,1,0.88735867,unassigned
14027,0,0,0.99490356,unassigned
14028,1,1,0.9421425,unassigned
14029,1,1,0.9322626,unassigned
14030,0,0,0.99999547,unassigned
14031,0,1,0.81974113,unassigned
14032,2,2,0.99131995,unassigned
14033,1,1,0.6182567,unassigned
14034,2,2,0.9996462,unassigned
14035,1,1,0.9949536,unassigned
14036,1,1,0.9952408,unassigned
14037,0,0,0.99961627,unassigned
14038,2,2,0.9402698,unassigned
14039,1,1,0.7230631,unassigned
14040,2,0,0.55080974,unassigned
14041,2,2,0.98300236,unassigned
14042,0,0,0.9989219,unassigned
14043,0,0,1.0,unassigned
14044,0,0,0.97543067,unassigned
14045,0,0,0.999371,unassigned
14046,1,1,0.98839885,unassigned
14047,2,1,0.9225116,unassigned
14048,1,1,0.9912531,unassigned
14049,1,1,0.98386234,unassigned
14050,2,0,0.76752007,unassigned
14051,2,2,0.9999527,unassigned
14052,2,2,0.9878985,unassigned
14053,2,0,0.8422484,unassigned
14054,0,0,0.9299438,unassigned
14055,1,1,0.99946994,unassigned
14056,1,1,0.98583317,unassigned
14057,2,2,0.9993863,unassigned
14058,0,0,0.9999988,unassigned
14059,1,1,0.9561934,unassigned
14060,0,2,0.98738724,unassigned
14061,1,1,0.9948614,unassigned
14062,1,1,0.9994035,unassigned
14063,1,1,0.8725223,unassigned
14064,0,1,0.8328709,unassigned
14065,2,0,0.93090886,unassigned
14066,0,0,1.0,unassigned
14067,1,1,0.99514246,unassigned
14068,2,2,0.94855,unassigned
14069,1,1,0.9859148,unassigned
14070,0,0,0.5326245,unassigned
14071,2,2,0.99883765,unassigned
14072,1,1,0.9934916,unassigned
14073,2,2,0.9860787,unassigned
14074,1,1,0.71126145,unassigned
14075,0,0,0.99979967,unassigned
14076,2,2,0.9932288,unassigned
14077,1,1,0.994364,unassigned
14078,1,1,0.9857566,unassigned
14079,2,2,0.9967507,unassigned
14080,2,2,1.0,unassigned
14081,1,2,0.772088,unassigned
14082,2,1,0.9052472,unassigned
14083,2,1,0.802676,unassigned
14084,2,2,0.99430084,unassigned
14085,0,0,0.99998903,unassigned
14086,2,2,0.9954535,unassigned
14087,2,2,0.99516344,unassigned
14088,2,2,0.9999343,unassigned
14089,0,0,0.9999603,unassigned
14090,1,1,0.89816165,unassigned
14091,0,0,0.9992755,unassigned
14092,2,2,0.99921,unassigned
14093,1,1,0.8983618,unassigned
14094,2,2,0.9427586,unassigned
14095,2,0,0.8356451,unassigned
14096,1,1,0.9039266,unassigned
14097,1,2,0.99887556,unassigned
14098,1,1,0.9839669,unassigned
14099,1,1,0.9985261,unassigned
14100,2,2,0.998201,unassigned
14101,0,0,0.99999547,unassigned
14102,1,1,0.9914493,unassigned
14103,2,2,0.85464144,unassigned
14104,1,0,0.86425817,unassigned
14105,0,0,0.9999722,unassigned
14106,0,0,0.9966028,unassigned
14107,2,0,0.6931784,unassigned
14108,2,2,0.9964804,unassigned
14109,0,2,0.9176631,unassigned
14110,1,1,0.9997094,unassigned
14111,0,0,0.98037386,unassigned
14112,2,2,0.99926275,unassigned
14113,1,2,0.5131639,unassigned
14114,2,2,0.9966008,unassigned
14115,1,1,0.89810956,unassigned
14116,2,0,0.98771393,unassigned
14117,2,2,0.99921846,unassigned
14118,0,0,0.9999361,unassigned
14119,1,1,0.9985203,unassigned
14120,2,2,0.99863005,unassigned
14121,2,1,0.5879867,unassigned
14122,1,1,0.8814759,unassigned
14123,2,2,0.9998185,unassigned
14124,1,2,0.99530846,unassigned
14125,2,2,0.98626035,unassigned
14126,0,1,0.80594504,unassigned
14127,2,0,0.5326264,unassigned
14128,0,0,0.57897115,unassigned
14129,2,2,0.9997342,unassigned
14130,0,0,0.99999154,unassigned
14131,2,1,0.6183286,unassigned
14132,2,2,0.999361,unassigned
14133,2,1,0.4959638,unassigned
14134,1,0,0.9892601,unassigned
14135,2,0,0.9779324,unassigned
14136,2,2,0.578373,unassigned
14137,2,2,0.8362255,unassigned
14138,1,1,0.97477937,unassigned
14139,1,1,0.76834077,unassigned
14140,2,0,0.9375652,unassigned
14141,0,0,0.9997918,unassigned
14142,1,1,0.643378,unassigned
14143,1,1,0.839051,unassigned
14144,0,0,0.9742998,unassigned
14145,2,2,0.8894712,unassigned
14146,1,1,0.9996251,unassigned
14147,2,2,0.99951434,unassigned
14148,1,1,0.97433835,unassigned
14149,1,1,0.9992285,unassigned
14150,2,1,0.6460169,unassigned
14151,1,1,0.8946958,unassigned
14152,0,0,0.9999255,unassigned
14153,1,2,0.99656063,unassigned
14154,2,2,0.9528951,unassigned
14155,2,2,0.99999905,unassigned
14156,2,1,0.95115834,unassigned
14157,1,1,0.87222344,unassigned
14158,1,1,0.98028874,unassigned
14159,2,2,0.8796613,unassigned
14160,2,2,0.9888498,unassigned
14161,2,2,0.99781394,unassigned
14162,2,2,0.9992606,unassigned
14163,2,2,0.99998426,unassigned
14164,1,1,0.96132845,unassigned
14165,2,2,0.9989548,unassigned
14166,0,0,0.6233007,unassigned
14167,1,1,0.96530026,unassigned
14168,1,1,0.8576607,unassigned
14169,2,1,0.8261941,unassigned
14170,1,1,0.9766407,unassigned
14171,2,2,0.9294225,unassigned
14172,1,1,0.87340283,unassigned
14173,2,2,0.9999896,unassigned
14174,0,0,0.9999974,unassigned
14175,2,2,0.99999774,unassigned
14176,2,2,0.9954444,unassigned
14177,1,1,0.9566614,unassigned
14178,1,1,0.5935282,unassigned
14179,1,1,0.49379015,unassigned
14180,0,2,0.83094615,unassigned
14181,2,2,0.9994754,unassigned
14182,0,0,0.92161894,unassigned
14183,0,0,0.9558492,unassigned
14184,1,1,0.9636801,unassigned
14185,1,2,0.84281766,unassigned
14186,1,2,0.9961475,unassigned
14187,0,0,1.0,unassigned
14188,2,2,0.98978454,unassigned
14189,2,2,0.8587778,unassigned
14190,1,1,0.9583143,unassigned
14191,2,1,0.86511666,unassigned
14192,1,1,0.9995403,unassigned
14193,0,0,0.99997556,unassigned
14194,2,2,0.9999999,unassigned
14195,2,0,0.99999964,unassigned
14196,1,1,0.944239,unassigned
14197,2,2,0.96034074,unassigned
14198,0,0,0.9997162,unassigned
14199,0,0,0.999778,unassigned
14200,1,2,0.64161086,unassigned
14201,2,2,0.9408224,unassigned
14202,2,2,0.9693793,unassigned
14203,2,1,0.92920446,unassigned
14204,2,2,0.99916816,unassigned
14205,2,2,0.9981225,unassigned
14206,1,1,0.7416826,unassigned
14207,1,1,0.99999,unassigned
14208,2,2,0.99792826,unassigned
14209,1,0,0.99279577,unassigned
14210,2,2,0.5883544,unassigned
14211,2,2,0.9990792,unassigned
14212,1,1,0.99894685,unassigned
14213,1,1,0.5318225,unassigned
14214,0,0,0.9999311,unassigned
14215,0,0,0.9953306,unassigned
14216,1,1,0.9986125,unassigned
14217,2,2,0.99873775,unassigned
14218,0,0,0.9858284,unassigned
14219,0,0,0.9426366,unassigned
14220,2,1,0.82691324,unassigned
14221,1,1,0.6672315,unassigned
14222,0,0,0.98837155,unassigned
14223,2,2,0.6975318,unassigned
14224,1,1,0.5238484,unassigned
14225,2,2,0.9997284,unassigned
14226,1,1,0.81882656,unassigned
14227,1,1,0.9547795,unassigned
14228,1,1,0.5081746,unassigned
14229,2,2,0.87905633,unassigned
14230,2,1,0.9099194,unassigned
14231,0,0,0.98358226,unassigned
14232,1,1,0.9647503,unassigned
14233,1,1,0.9876259,unassigned
14234,1,1,0.9919064,unassigned
14235,2,2,0.759465,unassigned
14236,1,1,0.6876802,unassigned
14237,2,2,0.97437245,unassigned
14238,1,1,0.9200357,unassigned
14239,2,2,0.5179906,unassigned
14240,1,1,0.9729011,unassigned
14241,1,1,0.9892129,unassigned
14242,1,1,0.993536,unassigned
14243,1,1,0.98103905,unassigned
14244,1,1,0.9997681,unassigned
14245,1,1,0.92315286,unassigned
14246,0,0,0.9999757,unassigned
14247,1,2,0.9996425,unassigned
14248,2,1,0.6639749,unassigned
14249,1,1,0.82414407,unassigned
14250,2,2,0.9989197,unassigned
14251,2,2,0.99988663,unassigned
14252,1,1,0.96890545,unassigned
14253,1,2,0.86157393,unassigned
14254,2,1,0.95357805,unassigned
14255,0,0,0.9995435,unassigned
14256,2,2,0.99549675,unassigned
14257,0,0,0.9833271,unassigned
14258,0,0,0.73669446,unassigned
14259,2,2,0.99794525,unassigned
14260,0,0,0.9992317,unassigned
14261,1,1,0.69853973,unassigned
14262,1,1,0.9899127,unassigned
14263,1,1,0.94977033,unassigned
14264,1,1,0.46726757,unassigned
14265,1,1,0.9891192,unassigned
14266,2,2,0.9463756,unassigned
14267,0,0,0.99995863,unassigned
14268,1,1,0.9968342,unassigned
14269,1,1,0.9501192,unassigned
14270,0,0,0.9997342,unassigned
14271,0,0,0.99890804,unassigned
14272,2,1,0.96684897,unassigned
14273,2,1,0.50849605,unassigned
14274,1,1,0.9302712,unassigned
14275,1,1,0.97503805,unassigned
14276,1,1,0.9155734,unassigned
14277,1,0,0.96954286,unassigned
14278,2,2,0.9717932,unassigned
14279,2,2,0.9992131,unassigned
14280,2,2,0.94831985,unassigned
14281,2,2,0.7598173,unassigned
14282,2,2,0.97566414,unassigned
14283,2,2,0.92650074,unassigned
14284,0,2,0.9946838,unassigned
14285,2,2,0.9999958,unassigned
14286,2,2,0.9704185,unassigned
14287,2,2,0.99908733,unassigned
14288,1,2,0.94698775,unassigned
14289,0,2,0.9971336,unassigned
14290,2,2,0.987939,unassigned
14291,0,0,0.9994562,unassigned
14292,1,0,0.7104703,unassigned
14293,2,2,0.99852437,unassigned
14294,2,2,0.9999999,unassigned
14295,0,2,0.99723166,unassigned
14296,1,1,0.6783824,unassigned
14297,2,2,0.99904984,unassigned
14298,1,1,0.9949863,unassigned
14299,2,0,0.9992619,unassigned
14300,1,1,0.9970408,unassigned
14301,2,2,0.9842657,unassigned
14302,2,0,0.5060002,unassigned
14303,2,2,0.7135061,unassigned
14304,0,2,0.9996151,unassigned
14305,2,2,1.0,unassigned
14306,2,2,0.9954288,unassigned
14307,2,2,0.9998324,unassigned
14308,1,1,0.99903595,unassigned
14309,1,1,0.7179737,unassigned
14310,2,2,0.7683108,unassigned
14311,1,1,0.5713164,unassigned
14312,0,2,0.7637235,unassigned
14313,1,1,0.7475923,unassigned
14314,1,1,0.9894236,unassigned
14315,1,1,0.8964648,unassigned
14316,2,0,0.7402567,unassigned
14317,2,0,0.8966898,unassigned
14318,1,1,0.9975314,unassigned
14319,0,0,0.9096318,unassigned
14320,1,2,0.9779323,unassigned
14321,1,1,0.89069235,unassigned
14322,1,2,0.87288016,unassigned
14323,1,2,0.9375509,unassigned
14324,1,1,0.9772448,unassigned
14325,1,0,0.99750745,unassigned
14326,1,1,0.98805016,unassigned
14327,2,1,0.49870992,unassigned
14328,2,2,0.99813014,unassigned
14329,1,1,0.41911158,unassigned
14330,1,1,0.95493776,unassigned
14331,1,1,0.83989125,unassigned
14332,2,1,0.98463154,unassigned
14333,1,0,0.99988735,unassigned
14334,2,2,0.51267195,unassigned
14335,1,2,0.8864464,unassigned
14336,0,0,0.99996114,unassigned
14337,2,2,0.98615766,unassigned
14338,1,1,0.5444878,unassigned
14339,0,1,0.60451686,unassigned
14340,1,1,0.99864405,unassigned
14341,2,2,0.9996574,unassigned
14342,2,2,0.9991722,unassigned
14343,2,2,0.9999877,unassigned
14344,0,2,0.6862124,unassigned
14345,2,0,0.9749196,unassigned
14346,1,1,0.97174454,unassigned
14347,2,2,0.9952918,unassigned
14348,1,1,0.7303856,unassigned
14349,1,1,0.5030093,unassigned
14350,1,0,0.91851205,unassigned
14351,0,0,0.9999049,unassigned
14352,2,2,0.99805754,unassigned
14353,1,1,0.99812824,unassigned
14354,0,0,0.99999917,unassigned
14355,2,2,0.9970175,unassigned
14356,0,0,0.9765087,unassigned
14357,2,2,0.99928004,unassigned
14358,2,2,0.99986184,unassigned
14359,0,0,0.9997359,unassigned
14360,1,1,0.9728046,unassigned
14361,1,2,0.5511658,unassigned
14362,2,1,0.5541772,unassigned
14363,2,2,0.9973943,unassigned
14364,1,1,0.8934848,unassigned
14365,0,0,0.99970466,unassigned
14366,2,2,0.9689153,unassigned
14367,2,2,0.9981476,unassigned
14368,1,1,0.94197166,unassigned
14369,2,2,0.9996793,unassigned
14370,0,0,0.9999845,unassigned
14371,2,2,0.9979436,unassigned
14372,1,1,0.66545403,unassigned
14373,0,2,0.9612162,unassigned
14374,1,1,0.9815947,unassigned
14375,1,1,0.99795234,unassigned
14376,2,1,0.9204439,unassigned
14377,2,2,0.99996924,unassigned
14378,2,2,0.9778541,unassigned
14379,1,1,0.9212908,unassigned
14380,0,0,0.9998406,unassigned
14381,0,0,0.9999895,unassigned
14382,1,1,0.9934028,unassigned
14383,2,2,0.9741178,unassigned
14384,0,0,0.9836278,unassigned
14385,2,2,0.9994665,unassigned
14386,2,2,0.9999999,unassigned
14387,2,2,0.96086663,unassigned
14388,1,1,0.82940894,unassigned
14389,0,0,0.94449425,unassigned
14390,0,0,0.9011765,unassigned
14391,0,0,0.9943585,unassigned
14392,2,2,0.990462,unassigned
14393,2,2,0.99947137,unassigned
14394,2,2,0.99960667,unassigned
14395,1,1,0.99012965,unassigned
14396,2,0,0.80086845,unassigned
14397,2,2,0.9376839,unassigned
14398,0,0,0.99652463,unassigned
14399,0,0,0.81777465,unassigned
14400,1,1,0.96462226,unassigned
14401,1,1,0.8827766,unassigned
14402,1,1,0.9970553,unassigned
14403,1,1,0.9756114,unassigned
14404,2,0,0.5263485,unassigned
14405,2,2,0.99778324,unassigned
14406,1,2,0.8250531,unassigned
14407,2,1,0.8476198,unassigned
14408,0,0,0.9825953,unassigned
14409,0,0,0.999783,unassigned
14410,1,1,0.62980205,unassigned
14411,0,0,0.8364564,unassigned
14412,0,1,0.94331884,unassigned
14413,0,0,0.7584535,unassigned
14414,0,2,0.93351823,unassigned
14415,0,0,0.99815243,unassigned
14416,0,2,0.9991622,unassigned
14417,1,1,0.9998485,unassigned
14418,0,0,0.9602883,unassigned
14419,1,1,0.87275493,unassigned
14420,0,1,0.93442386,unassigned
14421,2,2,0.9999566,unassigned
14422,1,1,0.6691695,unassigned
14423,1,0,0.8279073,unassigned
14424,0,0,0.71347076,unassigned
14425,1,2,0.95431614,unassigned
14426,1,2,0.43032607,unassigned
14427,1,1,0.9982534,unassigned
14428,2,2,0.9997764,unassigned
14429,0,0,0.9999887,unassigned
14430,1,1,0.9995024,unassigned
14431,1,1,0.98894995,unassigned
14432,1,1,0.9596001,unassigned
14433,1,1,0.9697543,unassigned
14434,1,1,0.9849621,unassigned
14435,1,1,0.98480195,unassigned
14436,1,1,0.810786,unassigned
14437,0,0,0.9917714,unassigned
14438,1,1,0.972787,unassigned
14439,1,1,0.97803473,unassigned
14440,0,0,0.91314745,unassigned
14441,1,0,0.55760103,unassigned
14442,1,1,0.999828,unassigned
14443,1,0,0.7447341,unassigned
14444,0,0,0.9999999,unassigned
14445,1,1,0.9986541,unassigned
14446,1,2,0.55180204,unassigned
14447,1,1,0.7006758,unassigned
14448,0,0,0.9999999,unassigned
14449,0,0,0.9863811,unassigned
14450,2,2,0.9976756,unassigned
14451,2,2,0.60037935,unassigned
14452,2,0,0.83296406,unassigned
14453,2,2,0.61455834,unassigned
14454,2,2,0.5251753,unassigned
14455,2,1,0.9619306,unassigned
14456,2,0,0.994041,unassigned
14457,1,2,0.51985824,unassigned
14458,1,1,0.9449109,unassigned
14459,1,1,0.9896291,unassigned
14460,1,1,0.5455813,unassigned
14461,1,1,0.98831844,unassigned
14462,1,1,0.54443604,unassigned
14463,1,1,0.986631,unassigned
14464,1,1,0.68530697,unassigned
14465,0,0,0.9916459,unassigned
14466,1,2,0.9605979,unassigned
14467,0,0,0.99999976,unassigned
14468,2,2,0.5119111,unassigned
14469,1,0,0.99124277,unassigned
14470,1,0,0.88642174,unassigned
14471,1,2,0.9817598,unassigned
14472,0,0,0.9992811,unassigned
14473,2,2,0.9957261,unassigned
14474,1,0,0.99031806,unassigned
14475,1,1,0.5802056,unassigned
14476,2,2,0.998862,unassigned
14477,0,0,0.99998367,unassigned
14478,2,2,0.994752,unassigned
14479,0,0,0.989419,unassigned
14480,0,0,0.99864167,unassigned
14481,1,1,0.9931092,unassigned
14482,1,2,0.8376333,unassigned
14483,1,0,0.790361,unassigned
14484,1,2,0.7320587,unassigned
14485,1,0,0.84911007,unassigned
14486,0,0,0.99996006,unassigned
14487,1,1,0.9873002,unassigned
14488,2,2,0.97889155,unassigned
14489,1,0,0.97310853,unassigned
14490,2,2,0.6326522,unassigned
14491,0,2,0.99996233,unassigned
14492,2,1,0.84327906,unassigned
14493,0,0,0.8088556,unassigned
14494,2,0,0.8408449,unassigned
14495,1,1,0.99816704,unassigned
14496,1,1,0.9491125,unassigned
14497,1,1,0.83148694,unassigned
14498,0,0,0.9998876,unassigned
14499,0,0,0.99989283,unassigned
14500,1,1,0.9940241,unassigned
14501,0,0,0.9996234,unassigned
14502,1,1,0.99950814,unassigned
14503,2,2,0.99835914,unassigned
14504,0,0,0.9998246,unassigned
14505,2,2,0.99542505,unassigned
14506,0,0,0.61915517,unassigned
14507,0,0,0.99996877,unassigned
14508,1,2,0.6224236,unassigned
14509,1,1,0.9100457,unassigned
14510,1,2,0.83994573,unassigned
14511,1,1,0.9947404,unassigned
14512,1,1,0.99874556,unassigned
14513,1,1,0.97765476,unassigned
14514,2,2,0.99702686,unassigned
14515,1,1,0.9942141,unassigned
14516,0,0,0.7102644,unassigned
14517,0,2,0.99194795,unassigned
14518,2,2,0.99941707,unassigned
14519,1,1,0.9999238,unassigned
14520,0,0,0.9999076,unassigned
14521,1,2,0.54001623,unassigned
14522,2,2,0.96949613,unassigned
14523,1,2,0.9787629,unassigned
14524,1,2,0.7455218,unassigned
14525,2,2,0.9999249,unassigned
14526,1,1,0.9796116,unassigned
14527,1,1,0.9988966,unassigned
14528,2,2,0.9992495,unassigned
14529,0,0,0.99998903,unassigned
14530,0,0,0.99145365,unassigned
14531,1,2,0.7473952,unassigned
14532,1,1,0.9427279,unassigned
14533,0,1,0.81496173,unassigned
14534,2,2,0.804978,unassigned
14535,1,1,0.9907132,unassigned
14536,1,1,0.99491197,unassigned
14537,2,2,0.97464234,unassigned
14538,2,2,0.99914384,unassigned
14539,1,2,0.93482894,unassigned
14540,1,1,0.95566785,unassigned
14541,0,2,0.871363,unassigned
14542,0,0,0.5963815,unassigned
14543,1,1,0.9739541,unassigned
14544,0,0,0.9997284,unassigned
14545,0,0,0.9999999,unassigned
14546,1,1,0.9770333,unassigned
14547,2,2,0.9983851,unassigned
14548,1,0,0.9953376,unassigned
14549,2,1,0.5782972,unassigned
14550,2,1,0.7691921,unassigned
14551,1,1,0.9872652,unassigned
14552,1,0,0.7998882,unassigned
14553,1,1,0.9851976,unassigned
14554,1,2,0.6322674,unassigned
14555,2,2,0.99999976,unassigned
14556,1,2,0.6729948,unassigned
14557,2,2,0.99991536,unassigned
14558,2,1,0.9009332,unassigned
14559,0,1,0.59073925,unassigned
14560,2,2,0.9977175,unassigned
14561,0,0,0.8895423,unassigned
14562,2,2,0.9999491,unassigned
14563,1,1,0.84723073,unassigned
14564,2,1,0.50429463,unassigned
14565,2,1,0.9939312,unassigned
14566,1,1,0.9245722,unassigned
14567,2,2,0.9045189,unassigned
14568,2,2,0.99893314,unassigned
14569,2,2,0.9160465,unassigned
14570,1,1,0.96131384,unassigned
14571,0,0,0.9099731,unassigned
14572,1,1,0.9223439,unassigned
14573,0,0,0.92472535,unassigned
14574,0,0,0.85561705,unassigned
14575,0,2,0.9988311,unassigned
14576,2,2,0.8487999,unassigned
14577,1,1,0.926524,unassigned
14578,1,1,0.9938605,unassigned
14579,1,1,0.84562135,unassigned
14580,0,0,0.9996191,unassigned
14581,2,0,0.9513239,unassigned
14582,0,0,0.98777276,unassigned
14583,2,2,0.99851817,unassigned
14584,2,2,0.9876567,unassigned
14585,0,0,0.9999429,unassigned
14586,0,0,0.99739563,unassigned
14587,1,2,0.9137772,unassigned
14588,2,2,0.8942684,unassigned
14589,1,2,0.84696037,unassigned
14590,1,1,0.99366885,unassigned
14591,0,0,0.9609776,unassigned
14592,0,0,0.99986804,unassigned
14593,1,2,0.9082905,unassigned
14594,1,2,0.65198374,unassigned
14595,2,2,0.99908626,unassigned
14596,2,2,0.999724,unassigned
14597,2,2,0.9415108,unassigned
14598,1,1,0.98364866,unassigned
14599,1,1,0.963718,unassigned
14600,2,2,0.88174206,unassigned
14601,2,2,0.9975248,unassigned
14602,2,1,0.86010754,unassigned
14603,1,1,0.98915595,unassigned
14604,2,0,0.69313294,unassigned
14605,1,1,0.93804204,unassigned
14606,2,2,0.99998677,unassigned
14607,1,1,0.9205524,unassigned
14608,0,0,0.98371893,unassigned
14609,1,1,0.91797227,unassigned
14610,2,2,0.9914916,unassigned
14611,2,2,0.9999343,unassigned
14612,1,1,0.98867804,unassigned
14613,2,2,0.7259887,unassigned
14614,2,0,0.9978928,unassigned
14615,1,1,0.8309352,unassigned
14616,2,2,0.99998116,unassigned
14617,0,1,0.50019556,unassigned
14618,1,1,0.99742305,unassigned
14619,0,0,0.9962547,unassigned
14620,0,0,0.9940521,unassigned
14621,1,1,0.9472441,unassigned
14622,0,0,0.99999523,unassigned
14623,1,1,0.9256354,unassigned
14624,1,1,0.9827527,unassigned
14625,1,1,0.9645563,unassigned
14626,2,2,0.99991834,unassigned
14627,1,1,0.9519954,unassigned
14628,2,2,0.9995259,unassigned
14629,2,1,0.67549825,unassigned
14630,2,2,0.7328178,unassigned
14631,0,0,0.99799144,unassigned
14632,0,0,0.9999995,unassigned
14633,0,0,0.9184955,unassigned
14634,2,2,0.97075754,unassigned
14635,1,0,0.625029,unassigned
14636,1,1,0.9501522,unassigned
14637,2,2,0.9999999,unassigned
14638,1,1,0.9884983,unassigned
14639,2,0,0.7941354,unassigned
14640,1,2,0.9939057,unassigned
14641,2,2,0.8580763,unassigned
14642,2,2,0.99473614,unassigned
14643,2,2,0.9783322,unassigned
14644,0,1,0.7840839,unassigned
14645,1,1,0.8416897,unassigned
14646,2,1,0.5306924,unassigned
14647,2,2,0.6439824,unassigned
14648,2,2,0.99654347,unassigned
14649,2,2,0.90584457,unassigned
14650,1,1,0.98644584,unassigned
14651,2,2,0.99999964,unassigned
14652,1,1,0.9550038,unassigned
14653,1,1,0.98758763,unassigned
14654,1,1,0.99999785,unassigned
14655,1,0,0.93743247,unassigned
14656,2,1,0.59215474,unassigned
14657,0,0,0.92872196,unassigned
14658,2,2,0.993952,unassigned
14659,1,1,0.96880877,unassigned
14660,0,0,1.0,unassigned
14661,0,0,0.9743377,unassigned
14662,0,0,0.9999974,unassigned
14663,1,0,0.99938333,unassigned
14664,2,2,0.99987435,unassigned
14665,1,1,0.48413375,unassigned
14666,2,0,0.9861383,unassigned
14667,2,2,0.9883916,unassigned
14668,0,0,0.966805,unassigned
14669,0,0,0.99942327,unassigned
14670,1,1,0.9791772,unassigned
14671,2,2,0.76368046,unassigned
14672,1,0,0.8549272,unassigned
14673,0,0,0.99941266,unassigned
14674,0,0,0.99952173,unassigned
14675,0,0,0.997477,unassigned
14676,0,0,0.99998903,unassigned
14677,2,2,0.9999912,unassigned
14678,1,2,0.51023424,unassigned
14679,0,0,0.9997882,unassigned
14680,2,0,0.4988897,unassigned
14681,1,1,0.7546413,unassigned
14682,2,2,0.9986953,unassigned
14683,1,2,0.97740537,unassigned
14684,1,1,0.59916157,unassigned
14685,1,1,0.9991553,unassigned
14686,1,1,0.99997175,unassigned
14687,1,1,0.8960848,unassigned
14688,0,0,0.99676466,unassigned
14689,0,2,0.9916563,unassigned
14690,0,0,0.99981827,unassigned
14691,2,1,0.742321,unassigned
14692,1,2,0.99641305,unassigned
14693,2,1,0.95288754,unassigned
14694,1,1,0.99946874,unassigned
14695,1,1,0.82888335,unassigned
14696,2,2,0.9978854,unassigned
14697,1,1,0.68425745,unassigned
14698,1,1,0.99570364,unassigned
14699,1,1,0.99072874,unassigned
14700,1,1,0.6803882,unassigned
14701,0,0,0.97356343,unassigned
14702,1,1,0.9140899,unassigned
14703,2,0,0.79068005,unassigned
14704,2,2,0.994862,unassigned
14705,0,0,0.9945523,unassigned
14706,0,0,0.7099657,unassigned
14707,0,0,0.9999925,unassigned
14708,2,2,0.99682367,unassigned
14709,2,1,0.6459463,unassigned
14710,1,1,0.9481562,unassigned
14711,1,0,0.99824727,unassigned
14712,2,2,0.99712235,unassigned
14713,2,2,0.99892515,unassigned
14714,1,1,0.9867895,unassigned
14715,2,2,0.9976701,unassigned
14716,0,0,0.7017584,unassigned
14717,1,1,0.988194,unassigned
14718,0,0,0.99863166,unassigned
14719,2,2,0.99806243,unassigned
14720,2,0,0.9933762,unassigned
14721,2,2,0.73114127,unassigned
14722,2,2,0.999015,unassigned
14723,0,0,0.99907887,unassigned
14724,2,2,0.99571663,unassigned
14725,2,2,0.9999044,unassigned
14726,2,2,0.9999989,unassigned
14727,2,2,0.83498514,unassigned
14728,2,2,0.73177236,unassigned
14729,2,1,0.9493448,unassigned
14730,1,1,0.8962003,unassigned
14731,2,0,0.6642423,unassigned
14732,0,0,0.9949496,unassigned
14733,1,1,0.99517435,unassigned
14734,2,2,0.90803903,unassigned
14735,0,2,0.99011606,unassigned
14736,1,1,0.68876565,unassigned
14737,1,2,0.52717453,unassigned
14738,2,2,0.9947325,unassigned
14739,2,2,0.99990296,unassigned
14740,1,0,0.9964702,unassigned
14741,2,2,0.9996451,unassigned
14742,2,2,1.0,unassigned
14743,2,0,0.8172146,unassigned
14744,1,1,0.79671115,unassigned
14745,0,0,0.99985015,unassigned
14746,1,1,0.99939966,unassigned
14747,1,1,0.8876,unassigned
14748,0,0,0.9995284,unassigned
14749,2,2,0.9982476,unassigned
14750,1,1,0.5879985,unassigned
14751,1,1,0.9998367,unassigned
14752,2,2,0.9997633,unassigned
14753,2,2,0.997241,unassigned
14754,1,1,0.99999714,unassigned
14755,0,0,0.9732134,unassigned
14756,2,0,0.66648775,unassigned
14757,2,2,0.8490322,unassigned
14758,1,1,0.9635724,unassigned
14759,0,0,0.9976573,unassigned
14760,1,1,0.9591351,unassigned
14761,2,2,0.99942553,unassigned
14762,2,2,0.99816775,unassigned
14763,0,1,0.9066274,unassigned
14764,1,1,0.9919511,unassigned
14765,2,2,0.9999956,unassigned
14766,2,2,0.8662123,unassigned
14767,1,1,0.9923955,unassigned
14768,1,1,0.99476445,unassigned
14769,0,0,0.5995252,unassigned
14770,1,1,0.65182626,unassigned
14771,2,2,0.9357891,unassigned
14772,2,2,0.94335127,unassigned
14773,2,2,0.999173,unassigned
14774,1,1,0.77718127,unassigned
14775,0,0,0.88079786,unassigned
14776,2,1,0.97798324,unassigned
14777,2,2,0.9968971,unassigned
14778,1,0,0.5140025,unassigned
14779,1,2,0.48149446,unassigned
14780,0,0,0.99999785,unassigned
14781,0,0,0.99954706,unassigned
14782,2,2,0.99979764,unassigned
14783,2,2,0.99779654,unassigned
14784,1,1,0.87318146,unassigned
14785,1,1,0.9961392,unassigned
14786,2,1,0.896531,unassigned
14787,0,0,0.91366345,unassigned
14788,0,0,0.99993634,unassigned
14789,2,2,0.84968615,unassigned
14790,2,2,0.9998282,unassigned
14791,1,1,0.90910727,unassigned
14792,0,0,0.99512166,unassigned
14793,1,1,0.9982734,unassigned
14794,1,1,0.6757668,unassigned
14795,0,0,0.89241433,unassigned
14796,2,2,0.9996784,unassigned
14797,2,1,0.5770047,unassigned
14798,2,0,0.65978086,unassigned
14799,0,0,0.95344114,unassigned
14800,1,1,0.8953117,unassigned
14801,2,1,0.9916618,unassigned
14802,2,2,0.99700624,unassigned
14803,0,0,0.9999651,unassigned
14804,1,1,0.86430687,unassigned
14805,2,2,0.9999535,unassigned
14806,1,1,0.5746268,unassigned
14807,0,0,0.9570157,unassigned
14808,1,1,0.967798,unassigned
14809,0,2,0.9412297,unassigned
14810,1,1,0.99713254,unassigned
14811,0,0,0.9622672,unassigned
14812,2,2,0.9978738,unassigned
14813,2,2,0.99870646,unassigned
14814,1,1,0.73789257,unassigned
14815,0,0,0.9998344,unassigned
14816,1,0,0.9363194,unassigned
14817,2,2,0.9479278,unassigned
14818,1,1,0.98883164,unassigned
14819,0,0,1.0,unassigned
14820,1,2,0.7538203,unassigned
14821,2,2,1.0,unassigned
14822,1,1,0.9852378,unassigned
14823,1,0,0.5228089,unassigned
14824,2,2,0.9656352,unassigned
14825,2,2,0.99982977,unassigned
14826,2,2,0.99544746,unassigned
14827,1,0,0.98767287,unassigned
14828,2,2,0.9984034,unassigned
14829,1,1,0.98952764,unassigned
14830,1,1,0.70071125,unassigned
14831,2,2,0.999876,unassigned
14832,2,2,0.7762064,unassigned
14833,0,0,0.98956937,unassigned
14834,2,2,0.99624723,unassigned
14835,1,1,0.8995405,unassigned
14836,1,1,0.9887412,unassigned
14837,2,2,0.9939658,unassigned
14838,2,2,0.9054068,unassigned
14839,2,2,0.9951018,unassigned
14840,1,1,0.9933455,unassigned
14841,1,2,0.78634006,unassigned
14842,1,1,0.98190033,unassigned
14843,1,0,0.9625993,unassigned
14844,2,2,0.993451,unassigned
14845,2,2,0.99999976,unassigned
14846,2,2,0.99831295,unassigned
14847,1,1,0.9394775,unassigned
14848,2,2,0.99961627,unassigned
14849,2,2,0.9997551,unassigned
14850,1,1,0.72633183,unassigned
14851,1,1,0.8386863,unassigned
14852,1,1,0.7208535,unassigned
14853,0,0,0.9999546,unassigned
14854,0,0,0.9878491,unassigned
14855,0,0,0.99757797,unassigned
14856,0,0,0.99974626,unassigned
14857,0,0,0.5088229,unassigned
14858,0,0,0.9059055,unassigned
14859,1,1,0.9986004,unassigned
14860,1,2,0.7450043,unassigned
14861,0,0,0.57799304,unassigned
14862,2,2,0.9999995,unassigned
14863,0,0,0.9998242,unassigned
14864,2,2,0.89444864,unassigned
14865,2,1,0.9434696,unassigned
14866,0,1,0.87045974,unassigned
14867,2,2,0.9998542,unassigned
14868,2,2,0.9984112,unassigned
14869,1,1,0.9837202,unassigned
14870,1,1,0.86702704,unassigned
14871,2,2,0.89064145,unassigned
14872,0,2,0.93756646,unassigned
14873,2,2,0.6588837,unassigned
14874,2,1,0.8330551,unassigned
14875,1,2,0.61815697,unassigned
14876,2,2,0.8367935,unassigned
14877,1,1,0.98901504,unassigned
14878,2,1,0.5253369,unassigned
14879,2,1,0.7783012,unassigned
14880,1,1,0.9775259,unassigned
14881,2,2,0.620776,unassigned
14882,2,2,0.9610692,unassigned
14883,2,1,0.9792838,unassigned
14884,2,0,0.9846186,unassigned
14885,1,0,0.91305065,unassigned
14886,1,1,0.99865437,unassigned
14887,1,2,0.6945035,unassigned
14888,0,0,0.47175825,unassigned
14889,2,2,0.9980465,unassigned
14890,0,0,0.99803716,unassigned
14891,2,2,0.5612451,unassigned
14892,2,2,0.8588312,unassigned
14893,0,0,0.9184078,unassigned
14894,0,0,0.9703185,unassigned
14895,1,1,0.95989096,unassigned
14896,1,1,0.94873995,unassigned
14897,0,0,0.99710184,unassigned
14898,0,0,0.9999995,unassigned
14899,0,0,0.9993591,unassigned
14900,1,1,0.9881483,unassigned
14901,1,1,0.8924184,unassigned
14902,2,2,0.9944885,unassigned
14903,1,1,0.9996257,unassigned
14904,2,2,0.9677402,unassigned
14905,0,0,0.99995613,unassigned
14906,0,0,0.9322187,unassigned
14907,2,2,0.99982005,unassigned
14908,0,0,0.9870891,unassigned
14909,2,2,0.9282897,unassigned
14910,1,1,0.9937737,unassigned
14911,0,0,0.98536366,unassigned
14912,1,2,0.6090715,unassigned
14913,1,0,0.7513783,unassigned
14914,2,1,0.99752027,unassigned
14915,1,1,0.9551088,unassigned
14916,0,1,0.92492366,unassigned
14917,0,0,0.9998503,unassigned
14918,1,1,0.999617,unassigned
14919,2,2,0.994611,unassigned
14920,1,0,0.9117745,unassigned
14921,0,0,0.9967926,unassigned
14922,2,2,0.99996984,unassigned
14923,0,0,0.95638853,unassigned
14924,1,1,0.6921654,unassigned
14925,2,2,0.9390845,unassigned
14926,2,2,0.9999982,unassigned
14927,1,1,0.95809126,unassigned
14928,1,0,0.5552821,unassigned
14929,2,2,0.9999331,unassigned
14930,2,0,0.9829298,unassigned
14931,0,0,0.9976896,unassigned
14932,2,2,0.6607282,unassigned
14933,1,0,0.987497,unassigned
14934,2,2,0.991033,unassigned
14935,2,2,0.99947554,unassigned
14936,2,2,0.49318922,unassigned
14937,1,1,0.6504632,unassigned
14938,0,0,0.999974,unassigned
14939,2,1,0.8190888,unassigned
14940,1,1,0.94150877,unassigned
14941,1,2,0.68178296,unassigned
14942,2,2,1.0,unassigned
14943,0,0,0.9999845,unassigned
14944,1,0,0.8355063,unassigned
14945,1,1,0.88043386,unassigned
14946,0,0,0.99961084,unassigned
14947,2,2,0.9964468,unassigned
14948,2,2,0.99863213,unassigned
14949,1,1,0.99880445,unassigned
14950,1,1,0.99468035,unassigned
14951,2,1,0.9364974,unassigned
14952,2,2,0.9960247,unassigned
14953,2,2,0.999419,unassigned
14954,2,2,0.8523396,unassigned
14955,2,2,0.9568027,unassigned
14956,1,1,0.987645,unassigned
14957,2,2,0.9991423,unassigned
14958,2,2,0.9012419,unassigned
14959,2,2,0.9569531,unassigned
14960,2,2,0.9129859,unassigned
14961,2,2,0.99791604,unassigned
14962,2,2,0.99708027,unassigned
14963,1,1,0.991546,unassigned
14964,2,2,0.996856,unassigned
14965,2,2,0.9916019,unassigned
14966,2,2,0.9919629,unassigned
14967,1,1,0.6379663,unassigned
14968,0,0,0.9999105,unassigned
14969,1,1,0.98234504,unassigned
14970,1,1,0.66408956,unassigned
14971,2,2,0.9940767,unassigned
14972,0,0,0.99994445,unassigned
14973,2,1,0.98953336,unassigned
14974,2,2,0.9926723,unassigned
14975,1,1,0.9166565,unassigned
14976,2,2,0.50654024,unassigned
14977,2,2,0.99876225,unassigned
14978,2,2,0.99976975,unassigned
14979,2,2,0.99999976,unassigned
14980,2,2,0.9898857,unassigned
14981,2,2,0.9702467,unassigned
14982,2,2,0.99999845,unassigned
14983,2,0,0.77152795,unassigned
14984,0,0,0.9999695,unassigned
14985,2,1,0.9795123,unassigned
14986,1,1,0.93626285,unassigned
14987,0,0,0.9236935,unassigned
14988,2,2,1.0,unassigned
14989,2,2,0.99917394,unassigned
14990,2,2,0.9980915,unassigned
14991,1,1,0.9669124,unassigned
14992,1,1,0.89172333,unassigned
14993,2,2,0.59925485,unassigned
14994,1,1,0.98897856,unassigned
14995,2,2,0.99996233,unassigned
14996,2,2,0.9284897,unassigned
14997,1,1,0.9985669,unassigned
14998,1,1,0.9976405,unassigned
14999,0,1,0.7484234,unassigned
15000,1,1,0.9920312,unassigned
15001,1,1,0.6078555,unassigned
15002,1,1,0.960955,unassigned
15003,1,2,0.9994153,unassigned
15004,1,1,0.9969289,unassigned
15005,0,0,0.9941567,unassigned
15006,0,1,0.54124224,unassigned
15007,0,0,0.99999905,unassigned
15008,2,2,1.0,unassigned
15009,1,1,0.73342824,unassigned
15010,0,0,0.99999213,unassigned
15011,1,0,0.9233994,unassigned
15012,1,0,0.94926476,unassigned
15013,2,1,0.99219525,unassigned
15014,0,0,0.89347565,unassigned
15015,1,1,0.98303384,unassigned
15016,2,0,0.713738,unassigned
15017,2,1,0.52502275,unassigned
15018,1,1,0.9811624,unassigned
15019,2,2,0.9997472,unassigned
15020,0,0,0.99999976,unassigned
15021,1,1,0.9437976,unassigned
15022,1,1,0.8782838,unassigned
15023,1,1,0.5442863,unassigned
15024,2,2,0.7787433,unassigned
15025,2,2,1.0,unassigned
15026,2,2,0.94264305,unassigned
15027,2,1,0.5084745,unassigned
15028,1,1,0.9610059,unassigned
15029,2,2,0.94790524,unassigned
15030,1,1,0.99313533,unassigned
15031,2,0,0.98171574,unassigned
15032,1,1,0.99690324,unassigned
15033,2,2,0.9983645,unassigned
15034,1,1,0.8572945,unassigned
15035,0,0,0.9999248,unassigned
15036,2,2,0.9957611,unassigned
15037,2,2,0.99990046,unassigned
15038,1,0,0.84258217,unassigned
15039,2,2,0.9971343,unassigned
15040,1,1,0.98586744,unassigned
15041,2,1,0.9447117,unassigned
15042,1,2,0.8157442,unassigned
15043,2,0,0.7813603,unassigned
15044,2,2,0.9999944,unassigned
15045,2,2,0.87594646,unassigned
15046,2,1,0.97092324,unassigned
15047,0,2,0.99836284,unassigned
15048,2,0,0.9996697,unassigned
15049,2,2,0.92711,unassigned
15050,1,1,0.8826103,unassigned
15051,2,1,0.9947254,unassigned
15052,0,0,0.65630376,unassigned
15053,2,0,0.82529527,unassigned
15054,2,0,0.9584973,unassigned
15055,0,2,0.9755838,unassigned
15056,0,0,0.99925274,unassigned
15057,2,1,0.9982962,unassigned
15058,1,0,0.9997477,unassigned
15059,1,1,0.9590979,unassigned
15060,1,1,0.7942211,unassigned
15061,2,2,0.9129911,unassigned
15062,2,2,0.986553,unassigned
15063,2,2,1.0,unassigned
15064,0,2,0.9919878,unassigned
15065,0,0,0.99988854,unassigned
15066,2,2,0.99936694,unassigned
15067,2,1,0.96239054,unassigned
15068,1,1,0.72573435,unassigned
15069,1,0,0.99495643,unassigned
15070,1,1,0.9967044,unassigned
15071,1,1,0.97130144,unassigned
15072,1,1,0.81357473,unassigned
15073,1,1,0.99600285,unassigned
15074,2,1,0.877394,unassigned
15075,1,1,0.99589926,unassigned
15076,0,0,0.9998989,unassigned
15077,1,1,0.9919201,unassigned
15078,1,1,0.99994516,unassigned
15079,2,2,0.99999964,unassigned
15080,1,1,0.96046114,unassigned
15081,0,0,0.99988353,unassigned
15082,0,0,0.9994497,unassigned
15083,1,2,0.7731895,unassigned
15084,0,0,0.9977806,unassigned
15085,1,1,0.60823226,unassigned
15086,1,0,0.5150949,unassigned
15087,1,1,0.75091136,unassigned
15088,1,2,0.71274334,unassigned
15089,2,2,0.99483126,unassigned
15090,2,2,0.98818237,unassigned
15091,1,1,0.92228186,unassigned
15092,1,1,0.98627466,unassigned
15093,2,2,0.9650664,unassigned
15094,1,1,0.97316414,unassigned
15095,0,0,0.9999318,unassigned
15096,1,1,0.9991216,unassigned
15097,1,1,0.9260608,unassigned
15098,2,2,0.98753846,unassigned
15099,1,1,0.9528617,unassigned
15100,2,2,0.9999716,unassigned
15101,2,2,0.99773115,unassigned
15102,1,1,0.94961894,unassigned
15103,2,1,0.70923287,unassigned
15104,0,0,0.9996094,unassigned
15105,2,0,0.9963284,unassigned
15106,2,2,0.9710895,unassigned
15107,0,0,0.99993277,unassigned
15108,1,1,0.73398197,unassigned
15109,0,2,0.9912102,unassigned
15110,2,2,0.9999907,unassigned
15111,2,0,0.5199917,unassigned
15112,1,1,0.998599,unassigned
15113,2,2,0.9989987,unassigned
15114,2,0,0.911071,unassigned
15115,1,2,0.9518085,unassigned
15116,2,1,0.8812422,unassigned
15117,2,2,0.9999492,unassigned
15118,1,1,0.9862199,unassigned
15119,0,0,0.999337,unassigned
15120,0,1,0.8869169,unassigned
15121,1,1,0.9363201,unassigned
15122,1,1,0.9030308,unassigned
15123,1,2,0.99856937,unassigned
15124,1,1,0.83085024,unassigned
15125,0,0,0.99999976,unassigned
15126,0,0,0.953351,unassigned
15127,2,2,0.99861574,unassigned
15128,2,1,0.50760454,unassigned
15129,1,1,0.97913957,unassigned
15130,2,2,0.9446705,unassigned
15131,1,1,0.98979926,unassigned
15132,1,1,0.99378335,unassigned
15133,2,2,0.6387644,unassigned
15134,2,2,0.8378311,unassigned
15135,1,1,0.7562871,unassigned
15136,0,0,0.9609327,unassigned
15137,2,2,0.99999833,unassigned
15138,1,1,0.99858,unassigned
15139,1,1,0.8137632,unassigned
15140,2,2,0.89413947,unassigned
15141,1,1,0.96435446,unassigned
15142,1,1,0.89433104,unassigned
15143,1,2,0.93822294,unassigned
15144,2,1,0.9757758,unassigned
15145,2,2,0.9970651,unassigned
15146,0,0,0.835468,unassigned
15147,2,2,0.87028533,unassigned
15148,1,1,0.9993069,unassigned
15149,1,1,0.6815402,unassigned
15150,1,1,0.98810554,unassigned
15151,0,2,0.62134784,unassigned
15152,2,2,0.9952272,unassigned
15153,1,1,0.9983126,unassigned
15154,1,1,0.6689724,unassigned
15155,2,2,0.9999994,unassigned
15156,1,1,0.9029126,unassigned
15157,0,0,0.999228,unassigned
15158,2,1,0.7317214,unassigned
15159,1,1,0.9999037,unassigned
15160,1,1,0.6376763,unassigned
15161,2,2,0.9999999,unassigned
15162,2,1,0.9980248,unassigned
15163,1,1,0.94141763,unassigned
15164,1,1,0.55911565,unassigned
15165,1,1,0.9537075,unassigned
15166,1,2,0.6502284,unassigned
15167,2,2,0.9994641,unassigned
15168,2,1,0.5004672,unassigned
15169,1,0,0.9978046,unassigned
15170,2,2,0.9885091,unassigned
15171,1,1,0.64916736,unassigned
15172,1,1,0.9385082,unassigned
15173,1,1,0.700832,unassigned
15174,2,0,0.9938958,unassigned
15175,2,2,0.9975979,unassigned
15176,0,0,0.9999558,unassigned
15177,2,2,0.99630225,unassigned
15178,0,0,0.99937326,unassigned
15179,0,0,0.925476,unassigned
15180,0,0,0.9941918,unassigned
15181,1,1,0.55641985,unassigned
15182,2,2,0.9999784,unassigned
15183,0,0,0.99999547,unassigned
15184,2,2,0.99797195,unassigned
15185,2,2,0.99967813,unassigned
15186,2,1,0.66344845,unassigned
15187,0,0,0.84592783,unassigned
15188,0,0,0.9999274,unassigned
15189,1,1,0.99998736,unassigned
15190,0,0,0.9999926,unassigned
15191,1,1,0.5545266,unassigned
15192,0,0,0.99739385,unassigned
15193,2,2,0.91804755,unassigned
15194,2,2,0.93639797,unassigned
15195,1,1,0.7394436,unassigned
15196,1,1,0.61570567,unassigned
15197,1,2,0.57382256,unassigned
15198,2,0,0.6072918,unassigned
15199,2,2,0.8842056,unassigned
15200,0,0,0.9979755,unassigned
15201,0,0,0.63615334,unassigned
15202,1,2,0.96292305,unassigned
15203,2,2,0.99910235,unassigned
15204,2,2,0.99988496,unassigned
15205,1,1,0.9921067,unassigned
15206,1,1,0.9908887,unassigned
15207,1,1,0.9933395,unassigned
15208,1,1,0.9966209,unassigned
15209,1,1,0.59914976,unassigned
15210,1,1,0.99942315,unassigned
15211,1,1,0.9221043,unassigned
15212,2,2,0.99983406,unassigned
15213,2,2,0.76912826,unassigned
15214,2,2,0.9990895,unassigned
15215,2,2,0.99974436,unassigned
15216,2,1,0.8217019,unassigned
15217,0,0,0.98965997,unassigned
15218,1,1,0.59540176,unassigned
15219,1,2,0.77105093,unassigned
15220,1,1,0.8902595,unassigned
15221,1,1,0.83747977,unassigned
15222,2,2,1.0,unassigned
15223,1,1,0.983658,unassigned
15224,1,1,0.911342,unassigned
15225,1,1,0.99666435,unassigned
15226,2,2,0.9375714,unassigned
15227,1,2,0.9929676,unassigned
15228,2,1,0.85250586,unassigned
15229,1,1,0.9838569,unassigned
15230,1,1,0.98542655,unassigned
15231,2,2,0.70311296,unassigned
15232,0,0,0.9147977,unassigned
15233,0,0,0.9999918,unassigned
15234,0,0,0.70654976,unassigned
15235,0,0,0.9878357,unassigned
15236,0,0,0.9995478,unassigned
15237,2,2,0.99422413,unassigned
15238,1,0,0.645379,unassigned
15239,1,1,0.954328,unassigned
15240,0,0,0.7785402,unassigned
15241,0,0,0.9869262,unassigned
15242,2,1,0.67513436,unassigned
15243,2,2,0.7239061,unassigned
15244,2,0,0.8599808,unassigned
15245,1,1,0.969415,unassigned
15246,2,2,0.9487303,unassigned
15247,2,1,0.9276481,unassigned
15248,1,1,0.9983412,unassigned
15249,1,1,0.9923534,unassigned
15250,2,2,0.99999654,unassigned
15251,0,2,0.9982829,unassigned
15252,0,0,0.9993461,unassigned
15253,0,0,0.99996674,unassigned
15254,2,0,0.99887854,unassigned
15255,0,1,0.99066705,unassigned
15256,1,1,0.90157354,unassigned
15257,0,0,0.56074834,unassigned
15258,2,1,0.84100807,unassigned
15259,0,0,0.992262,unassigned
15260,1,1,0.9301789,unassigned
15261,1,1,0.6065172,unassigned
15262,1,1,0.85301393,unassigned
15263,1,1,0.87202334,unassigned
15264,1,1,0.9916946,unassigned
15265,1,0,0.90291244,unassigned
15266,0,2,0.99997425,unassigned
15267,0,0,0.9521636,unassigned
15268,1,1,0.79348046,unassigned
15269,1,2,0.9925678,unassigned
15270,1,1,0.99795073,unassigned
15271,1,1,0.8758954,unassigned
15272,0,0,0.99746263,unassigned
15273,1,1,0.9985392,unassigned
15274,1,1,0.55918723,unassigned
15275,1,2,0.49634397,unassigned
15276,1,1,0.9601978,unassigned
15277,0,0,0.87519175,unassigned
15278,1,1,0.93953085,unassigned
15279,2,0,0.7794755,unassigned
15280,2,2,0.99960905,unassigned
15281,1,2,0.9429173,unassigned
15282,1,1,0.96050227,unassigned
15283,2,2,0.9942567,unassigned
15284,2,2,0.9575669,unassigned
15285,1,1,0.72332036,unassigned
15286,2,2,0.98882574,unassigned
15287,2,2,0.99458706,unassigned
15288,2,0,0.8149952,unassigned
15289,1,1,0.99369025,unassigned
15290,0,0,0.98115206,unassigned
15291,1,1,0.9993849,unassigned
15292,1,1,0.9784333,unassigned
15293,2,2,0.5902763,unassigned
15294,2,1,0.7888104,unassigned
15295,2,2,0.9998659,unassigned
15296,2,2,0.98907477,unassigned
15297,2,2,0.99971706,unassigned
15298,1,1,0.9972325,unassigned
15299,2,2,0.9996395,unassigned
15300,1,1,0.9995084,unassigned
15301,0,0,0.9999976,unassigned
15302,0,0,0.9996176,unassigned
15303,1,0,0.78499925,unassigned
15304,0,0,0.9995259,unassigned
15305,1,1,0.5738964,unassigned
15306,1,1,0.9935762,unassigned
15307,2,0,1.0,unassigned
15308,1,1,0.9980385,unassigned
15309,1,2,0.9512987,unassigned
15310,2,2,0.99916756,unassigned
15311,1,1,0.7685456,unassigned
15312,2,1,0.9837896,unassigned
15313,0,0,0.9984066,unassigned
15314,1,1,0.9456528,unassigned
15315,1,2,0.918237,unassigned
15316,2,2,0.98800164,unassigned
15317,2,2,0.9997681,unassigned
15318,1,1,0.9934948,unassigned
15319,1,2,0.99829215,unassigned
15320,2,2,0.9999653,unassigned
15321,2,2,0.6275891,unassigned
15322,0,2,0.9875344,unassigned
15323,2,2,0.85800546,unassigned
15324,1,2,0.7017625,unassigned
15325,1,1,0.9998735,unassigned
15326,0,2,0.78144217,unassigned
15327,0,0,0.9807984,unassigned
15328,1,1,0.9717692,unassigned
15329,2,0,0.9999409,unassigned
15330,1,1,0.9207303,unassigned
15331,1,1,0.99072874,unassigned
15332,1,1,0.8896211,unassigned
15333,1,1,0.9457055,unassigned
15334,2,2,0.99738127,unassigned
15335,1,2,0.87435687,unassigned
15336,1,0,0.9945886,unassigned
15337,2,1,0.8695445,unassigned
15338,2,1,0.5441683,unassigned
15339,1,2,0.99893314,unassigned
15340,2,2,0.93630713,unassigned
15341,1,1,0.93512195,unassigned
15342,1,1,0.9538818,unassigned
15343,2,2,0.9991799,unassigned
15344,1,1,0.82471323,unassigned
15345,1,1,0.9620531,unassigned
15346,2,2,0.97275454,unassigned
15347,2,2,0.6702325,unassigned
15348,2,2,0.91004056,unassigned
15349,1,1,0.9753542,unassigned
15350,0,0,0.99999964,unassigned
15351,0,0,0.7889566,unassigned
15352,0,0,0.9912184,unassigned
15353,2,1,0.5518751,unassigned
15354,2,1,0.9069736,unassigned
15355,1,0,0.78608,unassigned
15356,0,2,0.51151437,unassigned
15357,1,1,0.7034368,unassigned
15358,1,1,0.95215255,unassigned
15359,1,1,0.9990282,unassigned
15360,1,1,0.9943006,unassigned
15361,2,1,0.9454895,unassigned
15362,2,1,0.9827639,unassigned
15363,2,2,0.9976992,unassigned
15364,1,1,0.88119906,unassigned
15365,0,0,0.98701143,unassigned
15366,1,1,0.59990907,unassigned
15367,0,0,0.8979474,unassigned
15368,2,2,0.99969184,unassigned
15369,0,0,0.9882775,unassigned
15370,2,2,0.9999794,unassigned
15371,1,1,0.95479053,unassigned
15372,2,2,0.9961993,unassigned
15373,0,0,0.9983089,unassigned
15374,1,1,0.5731088,unassigned
15375,1,1,0.61558765,unassigned
15376,1,1,0.9944787,unassigned
15377,1,1,0.9987412,unassigned
15378,2,2,0.7596884,unassigned
15379,0,0,0.9849311,unassigned
15380,2,2,0.99768937,unassigned
15381,1,1,0.9742658,unassigned
15382,1,0,0.6321964,unassigned
15383,1,1,0.8826338,unassigned
15384,2,1,0.7756173,unassigned
15385,2,2,0.7973951,unassigned
15386,0,0,0.82819724,unassigned
15387,0,1,0.72050303,unassigned
15388,0,0,0.99905115,unassigned
15389,1,1,0.9952468,unassigned
15390,2,2,1.0,unassigned
15391,2,1,0.92112267,unassigned
15392,2,2,0.99998224,unassigned
15393,1,2,0.66573095,unassigned
15394,0,0,0.93108803,unassigned
15395,2,2,0.9999993,unassigned
15396,2,1,0.5403652,unassigned
15397,2,1,0.71124077,unassigned
15398,1,1,0.79502827,unassigned
15399,1,1,0.94455063,unassigned
15400,2,2,0.9933889,unassigned
15401,2,2,0.9999999,unassigned
15402,2,2,0.99915636,unassigned
15403,2,2,0.9997631,unassigned
15404,1,0,0.7017204,unassigned
15405,0,0,0.8308974,unassigned
15406,2,2,0.9999938,unassigned
15407,1,1,0.6200606,unassigned
15408,0,0,0.9984717,unassigned
15409,2,2,0.9943721,unassigned
15410,1,2,0.54674286,unassigned
15411,0,2,0.9997801,unassigned
15412,1,1,0.9936022,unassigned
15413,1,2,0.84125787,unassigned
15414,1,1,0.93539953,unassigned
15415,2,2,0.9994055,unassigned
15416,1,1,0.7784036,unassigned
15417,2,1,0.63787574,unassigned
15418,0,0,0.9885279,unassigned
15419,0,0,0.9998878,unassigned
15420,1,0,0.99422646,unassigned
15421,2,2,0.99954396,unassigned
15422,1,1,0.62369454,unassigned
15423,1,1,0.8972942,unassigned
15424,2,2,0.999972,unassigned
15425,1,1,0.7976951,unassigned
15426,0,1,0.98935366,unassigned
15427,2,2,0.99497163,unassigned
15428,0,0,0.99999857,unassigned
15429,2,2,0.76578516,unassigned
15430,0,0,0.9924831,unassigned
15431,0,0,0.99999976,unassigned
15432,0,0,0.9999994,unassigned
15433,1,1,0.9973515,unassigned
15434,1,1,0.9689614,unassigned
15435,0,0,0.9987355,unassigned
15436,2,2,0.87102795,unassigned
15437,2,2,0.99368733,unassigned
15438,2,2,0.9999596,unassigned
15439,2,2,0.99939775,unassigned
15440,1,1,0.8958354,unassigned
15441,2,0,0.99528104,unassigned
15442,2,0,0.9362407,unassigned
15443,2,2,0.99996245,unassigned
15444,0,0,0.9995944,unassigned
15445,1,1,0.83573157,unassigned
15446,1,1,0.9738592,unassigned
15447,2,2,0.9998286,unassigned
15448,1,0,0.9463233,unassigned
15449,1,1,0.9932175,unassigned
15450,1,1,0.92183924,unassigned
15451,2,2,0.99998593,unassigned
15452,0,0,0.99989533,unassigned
15453,0,0,0.8433433,unassigned
15454,0,2,0.9946425,unassigned
15455,2,2,0.8519891,unassigned
15456,1,2,0.96927106,unassigned
15457,0,0,0.99431217,unassigned
15458,1,1,0.5632802,unassigned
15459,1,1,0.8957513,unassigned
15460,1,1,0.89194626,unassigned
15461,1,1,0.9686581,unassigned
15462,1,1,0.92106706,unassigned
15463,0,2,0.91328603,unassigned
15464,2,0,0.9388971,unassigned
15465,0,0,0.95918334,unassigned
15466,2,2,0.9696055,unassigned
15467,2,2,0.9999945,unassigned
15468,2,2,0.93708545,unassigned
15469,2,2,0.9993862,unassigned
15470,2,2,0.99971336,unassigned
15471,2,2,0.987369,unassigned
15472,2,2,0.9852963,unassigned
15473,2,2,0.99928844,unassigned
15474,1,1,0.9410825,unassigned
15475,1,1,0.94469094,unassigned
15476,2,2,0.7560144,unassigned
15477,1,1,0.88605934,unassigned
15478,2,0,0.9726864,unassigned
15479,1,1,0.941709,unassigned
15480,1,2,0.999785,unassigned
15481,2,2,0.9979215,unassigned
15482,1,2,0.8492709,unassigned
15483,1,1,0.69145906,unassigned
15484,2,2,0.9999999,unassigned
15485,0,0,0.6558152,unassigned
15486,0,0,0.99978346,unassigned
15487,2,2,0.81088823,unassigned
15488,1,1,0.64217174,unassigned
15489,1,1,0.8937559,unassigned
15490,1,1,0.6687509,unassigned
15491,2,2,0.9961475,unassigned
15492,1,1,0.9071184,unassigned
15493,1,0,0.6168051,unassigned
15494,1,1,0.9774433,unassigned
15495,1,1,0.98302066,unassigned
15496,0,0,0.9984843,unassigned
15497,2,2,0.97536975,unassigned
15498,1,1,0.99961543,unassigned
15499,1,1,0.927949,unassigned
15500,0,0,0.99989176,unassigned
15501,2,1,0.5422026,unassigned
15502,1,1,0.97740686,unassigned
15503,1,1,0.8773985,unassigned
15504,0,2,0.53495663,unassigned
15505,1,1,0.99665654,unassigned
15506,1,2,0.5016781,unassigned
15507,1,1,0.54457426,unassigned
15508,1,2,0.6753902,unassigned
15509,1,1,0.78795165,unassigned
15510,2,2,0.9796882,unassigned
15511,1,2,0.7473064,unassigned
15512,2,2,0.9735483,unassigned
15513,1,1,0.99251574,unassigned
15514,2,2,0.99882,unassigned
15515,1,1,0.9862881,unassigned
15516,1,1,0.9696166,unassigned
15517,1,1,0.6205911,unassigned
15518,0,0,0.9999989,unassigned
15519,1,1,0.9823132,unassigned
15520,1,1,0.9776184,unassigned
15521,0,0,0.99075633,unassigned
15522,1,0,0.7395407,unassigned
15523,1,1,0.98727673,unassigned
15524,0,0,0.87405634,unassigned
15525,2,1,0.9594892,unassigned
15526,0,0,0.98258626,unassigned
15527,1,1,0.99484235,unassigned
15528,2,2,0.9931202,unassigned
15529,1,0,0.93371606,unassigned
15530,0,0,0.99940515,unassigned
15531,0,2,0.9771,unassigned
15532,0,0,0.9902924,unassigned
15533,0,2,0.9243935,unassigned
15534,0,0,0.9999199,unassigned
15535,0,0,0.99989367,unassigned
15536,2,2,0.9996364,unassigned
15537,0,0,0.9998901,unassigned
15538,2,1,0.93603456,unassigned
15539,1,2,0.9438344,unassigned
15540,0,2,0.99897313,unassigned
15541,1,1,0.9992072,unassigned
15542,2,2,0.99195355,unassigned
15543,2,2,0.90373874,unassigned
15544,2,0,0.94569385,unassigned
15545,1,1,0.99982494,unassigned
15546,0,0,0.6167214,unassigned
15547,0,0,0.99921024,unassigned
15548,2,2,0.99955565,unassigned
15549,2,2,0.7960845,unassigned
15550,0,0,0.99112755,unassigned
15551,0,0,0.998071,unassigned
15552,2,2,0.92898744,unassigned
15553,0,2,0.97683233,unassigned
15554,1,1,0.9410373,unassigned
15555,1,1,0.64793617,unassigned
15556,0,0,0.99868494,unassigned
15557,0,0,0.99999666,unassigned
15558,0,1,0.4872976,unassigned
15559,1,1,0.9694696,unassigned
15560,1,1,0.98310745,unassigned
15561,1,1,0.9984479,unassigned
15562,2,2,0.99990547,unassigned
15563,1,1,0.9883752,unassigned
15564,0,0,0.9498098,unassigned
15565,2,2,0.8470788,unassigned
15566,1,1,0.84861565,unassigned
15567,2,2,0.99891984,unassigned
15568,1,2,0.5281114,unassigned
15569,1,1,0.87081087,unassigned
15570,1,1,0.8878849,unassigned
15571,1,1,0.88533586,unassigned
15572,0,0,1.0,unassigned
15573,0,0,0.99995494,unassigned
15574,0,0,0.9998543,unassigned
15575,1,1,0.961799,unassigned
15576,1,1,0.995154,unassigned
15577,1,1,1.0,unassigned
15578,1,1,0.999897,unassigned
15579,2,2,0.99986374,unassigned
15580,2,2,0.92200613,unassigned
15581,1,0,0.8345379,unassigned
15582,2,0,0.97487056,unassigned
15583,2,2,0.9999937,unassigned
15584,0,0,0.9994294,unassigned
15585,0,1,0.71706516,unassigned
15586,1,1,0.7130858,unassigned
15587,2,2,0.5754096,unassigned
15588,0,2,0.842264,unassigned
15589,1,1,0.8458257,unassigned
15590,1,1,0.99133587,unassigned
15591,2,2,0.99996984,unassigned
15592,2,2,0.99997616,unassigned
15593,0,0,0.9995584,unassigned
15594,0,0,0.9925599,unassigned
15595,2,2,0.9999647,unassigned
15596,2,2,0.99999964,unassigned
15597,1,1,0.9533921,unassigned
15598,1,1,0.9866094,unassigned
15599,2,2,0.9997955,unassigned
15600,1,1,0.97420424,unassigned
15601,1,1,0.9982291,unassigned
15602,2,2,0.97107834,unassigned
15603,0,0,0.9999908,unassigned
15604,2,1,0.9875261,unassigned
15605,1,1,0.9999627,unassigned
15606,2,2,0.50162905,unassigned
15607,2,2,0.9931772,unassigned
15608,0,0,0.60999334,unassigned
15609,1,1,0.9922982,unassigned
15610,0,0,0.9999993,unassigned
15611,1,2,0.9995315,unassigned
15612,1,1,0.9895119,unassigned
15613,2,2,0.99934405,unassigned
15614,0,0,0.9994174,unassigned
15615,1,1,0.9967631,unassigned
15616,2,2,0.9762551,unassigned
15617,2,2,0.9955937,unassigned
15618,1,1,0.94352925,unassigned
15619,2,2,0.99770606,unassigned
15620,2,2,0.99955803,unassigned
15621,2,2,0.99978703,unassigned
15622,2,1,0.9158064,unassigned
15623,1,1,0.9853198,unassigned
15624,2,2,0.59238684,unassigned
15625,1,1,0.96768785,unassigned
15626,1,2,0.65629154,unassigned
15627,0,0,0.9999995,unassigned
15628,2,2,0.92604786,unassigned
15629,1,1,0.5765798,unassigned
15630,0,0,0.85314935,unassigned
15631,1,1,0.93847525,unassigned
15632,2,2,0.99629396,unassigned
15633,2,0,0.92832136,unassigned
15634,2,2,0.9993304,unassigned
15635,2,2,0.98806083,unassigned
15636,0,0,0.9960412,unassigned
15637,2,2,0.99906534,unassigned
15638,1,0,0.6152537,unassigned
15639,2,2,0.9976394,unassigned
15640,1,0,0.88899744,unassigned
15641,0,0,0.9995683,unassigned
15642,1,1,0.94756466,unassigned
15643,2,2,0.9816496,unassigned
15644,2,2,0.8039372,unassigned
15645,1,1,0.98337007,unassigned
15646,2,2,0.999972,unassigned
15647,1,1,0.8855154,unassigned
15648,1,1,0.99811363,unassigned
15649,0,2,0.54973197,unassigned
15650,1,1,0.98073053,unassigned
15651,1,1,0.9509841,unassigned
15652,2,1,0.9185429,unassigned
15653,1,1,0.99390334,unassigned
15654,2,0,0.99999976,unassigned
15655,1,1,0.994327,unassigned
15656,2,0,0.91751677,unassigned
15657,1,2,0.8806222,unassigned
15658,1,1,0.9580942,unassigned
15659,0,0,0.99670744,unassigned
15660,1,1,0.9998005,unassigned
15661,1,0,0.752818,unassigned
15662,0,0,0.9999517,unassigned
15663,0,0,1.0,unassigned
15664,0,0,0.9604941,unassigned
15665,2,2,0.967164,unassigned
15666,0,0,0.9999999,unassigned
15667,0,2,0.9560501,unassigned
15668,2,2,0.9984837,unassigned
15669,1,1,0.99831164,unassigned
15670,1,1,0.9962793,unassigned
15671,2,2,0.9999268,unassigned
15672,1,1,0.9965713,unassigned
15673,0,1,0.8828082,unassigned
15674,2,2,0.9959447,unassigned
15675,1,1,0.9651811,unassigned
15676,1,1,0.8828282,unassigned
15677,2,0,0.82237345,unassigned
15678,1,2,0.8712303,unassigned
15679,1,1,0.97263384,unassigned
15680,1,1,0.9190274,unassigned
15681,1,2,0.5827464,unassigned
15682,1,1,0.9932841,unassigned
15683,2,0,0.83287966,unassigned
15684,1,1,0.9787948,unassigned
15685,0,0,0.99994826,unassigned
15686,1,1,0.99568295,unassigned
15687,2,2,0.99941075,unassigned
15688,2,2,0.7827312,unassigned
15689,1,1,0.82872075,unassigned
15690,2,2,0.99972886,unassigned
15691,2,1,0.9491176,unassigned
15692,2,2,0.9938631,unassigned
15693,0,0,0.99788374,unassigned
15694,2,2,0.9766838,unassigned
15695,2,2,0.9951083,unassigned
15696,0,2,0.9220675,unassigned
15697,1,1,0.93742025,unassigned
15698,0,0,0.9999497,unassigned
15699,0,0,0.9551791,unassigned
15700,2,2,0.99999774,unassigned
15701,2,1,0.81096333,unassigned
15702,1,1,0.9632397,unassigned
15703,1,1,0.99972934,unassigned
15704,2,2,1.0,unassigned
15705,2,2,0.9922248,unassigned
15706,2,1,0.7170471,unassigned
15707,2,2,0.99361634,unassigned
15708,1,1,0.9702706,unassigned
15709,1,1,0.99351597,unassigned
15710,2,2,0.9985972,unassigned
15711,1,1,0.75032836,unassigned
15712,1,1,0.99079883,unassigned
15713,2,2,0.99999964,unassigned
15714,2,0,0.8284803,unassigned
15715,0,0,0.92104876,unassigned
15716,1,1,0.9885408,unassigned
15717,2,1,0.57067496,unassigned
15718,2,2,0.92798567,unassigned
15719,2,2,0.9765803,unassigned
15720,2,2,0.55461705,unassigned
15721,2,2,0.71344095,unassigned
15722,2,2,0.9999964,unassigned
15723,2,1,0.9349101,unassigned
15724,1,2,0.6051696,unassigned
15725,2,2,0.99992275,unassigned
15726,2,2,0.9999887,unassigned
15727,2,1,0.8895654,unassigned
15728,0,2,0.9916963,unassigned
15729,0,0,0.67399174,unassigned
15730,1,1,0.9671418,unassigned
15731,2,2,0.9383726,unassigned
15732,2,2,0.999323,unassigned
15733,1,2,0.55718124,unassigned
15734,2,2,0.9999989,unassigned
15735,1,1,0.9999584,unassigned
15736,0,0,0.99992144,unassigned
15737,2,2,0.9997824,unassigned
15738,0,2,0.9999459,unassigned
15739,2,2,0.9890781,unassigned
15740,2,2,0.993501,unassigned
15741,1,1,0.9992661,unassigned
15742,2,1,0.88390106,unassigned
15743,0,0,0.9954585,unassigned
15744,1,1,0.97917104,unassigned
15745,1,2,0.806744,unassigned
15746,1,1,0.96451515,unassigned
15747,0,0,0.99975234,unassigned
15748,1,1,0.87489784,unassigned
15749,1,1,0.6999585,unassigned
15750,1,2,0.62462455,unassigned
15751,1,1,0.9890723,unassigned
15752,2,1,0.51942354,unassigned
15753,2,0,0.5029842,unassigned
15754,1,1,0.9744553,unassigned
15755,2,2,0.5094717,unassigned
15756,0,2,0.7944756,unassigned
15757,0,0,0.9792724,unassigned
15758,2,1,0.76123375,unassigned
15759,1,1,0.9994228,unassigned
15760,2,2,0.9969073,unassigned
15761,2,2,0.99072015,unassigned
15762,2,2,0.99700195,unassigned
15763,1,1,0.99567837,unassigned
15764,2,1,0.50714034,unassigned
15765,2,2,0.9994874,unassigned
15766,1,1,0.6683976,unassigned
15767,1,1,0.9619136,unassigned
15768,0,0,0.70246065,unassigned
15769,1,1,0.9240697,unassigned
15770,1,0,0.7417103,unassigned
15771,1,1,0.9529344,unassigned
15772,1,1,0.9477872,unassigned
15773,1,1,0.99962664,unassigned
15774,1,1,0.9375431,unassigned
15775,2,1,0.9743084,unassigned
15776,0,0,0.9856814,unassigned
15777,1,1,0.9820899,unassigned
15778,0,0,0.9994167,unassigned
15779,1,1,0.7064561,unassigned
15780,2,2,0.9991642,unassigned
15781,1,1,0.99861705,unassigned
15782,2,1,0.905871,unassigned
15783,2,2,0.99999225,unassigned
15784,1,1,0.7458607,unassigned
15785,2,0,0.7580246,unassigned
15786,2,2,0.9978417,unassigned
15787,2,2,0.9332264,unassigned
15788,2,2,0.9999999,unassigned
15789,0,0,0.9998777,unassigned
15790,2,1,0.90059894,unassigned
15791,1,1,0.8004841,unassigned
15792,0,0,0.9949679,unassigned
15793,0,0,1.0,unassigned
15794,0,2,0.9830899,unassigned
15795,0,0,0.9952539,unassigned
15796,0,0,0.8850568,unassigned
15797,2,2,0.87926865,unassigned
15798,1,2,0.95672196,unassigned
15799,2,2,0.9932592,unassigned
15800,1,1,0.7108616,unassigned
15801,1,1,0.95848936,unassigned
15802,1,1,0.96005267,unassigned
15803,2,2,0.98594505,unassigned
15804,1,2,0.68108577,unassigned
15805,2,0,0.7298105,unassigned
15806,1,1,0.96992874,unassigned
15807,1,1,0.9911979,unassigned
15808,2,1,0.6085105,unassigned
15809,2,1,0.99710506,unassigned
15810,1,1,0.97585005,unassigned
15811,1,1,0.7665668,unassigned
15812,1,1,0.98139477,unassigned
15813,2,2,0.75649375,unassigned
15814,2,1,0.83308786,unassigned
15815,0,0,0.999967,unassigned
15816,2,2,0.5462656,unassigned
15817,2,2,0.82272977,unassigned
15818,1,1,0.93548185,unassigned
15819,2,2,0.9999987,unassigned
15820,0,0,0.9996631,unassigned
15821,1,1,0.99870527,unassigned
15822,1,1,0.9988783,unassigned
15823,2,2,0.9999999,unassigned
15824,1,1,0.9473813,unassigned
15825,0,0,1.0,unassigned
15826,1,1,0.9969682,unassigned
15827,0,0,0.954015,unassigned
15828,2,2,0.9654468,unassigned
15829,2,2,0.9999,unassigned
15830,0,2,0.8960267,unassigned
15831,2,2,0.9369837,unassigned
15832,1,1,0.99642295,unassigned
15833,0,0,0.9999945,unassigned
15834,1,1,0.98414236,unassigned
15835,1,1,0.9433046,unassigned
15836,1,0,0.8057351,unassigned
15837,1,1,0.99343973,unassigned
15838,0,0,0.99999905,unassigned
15839,0,0,0.998882,unassigned
15840,1,1,0.9990927,unassigned
15841,2,2,1.0,unassigned
15842,1,2,0.9945074,unassigned
15843,2,2,0.988399,unassigned
15844,1,1,0.6655596,unassigned
15845,1,1,0.9244179,unassigned
15846,1,1,0.90685135,unassigned
15847,2,2,0.99989796,unassigned
15848,1,1,0.97776276,unassigned
15849,0,0,0.9999615,unassigned
15850,1,1,0.9684921,unassigned
15851,1,1,0.9987507,unassigned
15852,1,2,0.8923336,unassigned
15853,1,0,0.99480915,unassigned
15854,0,0,0.9984005,unassigned
15855,0,0,0.99997807,unassigned
15856,0,0,0.9996556,unassigned
15857,1,1,0.9187034,unassigned
15858,2,0,0.99991655,unassigned
15859,2,1,0.9539017,unassigned
15860,1,1,0.9936202,unassigned
15861,2,2,0.9984242,unassigned
15862,1,1,0.95732737,unassigned
15863,1,2,0.8992271,unassigned
15864,1,1,0.9999999,unassigned
15865,1,1,0.9994344,unassigned
15866,2,2,0.61960196,unassigned
15867,1,1,0.99558866,unassigned
15868,0,0,0.9999864,unassigned
15869,2,2,0.77614594,unassigned
15870,1,1,0.54919577,unassigned
15871,2,2,0.6154622,unassigned
15872,0,0,0.99506027,unassigned
15873,1,1,0.9887871,unassigned
15874,0,0,0.99867046,unassigned
15875,1,2,0.9565642,unassigned
15876,1,1,0.72064096,unassigned
15877,0,0,0.99999475,unassigned
15878,0,0,0.5663288,unassigned
15879,1,2,0.9946195,unassigned
15880,0,0,0.9990133,unassigned
15881,2,2,0.999603,unassigned
15882,1,1,0.99888116,unassigned
15883,0,0,0.56866646,unassigned
15884,0,0,0.9998197,unassigned
15885,1,1,0.8852374,unassigned
15886,2,2,0.9589507,unassigned
15887,2,2,0.9997595,unassigned
15888,2,2,0.9862417,unassigned
15889,1,1,0.6697551,unassigned
15890,0,0,0.99992275,unassigned
15891,2,2,0.7126226,unassigned
15892,0,0,0.9790046,unassigned
15893,2,2,0.99925524,unassigned
15894,2,2,0.99919015,unassigned
15895,2,1,0.98625004,unassigned
15896,1,2,0.5585138,unassigned
15897,2,2,0.99571204,unassigned
15898,2,2,0.97285146,unassigned
15899,2,2,0.99826187,unassigned
15900,2,2,0.99761057,unassigned
15901,0,2,0.999962,unassigned
15902,1,2,0.9975916,unassigned
15903,1,1,0.9331174,unassigned
15904,2,2,0.9999633,unassigned
15905,1,1,0.92934686,unassigned
15906,2,2,0.99848455,unassigned
15907,2,2,0.99988294,unassigned
15908,2,2,0.9037905,unassigned
15909,1,1,0.84704655,unassigned
15910,1,1,0.97726667,unassigned
15911,2,1,0.76492304,unassigned
15912,1,1,0.9890293,unassigned
15913,1,1,0.9846853,unassigned
15914,1,2,0.9454956,unassigned
15915,0,0,0.70633054,unassigned
15916,1,1,0.9997327,unassigned
15917,2,2,0.8850842,unassigned
15918,1,0,0.91596407,unassigned
15919,0,0,0.9358769,unassigned
15920,1,2,0.84056747,unassigned
15921,2,2,0.9999987,unassigned
15922,2,2,0.7338428,unassigned
15923,1,1,0.9366283,unassigned
15924,2,2,0.92467165,unassigned
15925,0,2,0.9996598,unassigned
15926,1,1,0.92755634,unassigned
15927,1,1,0.9970482,unassigned
15928,0,0,0.9900855,unassigned
15929,1,1,0.7745004,unassigned
15930,2,0,0.94725984,unassigned
15931,1,1,0.99816567,unassigned
15932,1,1,0.99457127,unassigned
15933,1,2,0.9767337,unassigned
15934,2,2,0.9887189,unassigned
15935,1,2,0.9757715,unassigned
15936,2,2,0.9996132,unassigned
15937,2,2,0.99984264,unassigned
15938,2,2,0.9955776,unassigned
15939,1,1,0.9897524,unassigned
15940,1,1,0.9879588,unassigned
15941,1,1,0.98746395,unassigned
15942,0,0,0.9999957,unassigned
15943,1,1,0.98586696,unassigned
15944,2,2,0.9999988,unassigned
15945,1,1,0.57915115,unassigned
15946,1,1,0.9160353,unassigned
15947,1,1,0.9324172,unassigned
15948,0,0,0.96576935,unassigned
15949,2,1,0.9957087,unassigned
15950,1,1,0.74749273,unassigned
15951,2,0,0.5147717,unassigned
15952,1,1,0.999049,unassigned
15953,2,2,0.9148376,unassigned
15954,2,1,0.9685787,unassigned
15955,0,0,0.99999964,unassigned
15956,2,2,0.9999989,unassigned
15957,1,1,0.8269085,unassigned
15958,2,2,0.5985759,unassigned
15959,1,1,0.5477537,unassigned
15960,1,2,0.94421905,unassigned
15961,0,0,0.9997782,unassigned
15962,1,1,0.968844,unassigned
15963,2,2,0.9992193,unassigned
15964,2,2,0.99565226,unassigned
15965,1,1,0.7709213,unassigned
15966,0,0,0.72195256,unassigned
15967,2,1,0.99708563,unassigned
15968,0,0,0.9725126,unassigned
15969,1,1,0.99430865,unassigned
15970,2,2,0.9999938,unassigned
15971,1,0,0.99031,unassigned
15972,2,1,0.9962196,unassigned
15973,2,1,0.99066085,unassigned
15974,1,1,0.65101296,unassigned
15975,0,0,0.9629083,unassigned
15976,2,2,0.999603,unassigned
15977,0,0,0.9997193,unassigned
15978,0,2,0.9915235,unassigned
15979,2,0,0.45223713,unassigned
15980,1,1,0.7058917,unassigned
15981,1,1,0.91962445,unassigned
15982,2,2,0.99932706,unassigned
15983,0,0,0.9857077,unassigned
15984,0,0,1.0,unassigned
15985,1,1,0.90864086,unassigned
15986,1,1,0.9997037,unassigned
15987,1,2,0.9420328,unassigned
15988,2,2,0.99962556,unassigned
15989,2,2,0.9999999,unassigned
15990,1,1,0.88170505,unassigned
15991,0,0,0.96947664,unassigned
15992,2,2,0.99999034,unassigned
15993,2,2,0.9995758,unassigned
15994,2,2,0.9999801,unassigned
15995,2,2,0.99917966,unassigned
15996,2,2,0.9928186,unassigned
15997,1,1,0.9597232,unassigned
15998,2,2,0.9730206,unassigned
15999,2,2,0.99219865,unassigned
16000,2,2,0.91867226,unassigned
16001,1,1,0.99348915,unassigned
16002,2,0,0.9999672,unassigned
16003,2,2,0.95280427,unassigned
16004,1,1,0.91915315,unassigned
16005,2,2,0.99771404,unassigned
16006,2,2,0.9973156,unassigned
16007,0,0,0.99786204,unassigned
16008,2,2,0.9999317,unassigned
16009,2,2,0.99777573,unassigned
16010,0,0,0.9998692,unassigned
16011,0,1,0.9727351,unassigned
16012,2,1,0.6066268,unassigned
16013,1,1,0.8928013,unassigned
16014,0,0,0.99736255,unassigned
16015,1,1,0.96130115,unassigned
16016,2,2,0.9997805,unassigned
16017,2,2,0.6282527,unassigned
16018,2,2,0.99879766,unassigned
16019,2,2,0.99570185,unassigned
16020,2,2,0.99998,unassigned
16021,2,0,0.92587787,unassigned
16022,1,2,0.5697547,unassigned
16023,0,0,0.9996917,unassigned
16024,1,1,0.9904156,unassigned
16025,2,2,0.9997273,unassigned
16026,1,1,0.9719882,unassigned
16027,0,0,0.99982613,unassigned
16028,1,1,0.93320376,unassigned
16029,0,0,0.9998859,unassigned
16030,2,2,0.9999968,unassigned
16031,2,2,0.9780943,unassigned
16032,2,2,0.92727286,unassigned
16033,2,2,0.99999607,unassigned
16034,0,0,0.9713959,unassigned
16035,0,0,0.9997434,unassigned
16036,1,1,0.99710387,unassigned
16037,2,1,0.82983947,unassigned
16038,0,0,0.99925464,unassigned
16039,0,0,0.8420608,unassigned
16040,0,0,0.99999464,unassigned
16041,1,1,0.97049224,unassigned
16042,2,2,0.93106955,unassigned
16043,0,0,0.99999785,unassigned
16044,2,1,0.9857082,unassigned
16045,0,0,0.742768,unassigned
16046,2,1,0.99290895,unassigned
16047,2,2,0.9954425,unassigned
16048,1,2,0.9546502,unassigned
16049,1,1,0.99234617,unassigned
16050,2,2,0.98577785,unassigned
16051,1,1,0.9554233,unassigned
16052,1,1,0.8500509,unassigned
16053,1,1,0.9995689,unassigned
16054,1,1,1.0,unassigned
16055,0,0,1.0,unassigned
16056,1,1,0.99717027,unassigned
16057,1,1,0.6501557,unassigned
16058,1,1,0.94181144,unassigned
16059,2,0,0.5727848,unassigned
16060,2,2,0.9989077,unassigned
16061,2,1,0.8408883,unassigned
16062,1,1,0.9104508,unassigned
16063,2,2,0.9503701,unassigned
16064,2,2,0.9812407,unassigned
16065,1,0,0.9761888,unassigned
16066,1,1,0.5566094,unassigned
16067,1,1,0.991779,unassigned
16068,1,1,0.8671095,unassigned
16069,2,2,0.98273337,unassigned
16070,1,2,0.880533,unassigned
16071,1,1,0.5675112,unassigned
16072,1,0,0.76054204,unassigned
16073,2,2,0.99004704,unassigned
16074,2,1,0.9944989,unassigned
16075,1,2,0.96490955,unassigned
16076,2,2,0.99993765,unassigned
16077,2,2,0.84824646,unassigned
16078,1,1,0.9956261,unassigned
16079,0,0,0.9998944,unassigned
16080,2,2,0.76531917,unassigned
16081,0,0,0.9995833,unassigned
16082,1,2,0.82557046,unassigned
16083,2,2,0.99994254,unassigned
16084,2,2,0.98706275,unassigned
16085,2,2,0.73619825,unassigned
16086,2,1,0.7924724,unassigned
16087,2,2,0.99996674,unassigned
16088,1,0,0.90009063,unassigned
16089,2,1,0.6469731,unassigned
16090,2,2,0.9697824,unassigned
16091,2,2,0.83329207,unassigned
16092,0,0,0.5049137,unassigned
16093,0,0,0.99995434,unassigned
16094,0,0,0.99981314,unassigned
16095,0,0,0.99999905,unassigned
16096,2,2,0.9973635,unassigned
16097,2,2,0.9507274,unassigned
16098,1,1,0.970604,unassigned
16099,1,1,0.9944535,unassigned
16100,1,1,0.99974686,unassigned
16101,1,1,0.9997216,unassigned
16102,0,0,0.9178183,unassigned
16103,1,2,0.9976827,unassigned
16104,0,0,0.70925087,unassigned
16105,2,1,0.6660417,unassigned
16106,0,0,0.9998672,unassigned
16107,2,2,0.99999213,unassigned
16108,1,1,0.663639,unassigned
16109,0,0,0.99999976,unassigned
16110,2,2,0.9985071,unassigned
16111,0,0,0.9977252,unassigned
16112,2,2,0.6489714,unassigned
16113,0,0,0.96122843,unassigned
16114,0,0,0.99155664,unassigned
16115,2,2,0.6801482,unassigned
16116,2,2,0.9784418,unassigned
16117,2,2,0.9257825,unassigned
16118,1,2,0.9866149,unassigned
16119,1,2,0.99834454,unassigned
16120,0,0,0.999226,unassigned
16121,1,1,0.90962243,unassigned
16122,1,1,0.93981814,unassigned
16123,1,1,0.60844105,unassigned
16124,2,2,0.96917635,unassigned
16125,0,0,1.0,unassigned
16126,2,2,0.9999205,unassigned
16127,2,2,0.8273049,unassigned
16128,2,2,1.0,unassigned
16129,2,2,0.999998,unassigned
16130,2,2,0.99742824,unassigned
16131,1,1,0.7651143,unassigned
16132,1,0,0.84842664,unassigned
16133,0,1,0.96877193,unassigned
16134,2,2,0.99587786,unassigned
16135,1,1,0.9764765,unassigned
16136,0,0,0.98612636,unassigned
16137,1,0,0.9870443,unassigned
16138,2,2,0.99979645,unassigned
16139,2,1,0.92403555,unassigned
16140,2,2,0.9999994,unassigned
16141,0,0,0.9999944,unassigned
16142,2,2,0.9533794,unassigned
16143,1,1,0.8873474,unassigned
16144,2,2,0.99989486,unassigned
16145,2,2,0.99995637,unassigned
16146,2,2,0.6901601,unassigned
16147,1,1,0.6463762,unassigned
16148,1,0,0.865055,unassigned
16149,0,1,0.6036338,unassigned
16150,0,0,0.99277955,unassigned
16151,2,2,0.6512439,unassigned
16152,0,0,0.9999989,unassigned
16153,2,0,0.95301133,unassigned
16154,2,1,0.9998006,unassigned
16155,2,2,0.78808486,unassigned
16156,1,1,0.99900925,unassigned
16157,1,1,0.98082674,unassigned
16158,1,1,0.9934681,unassigned
16159,0,0,0.9998354,unassigned
16160,1,1,0.8806888,unassigned
16161,2,2,0.99896955,unassigned
16162,0,0,0.9999926,unassigned
16163,2,2,0.99721706,unassigned
16164,1,1,0.95407444,unassigned
16165,0,0,0.9999994,unassigned
16166,1,1,0.8087844,unassigned
16167,0,0,0.93028504,unassigned
16168,1,1,0.796416,unassigned
16169,1,1,0.9994894,unassigned
16170,0,0,0.9848876,unassigned
16171,1,1,0.9962142,unassigned
16172,1,1,0.5853088,unassigned
16173,0,0,0.99976486,unassigned
16174,2,2,0.7939763,unassigned
16175,0,2,0.9999423,unassigned
16176,1,0,0.51538247,unassigned
16177,2,0,0.9529632,unassigned
16178,1,0,0.9924873,unassigned
16179,1,1,0.826474,unassigned
16180,2,2,0.7720498,unassigned
16181,2,2,0.9890782,unassigned
16182,1,0,0.5708246,unassigned
16183,2,2,0.9990996,unassigned
16184,2,2,0.99999976,unassigned
16185,2,2,0.5006191,unassigned
16186,1,1,0.9840423,unassigned
16187,2,2,0.9999598,unassigned
16188,2,1,0.9914997,unassigned
16189,2,2,0.7946284,unassigned
16190,0,0,0.99989843,unassigned
16191,2,2,0.98177665,unassigned
16192,0,0,0.99935347,unassigned
16193,0,0,0.9728477,unassigned
16194,2,2,0.6926629,unassigned
16195,2,0,0.9097774,unassigned
16196,0,0,0.9991105,unassigned
16197,0,2,0.99600816,unassigned
16198,0,0,0.99748224,unassigned
16199,1,1,0.7328234,unassigned
16200,1,1,0.8745292,unassigned
16201,1,1,0.99693346,unassigned
16202,2,2,0.99943763,unassigned
16203,0,0,0.99995923,unassigned
16204,2,2,0.9993795,unassigned
16205,1,1,0.9744601,unassigned
16206,2,0,0.99886763,unassigned
16207,2,0,0.83905226,unassigned
16208,0,0,0.9066801,unassigned
16209,1,1,0.9913748,unassigned
16210,1,2,0.74079806,unassigned
16211,1,0,0.549845,unassigned
16212,1,1,0.9566701,unassigned
16213,1,1,0.71767145,unassigned
16214,1,1,0.9999994,unassigned
16215,2,1,0.8115577,unassigned
16216,1,1,0.9903474,unassigned
16217,1,1,0.8845446,unassigned
16218,2,1,0.7470048,unassigned
16219,2,2,0.999765,unassigned
16220,1,1,0.8770169,unassigned
16221,1,1,0.97289586,unassigned
16222,0,0,0.99211955,unassigned
16223,0,0,0.9998311,unassigned
16224,0,0,0.9989573,unassigned
16225,0,0,0.98447466,unassigned
16226,0,0,0.990845,unassigned
16227,0,0,0.9605374,unassigned
16228,1,1,0.979901,unassigned
16229,0,0,1.0,unassigned
16230,2,2,0.99891436,unassigned
16231,0,0,0.96974415,unassigned
16232,2,2,0.9997229,unassigned
16233,0,0,0.9992576,unassigned
16234,2,2,0.9799488,unassigned
16235,0,2,0.82913095,unassigned
16236,0,2,0.97727543,unassigned
16237,2,2,0.9758194,unassigned
16238,1,1,0.98809487,unassigned
16239,1,1,0.89043146,unassigned
16240,2,2,0.9995478,unassigned
16241,1,1,0.875094,unassigned
16242,0,0,0.99982846,unassigned
16243,2,2,0.9993838,unassigned
16244,0,1,0.97318757,unassigned
16245,0,0,0.99907386,unassigned
16246,2,2,0.5832885,unassigned
16247,2,2,0.99380624,unassigned
16248,1,1,0.73815066,unassigned
16249,1,2,0.68173736,unassigned
16250,0,0,0.99999666,unassigned
16251,1,1,0.98891735,unassigned
16252,1,1,0.6593016,unassigned
16253,0,0,0.67452055,unassigned
16254,1,1,0.9983387,unassigned
16255,2,2,0.9769612,unassigned
16256,2,2,0.99943,unassigned
16257,1,1,0.7584879,unassigned
16258,2,2,0.9659214,unassigned
16259,2,2,0.9969073,unassigned
16260,2,1,0.8591279,unassigned
16261,0,2,0.910214,unassigned
16262,0,0,0.99687564,unassigned
16263,0,1,0.42366806,unassigned
16264,1,1,0.9552704,unassigned
16265,0,1,0.7015982,unassigned
16266,2,2,0.9998981,unassigned
16267,2,2,0.9989747,unassigned
16268,2,2,0.9998765,unassigned
16269,1,1,0.9513709,unassigned
16270,2,0,0.99455005,unassigned
16271,0,0,0.55623645,unassigned
16272,1,0,0.99959797,unassigned
16273,2,0,0.5257033,unassigned
16274,2,0,0.91257834,unassigned
16275,2,2,0.9999337,unassigned
16276,1,0,0.99548256,unassigned
16277,2,2,0.9995703,unassigned
16278,2,1,0.7455669,unassigned
16279,0,0,0.9747618,unassigned
16280,0,0,0.9741887,unassigned
16281,0,0,0.6619941,unassigned
16282,2,2,0.99999785,unassigned
16283,0,0,0.999258,unassigned
16284,2,2,0.99999976,unassigned
16285,0,0,0.99990153,unassigned
16286,2,2,0.8710438,unassigned
16287,2,1,0.902836,unassigned
16288,1,2,0.6792716,unassigned
16289,1,1,0.66662353,unassigned
16290,1,1,0.9637396,unassigned
16291,2,1,0.6066123,unassigned
16292,1,1,0.97002965,unassigned
16293,2,2,0.9993274,unassigned
16294,1,1,0.74938416,unassigned
16295,1,1,0.9062794,unassigned
16296,1,1,0.98733366,unassigned
16297,2,2,0.9995964,unassigned
16298,2,2,0.99735814,unassigned
16299,0,0,0.9464575,unassigned
16300,2,2,0.9989064,unassigned
16301,2,2,0.9983053,unassigned
16302,0,0,0.99998474,unassigned
16303,0,0,0.97782874,unassigned
16304,1,0,0.6697891,unassigned
16305,2,1,0.98735553,unassigned
16306,0,0,0.67532164,unassigned
16307,1,1,0.8605648,unassigned
16308,2,2,0.8632,unassigned
16309,1,1,0.8823546,unassigned
16310,2,2,0.8922578,unassigned
16311,1,1,0.9932882,unassigned
16312,1,1,0.8945022,unassigned
16313,1,1,0.98220414,unassigned
16314,1,1,0.84629536,unassigned
16315,2,2,0.9994105,unassigned
16316,2,1,0.91840035,unassigned
16317,2,1,0.7267247,unassigned
16318,1,2,0.9487178,unassigned
16319,1,1,0.99360836,unassigned
16320,2,2,0.9977976,unassigned
16321,2,2,0.9994442,unassigned
16322,1,1,0.9948118,unassigned
16323,0,0,0.76873285,unassigned
16324,0,0,0.9987116,unassigned
16325,1,1,0.934883,unassigned
16326,2,1,0.9754464,unassigned
16327,0,0,0.9995214,unassigned
16328,2,2,0.9756184,unassigned
16329,1,1,0.99060726,unassigned
16330,0,0,0.99936146,unassigned
16331,2,1,0.9992055,unassigned
16332,0,0,1.0,unassigned
16333,2,2,0.9990796,unassigned
16334,0,0,0.99996567,unassigned
16335,2,1,0.99940956,unassigned
16336,2,0,0.47222283,unassigned
16337,0,0,0.6275437,unassigned
16338,0,2,0.779247,unassigned
16339,2,1,0.69994676,unassigned
16340,1,1,0.944463,unassigned
16341,0,2,0.99962175,unassigned
16342,1,0,0.9631869,unassigned
16343,1,1,0.6320888,unassigned
16344,1,1,0.94990885,unassigned
16345,1,1,0.99926394,unassigned
16346,2,1,0.964402,unassigned
16347,1,0,0.99006116,unassigned
16348,1,1,0.68198925,unassigned
16349,0,0,0.9997502,unassigned
16350,0,0,0.99949276,unassigned
16351,1,1,0.941217,unassigned
16352,2,2,0.998237,unassigned
16353,1,1,0.9990539,unassigned
16354,2,2,0.98943794,unassigned
16355,1,1,0.7919207,unassigned
16356,0,0,0.99202174,unassigned
16357,2,2,0.9798865,unassigned
16358,1,2,0.99809915,unassigned
16359,0,1,0.9631548,unassigned
16360,2,2,0.9991416,unassigned
16361,2,2,0.99999547,unassigned
16362,0,0,0.75948524,unassigned
16363,0,0,0.99999595,unassigned
16364,2,2,0.9999486,unassigned
16365,2,1,0.9917086,unassigned
16366,2,2,0.9997106,unassigned
16367,1,1,0.9968262,unassigned
16368,2,2,0.6133204,unassigned
16369,2,2,0.735892,unassigned
16370,2,2,0.9999995,unassigned
16371,2,2,0.99931777,unassigned
16372,1,1,0.9982116,unassigned
16373,1,2,0.9761922,unassigned
16374,2,2,0.52254933,unassigned
16375,2,2,0.9942953,unassigned
16376,2,1,0.9771941,unassigned
16377,2,2,0.991025,unassigned
16378,1,2,0.73924816,unassigned
16379,2,2,0.72377247,unassigned
16380,1,1,0.62185436,unassigned
16381,1,1,0.9897479,unassigned
16382,0,0,0.9999876,unassigned
16383,2,0,0.99999726,unassigned
16384,1,0,0.9960665,unassigned
16385,1,2,0.928933,unassigned
16386,2,2,0.9379857,unassigned
16387,2,2,0.9999318,unassigned
16388,2,2,0.997526,unassigned
16389,1,1,0.9569982,unassigned
16390,1,1,0.9467065,unassigned
16391,1,1,0.97515047,unassigned
16392,2,2,0.8618155,unassigned
16393,2,2,0.9984433,unassigned
16394,2,2,0.9999223,unassigned
16395,2,2,0.963716,unassigned
16396,0,0,1.0,unassigned
16397,2,2,0.94736326,unassigned
16398,2,1,0.69532454,unassigned
16399,2,2,0.997781,unassigned
16400,0,0,0.99996555,unassigned
16401,1,2,0.99707615,unassigned
16402,0,0,0.95992315,unassigned
16403,0,0,0.99959177,unassigned
16404,1,0,0.9936651,unassigned
16405,2,0,0.6796666,unassigned
16406,2,2,0.99370736,unassigned
16407,0,0,0.9997352,unassigned
16408,1,2,0.95401967,unassigned
16409,2,2,0.9999876,unassigned
16410,2,2,0.8045926,unassigned
16411,1,2,0.911242,unassigned
16412,1,2,0.7748576,unassigned
16413,0,0,0.9999194,unassigned
16414,2,2,0.98567516,unassigned
16415,1,1,0.9896498,unassigned
16416,1,2,0.6321301,unassigned
16417,2,1,0.9998405,unassigned
16418,2,2,0.92792755,unassigned
16419,1,1,0.93822974,unassigned
16420,0,0,0.9999981,unassigned
16421,0,0,0.8364648,unassigned
16422,1,1,0.8615118,unassigned
16423,0,0,0.9560759,unassigned
16424,1,1,0.9928255,unassigned
16425,1,1,0.61240613,unassigned
16426,1,1,0.86237305,unassigned
16427,2,2,0.99467057,unassigned
16428,2,2,0.84076625,unassigned
16429,2,2,0.96495813,unassigned
16430,0,0,0.9939422,unassigned
16431,1,1,0.7170711,unassigned
16432,1,2,0.8842236,unassigned
16433,2,0,0.95988184,unassigned
16434,0,0,0.97994137,unassigned
16435,2,2,0.99555176,unassigned
16436,0,0,0.99928564,unassigned
16437,0,2,0.86879593,unassigned
16438,1,1,0.97304505,unassigned
16439,2,2,0.99178547,unassigned
16440,2,2,0.9950923,unassigned
16441,1,1,0.9917508,unassigned
16442,2,2,0.9983865,unassigned
16443,2,1,0.9991289,unassigned
16444,0,0,0.9999999,unassigned
16445,1,2,0.8876031,unassigned
16446,2,0,0.9915523,unassigned
16447,1,0,0.5005945,unassigned
16448,1,1,0.7227135,unassigned
16449,1,1,0.96249205,unassigned
16450,1,2,0.49582386,unassigned
16451,1,1,0.9537548,unassigned
16452,0,0,0.8650296,unassigned
16453,2,2,0.9829228,unassigned
16454,0,0,0.9999534,unassigned
16455,2,2,0.9864957,unassigned
16456,1,1,0.8634522,unassigned
16457,1,1,0.7349888,unassigned
16458,2,2,0.63840604,unassigned
16459,1,1,0.99162674,unassigned
16460,1,1,0.95047736,unassigned
16461,1,1,0.88085127,unassigned
16462,1,1,0.99999845,unassigned
16463,1,1,0.99827254,unassigned
16464,1,1,0.8622342,unassigned
16465,1,0,0.7104993,unassigned
16466,1,2,0.80930716,unassigned
16467,2,2,0.9982528,unassigned
16468,1,1,0.9943364,unassigned
16469,1,1,0.9285131,unassigned
16470,1,1,0.9652714,unassigned
16471,1,1,0.96913326,unassigned
16472,0,0,0.99995196,unassigned
16473,2,1,0.50555146,unassigned
16474,0,2,0.9328047,unassigned
16475,1,0,0.6650825,unassigned
16476,2,1,0.54457206,unassigned
16477,0,0,0.99962556,unassigned
16478,1,1,0.75477123,unassigned
16479,2,2,0.49685854,unassigned
16480,2,0,0.8981035,unassigned
16481,1,1,0.6667285,unassigned
16482,2,2,0.9957016,unassigned
16483,2,1,0.93938357,unassigned
16484,0,0,0.99276227,unassigned
16485,1,1,0.9303755,unassigned
16486,2,2,0.9999633,unassigned
16487,1,2,0.63981485,unassigned
16488,2,2,0.9171703,unassigned
16489,0,0,0.60527325,unassigned
16490,0,1,0.8806023,unassigned
16491,1,0,0.770874,unassigned
16492,0,0,0.99617034,unassigned
16493,0,0,0.9999517,unassigned
16494,1,1,0.96116173,unassigned
16495,2,1,0.70594513,unassigned
16496,2,1,0.5575487,unassigned
16497,1,0,0.65485543,unassigned
16498,2,2,0.5699889,unassigned
16499,2,2,0.568171,unassigned
16500,1,1,0.9958513,unassigned
16501,1,2,0.8639842,unassigned
16502,2,2,0.99130696,unassigned
16503,2,1,0.6445352,unassigned
16504,1,1,0.8774013,unassigned
16505,1,1,0.9996648,unassigned
16506,1,0,0.9465812,unassigned
16507,1,1,0.96585375,unassigned
16508,1,1,0.99561876,unassigned
16509,2,2,0.9995121,unassigned
16510,2,2,0.9884813,unassigned
16511,2,0,0.9760549,unassigned
16512,0,0,0.98630035,unassigned
16513,1,1,0.99984026,unassigned
16514,1,2,0.9674151,unassigned
16515,0,1,0.6706799,unassigned
16516,2,2,0.7480823,unassigned
16517,1,1,0.8812638,unassigned
16518,2,1,0.47217625,unassigned
16519,1,1,0.9092512,unassigned
16520,2,2,0.9999287,unassigned
16521,0,0,0.99993837,unassigned
16522,0,0,0.9860406,unassigned
16523,1,0,0.9091711,unassigned
16524,2,2,0.99857104,unassigned
16525,0,0,0.9900239,unassigned
16526,2,2,0.77744484,unassigned
16527,1,1,0.9853897,unassigned
16528,2,2,0.9999995,unassigned
16529,0,0,0.9999852,unassigned
16530,2,2,0.9863301,unassigned
16531,2,2,0.99997306,unassigned
16532,1,2,0.7844353,unassigned
16533,0,0,0.9998392,unassigned
16534,2,2,0.9996973,unassigned
16535,1,1,0.8198677,unassigned
16536,2,2,0.90248734,unassigned
16537,1,1,0.8143142,unassigned
16538,0,0,0.9978383,unassigned
16539,2,2,0.91051525,unassigned
16540,1,0,0.9002474,unassigned
16541,2,1,0.979345,unassigned
16542,1,1,0.8561985,unassigned
16543,1,1,0.7764368,unassigned
16544,1,1,0.92881876,unassigned
16545,1,1,0.86164194,unassigned
16546,1,1,0.8271322,unassigned
16547,1,1,0.8525195,unassigned
16548,0,1,0.97105914,unassigned
16549,2,2,0.9989073,unassigned
16550,1,1,0.9863468,unassigned
16551,2,2,0.99826473,unassigned
16552,1,1,0.99641377,unassigned
16553,1,1,0.81827784,unassigned
16554,1,1,0.99346536,unassigned
16555,2,2,0.89326274,unassigned
16556,1,1,0.94882935,unassigned
16557,0,0,0.9999994,unassigned
16558,1,1,0.97138476,unassigned
16559,1,1,0.99527884,unassigned
16560,0,1,0.8996121,unassigned
16561,1,1,0.9606743,unassigned
16562,2,2,0.9702776,unassigned
16563,1,1,0.9346963,unassigned
16564,1,1,0.6774858,unassigned
16565,1,2,0.7938734,unassigned
16566,0,0,0.99999225,unassigned
16567,1,1,0.95498604,unassigned
16568,1,1,0.8811262,unassigned
16569,0,0,0.75474954,unassigned
16570,2,2,0.9999801,unassigned
16571,2,1,0.9890137,unassigned
16572,1,1,0.9840291,unassigned
16573,2,2,0.7732604,unassigned
16574,2,2,0.9993575,unassigned
16575,2,2,0.89200884,unassigned
16576,1,1,0.9854456,unassigned
16577,2,1,0.8309412,unassigned
16578,0,0,0.9999999,unassigned
16579,1,1,0.999954,unassigned
16580,0,0,0.9999999,unassigned
16581,0,0,0.99079305,unassigned
16582,1,0,0.7198257,unassigned
16583,1,1,0.9980088,unassigned
16584,2,2,0.9970752,unassigned
16585,2,2,0.9874565,unassigned
16586,2,2,0.9993824,unassigned
16587,0,0,0.99942183,unassigned
16588,2,2,0.9897507,unassigned
16589,0,0,0.9994174,unassigned
16590,2,2,0.9999664,unassigned
16591,2,1,0.9884865,unassigned
16592,2,2,0.9944435,unassigned
16593,1,1,0.76244926,unassigned
16594,1,1,0.87082803,unassigned
16595,1,1,0.973637,unassigned
16596,2,0,0.7783892,unassigned
16597,1,1,0.9905246,unassigned
16598,2,2,0.99974984,unassigned
16599,2,2,0.9277333,unassigned
16600,1,2,0.82138973,unassigned
16601,1,1,0.9930211,unassigned
16602,2,2,0.9636266,unassigned
16603,1,1,0.95259285,unassigned
16604,2,0,0.9894818,unassigned
16605,0,0,0.9996313,unassigned
16606,2,0,0.7441521,unassigned
16607,1,2,0.63842857,unassigned
16608,1,1,0.9937627,unassigned
16609,2,2,0.98969287,unassigned
16610,2,2,0.9999145,unassigned
16611,2,1,0.94105,unassigned
16612,1,1,0.6020975,unassigned
16613,1,1,0.9424338,unassigned
16614,1,1,0.60509676,unassigned
16615,2,2,0.96413887,unassigned
16616,2,2,0.9976902,unassigned
16617,2,2,0.9998217,unassigned
16618,2,2,0.9993629,unassigned
16619,2,2,0.72638285,unassigned
16620,1,1,0.9488091,unassigned
16621,1,1,0.99372524,unassigned
16622,1,1,0.99927884,unassigned
16623,1,1,0.98870414,unassigned
16624,0,0,0.9999999,unassigned
16625,2,2,0.97262067,unassigned
16626,1,1,0.9999739,unassigned
16627,2,2,0.9980019,unassigned
16628,1,1,0.9836072,unassigned
16629,1,1,0.8649688,unassigned
16630,2,2,0.9952543,unassigned
16631,2,2,0.9951149,unassigned
16632,2,2,0.9995503,unassigned
16633,0,0,0.9999999,unassigned
16634,0,0,0.95790917,unassigned
16635,2,2,0.99989104,unassigned
16636,2,2,0.9997719,unassigned
16637,1,1,0.9975744,unassigned
16638,2,2,0.99848276,unassigned
16639,2,2,0.99091524,unassigned
16640,1,1,0.90530705,unassigned
16641,2,2,0.99999976,unassigned
16642,2,2,0.97768825,unassigned
16643,2,2,0.9975254,unassigned
16644,1,2,0.9478375,unassigned
16645,1,1,0.9043096,unassigned
16646,0,0,0.98095626,unassigned
16647,1,1,0.9909204,unassigned
16648,1,1,0.98603547,unassigned
16649,1,1,0.9847825,unassigned
16650,2,2,0.99999547,unassigned
16651,2,1,0.7717978,unassigned
16652,1,1,0.9977926,unassigned
16653,2,2,0.8993325,unassigned
16654,0,0,0.9999975,unassigned
16655,2,2,0.9630934,unassigned
16656,0,0,0.9999876,unassigned
16657,1,2,0.84861726,unassigned
16658,0,0,0.9999832,unassigned
16659,1,1,0.998281,unassigned
16660,0,0,0.7505888,unassigned
16661,2,0,0.9750406,unassigned
16662,2,0,0.99908996,unassigned
16663,2,1,0.6475133,unassigned
16664,1,1,0.98028344,unassigned
16665,0,0,0.9999877,unassigned
16666,1,1,0.9653841,unassigned
16667,0,0,0.64355046,unassigned
16668,2,2,0.95551,unassigned
16669,2,2,0.9979226,unassigned
16670,1,1,0.9939564,unassigned
16671,2,0,0.8902048,unassigned
16672,1,1,0.9833763,unassigned
16673,1,1,0.88303035,unassigned
16674,2,2,0.9980672,unassigned
16675,1,1,0.8883009,unassigned
16676,2,2,0.9999974,unassigned
16677,1,1,0.99468637,unassigned
16678,0,0,0.97357213,unassigned
16679,2,2,0.99684465,unassigned
16680,0,0,0.9961138,unassigned
16681,2,2,0.81994647,unassigned
16682,1,1,0.7971779,unassigned
16683,1,1,0.89370537,unassigned
16684,1,1,0.9998759,unassigned
16685,2,2,0.99999905,unassigned
16686,1,1,0.93214816,unassigned
16687,1,1,0.9738095,unassigned
16688,2,2,0.9991099,unassigned
16689,2,2,0.9292683,unassigned
16690,2,2,0.6001923,unassigned
16691,1,1,0.96786714,unassigned
16692,1,1,0.94769204,unassigned
16693,1,0,0.61525804,unassigned
16694,0,1,0.9889437,unassigned
16695,2,2,0.6973719,unassigned
16696,2,2,0.8715345,unassigned
16697,1,2,0.9998004,unassigned
16698,2,2,0.9990514,unassigned
16699,1,2,0.5127064,unassigned
16700,2,2,0.9998747,unassigned
16701,0,1,0.9532167,unassigned
16702,1,1,0.96029687,unassigned
16703,1,1,0.9997402,unassigned
16704,2,2,0.9999789,unassigned
16705,1,0,0.6945566,unassigned
16706,1,0,0.8453376,unassigned
16707,2,0,0.6955195,unassigned
16708,1,1,0.5384471,unassigned
16709,1,1,0.8692612,unassigned
16710,1,1,0.9761321,unassigned
16711,2,2,0.99178267,unassigned
16712,1,1,0.79046863,unassigned
16713,2,2,0.9573962,unassigned
16714,2,2,0.99999213,unassigned
16715,0,2,0.999233,unassigned
16716,1,1,0.95740813,unassigned
16717,1,1,0.9990019,unassigned
16718,2,2,0.6772157,unassigned
16719,2,0,0.9998275,unassigned
16720,2,2,0.9927071,unassigned
16721,1,1,0.99802893,unassigned
16722,0,0,0.99563235,unassigned
16723,1,1,0.98867595,unassigned
16724,0,0,0.99987614,unassigned
16725,1,1,0.94344425,unassigned
16726,1,0,0.8903346,unassigned
16727,0,0,0.998857,unassigned
16728,1,1,0.9828266,unassigned
16729,2,2,0.9679685,unassigned
16730,1,2,0.5160753,unassigned
16731,1,0,0.96572125,unassigned
16732,1,1,0.9895817,unassigned
16733,1,1,0.9754504,unassigned
16734,1,1,0.5845439,unassigned
16735,1,1,0.96572745,unassigned
16736,2,2,0.7234585,unassigned
16737,2,2,0.9999695,unassigned
16738,2,2,0.9997274,unassigned
16739,1,1,0.9902524,unassigned
16740,1,1,0.9951485,unassigned
16741,2,1,0.5428425,unassigned
16742,1,1,0.9936108,unassigned
16743,1,1,0.9926301,unassigned
16744,2,2,0.5226234,unassigned
16745,1,2,0.8570926,unassigned
16746,2,2,0.9564205,unassigned
16747,2,2,1.0,unassigned
16748,1,1,0.96360165,unassigned
16749,1,1,0.9960898,unassigned
16750,2,0,0.97741276,unassigned
16751,0,0,0.99983215,unassigned
16752,2,2,0.9998801,unassigned
16753,2,2,0.9991794,unassigned
16754,2,2,0.99999917,unassigned
16755,1,1,0.84390354,unassigned
16756,2,1,0.9923288,unassigned
16757,1,1,0.8642353,unassigned
16758,0,0,0.9998983,unassigned
16759,0,2,0.8098494,unassigned
16760,1,1,0.86041623,unassigned
16761,0,2,0.49011445,unassigned
16762,2,1,0.6385253,unassigned
16763,0,1,0.99249214,unassigned
16764,2,2,0.9999236,unassigned
16765,0,0,0.99963236,unassigned
16766,0,0,0.9986981,unassigned
16767,2,2,0.93310976,unassigned
16768,0,0,0.9910726,unassigned
16769,1,1,0.993339,unassigned
16770,1,1,0.9996793,unassigned
16771,0,0,0.9994592,unassigned
16772,1,1,0.998384,unassigned
16773,2,2,0.99961865,unassigned
16774,2,2,0.8524226,unassigned
16775,0,0,0.9999981,unassigned
16776,0,0,0.7244785,unassigned
16777,0,0,0.94120026,unassigned
16778,2,2,0.9999565,unassigned
16779,2,2,1.0,unassigned
16780,1,1,0.9954196,unassigned
16781,0,0,0.98156285,unassigned
16782,2,2,0.9936528,unassigned
16783,2,2,0.9490901,unassigned
16784,2,2,0.9878181,unassigned
16785,1,1,0.9966107,unassigned
16786,2,2,0.9831677,unassigned
16787,2,2,0.99999917,unassigned
16788,1,1,0.91927576,unassigned
16789,2,1,0.50925213,unassigned
16790,2,2,0.99396497,unassigned
16791,2,1,0.68017733,unassigned
16792,2,0,0.7244955,unassigned
16793,2,1,0.9073334,unassigned
16794,1,1,0.9963624,unassigned
16795,2,2,0.9832718,unassigned
16796,1,1,0.9989851,unassigned
16797,1,1,0.66577655,unassigned
16798,1,1,0.9799819,unassigned
16799,0,0,0.99842846,unassigned
16800,2,0,0.980394,unassigned
16801,0,2,0.6772519,unassigned
16802,1,1,0.9962692,unassigned
16803,1,2,0.8880149,unassigned
16804,1,1,0.7082817,unassigned
16805,1,1,0.9818558,unassigned
16806,1,2,0.56585836,unassigned
16807,0,2,0.9843694,unassigned
16808,2,2,0.99788195,unassigned
16809,0,0,0.9999999,unassigned
16810,2,2,0.9981761,unassigned
16811,1,1,0.8919349,unassigned
16812,0,1,0.6366007,unassigned
16813,1,1,0.84122396,unassigned
16814,2,1,0.71112543,unassigned
16815,0,0,0.9995976,unassigned
16816,1,0,0.90427506,unassigned
16817,1,2,0.50186336,unassigned
16818,0,0,0.9745053,unassigned
16819,2,0,0.9259448,unassigned
16820,0,0,0.9307434,unassigned
16821,2,2,0.99608743,unassigned
16822,1,1,0.9836925,unassigned
16823,0,1,0.9141283,unassigned
16824,2,2,0.6677055,unassigned
16825,1,0,0.64379466,unassigned
16826,2,2,0.99999976,unassigned
16827,2,2,0.999446,unassigned
16828,2,2,0.99954516,unassigned
16829,2,2,0.99596775,unassigned
16830,2,1,0.5184186,unassigned
16831,1,1,0.9989611,unassigned
16832,2,2,0.99299544,unassigned
16833,1,1,0.9462107,unassigned
16834,1,2,0.93841773,unassigned
16835,2,1,0.98513883,unassigned
16836,0,0,0.97115636,unassigned
16837,1,1,0.7003019,unassigned
16838,0,2,0.94147205,unassigned
16839,1,1,0.98729104,unassigned
16840,1,1,0.5153382,unassigned
16841,1,1,0.9542266,unassigned
16842,2,1,0.56364197,unassigned
16843,2,2,0.9707182,unassigned
16844,2,2,0.82267886,unassigned
16845,2,1,0.90593165,unassigned
16846,1,1,0.99959236,unassigned
16847,0,0,0.9999306,unassigned
16848,1,2,0.69624966,unassigned
16849,0,0,0.99854976,unassigned
16850,1,1,0.9987942,unassigned
16851,0,0,0.9989008,unassigned
16852,0,1,0.8333734,unassigned
16853,2,2,0.9999925,unassigned
16854,0,0,0.5827704,unassigned
16855,1,1,0.9723247,unassigned
16856,2,2,0.99995494,unassigned
16857,2,2,0.78490525,unassigned
16858,1,2,0.5578703,unassigned
16859,1,1,0.94577307,unassigned
16860,2,2,0.9999702,unassigned
16861,2,1,0.9316988,unassigned
16862,0,0,0.98885417,unassigned
16863,1,1,0.9874308,unassigned
16864,0,0,0.7689126,unassigned
16865,0,0,0.9570097,unassigned
16866,1,1,0.9763801,unassigned
16867,2,2,0.99544,unassigned
16868,1,1,0.6403952,unassigned
16869,1,1,0.9987865,unassigned
16870,0,0,1.0,unassigned
16871,2,2,0.9930392,unassigned
16872,0,0,0.6227808,unassigned
16873,1,2,0.6700794,unassigned
16874,0,0,0.7613847,unassigned
16875,2,2,0.9594441,unassigned
16876,1,2,0.99577963,unassigned
16877,2,1,0.65987027,unassigned
16878,0,0,0.9980046,unassigned
16879,0,1,0.91748327,unassigned
16880,0,0,0.99822885,unassigned
16881,1,1,0.8608871,unassigned
16882,2,2,0.9999957,unassigned
16883,2,2,0.93050945,unassigned
16884,2,0,0.728605,unassigned
16885,0,2,0.94477147,unassigned
16886,1,1,0.96413046,unassigned
16887,1,1,0.917099,unassigned
16888,0,0,1.0,unassigned
16889,2,2,0.91265607,unassigned
16890,2,0,0.99610114,unassigned
16891,1,1,0.7474631,unassigned
16892,0,0,0.99992454,unassigned
16893,1,2,0.9796857,unassigned
16894,2,2,0.99934727,unassigned
16895,0,0,0.9999573,unassigned
16896,0,2,0.9999943,unassigned
16897,1,0,0.7726914,unassigned
16898,1,2,0.7684547,unassigned
16899,1,1,0.7815858,unassigned
16900,2,2,0.9998553,unassigned
16901,2,2,0.99994266,unassigned
16902,2,1,0.9984505,unassigned
16903,0,0,0.99208176,unassigned
16904,1,1,0.9848695,unassigned
16905,1,1,0.5340338,unassigned
16906,1,1,0.6373315,unassigned
16907,1,1,0.52483225,unassigned
16908,1,2,0.86559486,unassigned
16909,1,1,0.9657875,unassigned
16910,0,0,0.8996299,unassigned
16911,1,2,0.83966845,unassigned
16912,0,0,0.99992156,unassigned
16913,1,2,0.8848022,unassigned
16914,2,2,0.60518354,unassigned
16915,2,2,1.0,unassigned
16916,0,0,0.99843115,unassigned
16917,1,2,0.850572,unassigned
16918,0,0,0.9899277,unassigned
16919,2,2,0.9997758,unassigned
16920,1,1,0.846682,unassigned
16921,0,0,0.9977435,unassigned
16922,0,0,0.9992236,unassigned
16923,2,2,0.9942882,unassigned
16924,2,2,0.9968971,unassigned
16925,1,2,0.81657284,unassigned
16926,2,2,0.99917716,unassigned
16927,2,2,0.959752,unassigned
16928,2,2,0.9996933,unassigned
16929,2,2,0.60129184,unassigned
16930,0,0,0.96484685,unassigned
16931,1,0,0.57151425,unassigned
16932,1,2,0.49341717,unassigned
16933,0,0,0.84636784,unassigned
16934,0,0,0.6962897,unassigned
16935,2,2,0.99742633,unassigned
16936,1,1,0.8009877,unassigned
16937,2,2,0.6232184,unassigned
16938,2,2,0.99799025,unassigned
16939,1,1,0.7818376,unassigned
16940,0,0,0.99993706,unassigned
16941,2,1,0.89591825,unassigned
16942,1,1,0.9984232,unassigned
16943,2,0,0.75532633,unassigned
16944,2,2,0.83790624,unassigned
16945,1,1,0.99068916,unassigned
16946,2,2,0.9994543,unassigned
16947,1,2,0.90958524,unassigned
16948,0,0,0.9999193,unassigned
16949,2,2,0.9999926,unassigned
16950,1,1,0.5471407,unassigned
16951,2,2,0.9994191,unassigned
16952,1,2,0.70892483,unassigned
16953,2,0,0.50355685,unassigned
16954,2,2,0.9759124,unassigned
16955,2,2,0.996743,unassigned
16956,0,0,0.9872067,unassigned
16957,1,1,0.99565953,unassigned
16958,1,1,0.9992724,unassigned
16959,1,0,0.7630507,unassigned
16960,0,0,0.9998988,unassigned
16961,1,2,0.6054246,unassigned
16962,2,2,0.99738795,unassigned
16963,1,1,0.8201691,unassigned
16964,1,1,0.9725333,unassigned
16965,1,0,0.58442336,unassigned
16966,2,2,0.9670008,unassigned
16967,2,2,0.99999666,unassigned
16968,1,0,0.78307784,unassigned
16969,2,2,0.99918455,unassigned
16970,2,2,0.5110859,unassigned
16971,1,1,0.98979235,unassigned
16972,2,2,0.67617387,unassigned
16973,2,2,0.9643056,unassigned
16974,2,2,0.9999999,unassigned
16975,1,0,0.6258784,unassigned
16976,1,1,0.56032354,unassigned
16977,0,0,0.90687585,unassigned
16978,2,0,0.9943473,unassigned
16979,1,2,0.6948374,unassigned
16980,2,2,0.999974,unassigned
16981,0,0,0.9999962,unassigned
16982,2,2,0.98905736,unassigned
16983,1,1,0.7237934,unassigned
16984,0,0,0.99929297,unassigned
16985,0,0,0.9918937,unassigned
16986,2,2,0.995874,unassigned
16987,0,0,0.99987257,unassigned
16988,0,2,0.9999032,unassigned
16989,2,2,0.99999976,unassigned
16990,2,2,0.9985876,unassigned
16991,2,2,0.5798219,unassigned
16992,1,1,0.98468286,unassigned
16993,2,2,0.9910294,unassigned
16994,1,1,0.9404406,unassigned
16995,2,2,0.9968131,unassigned
16996,1,1,0.93779707,unassigned
16997,2,1,0.98797077,unassigned
16998,0,0,0.9972458,unassigned
16999,1,1,0.9930027,unassigned
17000,1,2,0.980243,unassigned
17001,2,2,0.9682548,unassigned
17002,1,2,0.9235632,unassigned
17003,2,2,0.99996674,unassigned
17004,1,2,0.8144617,unassigned
17005,1,1,0.99600935,unassigned
17006,1,1,0.521162,unassigned
17007,2,2,0.9718769,unassigned
17008,1,1,0.9972378,unassigned
17009,1,1,0.97490126,unassigned
17010,2,2,0.8360043,unassigned
17011,1,1,0.9739475,unassigned
17012,1,1,0.91592276,unassigned
17013,0,0,0.9998747,unassigned
17014,1,1,0.99542385,unassigned
17015,1,1,0.9856412,unassigned
17016,0,0,0.9996141,unassigned
17017,1,1,0.92355514,unassigned
17018,2,2,0.9999758,unassigned
17019,1,1,0.99928206,unassigned
17020,0,0,0.99995446,unassigned
17021,0,0,0.61944556,unassigned
17022,2,2,0.9700354,unassigned
17023,1,1,0.9109818,unassigned
17024,0,0,0.99994516,unassigned
17025,1,1,0.9971909,unassigned
17026,1,1,0.99772626,unassigned
17027,0,0,0.9860284,unassigned
17028,2,1,0.62291104,unassigned
17029,1,2,0.7628911,unassigned
17030,1,1,0.96590245,unassigned
17031,2,2,0.9891194,unassigned
17032,0,0,0.9999269,unassigned
17033,0,0,0.999318,unassigned
17034,1,2,0.6827517,unassigned
17035,2,2,0.9879268,unassigned
17036,1,0,0.997551,unassigned
17037,0,0,0.9991731,unassigned
17038,0,0,0.9988506,unassigned
17039,1,1,0.9040023,unassigned
17040,1,2,0.9549009,unassigned
17041,0,0,0.94087374,unassigned
17042,1,1,0.6996505,unassigned
17043,2,1,0.9918433,unassigned
17044,1,0,0.99843293,unassigned
17045,2,2,0.9889264,unassigned
17046,1,2,0.73543805,unassigned
17047,1,2,0.66268516,unassigned
17048,2,2,1.0,unassigned
17049,2,2,0.99914134,unassigned
17050,1,1,0.9779149,unassigned
17051,2,2,0.99988127,unassigned
17052,2,2,0.99452376,unassigned
17053,2,2,0.99926144,unassigned
17054,1,1,0.9997002,unassigned
17055,2,1,0.8280985,unassigned
17056,2,1,0.7514007,unassigned
17057,2,2,1.0,unassigned
17058,1,1,0.9788112,unassigned
17059,1,0,0.7241479,unassigned
17060,1,2,0.6443418,unassigned
17061,2,2,0.99496233,unassigned
17062,1,1,0.9924314,unassigned
17063,0,0,0.99989605,unassigned
17064,2,2,0.9922001,unassigned
17065,1,1,0.5208738,unassigned
17066,1,1,0.5899386,unassigned
17067,2,2,0.89605373,unassigned
17068,0,0,0.9993723,unassigned
17069,1,1,0.9885124,unassigned
17070,2,2,0.5281928,unassigned
17071,2,1,0.93898106,unassigned
17072,1,1,0.96980244,unassigned
17073,1,0,0.9864942,unassigned
17074,1,2,0.9796822,unassigned
17075,2,1,0.95359266,unassigned
17076,0,0,0.99939287,unassigned
17077,2,2,0.9014038,unassigned
17078,2,2,0.99984276,unassigned
17079,2,2,0.99843997,unassigned
17080,2,2,0.99999917,unassigned
17081,0,1,0.979365,unassigned
17082,1,1,0.9271235,unassigned
17083,0,0,0.9733165,unassigned
17084,1,1,0.9845093,unassigned
17085,1,1,0.7541108,unassigned
17086,0,0,0.9201162,unassigned
17087,0,1,0.92330813,unassigned
17088,0,0,0.9999876,unassigned
17089,1,2,0.9994355,unassigned
17090,0,0,0.99999976,unassigned
17091,1,1,0.78287965,unassigned
17092,0,0,0.9997826,unassigned
17093,0,2,0.9965689,unassigned
17094,2,1,0.507819,unassigned
17095,0,0,0.99907994,unassigned
17096,2,2,0.9974291,unassigned
17097,0,0,0.99236745,unassigned
17098,2,2,0.99994326,unassigned
17099,2,2,0.7856976,unassigned
17100,2,2,0.7079422,unassigned
17101,1,1,0.67862386,unassigned
17102,1,1,0.7505476,unassigned
17103,2,0,0.65931165,unassigned
17104,2,2,0.93947744,unassigned
17105,1,1,0.76315445,unassigned
17106,2,1,0.77979726,unassigned
17107,2,2,0.9997249,unassigned
17108,2,2,0.9671537,unassigned
17109,0,1,0.99902487,unassigned
17110,2,2,0.9772424,unassigned
17111,2,2,0.8241201,unassigned
17112,2,2,0.97609544,unassigned
17113,2,2,0.9997228,unassigned
17114,0,1,0.5784574,unassigned
17115,1,1,0.9904655,unassigned
17116,1,1,0.9233266,unassigned
17117,2,0,0.93826103,unassigned
17118,2,2,0.99997866,unassigned
17119,1,0,0.94970334,unassigned
17120,0,0,0.99958044,unassigned
17121,2,2,0.9993919,unassigned
17122,2,2,0.9999889,unassigned
17123,2,2,0.98226076,unassigned
17124,2,2,0.99979264,unassigned
17125,2,2,0.98360264,unassigned
17126,2,2,0.9997931,unassigned
17127,1,1,0.9356245,unassigned
17128,2,2,0.9999999,unassigned
17129,1,1,0.99655306,unassigned
17130,0,2,0.84105116,unassigned
17131,2,2,0.72912717,unassigned
17132,1,0,0.7630195,unassigned
17133,2,2,0.9934301,unassigned
17134,2,2,0.49113882,unassigned
17135,0,2,0.96537894,unassigned
17136,2,0,0.85834575,unassigned
17137,2,2,0.97337705,unassigned
17138,0,0,0.8831672,unassigned
17139,1,1,0.94593453,unassigned
17140,1,1,0.69332516,unassigned
17141,0,0,0.9999167,unassigned
17142,2,2,0.94760245,unassigned
17143,2,1,0.66306555,unassigned
17144,1,1,0.99061906,unassigned
17145,1,1,0.9988337,unassigned
17146,2,2,0.9944958,unassigned
17147,2,2,0.9997279,unassigned
17148,2,2,0.94421256,unassigned
17149,1,1,0.9982828,unassigned
17150,1,1,0.8488485,unassigned
17151,1,1,0.99965525,unassigned
17152,1,1,0.81145537,unassigned
17153,1,1,0.9999254,unassigned
17154,0,0,0.98937523,unassigned
17155,1,1,0.88280207,unassigned
17156,0,0,0.9997222,unassigned
17157,1,1,0.9929067,unassigned
17158,2,2,0.9999294,unassigned
17159,2,2,0.99858034,unassigned
17160,0,1,0.707931,unassigned
17161,1,2,0.7930641,unassigned
17162,2,2,0.98449785,unassigned
17163,0,0,0.99981505,unassigned
17164,1,2,0.97634673,unassigned
17165,1,1,0.9967919,unassigned
17166,1,1,0.9997588,unassigned
17167,1,1,0.95741314,unassigned
17168,2,2,0.9960524,unassigned
17169,0,0,0.9967885,unassigned
17170,2,2,0.9982377,unassigned
17171,2,2,0.99714017,unassigned
17172,1,1,0.9256315,unassigned
17173,2,2,0.6474916,unassigned
17174,1,2,0.95305175,unassigned
17175,0,0,0.9664343,unassigned
17176,1,1,0.59755987,unassigned
17177,2,0,0.9314247,unassigned
17178,2,1,0.9379265,unassigned
17179,0,0,0.99999905,unassigned
17180,0,1,0.5554537,unassigned
17181,2,2,0.99979514,unassigned
17182,2,2,0.9950362,unassigned
17183,0,2,0.9574949,unassigned
17184,0,0,0.9999969,unassigned
17185,1,2,0.5925544,unassigned
17186,1,1,0.99083436,unassigned
17187,1,0,0.6100336,unassigned
17188,2,1,0.7977063,unassigned
17189,0,0,0.9995239,unassigned
17190,1,1,0.9787289,unassigned
17191,2,2,0.9186168,unassigned
17192,1,2,0.99872214,unassigned
17193,0,0,0.5274239,unassigned
17194,2,0,0.975932,unassigned
17195,2,2,0.9999995,unassigned
17196,1,1,0.63568455,unassigned
17197,1,1,0.9926883,unassigned
17198,2,2,0.9999982,unassigned
17199,0,0,0.9998895,unassigned
17200,1,1,0.90710455,unassigned
17201,0,0,0.98217106,unassigned
17202,1,1,0.99545634,unassigned
17203,0,0,0.99999774,unassigned
17204,2,1,0.7640014,unassigned
17205,2,2,0.9975319,unassigned
17206,2,2,0.62718403,unassigned
17207,0,2,0.5328534,unassigned
17208,2,2,0.9996824,unassigned
17209,2,2,0.94793266,unassigned
17210,2,2,0.9995566,unassigned
17211,2,1,0.98760843,unassigned
17212,1,2,0.9123549,unassigned
17213,2,2,0.9465537,unassigned
17214,2,2,0.8239882,unassigned
17215,2,1,0.9905804,unassigned
17216,0,0,0.83199304,unassigned
17217,2,2,0.99697256,unassigned
17218,2,2,0.82339555,unassigned
17219,2,2,0.9997011,unassigned
17220,2,0,0.9995704,unassigned
17221,0,0,1.0,unassigned
17222,2,2,0.9997241,unassigned
17223,2,0,0.85234386,unassigned
17224,1,1,0.8011241,unassigned
17225,0,0,0.98728883,unassigned
17226,2,2,0.9992569,unassigned
17227,1,1,0.94931954,unassigned
17228,1,1,0.9489256,unassigned
17229,1,1,0.822498,unassigned
17230,1,1,0.77757615,unassigned
17231,1,0,0.8401876,unassigned
17232,1,1,0.9704658,unassigned
17233,1,1,0.6650475,unassigned
17234,1,0,0.62902015,unassigned
17235,2,1,0.9678255,unassigned
17236,2,2,0.99759054,unassigned
17237,0,0,0.96480054,unassigned
17238,1,2,0.5295643,unassigned
17239,1,1,0.999461,unassigned
17240,1,1,0.73643273,unassigned
17241,0,0,0.99999475,unassigned
17242,2,1,0.9005642,unassigned
17243,1,1,0.5746971,unassigned
17244,1,1,0.9732126,unassigned
17245,2,0,0.9993562,unassigned
17246,1,2,0.96287906,unassigned
17247,1,1,0.99018127,unassigned
17248,2,0,0.9999738,unassigned
17249,1,1,0.98668,unassigned
17250,2,0,0.9906031,unassigned
17251,0,0,0.9998549,unassigned
17252,2,2,0.81791097,unassigned
17253,2,2,0.6897581,unassigned
17254,1,1,0.9941614,unassigned
17255,2,2,0.9999453,unassigned
17256,2,0,0.8853384,unassigned
17257,1,1,0.86454594,unassigned
17258,0,0,0.99619776,unassigned
17259,2,2,0.63161856,unassigned
17260,2,1,0.88987726,unassigned
17261,1,1,0.99755883,unassigned
17262,1,1,0.61079544,unassigned
17263,2,1,0.7603815,unassigned
17264,2,2,0.99017227,unassigned
17265,0,0,0.98603016,unassigned
17266,0,0,0.62797314,unassigned
17267,2,2,0.48922375,unassigned
17268,1,1,0.7102023,unassigned
17269,2,0,0.9995585,unassigned
17270,0,0,0.99803144,unassigned
17271,1,1,0.5997391,unassigned
17272,2,2,0.99986446,unassigned
17273,0,0,1.0,unassigned
17274,1,1,0.7914586,unassigned
17275,2,2,0.7750383,unassigned
17276,0,0,0.99999166,unassigned
17277,1,1,0.9700217,unassigned
17278,2,1,0.6146121,unassigned
17279,2,2,0.9997218,unassigned
17280,2,2,0.999537,unassigned
17281,1,1,0.9990941,unassigned
17282,1,1,0.9896568,unassigned
17283,1,1,0.9981198,unassigned
17284,2,2,0.99749494,unassigned
17285,1,1,0.9898633,unassigned
17286,2,1,0.9900836,unassigned
17287,0,1,0.952405,unassigned
17288,2,2,0.973643,unassigned
17289,0,0,0.99071234,unassigned
17290,0,0,0.9835433,unassigned
17291,0,0,0.9999535,unassigned
17292,1,2,0.9870129,unassigned
17293,1,0,0.9971534,unassigned
17294,0,0,0.7384406,unassigned
17295,1,2,0.8961575,unassigned
17296,1,1,0.9669599,unassigned
17297,0,0,0.9997793,unassigned
17298,1,1,0.92359126,unassigned
17299,2,2,0.9984281,unassigned
17300,2,2,0.9993801,unassigned
17301,2,2,0.98544747,unassigned
17302,2,2,0.964099,unassigned
17303,0,0,0.9972429,unassigned
17304,1,1,0.9683092,unassigned
17305,2,2,0.99963105,unassigned
17306,2,1,0.9675898,unassigned
17307,1,1,0.9662982,unassigned
17308,1,1,0.9998313,unassigned
17309,2,0,0.99588686,unassigned
17310,0,0,0.83785665,unassigned
17311,1,1,0.99637043,unassigned
17312,0,2,0.71519804,unassigned
17313,0,0,0.6158183,unassigned
17314,1,1,0.97432333,unassigned
17315,2,2,1.0,unassigned
17316,2,2,0.59283125,unassigned
17317,2,2,0.9960079,unassigned
17318,1,1,0.99833506,unassigned
17319,2,2,0.9490198,unassigned
17320,1,1,0.80326325,unassigned
17321,0,0,0.83963335,unassigned
17322,2,2,0.9821708,unassigned
17323,1,1,0.9996296,unassigned
17324,2,2,0.9998951,unassigned
17325,0,0,0.9997074,unassigned
17326,0,0,0.9992823,unassigned
17327,2,2,0.99351937,unassigned
17328,1,1,0.99274945,unassigned
17329,1,1,0.9987042,unassigned
17330,2,1,0.99965227,unassigned
17331,2,2,0.9964882,unassigned
17332,2,2,0.9999995,unassigned
17333,2,2,0.99997044,unassigned
17334,0,0,0.992061,unassigned
17335,1,1,0.9220707,unassigned
17336,2,2,0.80688304,unassigned
17337,2,2,0.97841895,unassigned
17338,0,0,0.99999285,unassigned
17339,1,0,0.84696114,unassigned
17340,2,1,0.8376646,unassigned
17341,2,2,0.99995315,unassigned
17342,1,1,0.7172275,unassigned
17343,1,0,0.9008972,unassigned
17344,2,2,0.99988174,unassigned
17345,1,1,0.7425588,unassigned
17346,1,2,0.8725329,unassigned
17347,1,1,0.9705804,unassigned
17348,2,2,0.9996631,unassigned
17349,0,0,0.99999964,unassigned
17350,2,2,0.7823733,unassigned
17351,2,2,0.99999857,unassigned
17352,1,1,0.42817965,unassigned
17353,0,0,0.9988669,unassigned
17354,1,1,0.5834805,unassigned
17355,1,2,0.5496476,unassigned
17356,2,2,0.9983203,unassigned
17357,0,1,0.96717215,unassigned
17358,0,0,0.9991725,unassigned
17359,2,1,0.8238986,unassigned
17360,0,0,0.99998975,unassigned
17361,1,1,0.9372023,unassigned
17362,1,1,0.6005911,unassigned
17363,2,0,0.93051857,unassigned
17364,2,2,0.9794136,unassigned
17365,1,1,1.0,unassigned
17366,1,1,0.981375,unassigned
17367,2,2,0.99989164,unassigned
17368,2,1,0.6595335,unassigned
17369,1,1,0.7860247,unassigned
17370,2,2,0.9995216,unassigned
17371,0,0,0.9999999,unassigned
17372,0,0,0.99999356,unassigned
17373,2,2,0.9852443,unassigned
17374,1,1,0.95384717,unassigned
17375,2,2,0.931449,unassigned
17376,1,2,0.9610681,unassigned
17377,0,0,0.7255267,unassigned
17378,1,0,0.50440335,unassigned
17379,2,2,0.9993611,unassigned
17380,1,1,0.9605721,unassigned
17381,2,2,0.9994419,unassigned
17382,0,0,0.9999999,unassigned
17383,1,1,0.9920711,unassigned
17384,2,1,0.97131807,unassigned
17385,2,2,0.952865,unassigned
17386,1,1,0.917525,unassigned
17387,2,2,0.9958497,unassigned
17388,2,2,0.99216205,unassigned
17389,2,2,0.95198345,unassigned
17390,1,1,0.85578334,unassigned
17391,2,2,0.99089944,unassigned
17392,1,1,0.8539427,unassigned
17393,0,0,0.9952827,unassigned
17394,0,0,0.88133264,unassigned
17395,0,0,0.9999063,unassigned
17396,2,2,0.9906461,unassigned
17397,0,0,0.9444274,unassigned
17398,0,0,0.9610353,unassigned
17399,1,1,0.9993318,unassigned
17400,2,2,0.9997681,unassigned
17401,0,0,0.74273294,unassigned
17402,1,1,0.72531325,unassigned
17403,0,0,0.99999654,unassigned
17404,1,1,0.8053227,unassigned
17405,0,0,0.9984736,unassigned
17406,1,1,0.99962103,unassigned
17407,1,1,0.82095575,unassigned
17408,0,0,0.753538,unassigned
17409,2,2,0.9879987,unassigned
17410,1,2,0.8408306,unassigned
17411,1,1,0.80825126,unassigned
17412,1,1,0.9690258,unassigned
17413,2,2,0.7777592,unassigned
17414,0,0,0.98152655,unassigned
17415,1,1,0.9999969,unassigned
17416,2,2,0.9637079,unassigned
17417,2,2,0.5584622,unassigned
17418,1,1,0.9999708,unassigned
17419,1,1,0.97150314,unassigned
17420,1,1,0.9955824,unassigned
17421,2,2,0.97019917,unassigned
17422,2,1,0.9003566,unassigned
17423,2,2,0.6737457,unassigned
17424,1,1,0.9335297,unassigned
17425,2,2,0.9986343,unassigned
17426,1,1,0.946393,unassigned
17427,1,1,0.60672086,unassigned
17428,1,1,0.6111204,unassigned
17429,1,1,0.91233444,unassigned
17430,1,2,0.88992625,unassigned
17431,1,0,0.93048674,unassigned
17432,1,1,0.95931333,unassigned
17433,1,1,0.997523,unassigned
17434,1,2,0.6909328,unassigned
17435,2,2,0.985978,unassigned
17436,2,2,0.96032315,unassigned
17437,2,0,0.7418355,unassigned
17438,1,1,0.9935341,unassigned
17439,1,1,0.9984151,unassigned
17440,0,0,0.7488117,unassigned
17441,1,1,0.9238143,unassigned
17442,1,1,0.9744452,unassigned
17443,1,1,0.6123937,unassigned
17444,2,0,0.99882203,unassigned
17445,1,1,0.95058334,unassigned
17446,2,1,0.9878149,unassigned
17447,0,0,0.9989919,unassigned
17448,2,0,0.9901107,unassigned
17449,0,0,0.999987,unassigned
17450,1,1,0.84021175,unassigned
17451,0,0,0.9966221,unassigned
17452,2,2,0.94659024,unassigned
17453,0,0,0.99732107,unassigned
17454,0,0,0.7312106,unassigned
17455,2,0,0.9946016,unassigned
17456,1,1,0.66176945,unassigned
17457,2,2,0.72672355,unassigned
17458,2,2,0.96706223,unassigned
17459,1,1,0.97971374,unassigned
17460,0,0,0.4435594,unassigned
17461,2,2,0.9999864,unassigned
17462,0,2,0.9516068,unassigned
17463,0,1,0.48219037,unassigned
17464,0,0,0.9531334,unassigned
17465,2,2,0.9899401,unassigned
17466,1,1,0.8534764,unassigned
17467,2,2,0.9940799,unassigned
17468,2,2,0.9915854,unassigned
17469,0,0,0.99891984,unassigned
17470,2,2,0.9989222,unassigned
17471,2,2,0.51439935,unassigned
17472,2,2,0.80095774,unassigned
17473,1,1,0.610453,unassigned
17474,0,0,0.9915314,unassigned
17475,1,2,0.99018717,unassigned
17476,2,2,0.7890551,unassigned
17477,2,2,0.9999709,unassigned
17478,1,1,0.9997346,unassigned
17479,1,1,0.8640986,unassigned
17480,2,2,0.9998307,unassigned
17481,2,2,0.99872464,unassigned
17482,0,0,0.5730049,unassigned
17483,0,2,0.9887007,unassigned
17484,1,2,0.5033439,unassigned
17485,2,1,0.9033317,unassigned
17486,1,1,0.67510337,unassigned
17487,1,1,0.95899844,unassigned
17488,1,0,0.5243159,unassigned
17489,2,0,0.99099696,unassigned
17490,1,1,0.9781547,unassigned
17491,2,2,0.9224085,unassigned
17492,2,2,0.96028453,unassigned
17493,2,2,1.0,unassigned
17494,2,2,0.95485693,unassigned
17495,2,0,0.7680929,unassigned
17496,0,0,0.9999869,unassigned
17497,1,1,0.89210826,unassigned
17498,1,2,0.91938907,unassigned
17499,1,1,0.99999905,unassigned
17500,2,2,0.9997092,unassigned
17501,0,1,0.7130783,unassigned
17502,2,0,0.99126184,unassigned
17503,1,1,0.9951563,unassigned
17504,1,0,0.9403257,unassigned
17505,1,1,0.96714836,unassigned
17506,1,1,0.8846706,unassigned
17507,0,0,0.9997856,unassigned
17508,0,1,0.9988477,unassigned
17509,1,1,0.9797711,unassigned
17510,1,1,0.993668,unassigned
17511,0,0,0.9701408,unassigned
17512,2,0,0.5781898,unassigned
17513,1,1,0.9677866,unassigned
17514,2,2,0.9995938,unassigned
17515,1,1,0.87745917,unassigned
17516,2,2,0.98912233,unassigned
17517,0,0,0.80659515,unassigned
17518,1,1,0.97055286,unassigned
17519,2,2,0.99719846,unassigned
17520,1,2,0.95410895,unassigned
17521,1,1,0.6468937,unassigned
17522,2,2,0.99995077,unassigned
17523,2,1,0.74068326,unassigned
17524,1,1,0.75747854,unassigned
17525,1,1,0.99742484,unassigned
17526,2,1,0.9928698,unassigned
17527,1,1,0.6536236,unassigned
17528,2,2,0.96233326,unassigned
17529,2,0,0.8086046,unassigned
17530,2,0,0.44583067,unassigned
17531,2,2,0.9915701,unassigned
17532,2,2,0.77437025,unassigned
17533,0,0,0.8971854,unassigned
17534,2,1,0.5884862,unassigned
17535,2,2,0.9380691,unassigned
17536,0,0,0.9853033,unassigned
17537,1,1,0.8016304,unassigned
17538,1,0,0.49573204,unassigned
17539,2,1,0.67270225,unassigned
17540,0,0,0.99998736,unassigned
17541,2,2,0.61652637,unassigned
17542,2,2,0.9644721,unassigned
17543,1,1,0.88350976,unassigned
17544,1,1,0.99694556,unassigned
17545,1,2,0.5739661,unassigned
17546,2,2,0.8261104,unassigned
17547,2,1,0.8539335,unassigned
17548,1,2,0.97659713,unassigned
17549,1,0,0.90872806,unassigned
17550,1,0,0.6281634,unassigned
17551,0,0,0.9993401,unassigned
17552,2,2,0.9354725,unassigned
17553,0,0,0.99470705,unassigned
17554,1,1,0.9242761,unassigned
17555,2,1,0.5308525,unassigned
17556,0,0,0.9763959,unassigned
17557,0,0,0.9678907,unassigned
17558,2,1,0.5737715,unassigned
17559,1,1,0.9844185,unassigned
17560,2,2,0.998589,unassigned
17561,0,0,0.99841654,unassigned
17562,2,2,0.70960224,unassigned
17563,0,0,0.9856959,unassigned
17564,0,0,0.99997485,unassigned
17565,2,2,0.57879865,unassigned
17566,1,1,0.97819567,unassigned
17567,0,0,0.9971373,unassigned
17568,0,0,0.9921968,unassigned
17569,1,1,0.7556106,unassigned
17570,1,1,0.95098174,unassigned
17571,1,1,0.98620564,unassigned
17572,2,2,0.998966,unassigned
17573,2,2,1.0,unassigned
17574,1,1,0.9956482,unassigned
17575,2,2,0.73283136,unassigned
17576,2,2,0.9994004,unassigned
17577,2,2,0.5725241,unassigned
17578,1,1,0.60271,unassigned
17579,2,2,0.93966335,unassigned
17580,0,0,0.9992279,unassigned
17581,2,2,0.99043864,unassigned
17582,1,1,0.9985851,unassigned
17583,2,0,0.62164974,unassigned
17584,2,2,0.99878734,unassigned
17585,2,2,0.83817273,unassigned
17586,1,1,0.9959669,unassigned
17587,2,2,0.9995459,unassigned
17588,0,0,0.99991095,unassigned
17589,2,1,0.9980502,unassigned
17590,1,1,0.9980877,unassigned
17591,0,0,1.0,unassigned
17592,2,2,1.0,unassigned
17593,1,1,0.9899711,unassigned
17594,0,0,0.9997677,unassigned
17595,2,1,0.93615115,unassigned
17596,1,2,0.9999988,unassigned
17597,0,0,0.99480563,unassigned
17598,2,1,0.66683793,unassigned
17599,2,2,0.90669656,unassigned
17600,1,1,0.9976743,unassigned
17601,0,0,0.98228097,unassigned
17602,0,0,0.9993729,unassigned
17603,1,1,0.78205526,unassigned
17604,1,1,0.96976376,unassigned
17605,2,2,0.98810506,unassigned
17606,1,0,0.99630725,unassigned
17607,2,0,0.8504842,unassigned
17608,2,2,0.95176476,unassigned
17609,0,0,0.9982681,unassigned
17610,1,1,0.49988207,unassigned
17611,2,2,0.7552544,unassigned
17612,0,0,0.9999844,unassigned
17613,2,0,0.82528704,unassigned
17614,2,2,0.99876773,unassigned
17615,2,2,0.99323905,unassigned
17616,2,2,0.9999728,unassigned
17617,2,2,0.99307233,unassigned
17618,2,2,0.99879384,unassigned
17619,0,0,0.99999654,unassigned
17620,2,2,0.95623994,unassigned
17621,0,0,0.9999913,unassigned
17622,2,2,0.9999999,unassigned
17623,0,0,0.99999404,unassigned
17624,2,2,0.999218,unassigned
17625,2,2,0.8588172,unassigned
17626,1,0,0.594163,unassigned
17627,1,0,0.75879955,unassigned
17628,1,1,0.9931451,unassigned
17629,0,1,0.952153,unassigned
17630,1,1,0.9854152,unassigned
17631,2,1,0.9344144,unassigned
17632,2,0,0.9194807,unassigned
17633,2,2,0.8332413,unassigned
17634,1,1,0.95985526,unassigned
17635,1,1,0.8839001,unassigned
17636,2,1,0.8893681,unassigned
17637,2,2,0.9979825,unassigned
17638,1,1,0.8444971,unassigned
17639,2,2,0.99204564,unassigned
17640,2,2,0.9650091,unassigned
17641,1,1,0.8698656,unassigned
17642,2,2,0.99910706,unassigned
17643,2,2,0.7923063,unassigned
17644,0,1,0.8838074,unassigned
17645,1,1,0.9999175,unassigned
17646,0,0,0.999967,unassigned
17647,1,1,0.96020573,unassigned
17648,2,2,0.9984804,unassigned
17649,2,0,0.82997257,unassigned
17650,2,2,0.6814677,unassigned
17651,1,1,0.8664946,unassigned
17652,1,1,0.9924556,unassigned
17653,2,2,1.0,unassigned
17654,2,1,0.9535542,unassigned
17655,2,1,0.6828684,unassigned
17656,0,0,0.9999995,unassigned
17657,1,2,0.9651398,unassigned
17658,1,0,0.8167016,unassigned
17659,1,1,0.9976004,unassigned
17660,2,2,0.57597286,unassigned
17661,1,1,0.88350457,unassigned
17662,1,1,0.7805482,unassigned
17663,2,0,0.9962,unassigned
17664,2,2,0.9998529,unassigned
17665,0,0,0.8472306,unassigned
17666,2,1,0.89929485,unassigned
17667,0,0,0.88334554,unassigned
17668,1,1,0.54855776,unassigned
17669,0,0,0.6498103,unassigned
17670,2,1,0.9975395,unassigned
17671,2,2,0.998161,unassigned
17672,2,2,0.878098,unassigned
17673,0,0,0.99999976,unassigned
17674,2,2,0.99836284,unassigned
17675,2,2,0.99061805,unassigned
17676,2,2,0.7317386,unassigned
17677,2,2,0.999995,unassigned
17678,0,0,0.9907527,unassigned
17679,2,2,0.99897456,unassigned
17680,2,1,0.8827285,unassigned
17681,1,1,0.7439658,unassigned
17682,1,2,0.99692935,unassigned
17683,1,1,0.8945157,unassigned
17684,1,1,0.9858029,unassigned
17685,2,2,0.8259004,unassigned
17686,1,2,0.6665543,unassigned
17687,1,1,0.9999031,unassigned
17688,1,1,0.93171555,unassigned
17689,0,1,0.563485,unassigned
17690,0,1,0.8419925,unassigned
17691,0,0,0.9997471,unassigned
17692,0,0,0.9981844,unassigned
17693,0,0,0.9991111,unassigned
17694,2,2,0.79778135,unassigned
17695,1,1,0.5499697,unassigned
17696,2,2,0.99915266,unassigned
17697,1,1,0.6300302,unassigned
17698,1,1,0.9891159,unassigned
17699,2,2,0.89520156,unassigned
17700,2,2,0.99679714,unassigned
17701,2,2,0.91311383,unassigned
17702,1,1,0.9795434,unassigned
17703,2,2,0.9997354,unassigned
17704,1,1,0.7700074,unassigned
17705,1,1,0.95514315,unassigned
17706,1,0,0.9095953,unassigned
17707,1,2,0.6438805,unassigned
17708,2,1,0.5375474,unassigned
17709,1,1,0.9856431,unassigned
17710,0,0,0.99917465,unassigned
17711,2,0,0.9850781,unassigned
17712,0,0,0.9983747,unassigned
17713,1,1,0.743513,unassigned
17714,2,2,0.99722004,unassigned
17715,1,1,0.9807746,unassigned
17716,2,2,0.9317127,unassigned
17717,1,1,0.98787004,unassigned
17718,0,0,0.94347,unassigned
17719,2,2,0.6689147,unassigned
17720,0,0,0.95758957,unassigned
17721,1,1,0.98952055,unassigned
17722,1,1,0.7950279,unassigned
17723,0,0,0.99999905,unassigned
17724,1,1,0.9684889,unassigned
17725,2,2,0.9997328,unassigned
17726,2,2,0.9998622,unassigned
17727,2,1,0.8436857,unassigned
17728,2,1,0.6697591,unassigned
17729,1,1,0.92091024,unassigned
17730,2,2,0.99823207,unassigned
17731,2,2,0.99996114,unassigned
17732,2,2,0.9105092,unassigned
17733,0,0,0.99987304,unassigned
17734,1,1,0.9122432,unassigned
17735,1,0,0.8906864,unassigned
17736,1,1,0.9982993,unassigned
17737,2,2,0.9962256,unassigned
17738,0,0,0.9933415,unassigned
17739,0,0,0.99999416,unassigned
17740,2,0,0.9983199,unassigned
17741,2,2,0.99565095,unassigned
17742,1,2,0.9992874,unassigned
17743,2,2,0.74737656,unassigned
17744,2,1,0.91548306,unassigned
17745,0,0,0.7073562,unassigned
17746,2,2,0.9992423,unassigned
17747,0,0,0.9192327,unassigned
17748,1,1,0.9139781,unassigned
17749,2,2,0.9857109,unassigned
17750,2,2,0.9993686,unassigned
17751,1,1,0.9993467,unassigned
17752,2,1,0.93427503,unassigned
17753,1,1,0.7297424,unassigned
17754,2,2,0.9994844,unassigned
17755,2,2,0.87442076,unassigned
17756,0,0,0.9994254,unassigned
17757,2,2,0.9999995,unassigned
17758,1,1,0.89541286,unassigned
17759,2,2,0.8839299,unassigned
17760,0,0,0.70707154,unassigned
17761,1,1,0.97466284,unassigned
17762,1,1,0.80957353,unassigned
17763,2,2,0.9999219,unassigned
17764,1,1,0.9841138,unassigned
17765,2,2,0.99852955,unassigned
17766,1,0,0.97410595,unassigned
17767,0,0,0.9999999,unassigned
17768,1,1,0.98582363,unassigned
17769,1,2,0.7520619,unassigned
17770,2,2,0.9071731,unassigned
17771,1,1,0.95773375,unassigned
17772,1,1,0.9819614,unassigned
17773,0,1,0.5157507,unassigned
17774,0,0,0.9999982,unassigned
17775,2,2,0.99896884,unassigned
17776,0,0,0.99953544,unassigned
17777,2,2,0.9995515,unassigned
17778,0,0,0.99748296,unassigned
17779,2,2,0.94767994,unassigned
17780,0,0,0.90993094,unassigned
17781,2,2,0.965149,unassigned
17782,1,1,0.89964545,unassigned
17783,2,2,0.99864596,unassigned
17784,2,2,0.9826125,unassigned
17785,0,2,0.9998159,unassigned
17786,1,1,0.6875518,unassigned
17787,0,0,0.9997315,unassigned
17788,0,0,0.99999964,unassigned
17789,1,1,0.88183826,unassigned
17790,0,0,0.99179405,unassigned
17791,0,2,0.69039226,unassigned
17792,0,0,0.9972445,unassigned
17793,1,1,0.9651684,unassigned
17794,0,0,0.99996424,unassigned
17795,1,1,0.63685757,unassigned
17796,0,0,0.97878164,unassigned
17797,1,0,0.9972662,unassigned
17798,0,0,0.86717206,unassigned
17799,1,1,0.53194624,unassigned
17800,1,1,0.6433216,unassigned
17801,2,2,0.97041714,unassigned
17802,2,2,0.9989478,unassigned
17803,2,2,0.999754,unassigned
17804,1,2,0.50325084,unassigned
17805,1,2,0.74860656,unassigned
17806,0,0,0.99336797,unassigned
17807,2,2,0.7905221,unassigned
17808,0,0,0.99542737,unassigned
17809,2,1,0.83838814,unassigned
17810,1,1,0.98396343,unassigned
17811,1,1,0.9823047,unassigned
17812,0,0,0.47312376,unassigned
17813,1,1,0.9977793,unassigned
17814,2,2,0.99988127,unassigned
17815,2,2,0.9999484,unassigned
17816,2,2,0.9992878,unassigned
17817,1,1,0.97030616,unassigned
17818,2,2,0.99006325,unassigned
17819,2,2,1.0,unassigned
17820,2,2,0.9935703,unassigned
17821,2,2,0.99732083,unassigned
17822,1,2,0.99812716,unassigned
17823,0,0,0.99625444,unassigned
17824,2,2,0.99999726,unassigned
17825,2,2,0.96624947,unassigned
17826,0,0,0.8345575,unassigned
17827,1,1,0.9644337,unassigned
17828,2,0,0.8838377,unassigned
17829,1,1,0.7374137,unassigned
17830,1,0,0.9968078,unassigned
17831,1,1,0.494231,unassigned
17832,2,0,0.97179645,unassigned
17833,1,1,0.95556825,unassigned
17834,0,0,0.8063332,unassigned
17835,0,0,0.82766914,unassigned
17836,1,1,0.5637798,unassigned
17837,2,2,0.5297881,unassigned
17838,2,2,0.76950127,unassigned
17839,2,2,0.9766615,unassigned
17840,1,2,0.98179376,unassigned
17841,2,2,0.9999119,unassigned
17842,0,0,0.9893801,unassigned
17843,2,2,0.9923671,unassigned
17844,1,1,0.6739655,unassigned
17845,0,0,0.9938299,unassigned
17846,1,1,0.97422093,unassigned
17847,2,2,0.9999738,unassigned
17848,1,1,0.81810945,unassigned
17849,1,1,0.91623753,unassigned
17850,2,2,0.9991571,unassigned
17851,0,0,0.9996445,unassigned
17852,0,0,0.99991035,unassigned
17853,2,2,0.9959462,unassigned
17854,2,2,0.73406965,unassigned
17855,2,2,0.9997118,unassigned
17856,2,2,0.9998398,unassigned
17857,1,1,0.9793178,unassigned
17858,2,2,0.999985,unassigned
17859,2,2,0.9998079,unassigned
17860,1,0,0.8610946,unassigned
17861,0,0,0.85103065,unassigned
17862,2,0,0.94458455,unassigned
17863,2,2,0.9904295,unassigned
17864,1,1,0.866216,unassigned
17865,0,0,0.99980277,unassigned
17866,1,1,0.6842442,unassigned
17867,1,1,0.95352244,unassigned
17868,1,1,0.95834494,unassigned
17869,1,1,0.99138004,unassigned
17870,2,2,0.39000586,unassigned
17871,1,2,0.8625914,unassigned
17872,1,1,0.7947757,unassigned
17873,2,2,0.73654044,unassigned
17874,1,1,0.9922781,unassigned
17875,2,2,0.9999895,unassigned
17876,0,0,0.99999857,unassigned
17877,1,1,0.7561633,unassigned
17878,0,0,0.81734854,unassigned
17879,1,1,0.82649267,unassigned
17880,1,2,0.87898284,unassigned
17881,0,0,0.97519547,unassigned
17882,0,0,0.9990675,unassigned
17883,1,1,0.72494775,unassigned
17884,1,2,0.95120734,unassigned
17885,2,2,0.8877289,unassigned
17886,1,1,0.73532003,unassigned
17887,2,2,0.9973592,unassigned
17888,0,0,0.9333865,unassigned
17889,2,2,0.99838877,unassigned
17890,2,2,0.7824859,unassigned
17891,1,1,0.83840656,unassigned
17892,1,1,0.98854584,unassigned
17893,2,1,0.975858,unassigned
17894,1,2,0.9851939,unassigned
17895,1,1,0.9737552,unassigned
17896,0,1,0.6801577,unassigned
17897,2,2,0.9998196,unassigned
17898,1,1,0.9665671,unassigned
17899,2,2,1.0,unassigned
17900,2,0,0.9932701,unassigned
17901,2,2,0.8784556,unassigned
17902,0,0,0.99431807,unassigned
17903,1,1,0.88329554,unassigned
17904,0,0,0.862031,unassigned
17905,2,0,0.6334803,unassigned
17906,2,2,0.999479,unassigned
17907,2,2,0.9887245,unassigned
17908,2,2,0.9897007,unassigned
17909,0,0,0.9779716,unassigned
17910,1,0,0.9501629,unassigned
17911,0,0,0.99996495,unassigned
17912,0,0,1.0,unassigned
17913,2,0,0.96106017,unassigned
17914,2,0,0.99953663,unassigned
17915,0,0,0.9950878,unassigned
17916,1,0,0.9811257,unassigned
17917,0,0,0.99999976,unassigned
17918,2,1,0.59647125,unassigned
17919,1,1,0.9995951,unassigned
17920,0,0,0.6930451,unassigned
17921,1,0,0.9136323,unassigned
17922,1,1,0.97963333,unassigned
17923,1,1,0.9321674,unassigned
17924,1,1,0.99955076,unassigned
17925,2,2,0.53423417,unassigned
17926,2,2,0.9981446,unassigned
17927,0,2,0.9880463,unassigned
17928,0,0,0.99954754,unassigned
17929,1,1,0.891431,unassigned
17930,2,2,0.52457815,unassigned
17931,2,2,0.99978954,unassigned
17932,2,2,1.0,unassigned
17933,2,2,0.99999905,unassigned
17934,2,1,0.7929768,unassigned
17935,0,0,0.99989414,unassigned
17936,1,1,0.9760745,unassigned
17937,0,0,0.9999962,unassigned
17938,0,0,0.9966761,unassigned
17939,0,1,0.8886331,unassigned
17940,2,2,0.99936765,unassigned
17941,2,2,0.99968565,unassigned
17942,0,0,0.9999782,unassigned
17943,1,1,0.80252826,unassigned
17944,0,0,0.9971396,unassigned
17945,0,0,0.9155822,unassigned
17946,1,1,0.82658184,unassigned
17947,1,0,0.92168975,unassigned
17948,2,2,0.96355313,unassigned
17949,1,1,0.9848685,unassigned
17950,0,0,0.99988365,unassigned
17951,2,2,0.99611926,unassigned
17952,0,0,0.99994326,unassigned
17953,0,0,0.94941515,unassigned
17954,2,2,0.99992895,unassigned
17955,1,1,0.997747,unassigned
17956,1,1,0.9224914,unassigned
17957,1,1,0.9948624,unassigned
17958,2,2,0.99837816,unassigned
17959,1,1,0.9045443,unassigned
17960,0,0,0.8941123,unassigned
17961,1,1,0.9990138,unassigned
17962,1,1,0.9268861,unassigned
17963,2,2,0.9897698,unassigned
17964,1,1,0.786968,unassigned
17965,1,1,0.99999523,unassigned
17966,2,2,0.5512271,unassigned
17967,1,1,0.86724,unassigned
17968,2,1,0.55519885,unassigned
17969,1,1,0.9863426,unassigned
17970,0,0,0.795085,unassigned
17971,2,2,0.88268846,unassigned
17972,1,1,0.96345776,unassigned
17973,1,1,0.98597115,unassigned
17974,2,0,0.6455343,unassigned
17975,1,1,0.9063752,unassigned
17976,0,0,0.99993086,unassigned
17977,2,2,0.9791272,unassigned
17978,0,1,0.5920106,unassigned
17979,2,2,0.9978258,unassigned
17980,0,0,0.99943334,unassigned
17981,1,1,0.98397315,unassigned
17982,1,1,0.99994004,unassigned
17983,0,0,0.7589149,unassigned
17984,1,1,0.99588335,unassigned
17985,0,0,0.99999905,unassigned
17986,2,1,0.5727404,unassigned
17987,0,0,0.99104184,unassigned
17988,2,2,0.9999951,unassigned
17989,1,1,0.98363596,unassigned
17990,2,2,0.74012464,unassigned
17991,1,1,0.7079837,unassigned
17992,2,1,0.50839907,unassigned
17993,2,1,0.6721574,unassigned
17994,1,1,0.62385005,unassigned
17995,2,2,0.99951565,unassigned
17996,2,2,0.56926006,unassigned
17997,0,0,0.9997671,unassigned
17998,2,0,0.96414983,unassigned
17999,1,1,0.8528482,unassigned
18000,2,2,0.9955142,unassigned
18001,1,2,0.5542879,unassigned
18002,2,1,0.72662336,unassigned
18003,2,0,0.86824614,unassigned
18004,2,2,0.9982002,unassigned
18005,1,1,0.9842621,unassigned
18006,2,2,0.9998394,unassigned
18007,2,0,0.99846965,unassigned
18008,1,2,0.6985607,unassigned
18009,1,2,0.9985114,unassigned
18010,0,0,0.99985087,unassigned
18011,0,0,0.9999969,unassigned
18012,1,1,0.9944213,unassigned
18013,0,1,0.95767593,unassigned
18014,0,2,0.95258236,unassigned
18015,1,1,0.52806854,unassigned
18016,1,1,0.978311,unassigned
18017,1,0,0.9985813,unassigned
18018,2,0,0.91073334,unassigned
18019,1,2,0.9966203,unassigned
18020,1,1,0.5228693,unassigned
18021,2,2,0.9989579,unassigned
18022,2,2,0.99054444,unassigned
18023,2,2,0.99932027,unassigned
18024,2,2,0.9992906,unassigned
18025,1,2,0.7277865,unassigned
18026,0,0,0.9564605,unassigned
18027,2,2,0.9416021,unassigned
18028,1,1,0.976872,unassigned
18029,2,2,0.98201376,unassigned
18030,1,1,0.969334,unassigned
18031,2,0,0.4561643,unassigned
18032,1,1,0.99900514,unassigned
18033,2,2,0.98856574,unassigned
18034,0,0,0.9962369,unassigned
18035,2,1,0.99950063,unassigned
18036,2,2,0.80861217,unassigned
18037,0,0,0.9931728,unassigned
18038,0,0,0.9123971,unassigned
18039,1,1,0.7155849,unassigned
18040,2,2,0.99999964,unassigned
18041,2,2,0.7845679,unassigned
18042,0,2,0.8836384,unassigned
18043,1,1,0.98500985,unassigned
18044,2,2,0.9836638,unassigned
18045,0,0,0.99936444,unassigned
18046,1,1,0.98441863,unassigned
18047,2,2,0.98553514,unassigned
18048,1,0,0.9999441,unassigned
18049,1,1,0.9948571,unassigned
18050,0,0,0.99999154,unassigned
18051,1,1,0.9665867,unassigned
18052,1,1,0.9110077,unassigned
18053,0,2,0.99933076,unassigned
18054,1,1,0.99358034,unassigned
18055,0,1,0.98208296,unassigned
18056,2,1,0.6456846,unassigned
18057,0,0,0.99997973,unassigned
18058,1,1,0.9998504,unassigned
18059,0,0,0.9996958,unassigned
18060,1,1,0.5858968,unassigned
18061,2,2,0.87302285,unassigned
18062,2,2,0.9910458,unassigned
18063,0,0,0.9992842,unassigned
18064,0,0,0.9927297,unassigned
18065,2,2,0.9999913,unassigned
18066,2,2,0.4787177,unassigned
18067,1,1,0.981998,unassigned
18068,2,0,0.9998727,unassigned
18069,1,1,0.92813456,unassigned
18070,1,1,0.62395895,unassigned
18071,2,2,0.99949,unassigned
18072,1,1,0.9984403,unassigned
18073,0,0,0.90929073,unassigned
18074,1,1,0.9406639,unassigned
18075,0,0,0.9995123,unassigned
18076,1,0,0.9504098,unassigned
18077,1,1,0.5390012,unassigned
18078,1,1,0.78238535,unassigned
18079,0,0,0.9880626,unassigned
18080,1,1,0.9795083,unassigned
18081,1,1,0.9538605,unassigned
18082,1,0,0.9923131,unassigned
18083,0,0,0.843514,unassigned
18084,0,0,0.9307614,unassigned
18085,1,0,0.96046335,unassigned
18086,1,1,0.9464459,unassigned
18087,1,0,0.99985135,unassigned
18088,2,2,0.53302187,unassigned
18089,2,2,0.98100865,unassigned
18090,1,2,0.7405967,unassigned
18091,1,1,0.9896026,unassigned
18092,1,1,0.7863526,unassigned
18093,1,1,0.9739794,unassigned
18094,2,2,0.99722916,unassigned
18095,1,2,0.82062894,unassigned
18096,1,2,0.76648486,unassigned
18097,0,0,0.9301529,unassigned
18098,2,2,0.97027606,unassigned
18099,2,0,0.96390444,unassigned
18100,0,2,0.9991061,unassigned
18101,0,0,0.99339396,unassigned
18102,0,0,0.9748286,unassigned
18103,0,0,0.9957339,unassigned
18104,0,0,0.9278259,unassigned
18105,2,2,0.9976981,unassigned
18106,2,2,0.9990878,unassigned
18107,2,2,0.99597037,unassigned
18108,0,0,0.99972636,unassigned
18109,2,2,0.9983059,unassigned
18110,1,2,0.53785414,unassigned
18111,1,1,0.85520107,unassigned
18112,2,1,0.76656646,unassigned
18113,2,2,0.98619497,unassigned
18114,1,1,0.9930394,unassigned
18115,1,0,0.9579839,unassigned
18116,1,1,0.7220694,unassigned
18117,2,2,0.96917826,unassigned
18118,2,2,0.9998031,unassigned
18119,1,1,0.6865548,unassigned
18120,1,1,0.9424768,unassigned
18121,0,2,0.99950445,unassigned
18122,1,1,0.8985279,unassigned
18123,0,2,0.9381032,unassigned
18124,2,2,0.8993959,unassigned
18125,1,0,0.9451829,unassigned
18126,2,0,0.9253339,unassigned
18127,1,1,0.8773899,unassigned
18128,2,1,0.94311583,unassigned
18129,2,2,0.8320616,unassigned
18130,2,2,0.99958473,unassigned
18131,2,1,0.96975636,unassigned
18132,2,2,0.8088457,unassigned
18133,0,1,0.90561986,unassigned
18134,2,2,0.771358,unassigned
18135,0,1,0.65383893,unassigned
18136,0,0,0.77999264,unassigned
18137,1,2,0.9331564,unassigned
18138,0,2,0.9998481,unassigned
18139,1,1,0.9919817,unassigned
18140,1,1,0.74197686,unassigned
18141,0,2,0.99908566,unassigned
18142,2,2,0.99400043,unassigned
18143,0,0,0.9999875,unassigned
18144,1,1,0.98418057,unassigned
18145,1,1,0.9995882,unassigned
18146,0,0,0.99934334,unassigned
18147,0,0,0.9891394,unassigned
18148,2,2,0.8740832,unassigned
18149,1,1,0.9940556,unassigned
18150,1,1,0.9270586,unassigned
18151,2,1,0.70272994,unassigned
18152,1,1,0.8973595,unassigned
18153,2,2,0.92997366,unassigned
18154,1,1,0.99722457,unassigned
18155,1,2,0.6115136,unassigned
18156,2,2,0.9971846,unassigned
18157,2,2,0.9959384,unassigned
18158,2,0,0.91118366,unassigned
18159,2,2,0.99841785,unassigned
18160,2,2,0.93485385,unassigned
18161,2,2,0.9553518,unassigned
18162,1,1,0.7739508,unassigned
18163,1,1,0.98342186,unassigned
18164,1,1,0.99892336,unassigned
18165,2,2,0.98754406,unassigned
18166,0,0,0.9997913,unassigned
18167,1,1,0.99816245,unassigned
18168,2,2,0.76234263,unassigned
18169,1,2,0.9995437,unassigned
18170,1,1,0.83464336,unassigned
18171,0,1,0.53660417,unassigned
18172,2,2,0.8642682,unassigned
18173,2,2,0.98260444,unassigned
18174,1,1,0.9890947,unassigned
18175,0,2,0.9936592,unassigned
18176,2,1,0.6347589,unassigned
18177,1,2,0.7424375,unassigned
18178,1,0,0.99996424,unassigned
18179,2,0,0.63357955,unassigned
18180,0,0,0.98140955,unassigned
18181,1,1,0.9950966,unassigned
18182,1,2,0.61927,unassigned
18183,1,2,0.72239405,unassigned
18184,1,2,0.65753204,unassigned
18185,0,0,0.986761,unassigned
18186,2,2,0.9713525,unassigned
18187,2,2,0.9883803,unassigned
18188,2,2,0.99895096,unassigned
18189,0,0,0.99966764,unassigned
18190,1,1,0.98628193,unassigned
18191,1,0,0.98907685,unassigned
18192,1,1,0.54427683,unassigned
18193,0,0,0.9911877,unassigned
18194,0,0,0.6365993,unassigned
18195,0,0,0.9999759,unassigned
18196,1,1,0.99995244,unassigned
18197,2,2,0.9963031,unassigned
18198,1,2,0.764277,unassigned
18199,1,1,0.9990546,unassigned
18200,1,1,0.94635266,unassigned
18201,1,1,0.90562665,unassigned
18202,0,0,0.9999049,unassigned
18203,2,2,0.9995685,unassigned
18204,1,1,0.9324936,unassigned
18205,1,2,0.9658613,unassigned
18206,2,2,0.9456613,unassigned
18207,2,1,0.523398,unassigned
18208,2,0,0.95021033,unassigned
18209,0,0,0.9999008,unassigned
18210,0,1,0.8008177,unassigned
18211,1,1,0.9111203,unassigned
18212,1,1,0.9908284,unassigned
18213,0,0,0.91757816,unassigned
18214,1,0,0.5274284,unassigned
18215,0,0,0.99999845,unassigned
18216,2,2,1.0,unassigned
18217,0,0,0.9999609,unassigned
18218,0,1,0.5860257,unassigned
18219,2,2,0.8339506,unassigned
18220,0,0,0.99987435,unassigned
18221,1,1,0.98567355,unassigned
18222,1,1,0.9313466,unassigned
18223,2,2,0.6172321,unassigned
18224,1,1,0.893545,unassigned
18225,0,0,0.99998486,unassigned
18226,2,2,0.93738127,unassigned
18227,1,1,0.9907685,unassigned
18228,2,2,0.9995401,unassigned
18229,1,1,0.74315494,unassigned
18230,0,0,0.9996859,unassigned
18231,0,0,0.9869381,unassigned
18232,1,1,0.9873465,unassigned
18233,1,1,0.99624205,unassigned
18234,2,2,0.99105537,unassigned
18235,0,2,0.69308776,unassigned
18236,1,1,0.9221691,unassigned
18237,0,2,0.63464427,unassigned
18238,2,2,0.9444478,unassigned
18239,0,2,0.5524413,unassigned
18240,2,2,0.99982136,unassigned
18241,2,2,0.88526255,unassigned
18242,1,1,0.9939526,unassigned
18243,1,2,0.8859837,unassigned
18244,2,2,0.9858782,unassigned
18245,1,1,0.9996536,unassigned
18246,1,0,0.9198217,unassigned
18247,1,1,0.9515902,unassigned
18248,2,1,0.7981274,unassigned
18249,2,2,0.9914234,unassigned
18250,2,2,0.9999994,unassigned
18251,1,1,0.6966366,unassigned
18252,1,1,0.5316335,unassigned
18253,0,0,0.97266024,unassigned
18254,2,2,0.999933,unassigned
18255,2,2,0.9910644,unassigned
18256,2,2,0.99969006,unassigned
18257,0,0,0.9927275,unassigned
18258,1,1,0.89796746,unassigned
18259,1,1,0.52526605,unassigned
18260,2,2,0.9998425,unassigned
18261,1,1,0.9914179,unassigned
18262,2,2,0.9926139,unassigned
18263,0,0,0.99999905,unassigned
18264,2,2,0.99996114,unassigned
18265,1,2,0.5430629,unassigned
18266,0,0,0.999992,unassigned
18267,1,1,0.9927608,unassigned
18268,2,2,0.985768,unassigned
18269,2,2,0.7529106,unassigned
18270,1,2,0.9998246,unassigned
18271,2,2,0.99904877,unassigned
18272,1,1,0.99238247,unassigned
18273,1,0,0.80674314,unassigned
18274,2,2,0.9971234,unassigned
18275,2,2,0.99759406,unassigned
18276,0,0,0.9922214,unassigned
18277,1,1,0.9176894,unassigned
18278,0,0,0.99851066,unassigned
18279,1,2,0.8981654,unassigned
18280,0,0,0.99997413,unassigned
18281,1,1,0.9799913,unassigned
18282,0,2,0.99902725,unassigned
18283,0,0,0.99978024,unassigned
18284,0,1,0.88567257,unassigned
18285,0,0,0.6167632,unassigned
18286,1,1,0.9969913,unassigned
18287,1,1,0.9622603,unassigned
18288,1,1,0.971457,unassigned
18289,2,1,0.8447028,unassigned
18290,2,1,0.8499715,unassigned
18291,1,1,0.980717,unassigned
18292,0,0,0.9124733,unassigned
18293,0,0,0.8330303,unassigned
18294,2,2,0.99869186,unassigned
18295,2,0,0.51240355,unassigned
18296,2,2,0.9982938,unassigned
18297,0,0,0.97571427,unassigned
18298,1,1,0.93799675,unassigned
18299,1,1,0.9809584,unassigned
18300,1,1,0.9403527,unassigned
18301,2,2,0.996825,unassigned
18302,0,0,0.99519724,unassigned
18303,1,1,0.7885354,unassigned
18304,2,2,0.9999504,unassigned
18305,2,2,0.99731714,unassigned
18306,2,1,0.8823016,unassigned
18307,2,2,0.99954873,unassigned
18308,2,2,0.5953274,unassigned
18309,2,2,0.9994622,unassigned
18310,2,2,0.9999988,unassigned
18311,2,1,0.7228442,unassigned
18312,0,0,0.98063517,unassigned
18313,2,0,0.8958042,unassigned
18314,2,0,0.9031715,unassigned
18315,2,2,0.99999976,unassigned
18316,2,2,0.9999807,unassigned
18317,1,1,0.546868,unassigned
18318,1,1,0.63585764,unassigned
18319,2,2,0.99983966,unassigned
18320,2,2,0.99998426,unassigned
18321,0,0,0.99701935,unassigned
18322,1,1,0.9243523,unassigned
18323,2,2,0.99984586,unassigned
18324,1,1,0.9228358,unassigned
18325,0,0,0.9772135,unassigned
18326,1,1,0.9940162,unassigned
18327,1,2,0.9788582,unassigned
18328,0,0,0.9996178,unassigned
18329,2,2,0.7184491,unassigned
18330,1,1,0.76433676,unassigned
18331,1,1,0.6756765,unassigned
18332,1,1,0.94265515,unassigned
18333,2,2,0.89366925,unassigned
18334,2,1,0.9981857,unassigned
18335,0,0,0.9323771,unassigned
18336,2,1,0.87623614,unassigned
18337,2,2,0.95377666,unassigned
18338,2,1,0.8559575,unassigned
18339,2,2,0.9982969,unassigned
18340,1,1,0.9397154,unassigned
18341,2,2,0.9999994,unassigned
18342,0,0,0.999954,unassigned
18343,2,0,0.7844693,unassigned
18344,0,0,0.9999552,unassigned
18345,0,0,0.90088737,unassigned
18346,1,1,0.9949115,unassigned
18347,2,2,0.9998061,unassigned
18348,1,1,0.97758657,unassigned
18349,1,2,0.9993198,unassigned
18350,0,0,0.9547568,unassigned
18351,1,2,0.999762,unassigned
18352,2,2,0.99991333,unassigned
18353,0,0,0.83221185,unassigned
18354,1,1,0.8392678,unassigned
18355,0,0,0.9906916,unassigned
18356,2,0,0.71840245,unassigned
18357,2,2,0.9999974,unassigned
18358,0,1,0.9576488,unassigned
18359,0,0,0.9999213,unassigned
18360,2,2,0.9954236,unassigned
18361,1,1,0.99936944,unassigned
18362,2,1,0.8326137,unassigned
18363,2,2,0.966954,unassigned
18364,1,1,0.99061173,unassigned
18365,2,2,0.7479191,unassigned
18366,2,2,0.99060655,unassigned
18367,1,1,0.97365475,unassigned
18368,1,1,0.82677925,unassigned
18369,0,1,0.7128005,unassigned
18370,0,0,1.0,unassigned
18371,0,2,0.925547,unassigned
18372,1,1,0.9997969,unassigned
18373,1,0,0.9951931,unassigned
18374,1,1,0.99836224,unassigned
18375,2,2,0.95835745,unassigned
18376,1,1,0.9873332,unassigned
18377,2,2,0.99966013,unassigned
18378,2,2,0.99675804,unassigned
18379,0,0,0.8878044,unassigned
18380,2,2,0.99999976,unassigned
18381,0,0,0.9999385,unassigned
18382,1,1,0.92758334,unassigned
18383,2,2,0.83941877,unassigned
18384,1,2,0.59700936,unassigned
18385,1,0,0.9913045,unassigned
18386,1,1,0.9926536,unassigned
18387,2,2,0.82841974,unassigned
18388,1,1,0.84870046,unassigned
18389,2,2,0.99381036,unassigned
18390,1,0,0.82779425,unassigned
18391,2,2,0.9997656,unassigned
18392,1,0,0.8608615,unassigned
18393,2,2,0.5813779,unassigned
18394,2,2,0.998909,unassigned
18395,2,0,0.9817312,unassigned
18396,0,0,0.8365601,unassigned
18397,1,1,0.9701914,unassigned
18398,1,2,0.61951625,unassigned
18399,1,1,0.9847964,unassigned
18400,0,0,0.9790481,unassigned
18401,1,1,0.97353405,unassigned
18402,0,0,0.96325606,unassigned
18403,2,2,0.99859446,unassigned
18404,0,0,0.99992347,unassigned
18405,2,2,0.99999785,unassigned
18406,0,0,0.99980515,unassigned
18407,0,2,0.9991799,unassigned
18408,2,2,0.78954947,unassigned
18409,2,1,0.9983199,unassigned
18410,2,2,0.7673762,unassigned
18411,0,0,1.0,unassigned
18412,2,2,0.99807215,unassigned
18413,2,2,0.97975504,unassigned
18414,0,0,0.9997124,unassigned
18415,0,0,1.0,unassigned
18416,1,1,0.9931579,unassigned
18417,0,0,0.9951165,unassigned
18418,2,2,0.96668077,unassigned
18419,0,0,0.95629877,unassigned
18420,1,1,0.7815884,unassigned
18421,2,2,0.9999634,unassigned
18422,2,2,0.9988606,unassigned
18423,2,2,0.98552877,unassigned
18424,2,2,0.9987942,unassigned
18425,1,0,0.73878485,unassigned
18426,0,0,0.99863964,unassigned
18427,2,1,0.7134135,unassigned
18428,2,2,0.60225147,unassigned
18429,2,2,0.9988673,unassigned
18430,1,1,0.99983394,unassigned
18431,0,0,0.9987388,unassigned
18432,2,1,0.9875409,unassigned
18433,1,1,0.9344558,unassigned
18434,1,1,0.82673395,unassigned
18435,1,1,0.9958676,unassigned
18436,0,0,0.9999999,unassigned
18437,2,1,0.99467033,unassigned
18438,2,2,0.5936604,unassigned
18439,2,2,0.8516675,unassigned
18440,1,1,0.55651265,unassigned
18441,2,2,0.9967836,unassigned
18442,0,1,0.9962155,unassigned
18443,0,0,0.9996438,unassigned
18444,0,2,0.98072857,unassigned
18445,2,2,0.8063877,unassigned
18446,0,0,0.99813193,unassigned
18447,0,0,0.9990332,unassigned
18448,2,0,0.620066,unassigned
18449,1,1,0.7256402,unassigned
18450,1,0,0.9947195,unassigned
18451,0,1,0.9967153,unassigned
18452,2,2,0.999913,unassigned
18453,0,0,0.9999224,unassigned
18454,1,1,0.9257249,unassigned
18455,0,0,0.9866131,unassigned
18456,0,0,0.9999988,unassigned
18457,0,0,0.99969757,unassigned
18458,0,0,0.9888481,unassigned
18459,1,1,0.9511906,unassigned
18460,2,2,0.9982767,unassigned
18461,0,1,0.96182084,unassigned
18462,1,2,0.9741669,unassigned
18463,0,0,0.9999795,unassigned
18464,1,1,0.9991787,unassigned
18465,1,1,0.969863,unassigned
18466,2,2,0.99993396,unassigned
18467,0,0,0.99996173,unassigned
18468,0,2,0.9943568,unassigned
18469,0,0,0.91045666,unassigned
18470,0,0,0.99951863,unassigned
18471,2,2,0.9999969,unassigned
18472,2,1,0.5799901,unassigned
18473,1,0,0.740878,unassigned
18474,2,2,0.9951572,unassigned
18475,1,1,0.97920495,unassigned
18476,0,0,0.9980101,unassigned
18477,0,0,0.99997365,unassigned
18478,2,2,0.79985905,unassigned
18479,1,1,0.9727438,unassigned
18480,2,2,0.9998294,unassigned
18481,0,0,0.9999628,unassigned
18482,2,2,0.93784845,unassigned
18483,2,2,0.71123946,unassigned
18484,1,1,0.9642363,unassigned
18485,0,0,0.9803885,unassigned
18486,1,1,0.99129397,unassigned
18487,1,1,0.60289276,unassigned
18488,2,2,0.9978619,unassigned
18489,0,0,0.9999999,unassigned
18490,1,1,0.9948213,unassigned
18491,2,2,0.567369,unassigned
18492,1,1,0.6539843,unassigned
18493,0,0,0.9991394,unassigned
18494,1,2,0.9734495,unassigned
18495,2,2,0.99973136,unassigned
18496,2,2,0.67697775,unassigned
18497,1,1,0.9998878,unassigned
18498,2,1,0.971791,unassigned
18499,2,0,0.7348905,unassigned
18500,0,0,0.97269917,unassigned
18501,2,2,0.8403153,unassigned
18502,1,1,0.99775875,unassigned
18503,2,2,0.98795426,unassigned
18504,1,1,0.9970816,unassigned
18505,1,1,0.95447916,unassigned
18506,2,2,0.998307,unassigned
18507,1,1,0.5174612,unassigned
18508,0,2,1.0,unassigned
18509,1,1,0.8909359,unassigned
18510,2,2,0.99999785,unassigned
18511,2,2,0.9994863,unassigned
18512,2,0,0.9970463,unassigned
18513,0,0,0.99769837,unassigned
18514,0,0,0.8988772,unassigned
18515,1,1,0.96007323,unassigned
18516,2,2,0.9968528,unassigned
18517,0,0,0.8745614,unassigned
18518,1,0,0.98728615,unassigned
18519,1,1,0.74585354,unassigned
18520,0,0,0.9849739,unassigned
18521,0,0,0.98793983,unassigned
18522,1,1,0.9239484,unassigned
18523,2,2,0.99607086,unassigned
18524,1,2,0.9700795,unassigned
18525,1,1,0.85408556,unassigned
18526,1,1,0.880447,unassigned
18527,2,2,0.9228763,unassigned
18528,2,2,0.9974794,unassigned
18529,2,1,0.6035891,unassigned
18530,2,2,0.5704654,unassigned
18531,1,0,0.96553946,unassigned
18532,2,2,0.99957865,unassigned
18533,0,0,0.99997807,unassigned
18534,1,1,0.83959544,unassigned
18535,1,2,0.7569699,unassigned
18536,0,0,0.9999925,unassigned
18537,0,2,0.9643577,unassigned
18538,2,2,0.97633845,unassigned
18539,0,2,0.9998522,unassigned
18540,1,1,0.9776539,unassigned
18541,2,2,0.8192359,unassigned
18542,2,2,0.98617285,unassigned
18543,1,1,0.93636215,unassigned
18544,1,1,0.60414344,unassigned
18545,2,2,0.9995388,unassigned
18546,2,1,0.9632282,unassigned
18547,2,2,0.9907313,unassigned
18548,2,2,0.9972379,unassigned
18549,1,1,0.5699978,unassigned
18550,1,2,0.9934047,unassigned
18551,1,1,0.9210928,unassigned
18552,0,0,0.7357977,unassigned
18553,0,0,0.9984534,unassigned
18554,1,1,0.9625313,unassigned
18555,1,1,0.9878969,unassigned
18556,1,1,0.9930611,unassigned
18557,2,0,0.996227,unassigned
18558,1,1,0.58864254,unassigned
18559,2,2,0.97646743,unassigned
18560,2,2,0.8892253,unassigned
18561,2,2,0.99999785,unassigned
18562,0,0,0.99970716,unassigned
18563,1,1,0.8326935,unassigned
18564,2,2,0.9741149,unassigned
18565,1,2,0.9490127,unassigned
18566,2,1,0.71717036,unassigned
18567,1,1,0.8727105,unassigned
18568,1,1,0.9454587,unassigned
18569,0,0,0.9713731,unassigned
18570,1,1,0.9832924,unassigned
18571,2,2,0.8943351,unassigned
18572,1,1,0.7308331,unassigned
18573,1,0,0.64766455,unassigned
18574,0,0,0.99946254,unassigned
18575,2,2,0.99971014,unassigned
18576,1,1,0.6179673,unassigned
18577,1,1,0.69036776,unassigned
18578,2,2,0.9999789,unassigned
18579,1,1,0.96360606,unassigned
18580,2,2,0.98231506,unassigned
18581,1,1,0.81522125,unassigned
18582,0,0,0.9990127,unassigned
18583,2,1,0.92262936,unassigned
18584,0,0,0.9976888,unassigned
18585,0,0,0.99999154,unassigned
18586,2,2,0.99988925,unassigned
18587,1,2,0.9005764,unassigned
18588,2,2,0.9875288,unassigned
18589,2,2,1.0,unassigned
18590,1,1,0.9942174,unassigned
18591,2,1,0.9922008,unassigned
18592,2,2,0.99963665,unassigned
18593,1,0,0.573584,unassigned
18594,2,1,0.91237855,unassigned
18595,0,0,0.99999964,unassigned
18596,1,1,0.90626186,unassigned
18597,1,1,0.9728473,unassigned
18598,1,1,0.96968657,unassigned
18599,0,2,0.99254864,unassigned
18600,2,2,0.9999999,unassigned
18601,0,2,0.98038596,unassigned
18602,1,2,0.94113225,unassigned
18603,1,2,0.9974136,unassigned
18604,0,0,0.99995494,unassigned
18605,2,2,0.9185343,unassigned
18606,1,1,0.95140713,unassigned
18607,2,2,0.9999486,unassigned
18608,2,2,0.9999813,unassigned
18609,1,2,0.66481024,unassigned
18610,1,1,0.56937015,unassigned
18611,1,1,0.95266956,unassigned
18612,2,1,0.98922974,unassigned
18613,1,1,0.8907695,unassigned
18614,2,2,0.99999607,unassigned
18615,0,0,0.99940395,unassigned
18616,0,0,0.9997851,unassigned
18617,2,2,0.99964297,unassigned
18618,2,2,0.92212653,unassigned
18619,2,2,0.5532015,unassigned
18620,0,0,0.92076254,unassigned
18621,2,2,0.9901154,unassigned
18622,2,2,0.99999726,unassigned
18623,1,1,0.9952474,unassigned
18624,0,0,0.9886973,unassigned
18625,0,0,0.9732603,unassigned
18626,1,1,0.7584218,unassigned
18627,2,2,0.99954635,unassigned
18628,2,2,0.99688005,unassigned
18629,1,1,0.9897954,unassigned
18630,0,0,0.9899104,unassigned
18631,2,2,0.9813736,unassigned
18632,2,1,0.6529116,unassigned
18633,2,2,0.99999714,unassigned
18634,1,2,0.50904036,unassigned
18635,2,1,0.61844164,unassigned
18636,1,1,0.9504384,unassigned
18637,1,1,0.9920527,unassigned
18638,1,1,0.99902225,unassigned
18639,2,2,0.9926932,unassigned
18640,1,1,0.99477684,unassigned
18641,2,2,0.9990044,unassigned
18642,2,2,0.9972996,unassigned
18643,2,2,0.9834736,unassigned
18644,1,1,0.9952975,unassigned
18645,2,2,0.9663753,unassigned
18646,1,1,0.69313174,unassigned
18647,1,0,0.6087259,unassigned
18648,1,1,0.98325825,unassigned
18649,2,1,0.78189003,unassigned
18650,1,0,0.6005891,unassigned
18651,2,1,0.97550946,unassigned
18652,2,2,0.67392254,unassigned
18653,2,2,0.99251866,unassigned
18654,1,1,0.6752159,unassigned
18655,2,0,0.99960774,unassigned
18656,0,0,0.9998996,unassigned
18657,2,2,0.97852945,unassigned
18658,2,2,0.9997466,unassigned
18659,1,2,0.90913415,unassigned
18660,0,0,0.9997857,unassigned
18661,2,1,0.91046584,unassigned
18662,1,1,0.9316486,unassigned
18663,2,2,0.9971591,unassigned
18664,2,2,0.99987173,unassigned
18665,0,2,0.75148934,unassigned
18666,1,2,0.97224987,unassigned
18667,0,0,0.99992526,unassigned
18668,2,2,0.9434906,unassigned
18669,1,1,0.99071914,unassigned
18670,2,2,0.9999999,unassigned
18671,2,2,0.99734867,unassigned
18672,0,0,0.9848178,unassigned
18673,2,2,1.0,unassigned
18674,2,2,0.99717134,unassigned
18675,1,1,0.681972,unassigned
18676,1,1,0.9239251,unassigned
18677,2,1,0.9210624,unassigned
18678,1,1,0.88816214,unassigned
18679,2,2,0.99927515,unassigned
18680,2,2,0.99999213,unassigned
18681,1,1,0.9999273,unassigned
18682,0,0,0.9986411,unassigned
18683,0,0,0.98355615,unassigned
18684,1,1,0.9226241,unassigned
18685,0,0,0.99996805,unassigned
18686,2,2,0.79951227,unassigned
18687,2,1,0.8417569,unassigned
18688,1,1,0.9932633,unassigned
18689,2,1,0.7201705,unassigned
18690,1,1,0.5336009,unassigned
18691,1,2,0.9551703,unassigned
18692,2,2,0.65998036,unassigned
18693,1,1,0.61739165,unassigned
18694,2,2,0.5327851,unassigned
18695,0,0,0.8065864,unassigned
18696,1,2,0.8982587,unassigned
18697,0,0,0.9979844,unassigned
18698,1,2,0.9979018,unassigned
18699,2,2,0.995823,unassigned
18700,1,1,0.7033314,unassigned
18701,1,1,0.999764,unassigned
18702,1,1,0.99590045,unassigned
18703,0,0,0.99707353,unassigned
18704,1,1,0.9033565,unassigned
18705,2,1,0.99319756,unassigned
18706,2,2,0.9998179,unassigned
18707,0,0,0.9972344,unassigned
18708,0,0,0.99995196,unassigned
18709,2,2,0.9962322,unassigned
18710,1,1,0.7963661,unassigned
18711,2,1,0.39720988,unassigned
18712,1,1,0.8458487,unassigned
18713,1,2,0.7820289,unassigned
18714,2,2,0.93894815,unassigned
18715,1,2,0.5306189,unassigned
18716,2,0,0.6359817,unassigned
18717,2,2,0.9998785,test
18718,1,2,0.9735194,test
18719,2,2,0.99999964,test
18720,1,1,0.9998253,test
18721,1,1,0.99654824,test
18722,2,2,1.0,test
18723,2,2,0.99979943,test
18724,2,2,1.0,test
18725,2,2,0.9998933,test
18726,2,2,0.86358505,test
18727,1,1,0.7752799,test
18728,2,2,1.0,test
18729,1,2,0.9864237,test
18730,1,1,0.9884797,test
18731,0,2,0.975603,test
18732,0,2,0.893023,test
18733,1,1,0.99402064,test
18734,2,2,1.0,test
18735,0,0,0.99999964,test
18736,2,2,0.9995247,test
18737,0,0,0.99989414,test
18738,2,2,0.99993825,test
18739,1,1,0.8283971,test
18740,2,2,1.0,test
18741,2,2,0.9997609,test
18742,2,2,1.0,test
18743,1,2,0.6868839,test
18744,2,2,0.9993863,test
18745,1,1,0.9999994,test
18746,0,0,0.9998456,test
18747,1,1,0.9982917,test
18748,1,1,0.99998605,test
18749,0,0,1.0,test
18750,2,2,0.99993765,test
18751,0,0,0.99712926,test
18752,2,2,0.99589527,test
18753,2,2,0.99906963,test
18754,1,1,0.9936697,test
18755,1,1,0.9010009,test
18756,1,1,0.743823,test
18757,2,2,0.99970704,test
18758,0,2,0.99966216,test
18759,1,1,0.82190907,test
18760,2,2,0.99694437,test
18761,1,2,0.7494711,test
18762,1,2,0.89927644,test
18763,1,1,0.83540654,test
18764,1,0,0.99110866,test
18765,1,1,0.9806788,test
18766,0,0,0.99999213,test
18767,0,0,0.7666379,test
18768,1,1,0.9999831,test
18769,2,1,0.94852906,test
18770,2,2,0.9999999,test
18771,2,2,0.9989899,test
18772,1,1,0.70351297,test
18773,2,2,0.9720348,test
18774,2,2,0.9969092,test
18775,1,1,0.9015915,test
18776,0,0,1.0,test
18777,2,2,0.9985796,test
18778,2,1,0.95720637,test
18779,2,2,0.9999733,test
18780,0,0,0.9998969,test
18781,0,0,1.0,test
18782,2,2,0.8995211,test
18783,0,1,0.65665853,test
18784,1,1,0.8875064,test
18785,2,0,0.96520853,test
18786,1,1,0.52136034,test
18787,1,1,0.8763546,test
18788,0,0,0.9904738,test
18789,1,1,0.5834179,test
18790,2,2,0.50668985,test
18791,0,0,0.99999964,test
18792,1,1,0.9975326,test
18793,2,2,0.8495822,test
18794,2,2,1.0,test
18795,0,0,0.9229144,test
18796,1,1,0.6278434,test
18797,1,1,0.9597631,test
18798,1,2,0.6009037,test
18799,1,1,0.9145106,test
18800,2,2,0.7025258,test
18801,2,2,0.9999546,test
18802,2,2,0.9867399,test
18803,2,2,0.9997043,test
18804,2,2,0.9999999,test
18805,2,2,0.631651,test
18806,0,0,0.99999845,test
18807,1,1,0.99222046,test
18808,2,2,0.99707747,test
18809,1,1,0.9994165,test
18810,1,1,0.81028044,test
18811,2,2,1.0,test
18812,2,2,1.0,test
18813,1,2,1.0,test
18814,1,2,0.99440044,test
18815,1,1,0.91754687,test
18816,1,1,0.8047651,test
18817,1,1,0.99970883,test
18818,1,1,0.989912,test
18819,1,1,0.7022065,test
18820,2,2,0.99999976,test
18821,0,0,0.99962103,test
18822,1,1,0.9862357,test
18823,0,1,0.9993405,test
18824,1,1,0.99960583,test
18825,1,1,0.9999881,test
18826,1,1,0.9423834,test
18827,1,1,0.7920485,test
18828,2,2,0.9997265,test
18829,0,0,0.99999475,test
18830,2,2,0.96433264,test
18831,2,2,0.9988527,test
18832,2,2,0.9993561,test
18833,2,0,0.94601625,test
18834,0,0,0.9915835,test
18835,1,1,0.9801072,test
18836,1,2,0.8212006,test
18837,1,1,0.99990726,test
18838,0,2,0.97861344,test
18839,0,0,1.0,test
18840,2,2,0.9917824,test
18841,2,2,0.5994732,test
18842,2,1,0.99984455,test
18843,2,2,0.9999943,test
18844,1,2,0.5490851,test
18845,0,0,0.9999995,test
18846,2,2,0.99764866,test
18847,2,2,0.99996936,test
18848,2,2,0.98791087,test
18849,2,2,0.9999176,test
18850,2,2,0.99992955,test
18851,1,1,0.9489236,test
18852,1,1,0.93869,test
18853,1,1,0.99995625,test
18854,0,0,0.9998318,test
18855,2,1,0.91032606,test
18856,2,2,0.9999999,test
18857,2,2,0.99388254,test
18858,1,1,0.9981048,test
18859,1,1,0.9145776,test
18860,0,0,0.9999695,test
18861,1,1,0.80739695,test
18862,2,2,0.94043237,test
18863,0,0,1.0,test
18864,2,2,0.8500966,test
18865,2,2,0.994212,test
18866,1,1,0.99695396,test
18867,1,1,0.9961505,test
18868,2,2,0.94559747,test
18869,0,2,0.9938921,test
18870,0,0,0.6798106,test
18871,1,1,0.95863837,test
18872,2,2,0.9999982,test
18873,2,2,0.99999976,test
18874,2,0,0.62701315,test
18875,0,0,0.99936026,test
18876,2,2,0.95261264,test
18877,1,1,0.86742747,test
18878,1,1,0.9962836,test
18879,2,0,0.68101084,test
18880,1,1,0.9729647,test
18881,2,2,1.0,test
18882,2,1,0.50283605,test
18883,1,1,0.87230337,test
18884,0,0,0.99989736,test
18885,2,0,0.99527943,test
18886,0,2,0.963563,test
18887,1,1,0.8996057,test
18888,2,1,0.5854098,test
18889,2,2,0.9999951,test
18890,0,0,0.99989486,test
18891,1,1,0.5314451,test
18892,1,2,0.8425284,test
18893,0,0,1.0,test
18894,2,2,0.99999905,test
18895,2,2,0.99999547,test
18896,2,1,0.8088318,test
18897,1,1,0.9971848,test
18898,1,1,0.99976474,test
18899,2,1,0.8034175,test
18900,1,1,0.9058163,test
18901,0,0,1.0,test
18902,2,2,0.99995863,test
18903,2,2,0.9999192,test
18904,2,2,0.99957293,test
18905,2,2,0.78129864,test
18906,2,1,0.98836446,test
18907,1,1,0.90339684,test
18908,2,2,0.94965476,test
18909,1,1,0.7862361,test
18910,2,2,0.9999988,test
18911,0,0,0.9999527,test
18912,2,2,0.9939255,test
18913,1,1,0.99524885,test
18914,2,2,0.8056711,test
18915,0,0,0.91370374,test
18916,1,1,0.9739666,test
18917,2,0,0.6003411,test
18918,2,2,0.99999964,test
18919,1,1,0.92555434,test
18920,1,1,0.84708714,test
18921,1,1,0.99973625,test
18922,1,1,0.9890723,test
18923,2,1,0.52173126,test
18924,2,2,0.9440851,test
18925,2,1,0.56668174,test
18926,1,1,0.975414,test
18927,2,1,0.59554404,test
18928,1,1,0.99233925,test
18929,2,2,0.9999138,test
18930,2,1,0.8532304,test
18931,1,1,0.8300926,test
18932,1,1,0.99990106,test
18933,2,2,0.9296321,test
18934,2,2,0.99976665,test
18935,2,2,0.9999243,test
18936,0,2,0.9998696,test
18937,1,1,0.8914292,test
18938,2,2,0.9989768,test
18939,1,1,0.89915836,test
18940,1,1,0.9556781,test
18941,1,1,0.8751954,test
18942,1,1,0.99880195,test
18943,1,0,0.97454685,test
18944,1,1,0.95883197,test
18945,1,1,0.8780946,test
18946,1,1,0.9908269,test
18947,0,0,0.98954076,test
18948,0,0,0.99997854,test
18949,2,2,1.0,test
18950,0,0,0.9988952,test
18951,2,1,0.5909335,test
18952,0,0,0.7815802,test
18953,1,1,0.99648094,test
18954,1,1,0.74578744,test
18955,2,2,0.9942682,test
18956,0,0,0.99939466,test
18957,1,1,0.9996345,test
18958,2,2,1.0,test
18959,2,2,0.98809904,test
18960,1,1,0.9827524,test
18961,2,2,0.9999304,test
18962,2,2,0.99910444,test
18963,1,1,0.96342665,test
18964,0,1,0.5733982,test
18965,2,1,0.8038738,test
18966,2,1,0.74257034,test
18967,0,0,0.68583965,test
18968,1,0,0.5973268,test
18969,2,2,0.99148613,test
18970,2,2,0.99985075,test
18971,2,2,0.9959025,test
18972,2,2,0.6166834,test
18973,1,1,0.99999964,test
18974,1,1,0.86478907,test
18975,2,2,0.99021345,test
18976,1,0,0.9999187,test
18977,1,1,0.9987399,test
18978,2,2,0.9997961,test
18979,2,2,0.99643254,test
18980,0,2,0.6601716,test
18981,2,2,0.9998455,test
18982,0,0,0.99997056,test
18983,0,0,0.999778,test
18984,1,1,0.99922156,test
18985,1,1,0.8884038,test
18986,1,1,0.99801517,test
18987,1,1,0.952469,test
18988,2,2,0.7513424,test
18989,2,2,1.0,test
18990,2,0,0.9914688,test
18991,0,0,0.9728747,test
18992,2,2,0.98397875,test
18993,0,1,0.7419099,test
18994,1,1,0.9857449,test
18995,1,1,0.99998343,test
18996,0,0,0.9999838,test
18997,1,2,0.93092585,test
18998,1,1,0.87033325,test
18999,0,0,0.9956714,test
19000,0,1,0.79263693,test
19001,2,2,0.9995105,test
19002,2,0,0.89701146,test
19003,1,1,0.89003277,test
19004,1,1,0.8886001,test
19005,1,1,0.9999969,test
19006,1,0,0.99920136,test
19007,1,1,0.8961376,test
19008,2,2,0.99977726,test
19009,2,2,0.9962191,test
19010,1,0,0.7971441,test
19011,1,1,0.9969559,test
19012,1,2,0.97862726,test
19013,0,0,0.9997594,test
19014,2,2,0.98426104,test
19015,1,2,0.8316906,test
19016,2,2,1.0,test
19017,1,0,0.8902434,test
19018,1,1,0.88064635,test
19019,2,1,0.6811134,test
19020,2,0,0.99935776,test
19021,0,0,0.8540056,test
19022,2,2,0.94419605,test
19023,0,1,0.9509065,test
19024,1,1,0.8203929,test
19025,1,1,0.94296414,test
19026,2,2,0.9801916,test
19027,0,0,0.9999918,test
19028,1,1,0.9473513,test
19029,2,2,0.7700087,test
19030,2,1,0.9707431,test
19031,1,2,0.8914461,test
19032,1,0,0.99915004,test
19033,1,0,0.9954234,test
19034,2,1,0.6841419,test
19035,2,2,0.80393773,test
19036,0,0,0.9999732,test
19037,2,2,0.9993499,test
19038,1,1,0.9957605,test
19039,2,1,0.8538602,test
19040,0,2,0.99992704,test
19041,0,0,0.9991698,test
19042,1,1,0.9897153,test
19043,1,1,0.591233,test
19044,2,2,0.99995875,test
19045,1,1,0.97870904,test
19046,1,0,0.8556661,test
19047,1,2,0.99174035,test
19048,1,1,0.98919594,test
19049,1,2,0.93971086,test
19050,2,2,0.9856265,test
19051,0,2,0.9995554,test
19052,0,0,0.65604866,test
19053,0,0,1.0,test
19054,1,1,0.9856975,test
19055,1,1,0.925856,test
19056,2,2,0.9994325,test
19057,1,1,0.99704057,test
19058,2,2,0.99924445,test
19059,2,2,0.9995602,test
19060,2,2,0.99161667,test
19061,2,2,0.98280925,test
19062,1,1,0.9868357,test
19063,2,0,0.362161,test
19064,2,2,0.9946128,test
19065,2,2,0.9888031,test
19066,1,1,0.728087,test
19067,2,2,0.99998724,test
19068,2,2,0.9944401,test
19069,2,2,0.9980185,test
19070,1,0,0.53313607,test
19071,1,1,0.94231015,test
19072,2,2,0.81954324,test
19073,0,0,0.99928576,test
19074,1,2,0.97000366,test
19075,2,2,0.9999486,test
19076,2,0,0.9999963,test
19077,1,2,0.9977176,test
19078,2,2,0.95742804,test
19079,2,2,0.999995,test
19080,1,1,0.9786315,test
19081,1,1,0.95946354,test
19082,1,1,0.9870259,test
19083,2,2,0.9992341,test
19084,1,1,0.9751145,test
19085,2,0,0.91970193,test
19086,2,2,0.9901271,test
19087,2,2,0.9983542,test
19088,1,1,0.9983632,test
19089,1,1,0.9787876,test
19090,1,1,0.98150337,test
19091,1,1,0.99082774,test
19092,0,0,0.9998908,test
19093,2,2,0.9944781,test
19094,2,2,0.9997881,test
19095,0,0,0.9999399,test
19096,0,0,0.99317473,test
19097,1,1,0.9402417,test
19098,2,2,0.9993399,test
19099,0,0,0.9219765,test
19100,1,2,0.88551766,test
19101,1,1,0.911273,test
19102,1,2,0.8470772,test
19103,2,2,0.9944906,test
19104,2,2,0.9941618,test
19105,1,1,0.99969494,test
19106,1,1,0.94813216,test
19107,0,0,0.999998,test
19108,2,0,0.93211704,test
19109,0,0,0.9999932,test
19110,2,2,0.9862773,test
19111,1,1,0.98840904,test
19112,1,0,0.71792156,test
19113,1,1,0.9947042,test
19114,1,1,0.99683243,test
19115,1,1,0.662931,test
19116,2,2,0.9996338,test
19117,0,0,0.9998524,test
19118,0,0,0.9986218,test
19119,2,2,0.7450078,test
19120,1,1,0.8805954,test
19121,1,1,0.7830478,test
19122,0,1,0.9900808,test
19123,2,0,0.9716608,test
19124,2,1,0.99928075,test
19125,2,2,0.9929939,test
19126,1,1,0.4701912,test
19127,1,1,0.9194261,test
19128,1,1,0.7985877,test
19129,2,1,0.94369155,test
19130,1,2,0.6350584,test
19131,2,2,0.9999578,test
19132,0,1,0.9432692,test
19133,2,2,0.98308337,test
19134,0,0,0.9592033,test
19135,1,1,0.99836963,test
19136,1,2,0.9886923,test
19137,0,0,0.9999975,test
19138,1,1,0.78387356,test
19139,0,1,0.9275565,test
19140,1,1,0.88208145,test
19141,1,1,0.99992216,test
19142,1,1,0.9908187,test
19143,1,1,0.99953175,test
19144,1,1,0.93542033,test
19145,1,0,0.9973346,test
19146,2,2,0.9495728,test
19147,1,1,0.98664343,test
19148,2,2,0.9734134,test
19149,0,0,0.999956,test
19150,1,1,0.770027,test
19151,1,1,0.9885859,test
19152,2,1,0.4587939,test
19153,1,1,0.9725156,test
19154,1,1,0.9052942,test
19155,0,0,0.9988335,test
19156,2,2,0.53771627,test
19157,0,0,0.9999957,test
19158,1,2,0.9288579,test
19159,2,2,0.9699691,test
19160,0,0,0.9999615,test
19161,0,0,0.9993474,test
19162,1,1,0.87687033,test
19163,2,2,0.9799739,test
19164,1,1,0.779795,test
19165,1,1,0.9793976,test
19166,2,2,0.96893644,test
19167,2,1,0.8974118,test
19168,2,2,0.9468361,test
19169,1,2,0.95217735,test
19170,0,0,0.99795073,test
19171,1,1,0.96545434,test
19172,2,1,0.8042701,test
19173,1,2,0.5028556,test
19174,2,1,0.9771212,test
19175,0,2,0.9959139,test
19176,1,1,0.97898865,test
19177,1,1,0.90434176,test
19178,0,0,0.9998983,test
19179,2,2,0.9989543,test
19180,1,1,0.86898357,test
19181,2,2,0.78943914,test
19182,2,2,0.99319047,test
19183,1,1,0.6322932,test
19184,1,1,0.9718848,test
19185,1,1,0.8198065,test
19186,1,2,0.5190927,test
19187,1,1,0.9894454,test
19188,1,0,0.9999676,test
19189,2,1,0.8821151,test
19190,2,2,0.9923922,test
19191,1,1,0.92296374,test
19192,2,2,0.5759219,test
19193,2,2,0.9857465,test
19194,0,0,0.99962854,test
19195,2,0,0.9252659,test
19196,1,0,0.5594507,test
19197,1,1,0.9809911,test
19198,2,1,0.5804468,test
19199,2,2,0.74231625,test
19200,0,0,0.999992,test
19201,0,0,0.99030167,test
19202,1,1,0.987248,test
19203,0,0,0.99999833,test
19204,2,2,0.7155497,test
19205,1,1,0.68151164,test
19206,1,1,0.74478436,test
19207,2,2,0.9996909,test
19208,0,1,0.93576676,test
19209,1,1,0.7934116,test
19210,0,0,0.9916946,test
19211,2,1,0.9746752,test
19212,2,0,0.6358354,test
19213,2,2,0.97532415,test
19214,2,2,0.990668,test
19215,2,2,0.99941516,test
19216,1,2,0.59714603,test
19217,0,0,0.99995744,test
19218,1,1,0.98396087,test
19219,1,1,0.9904613,test
19220,2,2,0.9997236,test
19221,0,0,0.999997,test
19222,2,2,0.9795518,test
19223,2,2,0.99998295,test
19224,2,2,0.9972627,test
19225,1,1,0.9615827,test
19226,1,2,0.9991749,test
19227,1,1,0.9663972,test
19228,2,2,0.9975381,test
19229,1,1,0.85969245,test
19230,1,1,0.7526797,test
19231,0,2,0.9978946,test
19232,2,2,0.8959933,test
19233,1,1,0.60543805,test
19234,2,2,0.82815427,test
19235,1,2,0.5203313,test
19236,1,1,0.95185244,test
19237,1,1,0.8893717,test
19238,2,2,0.98865384,test
19239,2,2,0.90938723,test
19240,1,1,0.9998528,test
19241,0,0,0.9810496,test
19242,0,0,0.99996805,test
19243,1,1,0.8676069,test
19244,1,1,0.9511242,test
19245,2,2,0.9094441,test
19246,1,0,0.62022877,test
19247,2,0,0.72018784,test
19248,2,2,0.98110527,test
19249,2,1,0.60762227,test
19250,1,1,0.99094945,test
19251,2,2,0.99429274,test
19252,0,0,0.97067046,test
19253,0,0,0.99998975,test
19254,0,0,0.9827064,test
19255,1,1,0.9900175,test
19256,0,0,0.8855671,test
19257,1,2,0.75734675,test
19258,2,1,0.5037472,test
19259,2,2,0.9999471,test
19260,0,0,0.9987318,test
19261,1,2,0.9927723,test
19262,1,2,0.79265183,test
19263,1,0,0.9988784,test
19264,1,1,0.97858584,test
19265,0,0,0.9233127,test
19266,2,1,0.67852676,test
19267,0,0,0.9998857,test
19268,1,1,0.993884,test
19269,1,1,0.973397,test
19270,1,1,0.9925236,test
19271,2,2,0.9957177,test
19272,2,2,0.9993369,test
19273,1,1,0.79085404,test
19274,1,2,0.98951775,test
19275,2,2,0.99669504,test
19276,1,1,0.99418133,test
19277,1,1,0.9995127,test
19278,2,2,0.99921167,test
19279,0,0,0.98129094,test
19280,2,1,0.98073727,test
19281,1,0,0.67447263,test
19282,2,2,0.99752945,test
19283,1,0,0.9247346,test
19284,1,2,0.9981084,test
19285,2,1,0.830805,test
19286,1,1,0.99486876,test
19287,2,2,0.9840772,test
19288,1,1,0.6887377,test
19289,2,2,0.9548704,test
19290,2,2,0.8434111,test
19291,0,0,0.9999912,test
19292,2,2,0.8051817,test
19293,2,2,0.99855846,test
19294,1,1,0.98381096,test
19295,1,2,0.9966253,test
19296,2,2,0.99792933,test
19297,2,2,0.98143953,test
19298,0,0,0.9993243,test
19299,1,1,0.95871097,test
19300,1,2,0.5033336,test
19301,1,1,0.9382392,test
19302,1,2,0.5437814,test
19303,2,2,0.6758421,test
19304,0,2,0.9838001,test
19305,2,2,0.99917585,test
19306,2,2,0.9879776,test
19307,2,2,0.92894405,test
19308,1,1,0.83225834,test
19309,1,1,0.9763292,test
19310,1,2,0.98197764,test
19311,1,1,0.9785055,test
19312,0,0,0.89361745,test
19313,1,1,0.9735965,test
19314,2,2,0.9963582,test
19315,1,0,0.88832873,test
19316,0,0,0.99998355,test
19317,2,2,0.98914474,test
19318,2,0,0.9963504,test
19319,2,1,0.7960565,test
19320,1,1,0.61456794,test
19321,1,1,0.99913955,test
19322,2,2,0.4980601,test
19323,1,1,0.9831042,test
19324,2,2,0.99539244,test
19325,2,2,0.9953725,test
19326,1,1,0.9864915,test
19327,0,0,0.9962155,test
19328,2,2,0.9121686,test
19329,2,2,0.89713126,test
19330,2,2,0.9994111,test
19331,2,2,0.9998809,test
19332,2,2,0.998868,test
19333,2,2,0.97772855,test
19334,2,2,0.99684393,test
19335,2,1,0.9805784,test
19336,2,2,0.9996668,test
19337,2,2,0.9130598,test
19338,1,1,0.9714812,test
19339,0,0,0.9998185,test
19340,2,2,0.9996649,test
19341,2,2,0.99259734,test
19342,1,1,0.9185218,test
19343,1,1,0.9233253,test
19344,2,2,0.99803835,test
19345,2,1,0.5762831,test
19346,1,1,0.7617,test
19347,1,1,0.6018819,test
19348,2,2,0.9997125,test
19349,1,1,0.97736084,test
19350,1,1,0.925568,test
19351,2,2,0.6828796,test
19352,1,1,0.6409733,test
19353,1,1,0.8467535,test
19354,2,2,0.99565303,test
19355,0,0,0.9990439,test
19356,0,0,0.99699533,test
19357,0,0,0.99999595,test
19358,1,1,0.6904467,test
19359,2,2,0.99953437,test
19360,1,1,0.95623666,test
19361,1,1,0.9856434,test
19362,2,1,0.49881175,test
19363,2,2,0.9975084,test
19364,0,0,0.9369312,test
19365,1,1,0.9991917,test
19366,1,2,0.9372032,test
19367,2,2,0.9935707,test
19368,2,2,0.9732539,test
19369,2,0,0.70966,test
19370,1,1,0.8230773,test
19371,2,1,0.9736989,test
19372,1,1,0.94234616,test
19373,1,0,0.6336951,test
19374,1,1,0.9550863,test
19375,0,1,0.909726,test
19376,1,1,0.99006,test
19377,2,2,0.9985341,test
19378,1,2,0.9888902,test
19379,1,1,0.56392443,test
19380,1,2,0.7503351,test
19381,1,2,0.8369767,test
19382,1,1,0.9877368,test
19383,0,2,0.89915574,test
19384,2,2,0.9451621,test
19385,2,2,0.99974185,test
19386,2,2,0.703157,test
19387,2,2,0.99423933,test
19388,2,1,0.6956555,test
19389,0,0,0.99671495,test
19390,1,0,0.97993165,test
19391,0,2,0.72099435,test
19392,2,2,0.9994168,test
19393,2,2,0.88574505,test
19394,1,1,0.7233093,test
19395,0,0,0.99999833,test
19396,0,0,0.9999933,test
19397,2,2,0.98231596,test
19398,1,1,0.77475643,test
19399,2,1,0.987748,test
19400,2,2,0.9936714,test
19401,2,2,0.9974016,test
19402,2,2,0.9999893,test
19403,1,1,0.9667308,test
19404,1,1,0.967401,test
19405,1,1,0.963262,test
19406,2,2,0.9972882,test
19407,2,1,0.51147467,test
19408,1,1,0.98583126,test
19409,0,0,0.99999475,test
19410,2,2,0.7120519,test
19411,0,0,0.7836941,test
19412,2,2,0.96311355,test
19413,1,1,0.5586219,test
19414,1,1,0.9725547,test
19415,1,0,0.7453359,test
19416,1,2,0.9997719,test
19417,1,0,0.67451614,test
19418,0,1,0.5422772,test
19419,0,0,0.9999902,test
19420,1,1,0.86143637,test
19421,2,2,0.99771416,test
19422,1,0,0.9783967,test
19423,2,0,0.49383655,test
19424,2,2,0.9984577,test
19425,2,0,0.9576066,test
19426,2,1,0.99687225,test
19427,1,0,0.9502134,test
19428,2,2,0.99891293,test
19429,1,1,0.9517954,test
19430,1,1,0.99997294,test
19431,1,1,0.85347104,test
19432,1,1,0.7717659,test
19433,1,1,0.8080088,test
19434,2,1,0.9957724,test
19435,0,0,0.9983285,test
19436,1,1,0.9558175,test
19437,2,2,0.99580294,test
19438,2,2,0.8949496,test
19439,2,1,0.69817775,test
19440,1,2,0.9901051,test
19441,0,0,0.9988102,test
19442,2,2,0.9998971,test
19443,2,2,0.98933816,test
19444,2,2,0.96835786,test
19445,2,1,0.9969438,test
19446,2,2,0.9227443,test
19447,1,1,0.9996439,test
19448,0,2,0.9985683,test
19449,2,1,0.88818526,test
19450,0,0,0.9992192,test
19451,2,1,0.9388039,test
19452,1,1,0.617129,test
19453,1,1,0.9813611,test
19454,2,2,0.8787405,test
19455,1,1,0.9414549,test
19456,0,2,0.5999896,test
19457,2,2,0.99829644,test
19458,2,2,0.9728775,test
19459,2,2,0.90517646,test
19460,2,2,0.78079474,test
19461,2,2,0.9988255,test
19462,1,1,0.655978,test
19463,2,1,0.65545946,test
19464,0,0,0.9099312,test
19465,2,0,0.5022126,test
19466,0,0,0.9765005,test
19467,0,0,0.7466704,test
19468,1,0,0.8905999,test
19469,0,2,0.626716,test
19470,1,1,0.97930187,test
19471,2,2,0.9912696,test
19472,2,1,0.9754631,test
19473,1,0,0.9990716,test
19474,0,0,0.9919369,test
19475,2,2,0.56797713,test
19476,1,0,0.72906804,test
19477,1,1,0.8906349,test
19478,0,0,0.8285398,test
19479,1,1,0.9786727,test
19480,2,1,0.894147,test
19481,1,1,0.868936,test
19482,1,1,0.86808956,test
19483,2,2,0.97807354,test
19484,1,1,0.83622193,test
19485,2,2,0.9534757,test
19486,0,0,0.9987698,test
19487,1,2,0.8176631,test
19488,1,2,0.6516712,test
19489,1,0,0.84470797,test
19490,2,1,0.6422298,test
19491,1,1,0.5975777,test
19492,1,1,0.9989191,test
19493,1,1,0.98303246,test
19494,2,2,0.9996973,test
19495,2,2,0.99088573,test
19496,2,2,0.9855413,test
19497,1,1,0.9892302,test
19498,2,2,0.7485474,test
19499,1,1,0.9966415,test
19500,0,0,0.9967259,test
19501,1,1,0.98268664,test
19502,0,0,0.99763024,test
19503,2,2,0.8417016,test
19504,1,1,0.5019213,test
19505,2,2,0.50593483,test
19506,1,2,0.81780297,test
19507,0,0,0.9083765,test
19508,0,0,0.9992188,test
19509,2,0,0.9977349,test
19510,2,2,0.95097977,test
19511,2,2,0.99982005,test
19512,1,2,0.5504315,test
19513,0,0,0.5808192,test
19514,2,2,0.999691,test
19515,1,0,0.7992205,test
19516,1,1,0.53789026,test
19517,2,2,0.98415333,test
19518,2,1,0.88579714,test
19519,0,0,0.99984217,test
19520,1,1,0.997447,test
19521,1,1,0.9752584,test
19522,2,0,0.996009,test
19523,2,2,0.73699176,test
19524,2,1,0.96268654,test
19525,2,2,0.9861144,test
19526,1,2,0.50969154,test
19527,2,2,0.9922646,test
19528,1,1,0.8473333,test
19529,1,1,0.8754873,test
19530,2,2,0.9498887,test
19531,1,2,0.8267675,test
19532,2,2,0.9866029,test
19533,1,1,0.73544335,test
19534,2,1,0.98596185,test
19535,1,1,0.86524445,test
19536,1,1,0.97940993,test
19537,2,2,0.9868117,test
19538,1,1,0.9933965,test
19539,2,0,0.994136,test
19540,1,1,0.9969229,test
19541,1,1,0.9992023,test
19542,1,1,0.8738485,test
19543,2,2,0.99957985,test
19544,1,1,0.74050266,test
19545,1,1,0.9897259,test
19546,1,1,0.92450356,test
19547,1,0,0.57018006,test
19548,2,2,0.999944,test
19549,2,2,0.9994961,test
19550,1,2,0.51435995,test
19551,2,2,0.9198157,test
19552,1,1,0.9950847,test
19553,2,2,0.52324563,test
19554,2,2,0.99997544,test
19555,2,1,0.6747455,test
19556,0,0,0.6684521,test
19557,1,1,0.99848574,test
19558,1,0,0.78034294,test
19559,2,0,0.91301864,test
19560,0,0,0.9633862,test
19561,2,2,0.9997099,test
19562,1,0,0.8046443,test
19563,0,0,0.98858833,test
19564,1,1,0.9097735,test
19565,1,2,0.6110662,test
19566,2,2,0.8527367,test
19567,0,0,0.99545634,test
19568,1,1,0.98924315,test
19569,2,2,0.99971706,test
19570,1,1,0.9413107,test
19571,2,2,0.9990859,test
19572,0,0,0.998365,test
19573,1,1,0.62843776,test
19574,1,1,0.91348314,test
19575,0,1,0.5314817,test
19576,2,2,0.591192,test
19577,1,1,0.97874737,test
19578,1,0,0.98450583,test
19579,1,1,0.95260316,test
19580,1,1,0.8475453,test
19581,1,1,0.64917064,test
19582,2,1,0.5173966,test
19583,0,0,0.9921205,test
19584,1,0,0.936491,test
19585,1,1,0.9927424,test
19586,1,1,0.9642063,test
19587,2,2,0.9492273,test
19588,1,1,0.66609484,test
19589,1,1,0.96349216,test
19590,1,1,0.98857284,test
19591,1,1,0.91750515,test
19592,2,2,0.7085211,test
19593,0,0,0.9864231,test
19594,1,1,0.99639696,test
19595,1,2,0.9462771,test
19596,1,1,0.873379,test
19597,0,0,0.87523824,test
19598,2,2,0.99852556,test
19599,2,2,0.9886381,test
19600,1,1,0.97657347,test
19601,1,2,0.89544713,test
19602,0,0,0.99991333,test
19603,1,2,0.6540288,test
19604,2,1,0.99317235,test
19605,1,0,0.5663774,test
19606,2,2,0.9610933,test
19607,2,0,0.5351058,test
19608,2,0,0.83434904,test
19609,0,0,0.9872047,test
19610,1,1,0.9820795,test
19611,2,2,0.99926835,test
19612,2,0,0.92410517,test
19613,1,1,0.9782493,test
19614,2,2,0.9108969,test
19615,1,1,0.97116965,test
19616,2,2,0.96979135,test
19617,0,0,0.9973361,test
19618,0,0,0.99820316,test
19619,1,1,0.8845202,test
19620,1,0,0.5946541,test
19621,0,0,0.9280903,test
19622,2,2,0.79937917,test
19623,1,1,0.8816564,test
19624,1,2,0.9679073,test
19625,2,2,0.96091014,test
19626,0,0,0.99253803,test
19627,1,1,0.98715407,test
19628,1,1,0.91784376,test
19629,2,2,0.9979818,test
19630,2,2,0.9956436,test
19631,0,0,0.9993482,test
19632,2,1,0.96731824,test
19633,0,0,0.9441758,test
19634,2,1,0.87555623,test
19635,1,2,0.79355025,test
19636,0,2,0.9871357,test
19637,0,0,0.99999213,test
19638,2,2,0.8584718,test
19639,1,1,0.90580136,test
19640,2,2,0.9499837,test
19641,2,2,0.99524516,test
19642,1,1,0.59489185,test
19643,2,2,0.91567624,test
19644,0,0,0.984132,test
19645,2,1,0.7034926,test
19646,2,0,0.5113945,test
19647,0,0,0.99933285,test
19648,2,2,0.9121854,test
19649,1,1,0.98459053,test
19650,0,0,0.99785256,test
19651,1,1,0.8449828,test
19652,1,1,0.7752129,test
19653,2,2,0.993317,test
19654,0,0,0.9994716,test
19655,2,1,0.97819513,test
19656,2,2,0.9996232,test
19657,1,1,0.91693294,test
19658,2,2,0.99687946,test
19659,2,2,0.99782395,test
19660,2,1,0.7122619,test
19661,2,2,0.99945086,test
19662,1,1,0.81981283,test
19663,1,1,0.93639284,test
19664,0,2,0.9920482,test
19665,0,0,0.7182277,test
19666,2,1,0.49085456,test
19667,1,1,0.76385176,test
19668,1,1,0.98875344,test
19669,2,2,0.9968143,test
19670,2,2,0.95353305,test
19671,1,0,0.8768903,test
19672,0,2,0.9879825,test
19673,1,1,0.99678814,test
19674,0,0,0.9999987,test
19675,1,2,0.77852166,test
19676,0,0,0.9963546,test
19677,1,1,0.8921811,test
19678,0,0,0.99649626,test
19679,2,2,0.9999131,test
19680,2,2,0.9885251,test
19681,2,2,0.99845684,test
19682,1,1,0.8298143,test
19683,1,2,0.7844681,test
19684,2,2,0.9751016,test
19685,2,1,0.91564626,test
19686,1,1,0.94953394,test
19687,1,1,0.78158224,test
19688,0,0,0.9971181,test
19689,2,2,0.9897335,test
19690,2,2,0.6199488,test
19691,2,2,0.99434125,test
19692,1,1,0.9747089,test
19693,1,1,0.95545924,test
19694,2,1,0.8042025,test
19695,1,1,0.98843944,test
19696,2,2,0.9855428,test
19697,2,2,0.5329852,test
19698,2,2,0.9986871,test
19699,0,0,0.9999329,test
19700,1,1,0.9810612,test
19701,1,2,0.72996074,test
19702,1,1,0.95877707,test
19703,2,2,0.9998385,test
19704,1,1,0.89911246,test
19705,0,0,0.99999976,test
19706,0,0,0.9984731,test
19707,2,1,0.9959793,test
19708,2,2,0.9889209,test
19709,2,2,0.99969745,test
19710,2,2,0.9961343,test
19711,0,0,0.99801505,test
19712,2,2,0.99108195,test
19713,0,0,0.9982875,test
19714,2,2,0.99624383,test
19715,0,0,0.99929976,test
19716,2,2,0.98958087,test
