id,x_0,x_1,x_2,x_3,x_4,x_5,x_6,x_7,x_8,x_9,x_10,x_11,x_12,x_13,x_14,x_15,x_16,x_17,x_18,x_19,x_20,x_21,x_22,x_23,x_24,x_25,x_26,x_27,x_28,x_29,x_30,x_31,x_32,x_33,x_34,x_35,x_36,x_37,x_38,x_39,x_40,x_41,x_42,x_43,x_44,x_45,x_46,x_47,x_48,x_49,x_50,x_51,x_52,x_53,x_54,x_55,x_56,x_57,x_58,x_59,x_60,x_61,x_62,x_63
0.0,-0.682623565196991,-0.24947412312030792,-0.42329856753349304,0.4028700888156891,0.056879058480262756,0.02664618380367756,-0.07237924635410309,-0.2670280337333679,-0.1340002566576004,-0.05487155169248581,0.20054374635219574,0.2754144072532654,-0.3159719705581665,0.041169919073581696,-0.18022720515727997,-0.009885456413030624,0.13985596597194672,0.29890742897987366,-0.2301015853881836,-0.1682043820619583,0.23529577255249023,0.40723472833633423,-0.07218855619430542,0.0746065229177475,-0.1731584668159485,-0.13292281329631805,-0.06846002489328384,-0.3086951971054077,0.07061165571212769,0.23891985416412354,-0.04788004606962204,0.037725869566202164,-0.25841400027275085,-0.1603085845708847,0.11076054722070694,0.1883121281862259,-0.18050599098205566,-0.13049408793449402,-0.4419628381729126,0.1336536407470703,0.06497960537672043,-0.0289835836738348,0.4053654074668884,-0.08689792454242706,-0.06704320013523102,-0.0330093652009964,-0.29972007870674133,0.04151172935962677,0.0849747583270073,-0.21402208507061005,-0.12088347971439362,0.09839841723442078,-0.13120895624160767,-0.049997035413980484,-0.20915494859218597,-0.06572002172470093,0.11663345992565155,0.1363382786512375,0.024929340928792953,0.14625877141952515,0.09944626688957214,0.026805773377418518,-0.10220934450626373,-0.21087677776813507
1.0,-0.36470314860343933,0.06486029922962189,-0.292261004447937,0.22794240713119507,-0.05908800661563873,-0.035911690443754196,-0.20411428809165955,-0.24491946399211884,-0.09407816082239151,0.09492238610982895,0.14359323680400848,0.21831783652305603,-0.07452880591154099,0.1973477303981781,-0.1794620156288147,-0.15192534029483795,0.1135038435459137,0.14723215997219086,-0.19141478836536407,-0.11596845835447311,-0.10650669783353806,0.18646496534347534,-0.22180260717868805,0.1285453736782074,-0.1620597541332245,-0.2990192174911499,-0.1082284078001976,-0.22198157012462616,0.19546544551849365,0.07996160537004471,-0.020090704783797264,0.05585313215851784,0.005627889186143875,-0.05308089405298233,0.23165130615234375,0.17403191328048706,-0.40727749466896057,-0.1224275752902031,-0.36658281087875366,-0.09129767119884491,0.009392786771059036,-0.004107561893761158,0.5018961429595947,-0.10664515942335129,0.1441338062286377,-0.18916161358356476,-0.1464369297027588,-0.1353399157524109,0.15827040374279022,-0.25856587290763855,-0.2949058711528778,-0.060745298862457275,-0.13954594731330872,-0.2729477882385254,-0.14735355973243713,0.1438269168138504,0.0040453835390508175,0.3363752067089081,-0.08854901790618896,0.22521443665027618,-0.021946454420685768,0.004983397200703621,-0.25708410143852234,-0.12984596192836761
2.0,-0.4031209945678711,-0.12821251153945923,-0.22935067117214203,0.38491737842559814,-0.12000054121017456,0.09159600734710693,-0.1871117651462555,0.019980445504188538,-0.05643467605113983,0.11263342946767807,-0.007764958310872316,0.04910378158092499,-0.1347583830356598,0.01235455833375454,-0.15376922488212585,0.2179417908191681,0.23477685451507568,0.12084449827671051,-0.20810669660568237,-0.3896103799343109,0.27529260516166687,0.17661039531230927,-0.0508824959397316,0.12068819999694824,-0.1783590316772461,0.17724014818668365,-0.047409385442733765,-0.11877889931201935,-0.06109558418393135,0.16653858125209808,0.24530521035194397,0.08477827161550522,-0.11978881061077118,-0.10801684856414795,-0.0007452241843566298,0.0905110165476799,-0.21883819997310638,0.1586570143699646,-0.18755947053432465,0.3420826494693756,-0.09642834216356277,-0.2554788887500763,0.14497829973697662,-0.12759104371070862,0.0060706976801157,-0.05935252830386162,0.04156074300408363,-0.027389466762542725,0.20847660303115845,-0.1316775381565094,-0.012639687396585941,0.23503266274929047,-0.16175422072410583,-0.36990755796432495,-0.11711853742599487,-0.16669590771198273,0.15468958020210266,0.18296736478805542,-0.02640560269355774,0.019439425319433212,0.2111147791147232,0.23200087249279022,-0.01833781972527504,0.07464784383773804
3.0,-0.2530772089958191,-0.12657512724399567,-0.4952397346496582,0.25055935978889465,0.1699574738740921,-0.022192295640707016,-0.1641206592321396,-0.39815059304237366,-0.11008951812982559,0.020771192386746407,0.26412537693977356,0.2896702289581299,-0.07675795257091522,-0.029627632349729538,-0.2360154241323471,-0.02901047095656395,0.04203774034976959,0.15824273228645325,-0.1908661425113678,0.026962794363498688,0.023350542411208153,0.24905060231685638,-0.1537846326828003,0.21209517121315002,-0.1398974508047104,-0.2851654887199402,-0.16524343192577362,-0.2520618438720703,0.07861577719449997,0.008849743753671646,0.2658207416534424,0.042814090847969055,-0.2339942455291748,-0.2307509332895279,0.24355971813201904,0.14401575922966003,-0.20316965878009796,-0.24088285863399506,-0.4871847927570343,-0.07257580757141113,0.11700106412172318,-0.10085350275039673,0.31153640151023865,-0.15939609706401825,-0.18918836116790771,-0.023482315242290497,-0.03824266791343689,0.0024141722824424505,0.3029007315635681,-0.26778504252433777,-0.36626890301704407,0.03467471897602081,-0.12145312875509262,-0.05286553129553795,-0.17628857493400574,0.20688657462596893,-0.0703657791018486,-0.034801892936229706,0.061479464173316956,0.2794702351093292,0.08073854446411133,0.08661192655563354,-0.05921319127082825,-0.2302410900592804
4.0,-0.21754276752471924,-0.12446478009223938,-0.22911874949932098,0.31301161646842957,-0.0314064659178257,0.03824581578373909,-0.15148992836475372,-0.18597526848316193,-0.23391477763652802,0.11680299043655396,0.17739351093769073,0.04664371535181999,-0.01995791681110859,0.07391209155321121,-0.07273451238870621,-0.07128356397151947,0.03175871819257736,0.07431961596012115,-0.31613171100616455,-0.11095249652862549,-0.2817811369895935,0.10239558666944504,-0.2529941499233246,0.1540142446756363,-0.18961849808692932,-0.11126110702753067,-0.07187113165855408,-0.2648979127407074,-0.08234196901321411,0.19272997975349426,0.28434106707572937,-0.1307329684495926,0.012112345546483994,-0.015228715725243092,0.22471413016319275,0.09184564650058746,-0.3178294003009796,-0.011528066359460354,-0.14639633893966675,0.08238620311021805,0.06833354383707047,-0.11124022305011749,0.33942222595214844,-0.1920299082994461,-0.0754074826836586,0.04976345971226692,0.13239629566669464,0.08159557729959488,0.315442830324173,-0.2225019484758377,-0.24293367564678192,0.09435998648405075,-0.10600084811449051,-0.13634814321994781,0.15113423764705658,0.025208652019500732,-0.11332147568464279,-0.0151751097291708,0.03484482690691948,0.007126649376004934,0.24693796038627625,-0.00734358374029398,-0.12506651878356934,-0.09495537728071213
5.0,-0.4598861634731293,-0.05502091348171234,-0.15573309361934662,0.3009325861930847,0.0003962086047977209,-0.010864822193980217,0.0015955092385411263,-0.26873359084129333,-0.05045710876584053,-0.021057816222310066,0.05306433513760567,0.2715807557106018,-0.1747753620147705,0.17624706029891968,-0.08510978519916534,-0.006466199178248644,0.17614144086837769,0.12758511304855347,-0.12115097790956497,-0.25014162063598633,0.18132653832435608,0.03995032235980034,-0.019459595903754234,0.11458469927310944,-0.0752929225564003,-0.33145812153816223,-0.12288706749677658,-0.2918691337108612,0.023096885532140732,0.14389431476593018,0.05371347814798355,0.06532230973243713,-0.2206718921661377,-0.09930966794490814,0.18973931670188904,0.16928081214427948,-0.20484976470470428,-0.14306703209877014,-0.4517013728618622,0.07915831357240677,0.01418137177824974,-0.1337290108203888,0.27722468972206116,-0.1054038256406784,0.17562130093574524,0.022438790649175644,-0.18759626150131226,-0.08217328041791916,0.21830309927463531,-0.20222541689872742,-0.13964365422725677,-0.09093021601438522,-0.213131383061409,-0.04465852305293083,-0.08112756907939911,-0.006383426487445831,0.16008540987968445,0.1334737241268158,-0.047916535288095474,0.18582454323768616,0.05198315903544426,0.009275082498788834,-6.51925802230835e-05,-0.21043995022773743
6.0,-0.1843845248222351,0.1143016368150711,-0.15164686739444733,0.21631114184856415,0.014277620241045952,-0.07611700147390366,-0.13830317556858063,-0.1428777575492859,-0.01701415330171585,0.0678841769695282,0.09409912675619125,0.0764152780175209,-0.06415850669145584,0.28875017166137695,0.0831119492650032,-0.14979930222034454,0.008890636265277863,-0.021998198702931404,-0.047794800251722336,-0.09197671711444855,-0.016131149604916573,-0.07965807616710663,-0.17595551908016205,0.18783360719680786,-0.255409300327301,-0.12837767601013184,-0.011968860402703285,-0.053116071969270706,0.09223147481679916,0.08358395099639893,0.1896739900112152,0.02961452677845955,-0.17139901220798492,-0.05443626642227173,0.14412501454353333,0.27514731884002686,-0.07171115279197693,-0.0497775599360466,-0.2506069540977478,-0.07521571964025497,0.1840096265077591,-0.17513775825500488,0.04552783817052841,-0.07617355138063431,0.15281330049037933,0.01874927431344986,0.013383995741605759,-0.03508618101477623,0.018693355843424797,0.11824923008680344,-0.09263066202402115,-0.04295291379094124,-0.26576605439186096,-0.138083815574646,0.17576511204242706,0.09435892105102539,0.0561615452170372,-0.12151838093996048,-0.19365274906158447,0.11465872824192047,0.015906136482954025,-0.02803146466612816,0.12095814198255539,-0.11985401809215546
7.0,-0.2888912558555603,-0.11140699684619904,-0.24634921550750732,0.0648798868060112,-0.002238060813397169,-0.12471953779459,-0.03829871490597725,-0.13883352279663086,-0.0036385871935635805,0.056604690849781036,-0.0232707392424345,0.13925479352474213,-0.1433594673871994,0.08218762278556824,0.07122118026018143,-0.12558601796627045,-0.06925003230571747,0.0855417251586914,-0.0371549054980278,-0.11950558423995972,0.00400815112516284,0.09569308161735535,0.0770774707198143,0.07246484607458115,-0.11113186180591583,-0.2993830740451813,-0.18691326677799225,-0.25664618611335754,0.20420582592487335,0.13979677855968475,-0.035535361617803574,0.11179178208112717,-0.16502419114112854,-0.013170180842280388,0.157085582613945,0.12557415664196014,-0.10625282675027847,-0.06520611047744751,-0.2244141548871994,0.05638471618294716,0.15436725318431854,-0.050737712532281876,0.17472337186336517,-0.19914068281650543,0.19503407180309296,-0.20522399246692657,-0.22109749913215637,0.0754600390791893,0.04541962221264839,-0.17748945951461792,0.05433034896850586,0.04659636691212654,0.0328308530151844,0.020133474841713905,-0.08146927505731583,0.013779312372207642,-0.008866172283887863,0.22657114267349243,-0.07738767564296722,-0.07227255403995514,-0.05465281382203102,-0.06392806023359299,-0.03040686622262001,-0.2112451046705246
8.0,-0.1715441346168518,-0.1355644315481186,-0.16589748859405518,0.30684253573417664,0.06569833308458328,0.012938948348164558,-0.09347027540206909,-0.1307409107685089,-0.06580258160829544,0.016005076467990875,0.04837827384471893,0.17759808897972107,-0.19206656515598297,0.026751957833766937,0.030179237946867943,-0.00513825286179781,0.06835902482271194,0.1403494030237198,-0.18375185132026672,-0.17583461105823517,-0.059490546584129333,0.19179752469062805,0.0049893418326973915,0.04396522790193558,-0.07416792958974838,-0.11690432578325272,-0.06002580747008324,-0.34478363394737244,0.1412198841571808,0.04531116038560867,0.06734488159418106,0.12147073447704315,-0.1030903086066246,0.034881461411714554,0.16615206003189087,0.23595190048217773,-0.09576153010129929,0.014923694543540478,-0.17312951385974884,0.20508643984794617,0.10791321098804474,-0.12396267801523209,0.39722540974617004,-0.10337073355913162,0.0633830577135086,-0.09772463887929916,-0.18837709724903107,0.1571238934993744,0.1670830249786377,-0.25006744265556335,-0.108372762799263,0.08122497797012329,-0.1734778732061386,-0.19008763134479523,-0.08298994600772858,0.07937252521514893,-0.036724887788295746,0.22145873308181763,-0.025640171021223068,0.06725157052278519,0.05672337859869003,0.1284816861152649,0.07251626998186111,-0.20207233726978302
9.0,-0.3146604299545288,-0.26508209109306335,-0.30320465564727783,0.21085771918296814,-0.03292259946465492,0.14539822936058044,0.040577854961156845,0.036378975957632065,0.019841672852635384,-0.0645732656121254,-0.08202654123306274,-0.01135616097599268,-0.08885305374860764,-0.0627543032169342,-0.12550954520702362,-0.14011918008327484,0.007823336869478226,0.006999487057328224,0.003651692997664213,-0.0067038144916296005,0.11410605907440186,-0.0322684682905674,0.052760716527700424,0.1076536476612091,-0.202992245554924,-0.2635100483894348,-0.05429287627339363,-0.05337823927402496,0.03971133753657341,0.14055044949054718,-0.059199992567300797,0.11726506799459457,-0.10083312541246414,-0.1248372495174408,0.11103074252605438,0.18048608303070068,-0.16454264521598816,-0.08158040046691895,-0.3536731004714966,-0.006087510380893946,0.19161951541900635,-0.03165930509567261,0.03583426773548126,-0.191299170255661,0.20489194989204407,0.06470726430416107,-0.09253618866205215,-0.2438049018383026,0.18752305209636688,-0.19327346980571747,0.003889436135068536,0.09854768216609955,-0.08073227107524872,0.1203610897064209,0.11180858314037323,-0.234243705868721,0.18426163494586945,-0.016330448910593987,-0.06508287042379379,0.09149442613124847,-0.10886899381875992,-0.12190952152013779,-0.006553242914378643,-0.11546958982944489
10.0,-0.49897924065589905,-0.05822443217039108,-0.22528360784053802,0.4781958758831024,-0.04351601004600525,0.01515895314514637,-0.21535037457942963,-0.25762274861335754,-0.17929784953594208,0.008986995555460453,0.001723256427794695,0.07039888203144073,-0.11163099855184555,0.27747437357902527,0.05011672154068947,0.04487696290016174,0.1180584654211998,0.05282621458172798,-0.2579394280910492,-0.13291241228580475,0.03795168548822403,0.09175188094377518,-0.11156835407018661,0.09670944511890411,-0.15139131247997284,0.0011155013926327229,-0.13767945766448975,-0.2633260488510132,0.013728160411119461,0.28724634647369385,-0.06725329905748367,-0.03630789369344711,-0.10520714521408081,-0.11901237815618515,0.1688024401664734,0.18465164303779602,-0.10358887165784836,-0.012763207778334618,-0.3215058445930481,0.025540856644511223,-0.08361857384443283,-0.09360858052968979,0.154402494430542,0.14656874537467957,-0.05620960146188736,0.04537346586585045,0.034413933753967285,-0.047122664749622345,0.15863794088363647,0.13464286923408508,-0.045936211943626404,0.04588780179619789,-0.2533353567123413,-0.10644477605819702,0.08501358330249786,0.0666772648692131,-0.033879730850458145,0.08743765950202942,-0.11274319887161255,0.08386242389678955,0.0692477896809578,0.06797365099191666,0.05757986009120941,-0.07102175801992416
11.0,-0.13752298057079315,0.03948367014527321,0.019720474258065224,0.1858660876750946,0.02928042970597744,0.10312256962060928,0.034391842782497406,-0.042150698602199554,0.010769376531243324,-0.037714529782533646,0.025561027228832245,0.04550394043326378,-0.21842724084854126,0.11486253887414932,-0.04746083542704582,0.12596502900123596,-0.20929495990276337,-0.04631803184747696,0.009499537758529186,-0.17177988588809967,0.031994737684726715,0.04669015482068062,-0.06541748344898224,0.08928149193525314,-0.09126273542642593,-0.04066402465105057,-0.17005133628845215,-0.18316705524921417,0.04316367581486702,0.23064352571964264,-0.054117653518915176,0.20970626175403595,-0.07689997553825378,-0.1442617028951645,0.021658655256032944,-0.06164667010307312,-0.16657517850399017,0.16952742636203766,-0.27377793192863464,0.266892671585083,0.17203934490680695,0.014696422964334488,0.11336897313594818,-0.26741278171539307,0.08988898992538452,-0.09521990269422531,-0.08795000612735748,0.07369838654994965,0.1545024961233139,-0.31001123785972595,-0.13620665669441223,0.05856014043092728,-0.016683420166373253,-0.14604760706424713,-0.08399703353643417,0.141036719083786,0.08884701877832413,-0.095229871571064,0.09582959860563278,-0.050004687160253525,-0.053162720054388046,-0.14189910888671875,-0.05140313506126404,-0.1412624567747116
12.0,-0.23505999147891998,-0.02505299262702465,-0.17547515034675598,0.01752099022269249,-0.0694638192653656,-0.1319994032382965,-0.05686270818114281,-0.009084208868443966,-0.09493362903594971,0.06607243418693542,0.20512080192565918,0.1755955070257187,-0.2223399579524994,-0.05600152909755707,-0.1491638422012329,0.06992778927087784,0.07855456322431564,0.11593902111053467,-0.14752095937728882,-0.3373510241508484,0.0011815056204795837,0.23961947858333588,-0.00566664757207036,-0.043465279042720795,-0.13224095106124878,-0.1333010196685791,-0.10729125887155533,-0.14865058660507202,-0.019633306190371513,-0.058391015976667404,0.23501135408878326,0.1726735234260559,-0.040636852383613586,-0.044580891728401184,0.11210070550441742,0.033972419798374176,-0.26472988724708557,0.019553828984498978,-0.16899947822093964,0.16495858132839203,0.06511654704809189,-0.15870016813278198,0.0757107064127922,-0.07213181257247925,0.08040545135736465,-0.1775795817375183,-0.07567915320396423,-0.06692974269390106,0.04616672918200493,-0.1488184779882431,-0.09101328253746033,-0.030262604355812073,-0.22511418163776398,-0.3167109489440918,-0.010174725204706192,0.009248794056475163,0.2637856900691986,0.010758599266409874,0.14058271050453186,0.28131425380706787,0.08297769725322723,0.1396128535270691,-0.07848071306943893,-0.15404587984085083
13.0,-0.03759538009762764,0.19307895004749298,-0.05534281209111214,0.2517426908016205,0.11064468324184418,0.08143121749162674,-0.005772616248577833,-0.1529194563627243,0.07250319421291351,-0.15416689217090607,-0.03336285054683685,0.12763945758342743,0.1352027952671051,0.17317116260528564,-0.005577961448580027,-0.013055807910859585,-0.014558437280356884,-0.05352809652686119,-0.054178547114133835,-0.044639382511377335,0.06519414484500885,-0.2376672923564911,-0.08134167641401291,0.2586984634399414,-0.10526040196418762,0.07350757718086243,-0.14289416372776031,-0.08044351637363434,0.06224464252591133,-0.04279349744319916,0.023714324459433556,0.03008759580552578,-0.26442259550094604,-0.2520948350429535,-0.05388651788234711,0.2189788520336151,-0.11227516084909439,0.04632805660367012,-0.3133467435836792,0.15890637040138245,0.24298635125160217,-0.12793737649917603,-0.00899706594645977,-0.22174696624279022,0.1862722784280777,-0.08151913434267044,0.018935825675725937,-0.27788814902305603,0.200017049908638,-0.2292267233133316,-0.10833287239074707,0.21377681195735931,-0.004070349968969822,-0.2533400058746338,0.10667696595191956,0.06006834656000137,0.07913786172866821,0.005872721318155527,-0.17074476182460785,-0.19066089391708374,-0.074836865067482,-0.14129069447517395,0.03169891610741615,0.04689088091254234
14.0,-0.08007806539535522,-0.05998909845948219,-0.2619229257106781,0.16903436183929443,-0.042912669479846954,0.028047872707247734,-0.16058121621608734,0.05759641155600548,-0.11477386951446533,0.022535471245646477,0.03939753398299217,-0.035071961581707,-0.1306341588497162,0.13231271505355835,0.02721819281578064,-0.07517897337675095,-0.24036669731140137,-0.019641248509287834,0.05175154656171799,-0.12974511086940765,-0.10262592136859894,0.2107638418674469,-0.0892421305179596,0.10443159192800522,-0.19359132647514343,-0.09358441829681396,-0.10058189183473587,-0.23252272605895996,0.2069452553987503,0.1146908849477768,-0.06096913293004036,0.2720620334148407,0.022353924810886383,-0.004763494245707989,0.2368108034133911,0.006037388928234577,-0.26862049102783203,0.049664437770843506,-0.18957746028900146,0.01356490608304739,0.11790501326322556,-0.02482161484658718,0.03210045024752617,-0.021698663011193275,0.010180694982409477,-0.16164851188659668,-0.05897519364953041,-0.0056270696222782135,0.17072387039661407,-0.13036690652370453,-0.14996595680713654,0.09734530001878738,-0.12407411634922028,-0.237257719039917,0.10009273886680603,0.10473629087209702,-0.03884361311793327,-0.03171924129128456,-0.04463924840092659,0.11214465647935867,-0.30008459091186523,0.007795281708240509,0.14550229907035828,-0.3084912598133087
15.0,-0.13604600727558136,-0.07817209511995316,-0.0717887356877327,0.09949664026498795,-0.06534945219755173,-0.05381302163004875,-0.15661799907684326,0.013307190500199795,0.02122463658452034,0.005657460540533066,0.09263037890195847,0.15689583122730255,-0.2115650475025177,-0.06074853613972664,-0.04608188569545746,0.01647067442536354,0.1044510155916214,0.13820157945156097,-0.04309924691915512,-0.29068422317504883,0.0919378474354744,0.2928713858127594,-0.109809510409832,0.045074205845594406,-0.008348483592271805,-0.3073561191558838,-0.20787572860717773,-0.33141571283340454,0.1717141568660736,0.12728284299373627,0.2327483892440796,0.20462492108345032,-0.09661000967025757,0.08314260840415955,0.24687401950359344,-0.02859683334827423,-0.312824547290802,0.0016889588441699743,-0.10186349600553513,0.12863105535507202,0.013640722259879112,-0.20778365433216095,0.17964774370193481,0.00933882500976324,0.17501579225063324,-0.26154541969299316,-0.08921918272972107,-0.0010984917171299458,0.15939167141914368,-0.12340384721755981,-0.1202884167432785,-0.173939049243927,-0.14580115675926208,-0.2618076205253601,-0.05097418278455734,0.09323348104953766,-0.008104639127850533,0.14011050760746002,0.14921294152736664,0.13726429641246796,-0.10987020283937454,0.047364525496959686,-0.11278215795755386,-0.09179273247718811
16.0,-0.01528114266693592,0.11779038608074188,-0.23489218950271606,0.14549382030963898,0.024955248460173607,0.09092333167791367,-0.2082935869693756,-0.30401405692100525,0.07091841101646423,0.13145051896572113,-0.008110908791422844,0.03501199185848236,0.25860172510147095,0.06763803958892822,-0.17103567719459534,-0.10539866238832474,-0.056579720228910446,0.04230252653360367,0.014265773817896843,0.036445099860429764,0.04154849424958229,-0.1483326554298401,-0.20642109215259552,0.25445273518562317,-0.0271750595420599,-0.2556392550468445,-0.1289372444152832,0.06240401044487953,0.13411152362823486,-0.13720829784870148,0.12754163146018982,0.0007345099002122879,-0.26714444160461426,-0.24470940232276917,0.19007447361946106,0.17038783431053162,-0.09570766985416412,-0.2089483141899109,-0.20367851853370667,0.08340097218751907,0.17065882682800293,-0.21767498552799225,0.08210679143667221,-0.37370893359184265,0.06970187276601791,-0.023754816502332687,-0.04742516949772835,-0.028093744069337845,0.06786656379699707,-0.2620999217033386,-0.20231950283050537,0.12802959978580475,0.1263156235218048,-0.036916136741638184,-0.28191304206848145,0.17395691573619843,-0.0908966138958931,-0.05977390334010124,-0.03743624687194824,0.007818683981895447,0.28169259428977966,-0.11136026680469513,-0.2620244324207306,0.07246404886245728
17.0,-0.4107014238834381,-0.20889988541603088,-0.17917129397392273,0.16873575747013092,0.02320815809071064,0.03269938379526138,0.03994211181998253,-0.185151144862175,-0.1173926442861557,-0.056661151349544525,0.07723180204629898,0.15395770967006683,-0.11446214467287064,-0.002600929467007518,-0.20605523884296417,-0.06256978213787079,-0.05552298575639725,0.18470676243305206,-0.09768103063106537,-0.13219697773456573,0.22843165695667267,0.19239218533039093,-0.13654640316963196,0.09004198759794235,-0.031983353197574615,-0.2673420011997223,-0.21296942234039307,-0.2797222137451172,0.07164853066205978,0.3540686070919037,0.0721755176782608,0.06435569375753403,-0.2727668583393097,-0.16207574307918549,0.13774865865707397,-0.0010844562202692032,-0.22544485330581665,-0.22264331579208374,-0.23880235850811005,0.08781605213880539,0.11608763039112091,-0.00094638392329216,0.16842304170131683,-0.12241600453853607,0.050164494663476944,-0.08887070417404175,-0.1815580576658249,0.036949463188648224,0.15658332407474518,-0.16108588874340057,-0.14167039096355438,-0.05835195630788803,-0.011990144848823547,0.03199419379234314,-0.13319933414459229,-0.051999352872371674,0.005861622281372547,-0.03782377392053604,0.02950596623122692,-0.01842138171195984,-0.11704619973897934,-0.09196881204843521,-0.04628506675362587,-0.21358135342597961
18.0,-0.34651002287864685,0.03556434065103531,-0.12106058746576309,0.22577279806137085,0.07603758573532104,-0.08943747729063034,-0.11143479496240616,-0.23001928627490997,-0.06852145493030548,-0.03863248601555824,0.026469863951206207,0.0667463093996048,-0.26835986971855164,0.30082833766937256,0.08447512984275818,-0.13692240417003632,-0.06465063989162445,-0.09008138626813889,-0.25134000182151794,-0.11394597589969635,0.015400655567646027,0.21622295677661896,-0.21080663800239563,0.3270862400531769,-0.1248566061258316,0.05906087905168533,-0.018369462341070175,-0.10454170405864716,0.06499092280864716,0.2878808379173279,0.11877944320440292,-0.0025774696841835976,-0.1370747685432434,0.060660406947135925,0.09793011099100113,0.2462206929922104,-0.10134264826774597,-0.1557246595621109,-0.09645393490791321,0.004559356719255447,0.06757169961929321,-0.09348873794078827,0.20547743141651154,-0.08091080188751221,-0.06508363038301468,0.0905056819319725,0.05015186965465546,0.10302993655204773,0.01761276088654995,0.04355711489915848,-0.13104787468910217,-0.20981118083000183,-0.17830492556095123,-0.1731356680393219,0.045980487018823624,0.06747706234455109,0.010978410951793194,-0.13035975396633148,-0.20872999727725983,0.21470779180526733,0.16937585175037384,0.04002627357840538,0.03810006380081177,-0.26954010128974915
19.0,-0.1433631032705307,-0.05491483584046364,-0.14114519953727722,0.3386331796646118,0.014170624315738678,0.16936634480953217,-0.17141373455524445,-0.11655299365520477,-0.11722219735383987,-0.016558682546019554,-0.06525421142578125,-0.014923473820090294,0.01619429513812065,0.12321492284536362,-0.002407742664217949,-0.04942621663212776,0.07308897376060486,0.03285352140665054,-0.0902448371052742,-0.013495635241270065,-0.0653914362192154,-0.06338365375995636,-0.08894718438386917,0.12367995828390121,-0.1932082623243332,0.02461555227637291,0.00440167635679245,-0.14550365507602692,0.023945705965161324,-0.019582798704504967,-0.09765208512544632,0.0909450352191925,-0.03910457715392113,-0.13211433589458466,0.12320668995380402,0.10151725262403488,-0.17932793498039246,-0.05243229120969772,-0.2487061470746994,0.03357696533203125,0.01469008345156908,-0.02037726901471615,0.19548644125461578,-0.09426309168338776,0.006517128553241491,0.04999474808573723,0.009066603146493435,-0.11297701299190521,0.2348984181880951,-0.23814813792705536,-0.09062734246253967,0.1705925613641739,-0.11262865364551544,-0.13322603702545166,0.023514339700341225,0.0790228545665741,-0.05693766474723816,0.18548044562339783,-0.1298363357782364,0.0759221762418747,0.03201790153980255,0.0002258606255054474,0.0609782412648201,-0.01830408349633217
20.0,-0.35783281922340393,-0.2505970597267151,-0.17626452445983887,0.20525290071964264,-0.09453514218330383,0.1066693365573883,-0.07937798649072647,0.015267480164766312,-0.1547718644142151,0.055545657873153687,0.07102309912443161,0.0024348273873329163,-0.1023586168885231,0.23369939625263214,0.12463844567537308,-0.1533902883529663,0.01735454611480236,0.09408910572528839,0.1348857879638672,-0.028670139610767365,0.07491020858287811,0.04275606945157051,0.0506645143032074,0.08348425477743149,-0.18944691121578217,-0.21076947450637817,-0.16937488317489624,-0.2593991160392761,0.08615802228450775,0.38680723309516907,-0.01743738166987896,0.025118328630924225,0.09190687537193298,0.019370878115296364,0.15538567304611206,0.0888683944940567,-0.22320380806922913,0.04987911134958267,-0.32411131262779236,-0.044617000967264175,-0.020528413355350494,0.019286703318357468,0.1394864022731781,0.0701918974518776,0.10508709400892258,-0.07099231332540512,0.051983702927827835,-0.01620429754257202,0.34144699573516846,-0.0983649492263794,-0.11498987674713135,0.017668580636382103,-0.03880263864994049,-0.043657951056957245,0.07197432219982147,-0.015460923314094543,-0.02479506842792034,0.1215151995420456,-0.07731747627258301,-0.042484406381845474,-0.2566773593425751,0.07181306928396225,0.05147730931639671,-0.23323652148246765
21.0,-0.3394181430339813,-0.08126716315746307,-0.09318969398736954,0.41313305497169495,-0.024873610585927963,0.07102660834789276,-0.2081693410873413,-0.29659029841423035,-0.14745274186134338,-0.13201169669628143,-0.2683343291282654,0.05366712436079979,-0.361954927444458,0.1887555569410324,0.10193469375371933,0.2593834102153778,-0.3156912922859192,-0.04451832175254822,-0.1785544455051422,-0.18708030879497528,0.09396704286336899,0.24123485386371613,0.15286386013031006,0.01753982901573181,0.2338162064552307,0.004043282009661198,-0.50495845079422,-0.4826963543891907,0.08902610093355179,0.22132332623004913,-0.14911922812461853,0.2823963463306427,-0.0816541463136673,-0.26293104887008667,-0.1072605699300766,0.09921926259994507,-0.029366696253418922,0.13486000895500183,-0.18161046504974365,0.3821282982826233,-0.05085013806819916,0.03708929568529129,0.19004441797733307,-0.08187047392129898,-0.09051360189914703,-0.08064425736665726,-0.07680048793554306,0.03737471625208855,0.2966405153274536,-0.29351210594177246,-0.049140673130750656,0.02214750461280346,-0.002305375412106514,-0.16511182487010956,-0.12750113010406494,0.39878541231155396,0.026551175862550735,0.14162638783454895,-0.15941016376018524,0.0004866388626396656,-0.15732376277446747,0.20619189739227295,0.1438358575105667,-0.3316526710987091
22.0,-0.32575756311416626,-0.02501663938164711,-0.22740818560123444,0.16266697645187378,-0.039502132683992386,-0.01751537434756756,-0.12716740369796753,-0.08617475628852844,-0.17269839346408844,0.11498013138771057,0.16841842234134674,0.14851531386375427,-0.2885471284389496,0.1254478245973587,-0.1622060239315033,0.024771107360720634,0.24195325374603271,-0.06756565719842911,-0.08419900387525558,-0.18508391082286835,0.0879274383187294,0.20224244892597198,0.06403112411499023,0.031387269496917725,-0.2754597067832947,0.07762915641069412,-0.06959918886423111,0.004394745919853449,-0.1042601466178894,0.14750972390174866,0.08694733679294586,0.25307008624076843,0.19323793053627014,-0.015869203954935074,0.2248656004667282,0.09161488711833954,-0.03489609435200691,0.1967039555311203,-0.4918089807033539,-0.07327808439731598,0.07427727431058884,-0.1167704313993454,-0.028876692056655884,-0.037199318408966064,-0.029748987406492233,-0.03863705322146416,0.07498522102832794,-0.04754165932536125,0.23511508107185364,0.0434248112142086,-0.13820789754390717,-0.02383815124630928,-0.2968308925628662,-0.21881744265556335,-0.20927457511425018,0.11903281509876251,0.09976506233215332,0.09107199311256409,0.029773171991109848,0.25486499071121216,-0.04512713849544525,0.10612940788269043,0.04604621231555939,0.021256867796182632
23.0,0.1097148060798645,0.19125910103321075,-0.3119989335536957,0.19069059193134308,0.056462015956640244,0.08135075122117996,0.0070790378376841545,-0.20997963845729828,-0.04617462679743767,-0.0016870531253516674,0.05390851944684982,0.13242289423942566,0.02747752144932747,-0.007019557990133762,-0.19676965475082397,0.0560552179813385,-0.11697752773761749,-0.2059825360774994,-0.0666322410106659,-0.10785053670406342,-0.1942821592092514,-0.03314217925071716,-0.06968138366937637,0.09924934804439545,-0.02288084663450718,-0.15714554488658905,0.14744620025157928,-0.1573496311903,-0.0013507683761417866,-0.22018307447433472,0.06804198771715164,0.04991387575864792,-0.18479089438915253,-0.10848282277584076,0.13136933743953705,0.10089987516403198,-0.18307895958423615,0.04323497787117958,-0.1740967333316803,-0.000124380923807621,0.1560051590204239,-0.10742184519767761,0.1807188093662262,-0.358130544424057,-0.060349270701408386,0.14664922654628754,-0.0889350026845932,-0.16344550251960754,0.3031017780303955,-0.4034406244754791,-0.2958694100379944,0.10055910050868988,-0.01727314665913582,-0.021993538364768028,0.10307258367538452,0.061172306537628174,0.17277026176452637,-0.14747470617294312,-0.062078822404146194,0.11406506597995758,-0.15529797971248627,-0.21048212051391602,0.14198876917362213,-0.20163071155548096
24.0,-0.17936106026172638,-0.0047612497583031654,-0.6679198741912842,0.28240928053855896,0.2718577980995178,-0.0985356867313385,-0.020877543836832047,-0.19389861822128296,0.12388867139816284,0.2175770252943039,0.10112597048282623,0.41632211208343506,-0.2802492082118988,0.036325711756944656,-0.3652805984020233,0.06564773619174957,-0.03277736157178879,0.05872003734111786,-0.07650219649076462,-0.1671934723854065,-0.055325742810964584,0.36611247062683105,-0.036121852695941925,0.2092195451259613,-0.21904855966567993,-0.1843341737985611,0.12072264403104782,-0.05190667510032654,0.3024007976055145,-0.12701332569122314,-0.07947775721549988,0.21549159288406372,-0.0994010791182518,0.012568293139338493,0.16473931074142456,0.21133393049240112,0.08073118329048157,0.05004299432039261,-0.5755967497825623,-0.14424455165863037,0.10397697985172272,-0.12144534289836884,0.363704115152359,-0.31471607089042664,0.05478538200259209,-0.06374291330575943,-0.3181114196777344,0.03775564208626747,-0.06562794744968414,-0.061035264283418655,-0.15870989859104156,0.15269948542118073,-0.331663578748703,-0.04706954583525658,-0.17581157386302948,-0.03204294666647911,0.2461746335029602,0.03687257319688797,-0.011135963723063469,0.28218385577201843,0.033854514360427856,0.13267046213150024,0.015439823269844055,-0.19020484387874603
25.0,-0.12894397974014282,-0.15329919755458832,-0.44050273299217224,0.582100510597229,-0.01959427259862423,0.04254091531038284,0.002181351650506258,-0.06572654098272324,-0.20273582637310028,0.278274804353714,-0.04646555334329605,-0.021558310836553574,0.1649472564458847,0.09810866415500641,-0.04997537285089493,0.07748842239379883,0.04519645869731903,0.04027945548295975,-0.12599290907382965,-0.19044974446296692,-0.3369024991989136,-0.040609169751405716,0.037593189626932144,0.11097406595945358,-0.26446256041526794,0.03241531178355217,-0.0704556256532669,-0.16408804059028625,-0.04048299416899681,0.21360525488853455,-0.16118773818016052,-0.096441850066185,0.0784929171204567,0.07084304839372635,0.2316003143787384,0.27096128463745117,0.005919810384511948,0.15842509269714355,-0.2566310167312622,0.2292843610048294,0.0819607526063919,-0.21232955157756805,0.18935471773147583,-0.16055580973625183,-0.010249761864542961,-0.06741977483034134,0.0473005473613739,0.0697045624256134,0.29926252365112305,-0.22827772796154022,-0.08942295610904694,0.5142268538475037,-0.057584360241889954,-0.06400162726640701,-0.047825150191783905,-0.12608662247657776,-0.17749540507793427,0.03026796318590641,-0.04647880047559738,-0.27216553688049316,0.14322540163993835,0.23820146918296814,-0.05473799258470535,-0.07310712337493896
26.0,-0.09592486917972565,-0.09250160306692123,-0.255671888589859,0.31272196769714355,-0.009031984955072403,-0.08854290843009949,-0.04858972877264023,-0.1517435908317566,-0.24262744188308716,0.38562312722206116,-0.06327027082443237,-0.010815638117492199,0.0975179374217987,0.27608272433280945,-0.010426045395433903,-0.061091452836990356,0.05236377194523811,-0.07163418084383011,-0.13245992362499237,-0.3777133822441101,-0.3079564869403839,0.2857625484466553,-0.21840369701385498,0.24687814712524414,-0.4342257082462311,0.23807989060878754,0.06383610516786575,-0.1782410591840744,-0.08673564344644547,0.195420503616333,0.07604406028985977,-0.11237901449203491,0.10968437045812607,0.21591176092624664,0.29593977332115173,0.06694422662258148,-0.18015393614768982,0.1228339821100235,-0.05938422307372093,0.2773122489452362,0.06677847355604172,-0.11340249329805374,0.1231064647436142,-0.11832613497972488,-0.09869147837162018,0.03833557292819023,-0.02020304650068283,0.11421021819114685,0.1709192544221878,-0.17061971127986908,-0.156764417886734,0.24393264949321747,-0.1611642837524414,-0.2712377607822418,0.2229762077331543,-0.2860824763774872,0.032882288098335266,0.10611086338758469,-0.023939425125718117,0.08570528775453568,0.32405412197113037,0.3335433602333069,0.01904677040874958,-0.029438292607665062
27.0,-0.15979662537574768,-0.13817526400089264,-0.1571412831544876,0.3920151889324188,0.09751054644584656,-0.018599383533000946,-0.0349949412047863,-0.13259273767471313,0.043307457119226456,-0.10725066065788269,0.10345982760190964,0.11352008581161499,-0.13332489132881165,-0.04957081377506256,-0.015662096440792084,0.015959713608026505,0.12495285272598267,0.11237238347530365,-0.21934178471565247,-0.17190289497375488,0.040575992316007614,0.08616746217012405,-0.09784102439880371,0.18126338720321655,-0.1411626785993576,-0.07414212822914124,-0.1560957282781601,-0.17179691791534424,0.03174138814210892,0.16759562492370605,0.19299542903900146,0.09143083542585373,-0.15332087874412537,-0.11224522441625595,0.1694220006465912,0.25727781653404236,0.015060022473335266,-0.016744377091526985,-0.31761258840560913,0.13955281674861908,0.2550951838493347,-0.19109930098056793,0.1078198254108429,-0.04446636140346527,0.05104684829711914,-0.028706422075629234,-0.08319911360740662,0.0011888332664966583,0.14207494258880615,-0.04669501259922981,-0.05210728198289871,0.09551042318344116,-0.25289058685302734,-0.05991068854928017,0.04145418852567673,0.05378125607967377,-0.1157393604516983,-0.05262093245983124,0.11207348108291626,0.05001165717840195,0.14050552248954773,0.008985638618469238,-0.035823188722133636,-0.00449348846450448
28.0,-0.21046535670757294,-0.010045347735285759,0.021076587960124016,0.13759224116802216,0.051157135516405106,-0.21157164871692657,0.2880101799964905,-0.2091996967792511,-0.08694705367088318,-0.05875774845480919,0.20857709646224976,0.22382870316505432,0.06376954168081284,0.23816758394241333,-0.06255253404378891,-0.1735731065273285,-0.15024101734161377,0.24350593984127045,-0.3116612136363983,-0.40463826060295105,-0.10212139785289764,0.2186119556427002,-0.36044028401374817,0.25406649708747864,-0.054724548012018204,-0.13955847918987274,-0.2485007345676422,-0.33089298009872437,0.007071927189826965,0.20923203229904175,-0.059630557894706726,-0.044943951070308685,0.021203700453042984,-0.041698720306158066,0.18045958876609802,-0.18676158785820007,-0.38088086247444153,-0.018095487728714943,-0.42860105633735657,0.294339120388031,0.14037534594535828,0.2326708883047104,0.12790992856025696,0.03112075850367546,0.11812305450439453,-0.04695609211921692,-0.4187032878398895,-0.0001493834424763918,0.06342298537492752,-0.2787269055843353,-0.23292428255081177,0.1308482587337494,-0.1662425994873047,-0.14484776556491852,0.29606157541275024,-0.2833074629306793,0.09185495972633362,0.024678582325577736,0.29511967301368713,0.17335112392902374,0.21951353549957275,-0.0034691228065639734,-0.18656614422798157,-0.2628554403781891
29.0,-0.1991201937198639,0.0016852403059601784,-0.35781896114349365,0.27553293108940125,-0.09056071937084198,-0.10252109915018082,-0.20498445630073547,-0.21692225337028503,-0.2467620074748993,0.11826977878808975,-0.010822709649801254,0.1215582862496376,0.0038859713822603226,0.11654315888881683,-0.156025692820549,-0.04663223773241043,0.11680871248245239,-0.05170745402574539,-0.18459776043891907,-0.032825686037540436,-0.14177212119102478,0.13710366189479828,-0.13324204087257385,0.15313996374607086,-0.18295125663280487,-0.03763449937105179,-0.131182000041008,-0.12948226928710938,0.027337057515978813,0.1426854133605957,-0.002892386168241501,0.1808967888355255,0.03244132176041603,-0.06689848005771637,0.38495540618896484,0.1020641028881073,-0.16833895444869995,-0.015727223828434944,-0.3164498805999756,-0.1728287786245346,0.03690450266003609,-0.09664100408554077,0.013668237254023552,0.058840177953243256,-0.08867360651493073,-0.05032413452863693,0.06100761890411377,-0.0811835378408432,0.2571973502635956,0.06484899669885635,-0.22861060500144958,0.05150222405791283,-0.18633830547332764,-0.1362694501876831,-0.0845244824886322,0.15026973187923431,-0.2618546783924103,-0.016025301069021225,-0.041819360107183456,0.03159860521554947,-0.17598575353622437,-0.0473908931016922,-0.06730250269174576,-0.04477158188819885
30.0,-0.5179948210716248,-0.10672864317893982,-0.28272777795791626,0.4401130974292755,-0.09033244848251343,-0.17182756960391998,0.04708857089281082,-0.34036895632743835,-0.31211057305336,0.2217061072587967,-0.14219340682029724,0.1389465034008026,0.03139622509479523,0.24366042017936707,-0.18399038910865784,-0.035740457475185394,0.22110311686992645,0.12388100475072861,-0.3297370970249176,-0.40460583567619324,-0.04053330421447754,0.11417827755212784,-0.1317039132118225,0.14289362728595734,-0.21654117107391357,-0.10728409886360168,-0.1053289994597435,-0.3000728189945221,-0.11307224631309509,0.2166159600019455,-0.15050189197063446,-0.08812366425991058,-0.07318569719791412,-0.02112731523811817,0.19369766116142273,0.027527278289198875,-0.22889253497123718,-0.09132589399814606,-0.2672743797302246,0.13583329319953918,-0.06889437884092331,0.07798944413661957,0.22366459667682648,-0.06022578477859497,0.06658028066158295,0.02658519521355629,-0.30356356501579285,-0.03299174830317497,0.11839386075735092,-0.18364256620407104,-0.002362278290092945,0.11619193106889725,-0.06460770964622498,0.07701513171195984,-0.03098582848906517,-0.2266027182340622,-0.0004919543862342834,0.24203157424926758,-0.0833655521273613,-0.0404057539999485,0.1488066464662552,0.12078699469566345,-0.17151470482349396,-0.06434031575918198
31.0,-0.03879309445619583,-0.09736015647649765,-0.1448569893836975,0.385664701461792,-0.006437371484935284,0.08983784168958664,-0.27805566787719727,-0.010103041306138039,-0.09588412940502167,0.03568911552429199,0.011840974912047386,-0.08396777510643005,-0.12980243563652039,0.08821792900562286,0.18219374120235443,0.04490681365132332,-0.05402175337076187,0.13982385396957397,0.0681658461689949,-0.055404406040906906,-0.0554267093539238,0.1770704835653305,-0.03932379186153412,-0.07254838198423386,-0.0800681933760643,-0.1495526283979416,-0.2240159511566162,-0.39717885851860046,0.20455315709114075,0.08464260399341583,-0.08319419622421265,0.1134413331747055,-0.01827356405556202,0.012199566699564457,0.04531710594892502,0.11693866550922394,-0.11497247964143753,0.07585065811872482,-0.09465877711772919,0.21276962757110596,-0.03775433823466301,-0.010251275263726711,0.27650120854377747,0.16012144088745117,0.0056749689392745495,-0.20423315465450287,-0.05489899963140488,0.06977171450853348,0.18034982681274414,-0.2236727476119995,-0.13050362467765808,0.055579978972673416,-0.05029533803462982,-0.18868762254714966,-0.035955678671598434,0.29445743560791016,-0.0856163501739502,0.1614190936088562,-0.04573540389537811,0.13380467891693115,-0.20820578932762146,0.36412230134010315,0.09835642576217651,-0.22397062182426453
32.0,-0.14412763714790344,9.260931983590126e-05,-0.33312949538230896,0.28802987933158875,0.07686693221330643,0.07224425673484802,-0.12078329175710678,-0.23907430469989777,-0.029630228877067566,0.08727612346410751,-0.04654176905751228,0.09178999066352844,0.06390473246574402,0.05003293231129646,-0.04577167332172394,-0.01612248085439205,0.07710248231887817,-0.045154985040426254,-0.15636031329631805,0.04672497510910034,-0.05165163055062294,-0.23266854882240295,0.0033942062873393297,0.1023092120885849,-0.13183601200580597,-0.21187737584114075,-0.1262974590063095,-0.1722189486026764,0.11231567710638046,0.055372364819049835,-0.04689450562000275,0.07747751474380493,-0.22455483675003052,-0.16818799078464508,0.13070045411586761,0.21590639650821686,0.005030743777751923,-0.03740910813212395,-0.39463624358177185,-0.031269460916519165,0.1427636444568634,-0.12484431266784668,0.20484989881515503,-0.3215758502483368,0.12770172953605652,-0.14294441044330597,-0.006666993722319603,-0.009865878149867058,0.26964980363845825,-0.2509418725967407,-0.05234776809811592,0.21859467029571533,0.026946647092700005,0.021745622158050537,-0.2365836799144745,0.18567514419555664,-0.15659324824810028,0.2285170555114746,-0.193522647023201,-0.14461731910705566,-0.07247446477413177,-0.10663007199764252,0.05957876145839691,-0.0008421854581683874
33.0,-0.16092339158058167,0.014208524487912655,-0.11158684641122818,0.1582532674074173,-0.18790455162525177,0.05893021821975708,-0.05214449763298035,-0.012596369720995426,-0.20370785892009735,0.07022251188755035,-0.1157488226890564,0.08101537078619003,0.03543908894062042,-0.024575475603342056,-0.014323579147458076,0.06243032217025757,0.1649714708328247,-0.015623066574335098,-0.15563449263572693,-0.3702998161315918,-0.018090663477778435,-0.12121377885341644,0.14336521923542023,-0.1603778451681137,0.0559031218290329,-0.12436014413833618,-0.00173598260153085,-0.31454503536224365,0.055055949836969376,-0.06899556517601013,-0.11072391271591187,0.27515631914138794,-0.21542826294898987,-0.02317936345934868,0.2622811496257782,0.11479738354682922,-0.19320791959762573,0.047672249376773834,-0.01655583083629608,0.23844900727272034,0.003589834086596966,-0.27510866522789,0.04007015749812126,-0.12884734570980072,0.2068934291601181,-0.20538026094436646,-0.16887596249580383,-0.04649201035499573,0.24453456699848175,-0.24202960729599,0.064350925385952,0.16527213156223297,-0.11811888962984085,-0.2734951078891754,-0.15263766050338745,-0.010896873660385609,0.031822580844163895,0.2769809365272522,-0.09834764152765274,-0.0903918594121933,-0.22026588022708893,-0.11897231638431549,0.2057340145111084,-0.11504349112510681
34.0,-0.3682560622692108,-0.10980945080518723,-0.42585188150405884,0.24017371237277985,0.06532885134220123,-0.05460729822516441,-0.3079400956630707,-0.21539177000522614,-0.13228291273117065,0.0015200362540781498,0.07170653343200684,0.05518455058336258,-0.14512072503566742,0.08535917848348618,-0.0747448280453682,-0.24888381361961365,0.061313092708587646,0.1466359794139862,-0.2011204957962036,0.14879149198532104,0.06830202043056488,0.24008439481258392,-0.18756119906902313,0.1778581142425537,-0.2867760956287384,0.11501624435186386,-0.0007249051705002785,0.01940029300749302,0.13851235806941986,-0.05389083921909332,0.10234810411930084,0.07129748910665512,-0.16747070848941803,-0.24516096711158752,-0.05243126302957535,0.3261129856109619,-0.03961189463734627,-0.21611490845680237,-0.19739380478858948,-0.11505894362926483,0.15075640380382538,0.04369761794805527,0.13855887949466705,-0.03248649835586548,-0.117596335709095,0.027154533192515373,-0.08934289216995239,-0.08267810195684433,-0.11185862869024277,0.04719971492886543,-0.06466437876224518,0.06713925302028656,-0.16189247369766235,-0.1375272274017334,0.013136378489434719,0.07844169437885284,0.00313078286126256,0.039507508277893066,-0.2480405867099762,0.24159879982471466,0.0605461448431015,0.11701849102973938,0.002856831531971693,-0.05031127855181694
35.0,-0.24876224994659424,0.07714195549488068,-0.34747207164764404,0.25663819909095764,-0.15389226377010345,0.11462926864624023,-0.39140498638153076,-0.033093977719545364,-0.0056182509288191795,-0.06965747475624084,-0.12947650253772736,-0.06401808559894562,-0.2517393231391907,0.041064295917749405,-0.10304472595453262,-0.08170633763074875,-0.10264169424772263,-0.020925048738718033,-0.02095017395913601,0.05813601240515709,0.05594008043408394,0.14400124549865723,-0.09489947557449341,0.12222093343734741,-0.20719367265701294,0.08804921060800552,0.2458687275648117,0.09442909061908722,0.2084953784942627,-0.18122701346874237,-0.07595105469226837,0.4129978120326996,-0.14138728380203247,-0.3032258450984955,0.08498843759298325,0.1990627646446228,-0.2039550244808197,-0.08856451511383057,-0.11301553249359131,-0.1780279278755188,0.08533989638090134,-0.025504425168037415,0.21265889704227448,-0.19374065101146698,-0.07705475389957428,0.14262717962265015,-0.14954011142253876,-0.1147366613149643,-0.02098274417221546,-0.053726471960544586,-0.05523625388741493,0.1064494177699089,-0.18610189855098724,-0.14791728556156158,-0.061569858342409134,0.19175755977630615,-0.02082083746790886,0.02657415345311165,-0.2793196141719818,0.19185563921928406,-0.15307630598545074,-0.28939616680145264,0.10103867948055267,-0.12655109167099
36.0,-0.25311148166656494,-0.012701565399765968,-0.0724644809961319,0.014227685518562794,-0.07737048715353012,0.06125616654753685,-0.24633413553237915,-0.15804365277290344,0.04185429960489273,-0.038926173001527786,-0.16423816978931427,0.19392043352127075,-0.2714434564113617,0.016103381291031837,-0.022043505683541298,0.14160649478435516,-0.012865125201642513,-0.047999922186136246,0.0304785817861557,-0.0008640966261737049,0.07409270852804184,0.23831558227539062,0.05113214999437332,-0.0255525354295969,-0.04228087514638901,-0.1821996122598648,-0.04137679561972618,-0.27532145380973816,0.15290077030658722,-0.0869988277554512,0.10576896369457245,0.16962340474128723,-0.2859565317630768,-0.16807657480239868,0.10568854212760925,0.10547275096178055,-0.3307814300060272,-0.06208587810397148,-0.009886650368571281,0.11117824167013168,-0.04151126742362976,-0.10720637440681458,0.2924342751502991,-0.09115800261497498,0.03643970191478729,0.004431309178471565,-0.0896751657128334,-0.11988701671361923,0.08448557555675507,-0.1928333044052124,-0.11384101212024689,-0.21272772550582886,-0.11460902541875839,-0.2049335539340973,0.06485524028539658,0.14086829125881195,0.2461705207824707,0.13138999044895172,-0.03926096856594086,0.20632627606391907,-0.04277777671813965,-0.10180673748254776,-0.033395443111658096,-0.1387941539287567
37.0,-0.4061313271522522,-0.01904664747416973,-0.0653330385684967,0.3578013479709625,-0.22683733701705933,-0.0820520892739296,-0.1322745829820633,-0.13195036351680756,-0.3026792109012604,0.05672498419880867,-0.19160237908363342,-0.12961560487747192,0.048711735755205154,0.2828534245491028,0.05954709276556969,-0.07008106261491776,-0.02021108940243721,-0.027828985825181007,-0.26361504197120667,-0.2875713109970093,-0.08151954412460327,-0.09907862544059753,-0.11575019359588623,0.04015803337097168,-0.32077088952064514,0.16614021360874176,-0.0535554364323616,-0.14705029129981995,-0.13143596053123474,0.2049725353717804,0.13542674481868744,-0.032755155116319656,-0.11935103684663773,-0.19278723001480103,0.07186557352542877,0.20868323743343353,-0.19365355372428894,0.020753074437379837,0.04007122293114662,0.1188870295882225,0.1508057415485382,-0.02856351248919964,-0.09819389879703522,0.024078574031591415,0.09545980393886566,0.1415003091096878,-0.011633562855422497,-0.1729007065296173,0.061070516705513,0.21113590896129608,0.1740313619375229,0.1359695941209793,-0.28851741552352905,-0.11636628210544586,0.5109037756919861,-0.17164845764636993,0.0871722474694252,0.02515530027449131,-0.3193632960319519,-0.11645454913377762,-0.005741866305470467,-0.025209812447428703,0.2676030099391937,-0.029090898111462593
38.0,-0.19045080244541168,-0.16036459803581238,-0.15098801255226135,0.043473463505506516,-0.04718644171953201,0.13381971418857574,-0.1487557590007782,0.22728103399276733,0.004116103984415531,-0.11810185760259628,-0.1222979947924614,-0.08911291509866714,-0.2612970173358917,-0.13124732673168182,0.006647844798862934,-0.13074490427970886,-0.11378046125173569,0.004862821660935879,-0.23092922568321228,0.07497869431972504,0.17216625809669495,0.016100432723760605,-0.2600749433040619,0.11241952329874039,-0.052695922553539276,-0.1814134567975998,-0.11817022413015366,-0.1778547763824463,0.20628029108047485,0.07248107343912125,-0.08715371787548065,0.42830511927604675,-0.3243594467639923,-0.11212392896413803,-0.10401767492294312,-0.029920348897576332,-0.3718980848789215,-0.10690533369779587,-0.1611384004354477,0.2657826840877533,0.07882536202669144,0.05988679453730583,0.1505894660949707,-0.3010368347167969,0.22844542562961578,-0.22456689178943634,-0.10374782979488373,0.052049700170755386,0.05672457441687584,-0.522989809513092,-0.09490413963794708,0.09984501451253891,0.029683180153369904,-0.3287295699119568,-0.2049955576658249,-0.004522630944848061,0.030720574781298637,0.05677251145243645,-0.15573766827583313,0.1859188973903656,-0.15435153245925903,-0.10438662767410278,-0.003284699283540249,-0.27144041657447815
39.0,-0.220090851187706,-0.06528487056493759,-0.07355932146310806,0.06645233929157257,-0.24826458096504211,0.19616444408893585,-0.32624730467796326,-0.04471905529499054,-0.23672185838222504,0.13572995364665985,-0.020389610901474953,-0.09033609181642532,-0.018957732245326042,0.3040381669998169,0.1317945271730423,-0.3290007412433624,-0.05931755527853966,0.1589001566171646,0.09397056698799133,0.06255178898572922,0.1887926608324051,-0.08463647216558456,-0.19308246672153473,0.11423302441835403,-0.0857449620962143,-0.1742086261510849,0.005065213888883591,-0.17024517059326172,0.18135219812393188,-0.1344948261976242,-0.006187454331666231,0.265080064535141,-0.04034700617194176,-0.18313980102539062,0.05392106622457504,0.006509255617856979,-0.3626534938812256,0.09296274185180664,-0.17792543768882751,0.18435454368591309,0.01970103196799755,0.18018080294132233,0.138843834400177,-0.14130984246730804,0.17023852467536926,0.07229457050561905,-0.3061304986476898,0.18342384696006775,0.11170937865972519,-0.39842283725738525,-0.19940243661403656,0.13722765445709229,0.1259223073720932,-0.20964285731315613,-0.09881168603897095,0.10652980208396912,0.036503370851278305,0.08967135846614838,-0.10931290686130524,0.05892292037606239,-0.10874158143997192,-0.12878093123435974,-0.061767853796482086,-0.20988085865974426
40.0,-0.08106586337089539,-0.00879199430346489,-0.11030246317386627,0.2575659155845642,0.16171741485595703,-0.097437784075737,-0.06493205577135086,-0.20281240344047546,-0.11691087484359741,0.15402375161647797,-0.014303884468972683,0.015584738925099373,0.11494415998458862,0.2627145051956177,0.07097871601581573,-0.22217540442943573,0.1382773220539093,-0.0942695140838623,-0.18870484828948975,-0.06518124043941498,-0.1569155603647232,-0.0029693106189370155,-0.3410148620605469,0.2577766180038452,-0.48694759607315063,0.23771309852600098,-0.02353563904762268,-0.05600092560052872,0.011207750998437405,0.26360204815864563,0.14067824184894562,-0.06928715854883194,-0.15930989384651184,0.008392984047532082,0.20187537372112274,0.25469404458999634,0.06404823809862137,-0.07232680916786194,-0.2214389443397522,0.038740191608667374,0.31875771284103394,-0.12220608443021774,-0.09531950205564499,-0.0296944510191679,0.0571373887360096,-0.02331232838332653,0.05806904658675194,-0.014438740909099579,0.018653571605682373,0.18353569507598877,-0.06635930389165878,0.10039065778255463,-0.344340980052948,-0.22046911716461182,0.3071853816509247,-0.1276954859495163,-0.08136547356843948,0.015145760029554367,-0.17108511924743652,0.08401911705732346,0.1414598971605301,0.11098959296941757,0.2239554077386856,0.156858891248703
41.0,-0.17200370132923126,0.018014607951045036,0.09314975887537003,-0.09293994307518005,0.12655244767665863,-0.04529383033514023,-0.028300587087869644,-0.14046117663383484,0.00033771106973290443,-0.10278701782226562,-0.1411910504102707,0.0952407568693161,-0.1339259147644043,0.29212552309036255,0.3686990737915039,-0.20578226447105408,0.009628825820982456,-0.1801515519618988,-0.10678653419017792,0.11935267597436905,-0.048721373081207275,-0.03271125257015228,-0.21940754354000092,0.1526733785867691,-0.32993441820144653,0.04800322279334068,-0.053155429661273956,-0.2832282781600952,0.07852020114660263,0.11144518852233887,-0.16632644832134247,0.15891781449317932,-0.3779852092266083,-0.053149186074733734,0.07569662481546402,0.040731772780418396,-0.2500542104244232,-0.22151869535446167,-0.3127172887325287,0.16923941671848297,0.10364772379398346,0.05879906937479973,0.0082969656214118,-0.02470189332962036,0.1305435299873352,-0.07313436269760132,-0.017046885564923286,-0.10678121447563171,0.056591279804706573,-0.28971928358078003,-0.1121065691113472,-0.057178109884262085,-0.2181542068719864,-0.35234466195106506,0.275582879781723,-0.06141900271177292,0.1833246946334839,0.19046659767627716,-0.20270884037017822,0.4039185643196106,0.021512841805815697,-0.04176845774054527,0.27431783080101013,-0.20461450517177582
42.0,-0.11572389304637909,-0.005293206311762333,-0.16892088949680328,0.1666722446680069,-0.15826770663261414,0.005843459628522396,-0.18789851665496826,0.04078930988907814,-0.17101265490055084,0.3002754747867584,-0.05752037838101387,0.1837417185306549,-0.28455501794815063,-0.10468439757823944,-0.3047674894332886,0.20526573061943054,0.19520160555839539,0.04196590185165405,-0.30763107538223267,-0.1501379758119583,-0.17516237497329712,0.17243839800357819,-0.13505227863788605,-0.04382207244634628,-0.12353800237178802,0.012962243519723415,0.1451169103384018,-0.08805147558450699,-0.016064271330833435,-0.10862680524587631,0.12498307228088379,0.3933655917644501,0.017243579030036926,0.01965169981122017,0.17827872931957245,0.018268143758177757,-0.28569909930229187,0.1186651811003685,-0.12868884205818176,0.19300951063632965,-0.1369747668504715,-0.13426120579242706,0.44038528203964233,-0.25934070348739624,0.03386279568076134,-0.032589152455329895,-0.06972765922546387,0.24516692757606506,0.11869309842586517,-0.29933422803878784,-0.28233227133750916,0.08842665702104568,-0.3288840353488922,-0.436724990606308,-0.36670318245887756,0.08948126435279846,0.019528519362211227,0.08977998048067093,0.051035076379776,0.21171610057353973,0.17315809428691864,0.08796129375696182,-0.1246776431798935,-0.11493909358978271
43.0,-0.4289805293083191,-0.07381013035774231,0.024607565253973007,0.005498742219060659,-0.23452883958816528,-0.12337245792150497,-0.3869132101535797,-0.020512046292424202,-0.10926014184951782,0.024612564593553543,0.12481937557458878,0.16369254887104034,-0.22450408339500427,0.14927491545677185,0.2403256744146347,-0.011824622750282288,0.26918965578079224,0.2793850600719452,0.1358187347650528,-0.08431331068277359,0.24784183502197266,0.06761091947555542,0.016761528328061104,-0.037734970450401306,-0.3358587622642517,0.18315152823925018,-0.1904313862323761,-0.12027415633201599,-0.052522532641887665,-0.031009992584586143,0.49607840180397034,0.19832004606723785,-0.25729265809059143,-0.4060623347759247,-0.07619593292474747,0.12187384068965912,-0.270902544260025,0.05336282402276993,-0.23792077600955963,0.25034645199775696,0.02024536021053791,-0.24762533605098724,-0.14262691140174866,0.06598400324583054,0.06689261645078659,-0.05245431512594223,0.09975850582122803,-0.1729726344347,0.07613665610551834,0.03530619665980339,0.0022900572512298822,0.07590271532535553,-0.34983476996421814,-0.500801146030426,0.27128931879997253,0.0921102836728096,0.19861017167568207,0.19282501935958862,-0.06131664663553238,0.1576596051454544,0.1383897215127945,0.12509888410568237,0.11866696178913116,0.05613870173692703
44.0,-0.08286327868700027,0.07336139678955078,-0.22002099454402924,0.11966972053050995,0.16324150562286377,-0.1729646921157837,-0.04598047584295273,-0.13075602054595947,0.14959073066711426,-0.11263623833656311,-0.10237349569797516,0.15435902774333954,-0.1772606074810028,0.05110111087560654,0.043859824538230896,-0.23672500252723694,0.17675809562206268,-0.1528177112340927,-0.32847756147384644,-0.10231207311153412,0.039553169161081314,0.09337615221738815,-0.2270468920469284,0.3839217722415924,-0.1716100126504898,-0.10827797651290894,0.13148443400859833,-0.09088540077209473,0.18365786969661713,-0.10604796558618546,0.06019386276602745,0.1689915806055069,-0.2882024943828583,0.1377766728401184,0.1448952555656433,0.2097458392381668,-0.11978450417518616,-0.1935492753982544,-0.19201502203941345,-0.12110867351293564,0.168365478515625,-0.08001668751239777,0.14018115401268005,-0.14848771691322327,0.17495404183864594,-0.014495950192213058,-0.19265736639499664,-0.109134741127491,-0.046316880732774734,-0.10577408969402313,0.004756192676723003,-0.1332569122314453,-0.18174012005329132,-0.11145684123039246,0.07775061577558517,-0.08648762106895447,0.010848086327314377,0.11620889604091644,-0.2061297744512558,0.30044206976890564,0.019158797338604927,-0.12208903580904007,0.05814346298575401,-0.08167646080255508
45.0,-0.16474737226963043,-0.1033475324511528,-0.05783521384000778,0.42638054490089417,-0.1217578649520874,0.08445250242948532,-0.15205876529216766,0.06831182539463043,-0.14460498094558716,0.061590149998664856,-0.2200194150209427,-0.2406894713640213,-0.033756572753190994,0.14783383905887604,0.15077418088912964,-0.08046108484268188,-0.10594803094863892,-0.0693325623869896,-0.17319849133491516,-0.07092168927192688,-0.20323430001735687,-0.06828837096691132,-0.1989767700433731,-0.0551057830452919,-0.3049360513687134,-0.026306986808776855,-0.09073134511709213,-0.20058856904506683,0.02231341041624546,0.1533738523721695,-0.15320391952991486,0.1434280425310135,-0.13387657701969147,-0.03514106571674347,0.17690832912921906,0.19704028964042664,-0.09198029339313507,0.048410505056381226,-0.06216520816087723,0.2614849805831909,0.22627948224544525,-0.06775860488414764,-0.0469103641808033,0.021731127053499222,0.18838578462600708,0.0022639879025518894,-0.028724130243062973,-0.008834164589643478,0.0009255590848624706,0.04579261690378189,0.060643188655376434,0.15812556445598602,-0.2929942309856415,-0.13103587925434113,0.31046056747436523,-0.03710133209824562,-0.00564534030854702,-0.09519144147634506,-0.17653566598892212,0.06455603986978531,0.0028373925015330315,0.04172296077013016,0.2014363557100296,-0.08325254917144775
46.0,-0.1602005958557129,0.10384330153465271,-0.28194379806518555,0.14261096715927124,-0.23472833633422852,-0.12442366033792496,-0.5329268574714661,-0.09466121345758438,0.15418386459350586,0.18901027739048004,-0.18893274664878845,0.1269833892583847,-0.12675726413726807,0.3476395010948181,0.380583256483078,-0.15370751917362213,-0.2468617558479309,0.1961096078157425,0.15108171105384827,0.11858855932950974,-0.05338258296251297,0.02895776741206646,-0.07741259038448334,0.26951420307159424,-0.05675426870584488,-0.18359126150608063,0.10856954008340836,-0.14459355175495148,0.4336267411708832,-0.3389153480529785,0.13134658336639404,0.18334545195102692,-0.2745634615421295,-0.16192172467708588,0.04142700880765915,0.16768324375152588,-0.2359430193901062,0.08792340755462646,-0.04692733287811279,0.023691022768616676,-0.11316332966089249,-0.137318953871727,0.40587589144706726,-0.2906658947467804,0.09105610847473145,0.10667094588279724,-0.23882876336574554,0.2793576717376709,-0.11300811916589737,-0.12833929061889648,-0.010908672586083412,0.2749728262424469,0.01372593268752098,-0.13616837561130524,0.1058153361082077,0.21992917358875275,-0.17582407593727112,0.20947395265102386,-0.32110777497291565,-0.20585429668426514,0.22386591136455536,-0.2105732411146164,-0.04252433776855469,-0.25466156005859375
47.0,0.02990363910794258,0.06414085626602173,-0.34520018100738525,0.17153127491474152,-0.3192291855812073,-0.4534812271595001,-0.1439083218574524,-0.03475729376077652,-0.31219398975372314,0.29083919525146484,0.04362941533327103,0.07230823487043381,-0.14611239731311798,0.1095733568072319,-0.05309341102838516,-0.07153508812189102,-0.14272066950798035,-0.023026850074529648,-0.08166016638278961,-0.5633756518363953,-0.32045823335647583,0.5146280527114868,0.032390303909778595,0.18487493693828583,-0.10216771811246872,0.021826839074492455,-0.270572304725647,-0.16111117601394653,-0.07552237808704376,-0.0961701050400734,0.3093027174472809,0.1870284378528595,0.417935311794281,0.2708098590373993,0.34372276067733765,-0.054628804326057434,-0.22664247453212738,0.5461137294769287,-0.0106207812204957,0.2685496211051941,0.18790562450885773,-0.1474723219871521,-0.2839570939540863,-0.060736581683158875,-0.04467256739735603,0.01589389331638813,-0.1684090793132782,0.022472595795989037,0.1607537865638733,-0.05590533837676048,-0.11294879764318466,0.18923786282539368,-0.04149162024259567,-0.1877991408109665,0.2537044286727905,-0.08357053250074387,-0.014022910967469215,-0.16696274280548096,0.20038889348506927,-0.06716661900281906,-0.0055099655874073505,0.2193756401538849,-0.2032364457845688,-0.20351354777812958
48.0,-0.3436354398727417,0.16871856153011322,-0.1596863567829132,0.23685722053050995,-0.103256955742836,-0.066188745200634,-0.18165355920791626,-0.23823632299900055,-0.01857919991016388,0.08664354681968689,0.13817018270492554,0.2348894625902176,-0.03247936815023422,0.16424833238124847,-0.1033809632062912,0.2664547860622406,0.06151361018419266,0.1260564923286438,-0.15927647054195404,-0.4869040548801422,-0.033628057688474655,0.0635489895939827,-0.13555853068828583,0.02126590721309185,-0.14225585758686066,-0.11921768635511398,-0.07432200014591217,-0.22398841381072998,0.0040865084156394005,-0.038380060344934464,0.12813988327980042,0.08719827234745026,-0.23538000881671906,-0.2836643159389496,0.2475435435771942,-0.04136915132403374,-0.32151496410369873,-0.02366512641310692,-0.31138351559638977,0.11249701678752899,-0.10186061263084412,-0.30327510833740234,0.1068117767572403,-0.041165124624967575,0.02912265434861183,-0.08005121350288391,-0.049195319414138794,-0.18959137797355652,0.07597708702087402,0.01177432481199503,-0.03904116526246071,0.10212139040231705,-0.3967582583427429,-0.31693488359451294,0.15533021092414856,0.08592861890792847,0.23081792891025543,0.10308142006397247,0.1551612913608551,0.23430751264095306,0.2844599187374115,-0.07041171938180923,-0.024280713871121407,0.0010582710383459926
49.0,0.02847832627594471,0.033552199602127075,-0.027228111401200294,0.36583858728408813,0.012583356350660324,-0.0183525700122118,-0.17403995990753174,-0.15544503927230835,-0.051377471536397934,-0.05502479523420334,-0.14174902439117432,-0.10652666538953781,-0.22308844327926636,-0.0006587430834770203,0.0889224112033844,0.028011009097099304,0.03220180422067642,-0.09114229679107666,-0.22034788131713867,-0.06626863777637482,-0.11287617683410645,0.09567148238420486,-0.15063989162445068,-0.0043122731149196625,-0.0866771936416626,-0.22045749425888062,-0.24946700036525726,-0.3354995548725128,0.11108345538377762,0.039765119552612305,-0.1482018083333969,0.2867477834224701,-0.06062234938144684,-0.0011303493520244956,0.12745283544063568,0.13416743278503418,-0.10714266449213028,0.03079402633011341,-0.1503535658121109,0.231368288397789,0.15721483528614044,0.1353134661912918,0.2253151834011078,0.07771487534046173,0.09727510809898376,-0.1389581561088562,-0.23519432544708252,0.030967995524406433,0.10212095826864243,-0.35056743025779724,-0.12668995559215546,-0.13316190242767334,-0.07659304887056351,-0.07606218755245209,-0.15038223564624786,0.37866929173469543,-0.14034125208854675,0.08686570823192596,0.03196370601654053,0.3172438442707062,-0.16468530893325806,0.13408491015434265,-0.08482278883457184,-0.15420003235340118
50.0,-0.17096544802188873,0.2533705234527588,-0.14249415695667267,0.20803964138031006,-0.12162387371063232,-0.015017884783446789,-0.19460605084896088,-0.2971436083316803,-0.20305725932121277,-0.14754070341587067,-0.054804399609565735,-0.06586753576993942,-0.05084864795207977,0.009651830419898033,-0.283787339925766,-0.0427054800093174,-0.31336918473243713,-0.049829550087451935,-0.1647542119026184,-0.057619139552116394,0.012572209350764751,0.03923110291361809,-0.18148711323738098,0.05993199348449707,-0.05439739301800728,0.027653969824314117,-0.14233773946762085,0.00217169476673007,0.08603053539991379,0.017682991921901703,0.013492044061422348,0.27151140570640564,-0.21435977518558502,-0.4140545129776001,0.048250406980514526,0.07532469183206558,-0.1954415738582611,-0.040105078369379044,0.03149816393852234,0.023587306961417198,0.3512920141220093,0.14699050784111023,-0.03537486493587494,-0.22007741034030914,-0.049590617418289185,0.02362026274204254,-0.23462693393230438,-0.12601712346076965,-0.03638835996389389,-0.06068270280957222,-0.05753450468182564,0.01028778962790966,0.038049954921007156,-0.0007176990620791912,-0.07565197348594666,0.3179631531238556,-0.06855443865060806,-0.2374924123287201,-0.09346623718738556,-0.12038923054933548,-0.29989394545555115,-0.416631817817688,-0.048791103065013885,-0.09510450065135956
51.0,-0.13712602853775024,-0.02456931211054325,-0.41420719027519226,0.3852035403251648,-0.006110160145908594,0.026422899216413498,-0.13505743443965912,-0.11702298372983932,-0.06001744791865349,0.14957977831363678,0.041728489100933075,-0.08952570706605911,-0.056722648441791534,0.050368037074804306,-0.18388541042804718,-0.19208389520645142,-0.08078784495592117,-0.021906008943915367,-0.18269950151443481,-0.22226786613464355,-0.05732869729399681,-0.02275480329990387,-0.07266277819871902,0.16501343250274658,-0.1256134808063507,-0.3217127323150635,0.0011367137776687741,0.035256702452898026,0.06897014379501343,-0.21253803372383118,0.2155030518770218,-0.008896931074559689,-0.0046052588149905205,-0.025910869240760803,0.03570655733346939,0.4010851979255676,0.030666761100292206,0.08187307417392731,-0.09033064544200897,0.020382512360811234,0.3233572542667389,-0.09944111108779907,0.0900701954960823,-0.3053569495677948,0.20041294395923615,0.12423709034919739,-0.1892227828502655,-0.07963746786117554,-0.04533325880765915,-0.07255612313747406,0.030466608703136444,0.04604782536625862,-0.06344395130872726,0.13824719190597534,0.09621620178222656,0.03408409282565117,0.23625017702579498,-0.2407934069633484,-0.13793683052062988,0.13314153254032135,0.11567524820566177,0.08843709528446198,-0.08923102915287018,-0.08409778028726578
52.0,-0.0966787114739418,0.008943149819970131,0.01229487732052803,0.027758795768022537,0.06564061343669891,-0.006916085723787546,-0.00294329016469419,0.0703851729631424,-0.06890100240707397,-0.12972743809223175,0.22588735818862915,0.11584668606519699,-0.0006220205686986446,0.0984148383140564,0.03468548133969307,-0.2377614825963974,0.12374485284090042,0.053735069930553436,-0.18085148930549622,-0.24885058403015137,0.015399191528558731,0.03290533646941185,-0.373916357755661,0.2355697602033615,-0.2579980790615082,-0.0050568669103085995,0.04867804795503616,-0.23120811581611633,0.08231613785028458,0.08201662451028824,0.27000007033348083,0.08919700235128403,-0.2538362443447113,0.017612114548683167,0.17709672451019287,0.031654633581638336,-0.4405779540538788,-0.17140698432922363,-0.1512669324874878,0.07058114558458328,0.1715516448020935,-0.17132098972797394,-0.0037415875121951103,-0.006931415759027004,0.1828906089067459,-0.1538815051317215,0.01681387610733509,-0.19723179936408997,0.15553434193134308,-0.13096468150615692,-0.17011284828186035,-0.030926654115319252,-0.32432448863983154,-0.5066030621528625,0.3773435056209564,-0.18817904591560364,0.12543746829032898,0.011867109686136246,-0.028694719076156616,0.2506987750530243,-0.08012299239635468,-0.08501382917165756,0.19788162410259247,-0.11205901950597763
53.0,-0.39915189146995544,-0.25762608647346497,-0.21607080101966858,0.01714199036359787,-0.05235397815704346,-0.14879299700260162,-0.11361654102802277,-0.008194840513169765,0.056051790714263916,-0.02893529273569584,-0.052524980157613754,0.17165105044841766,-0.18587356805801392,-0.053865090012550354,-0.13783599436283112,-0.15731416642665863,-0.3022140860557556,0.25463956594467163,-0.050343357026576996,-0.14492560923099518,0.14474032819271088,0.4566231369972229,-0.34332334995269775,0.2132984697818756,-0.03937571495771408,-0.3790232241153717,-0.3278045952320099,-0.2852800190448761,0.2618371844291687,0.3340487480163574,0.16067825257778168,0.04294619709253311,-0.3691564202308655,-0.01541372761130333,0.19824525713920593,-0.26365071535110474,-0.36138513684272766,-0.17272499203681946,-0.04526789113879204,0.12482720613479614,0.09383932501077652,-0.12666217982769012,-0.03755606710910797,-0.18092641234397888,0.18895331025123596,-0.12690728902816772,-0.16655170917510986,0.02243797853589058,-0.15869900584220886,0.11432390660047531,0.04804747551679611,-0.05301240459084511,-0.012903892435133457,0.03816213458776474,0.27704867720603943,-0.29457008838653564,0.03458018600940704,-0.1494719386100769,0.12723471224308014,-0.15732158720493317,0.09083110839128494,-0.2641350030899048,-0.2358374148607254,-0.09531575441360474
54.0,-0.4482540786266327,0.13325080275535583,-0.23523899912834167,0.3220037817955017,-0.029309183359146118,-0.053743306547403336,-0.24030418694019318,-0.4298466145992279,-0.14896854758262634,-0.09139212220907211,-0.02358384244143963,0.08621802181005478,-0.0877833440899849,0.2729035019874573,-0.14610572159290314,-0.018684471026062965,-0.11235323548316956,0.013475385494530201,-0.22510045766830444,-0.2957583963871002,0.1704820692539215,0.17351476848125458,-0.02381868101656437,0.19865556061267853,0.015539539977908134,0.051979146897792816,-0.25010672211647034,-0.07290367037057877,0.05756719037890434,-0.05837961286306381,0.055283449590206146,0.0655030906200409,-0.09210050106048584,-0.37002450227737427,-0.015783337876200676,0.2505509555339813,-0.0647154152393341,-0.01569392904639244,-0.14172708988189697,0.024281760677695274,0.145403653383255,0.0018203959334641695,-0.030145302414894104,-0.0359867662191391,-0.04761047288775444,0.034528836607933044,-0.17014279961585999,-0.26502135396003723,-0.029890991747379303,0.10504478961229324,0.052882831543684006,-0.053471118211746216,-0.07243003696203232,-0.10341906547546387,0.04450039938092232,0.25870445370674133,0.18425829708576202,-0.023286297917366028,-0.14976908266544342,0.08316319435834885,0.031410425901412964,-0.009274355135858059,-0.0925595760345459,-0.01743306778371334
55.0,0.028124552220106125,-0.04920336231589317,-0.07672829180955887,0.2206491231918335,-0.0355818048119545,0.0943688452243805,0.13241514563560486,0.17446525394916534,-0.13113881647586823,-0.17577223479747772,-0.2202029824256897,-0.1459437608718872,-0.11890386044979095,-0.10500990599393845,0.08047804236412048,-0.07332782447338104,0.07417518645524979,-0.3351789712905884,-0.23114897310733795,-0.21988250315189362,-0.19600535929203033,0.036781132221221924,0.13724763691425323,-0.017564082518219948,-0.1331104338169098,0.18725435435771942,0.09014232456684113,-0.1870632767677307,-0.10686909407377243,0.04094357788562775,-0.24933212995529175,0.2652060389518738,0.024966994300484657,0.20435014367103577,0.1683095097541809,0.2162293940782547,-0.15988419950008392,0.06439930945634842,0.004365663044154644,0.2692442536354065,0.23383772373199463,-0.11464805901050568,-0.035939354449510574,-0.12393767386674881,0.10025759041309357,-0.08357565850019455,-0.00020146201131865382,-0.216491237282753,0.3434329330921173,-0.41939207911491394,-0.009218246676027775,0.11488156020641327,-0.10790461301803589,-0.2901046574115753,0.09158367663621902,-0.19534800946712494,0.06407593935728073,0.14081919193267822,-0.2114323228597641,0.14208444952964783,-0.308304101228714,0.019028140231966972,0.3265189528465271,-0.2074630856513977
56.0,-0.06788701564073563,-0.07092633098363876,-0.11904788017272949,0.20780125260353088,-0.2509854733943939,-0.047216106206178665,-0.06436729431152344,0.025740496814250946,-0.22447116672992706,-0.034784264862537384,-0.013317531906068325,0.0038049877621233463,0.0029454422183334827,-0.05342184007167816,-0.15674126148223877,-0.12514540553092957,0.16742371022701263,0.03016449324786663,-0.055744707584381104,-0.4906918704509735,0.13670310378074646,0.1586703360080719,0.024471933022141457,0.17855259776115417,0.06644325703382492,0.021767636761069298,-0.17278088629245758,-0.1250658929347992,-0.0025370013900101185,0.18709731101989746,0.19355101883411407,0.39292773604393005,0.17301450669765472,0.042698998004198074,0.3989455997943878,0.040298882871866226,-0.21428696811199188,0.07127583026885986,-0.1019318625330925,0.07886916399002075,0.12373872101306915,-0.2593329846858978,-0.21877029538154602,0.001808874774724245,0.06066619232296944,-0.10443737357854843,-0.07433045655488968,-0.13801468908786774,0.44678643345832825,-0.10408659279346466,-0.12244541943073273,0.04385747015476227,-0.13729418814182281,-0.263315886259079,-0.15033945441246033,-0.04076288267970085,-0.2510908842086792,0.10317612439393997,0.03700944036245346,-0.028300033882260323,-0.3678005337715149,-0.028619207441806793,0.08246111124753952,-0.06781062483787537
57.0,-0.2306530773639679,-0.2882515788078308,-0.29689309000968933,0.08345004916191101,-0.02407899871468544,-0.049106620252132416,-0.05737556144595146,-0.057558078318834305,-0.3386618196964264,-0.10436254739761353,0.1759447157382965,-0.001488090492784977,0.13402995467185974,-0.13730843365192413,-0.2712433636188507,-0.460598349571228,0.1233607679605484,0.08860918134450912,-0.4154478907585144,-0.01869313046336174,0.03570285439491272,0.0391714945435524,-0.3380092680454254,0.30378949642181396,-0.11616432666778564,-0.17084085941314697,-0.3424677848815918,-0.12792573869228363,0.047495897859334946,0.33516407012939453,0.2505531907081604,0.20192168653011322,0.012147331610321999,-0.10216794908046722,0.3551822304725647,0.020624879747629166,-0.3034544587135315,-0.2795948088169098,-0.3033192753791809,-0.20891492068767548,0.29689696431159973,-0.010970273986458778,-0.25021323561668396,-0.0059739770367741585,0.08563575148582458,-0.23111329972743988,0.0960705429315567,-0.17384983599185944,0.34853312373161316,-0.005735170096158981,-0.18583284318447113,0.0034166336990892887,-0.0934203490614891,-0.1435612142086029,-0.01064886711537838,-0.08291591703891754,-0.3878018260002136,-0.07297834008932114,0.025288747623562813,0.01558601949363947,-0.3177219331264496,-0.17063580453395844,-0.07075448334217072,-0.004270894452929497
58.0,-0.27354761958122253,-0.13707803189754486,-0.1642422080039978,0.1111309602856636,-0.01183045282959938,0.20819108188152313,-0.048178769648075104,0.05747290700674057,0.005227501969784498,-0.04134839028120041,0.04808232560753822,0.11305617541074753,-0.09697819501161575,-0.08987150341272354,-0.26419103145599365,0.1681797206401825,-0.06244613602757454,0.07720013707876205,0.04796987026929855,-0.014780716970562935,0.22659742832183838,0.022514520213007927,-0.03996388241648674,-0.02572609670460224,-0.10264839977025986,-0.15382510423660278,-0.16003094613552094,-0.08691742271184921,0.004478933289647102,0.03809238225221634,0.11636640131473541,0.1562666893005371,-0.2589605450630188,-0.3308652639389038,-0.026354622095823288,-0.008864885196089745,-0.2545553147792816,-0.011096328496932983,-0.3130444288253784,0.18855252861976624,0.05149388685822487,-0.1276519000530243,-0.0479363389313221,-0.13251584768295288,0.09859802573919296,-0.051472973078489304,0.06029631197452545,-0.21338491141796112,0.14145004749298096,-0.14184683561325073,-0.15246421098709106,0.07766775041818619,-0.1630421131849289,-0.20509104430675507,0.05761674791574478,-0.05821293964982033,0.34981217980384827,-0.22722172737121582,0.1008419543504715,0.12605765461921692,-0.04551016539335251,-0.026838747784495354,-0.014505965635180473,-0.05436413735151291
59.0,-0.21515856683254242,0.08530843257904053,-0.2888476550579071,0.37661707401275635,-0.01891849935054779,0.14337393641471863,-0.33494511246681213,-0.16092582046985626,-0.05608590692281723,0.04567733779549599,-0.10429873317480087,-0.006612902507185936,-0.12751196324825287,0.04514090344309807,-0.03909379988908768,0.11949463188648224,0.03821289539337158,0.08507607132196426,0.04121498018503189,-0.18179211020469666,0.08372166007757187,-0.03359721228480339,0.158202663064003,-0.1737375408411026,-0.15021012723445892,0.002631829585880041,-0.0104738250374794,-0.15795989334583282,0.31960758566856384,-0.0979299321770668,-0.2715071141719818,0.38611528277397156,-0.2220958173274994,-0.320146769285202,0.05410232022404671,0.31232330203056335,0.0910973846912384,-0.005788722075521946,-0.13924968242645264,0.012245715595781803,0.12063293159008026,-0.10246869176626205,0.22820119559764862,-0.1068871021270752,0.10407577455043793,-0.2785658836364746,-0.2947700619697571,-0.06277351081371307,-0.017902763560414314,-0.06726858019828796,0.17243504524230957,0.189591184258461,-0.15148989856243134,-0.17297831177711487,-0.34858182072639465,0.4163159430027008,-0.012987932190299034,0.42602384090423584,-0.24297721683979034,0.0006952434778213501,-0.3330894708633423,-0.0194550771266222,0.23888221383094788,-0.0027285960968583822
60.0,-0.1539725959300995,0.03684499114751816,-0.3339201509952545,0.4604392647743225,-0.13618576526641846,0.06848488748073578,-0.43181970715522766,0.012624035589396954,0.011623828671872616,-0.07379190623760223,-0.08891497552394867,-0.2625194191932678,-0.20827268064022064,0.25103747844696045,0.09929917752742767,-0.15531086921691895,-0.21041634678840637,-0.201910138130188,-0.2730483114719391,0.24127906560897827,-0.15248125791549683,-0.020449798554182053,-0.17932136356830597,0.498283714056015,-0.13877961039543152,0.16054539382457733,-0.1329745650291443,0.18282271921634674,0.08883392810821533,0.10270071774721146,0.004824080504477024,0.23938392102718353,0.3600311875343323,-0.1704828143119812,0.05895226076245308,0.2114734649658203,-0.06531334668397903,0.1940344274044037,-0.4070563018321991,-0.30602896213531494,0.031091809272766113,0.005589427426457405,0.056765783578157425,-0.1301107406616211,-0.13168767094612122,0.19833052158355713,0.35634294152259827,-0.0548231303691864,0.2569863200187683,0.07733530551195145,-0.16877037286758423,0.19177523255348206,-0.0925920233130455,-0.11678539961576462,0.027183232828974724,0.34783241152763367,-0.41479405760765076,-0.12321387976408005,-0.26524901390075684,0.03840361163020134,0.07822801917791367,-0.12046149373054504,-0.12584276497364044,-0.019669367000460625
61.0,-0.3358467221260071,-0.23972205817699432,-0.007287932559847832,0.09393951296806335,0.04590076953172684,0.0885763019323349,-0.15248233079910278,-0.0406980998814106,-0.12122215330600739,-0.12762165069580078,0.2605414092540741,0.13730938732624054,-0.31434208154678345,0.13607679307460785,-0.030437571927905083,-0.21812181174755096,-0.1045360192656517,0.3457191586494446,-0.04938087984919548,-0.1269734799861908,0.15695278346538544,0.376119464635849,-0.2204645425081253,0.17626358568668365,-0.043923523277044296,-0.12098907679319382,-0.2349785715341568,-0.29928159713745117,0.1994704008102417,0.09801509976387024,0.15586267411708832,0.21543964743614197,0.06722991913557053,-0.18097536265850067,-0.012622778303921223,-0.06929950416088104,-0.3702963888645172,-0.04358039051294327,-0.25614669919013977,0.1172780692577362,0.047848332673311234,0.18769678473472595,0.2722843587398529,0.0314851813018322,0.04372688755393028,-0.10939890891313553,-0.2070474773645401,0.021770738065242767,0.0916871652007103,-0.23893728852272034,-0.2053672820329666,-0.11094086617231369,-0.15504896640777588,-0.31294798851013184,0.08557646721601486,0.15760385990142822,0.08659044653177261,0.08339013904333115,0.15983425080776215,0.2847730815410614,0.006491465028375387,0.0771876722574234,-0.1452859789133072,-0.207490012049675
62.0,-0.03435245901346207,0.24945330619812012,-0.14763705432415009,0.17587241530418396,0.013615768402814865,-0.21243885159492493,-0.09231638163328171,-0.14260214567184448,0.21062889695167542,-0.19327519834041595,-0.09601140767335892,-0.006337706930935383,-0.039609525352716446,0.030059225857257843,0.08500558137893677,0.0012646010145545006,-0.006686657201498747,-0.09016083180904388,-0.30710405111312866,-0.11598409712314606,-0.043627236038446426,0.039382483810186386,-0.30327022075653076,0.30740025639533997,-0.15093810856342316,-0.06964347511529922,-0.08145838975906372,-0.12286236137151718,0.13575848937034607,0.05286852642893791,-0.07957817614078522,0.12557321786880493,-0.2702116072177887,-0.0790034756064415,0.0798695981502533,0.015406089834868908,-0.369112104177475,-0.20526635646820068,-0.20848789811134338,0.03421042487025261,0.055077455937862396,0.039090823382139206,0.20355768501758575,-0.05677640810608864,0.07264484465122223,-0.1544782966375351,-0.135182186961174,-0.2030932903289795,0.023957617580890656,-0.30864647030830383,-0.06405891478061676,0.01912704110145569,-0.006697154603898525,-0.17646728456020355,0.0067589557729661465,0.06239032745361328,-0.1494886428117752,0.19808746874332428,-0.09831340610980988,0.22381041944026947,0.009260198101401329,-0.13903355598449707,-0.16999606788158417,-0.14016032218933105
63.0,-0.2989394962787628,-0.2316296398639679,-0.18236343562602997,0.1760115772485733,-0.09446108341217041,0.1807524859905243,-0.31632113456726074,-0.005101377610117197,-0.0289728045463562,0.013599648140370846,-0.09007202088832855,-0.15608374774456024,-0.07563522458076477,-0.11422162503004074,-0.19077736139297485,-0.11250405758619308,-0.009956822730600834,0.15996484458446503,-0.1378863900899887,0.0540512390434742,0.30604490637779236,0.03849615901708603,-0.21041664481163025,0.07602141797542572,-0.15251225233078003,-0.06636175513267517,-0.15727517008781433,0.02281106449663639,0.15721985697746277,0.07902146875858307,0.1794416755437851,0.2429835945367813,-0.19660821557044983,-0.3678939640522003,-0.061557620763778687,0.11764945089817047,-0.1321055144071579,-0.11500968039035797,-0.11329130083322525,0.11986540257930756,0.16477084159851074,0.047358084470033646,0.033443525433540344,-0.16060137748718262,0.09943851828575134,-0.07092491537332535,-0.1214982345700264,-0.014710353687405586,-0.04066655412316322,-0.06672076135873795,0.027622302994132042,0.09700801223516464,-0.05394148454070091,-0.10321907699108124,-0.14462845027446747,0.04576630890369415,-0.009131770581007004,0.062439095228910446,-0.07559366524219513,0.09899269044399261,0.011690732091665268,-0.027786992490291595,-0.07453426718711853,0.12185276299715042
64.0,-0.13205398619174957,-0.006226405035704374,-0.1647011786699295,0.3389117121696472,0.0027872391510754824,0.09891708195209503,-0.1773291379213333,-0.04424389824271202,0.1208885982632637,-0.009659831412136555,-0.030214231461286545,-0.05640938878059387,-0.07289034873247147,-0.10067345947027206,-0.12255372107028961,0.12111075967550278,-0.023855863139033318,0.06305558979511261,-0.13991779088974,0.007806898560374975,0.019573263823986053,-0.060771748423576355,-0.25548896193504333,-0.048525840044021606,-0.19971886277198792,-0.39338219165802,-0.24514140188694,-0.16672474145889282,0.11283853650093079,-0.023365439847111702,0.01034934539347887,0.1173105388879776,-0.3175666034221649,-0.2548355162143707,0.013333565555512905,0.1382656693458557,-0.21251130104064941,-0.04520242288708687,-0.29286423325538635,0.25362101197242737,0.17945556342601776,-0.026993919163942337,0.15392641723155975,-0.06315522640943527,0.2614082098007202,-0.1377977579832077,-0.12769044935703278,-0.17720487713813782,-0.051512762904167175,-0.21915972232818604,-0.09058871865272522,0.02744240127503872,-0.16644632816314697,-0.07889838516712189,0.04998919740319252,0.14224804937839508,0.200792133808136,-0.12381475418806076,0.10525016486644745,0.288388192653656,0.07134786993265152,0.04448661580681801,-0.20954205095767975,-0.004205080680549145
65.0,-0.12455116957426071,0.03182871267199516,-0.17737795412540436,-0.0038094704505056143,-0.2093971073627472,-0.25820720195770264,-0.1977657675743103,-0.026024533435702324,-0.45046085119247437,0.30385735630989075,-0.1981509029865265,-0.03636318817734718,-0.14476795494556427,0.06497663259506226,-0.19715087115764618,-0.04058936983346939,-0.20384101569652557,-0.08629447966814041,-0.23820029199123383,-0.11414416879415512,-0.3876076340675354,0.23877979815006256,0.011618351563811302,0.0028879486490041018,-0.35994455218315125,0.30852535367012024,-0.09364760667085648,0.0785389244556427,-0.08930017054080963,-0.1998356431722641,0.17067086696624756,0.3188270628452301,0.12600140273571014,-0.07126984000205994,0.06418094784021378,0.191380575299263,-0.23283633589744568,0.09579068422317505,0.27987390756607056,0.23828324675559998,0.2582470774650574,0.02309577539563179,-0.04376159608364105,-0.2144336849451065,-0.05630306899547577,-0.1332634687423706,0.029573984444141388,0.11007441580295563,-0.1022876724600792,-0.06591237336397171,-0.057739533483982086,0.12094048410654068,-0.1413714736700058,-0.4914272725582123,-0.011100920848548412,0.14729909598827362,0.03954784572124481,-0.23588193953037262,-0.17973512411117554,-0.06799823045730591,0.07220188528299332,0.2305237352848053,-0.08674811571836472,-0.1824212670326233
66.0,0.2546311020851135,0.31689101457595825,-0.24786297976970673,0.10586679726839066,-0.014658210799098015,-0.19540876150131226,-0.09405245631933212,-0.26698634028434753,-0.01449434831738472,-0.025533806532621384,-0.23808741569519043,-0.17677220702171326,0.12416595965623856,0.02760978229343891,-0.12761200964450836,-0.0528041236102581,-0.282656729221344,-0.3942442536354065,-0.018066439777612686,-0.27626627683639526,-0.1449248194694519,0.36444225907325745,-0.18440955877304077,0.26873350143432617,-0.1781000792980194,0.43977662920951843,-0.10840475559234619,0.09462597966194153,0.000687592604663223,0.11642801761627197,0.01055954210460186,0.17592887580394745,0.006259651854634285,-0.05739890784025192,0.14959050714969635,-0.05123046040534973,-0.07260043919086456,0.09578952193260193,0.05813415348529816,0.14870193600654602,0.3360501229763031,0.04421050846576691,-0.3658006489276886,-0.18539366126060486,-0.26282504200935364,0.0724388062953949,-0.12002082914113998,-0.3753322660923004,0.11942365765571594,-0.16107533872127533,-0.086091548204422,0.13408860564231873,0.029370948672294617,-0.09341119229793549,0.20002122223377228,-0.08692414313554764,-0.025384405627846718,0.08610931783914566,-0.13659290969371796,0.23932695388793945,-0.23495975136756897,0.009334135800600052,0.18100883066654205,-0.003097216133028269
67.0,-0.4380602538585663,-0.3091983497142792,-0.23893772065639496,0.20578020811080933,0.04003496095538139,0.24373872578144073,-0.36891061067581177,-0.18812337517738342,-0.2728596329689026,0.030501171946525574,0.222987562417984,0.0026198853738605976,-0.23428472876548767,0.15507417917251587,-0.043414946645498276,-0.1611703634262085,-0.2390008568763733,0.30404916405677795,0.10085799545049667,0.0455922856926918,0.0579003170132637,0.294479638338089,0.056579310446977615,-0.02904287353157997,-0.06510473787784576,-0.14197087287902832,-0.4365100860595703,-0.2376709133386612,0.20009346306324005,0.041966717690229416,0.09784595668315887,0.11859308183193207,0.09657130390405655,-0.3823533058166504,-0.08370248973369598,0.23433740437030792,-0.12096089869737625,-0.04721630737185478,-0.212199404835701,0.14906643331050873,0.11850875616073608,0.0595131479203701,0.20679663121700287,-0.04469985514879227,-0.04314553737640381,-0.15342198312282562,0.006932958494871855,-0.05657919868826866,0.12625546753406525,-0.17817923426628113,-0.15015818178653717,-0.03398710489273071,-0.06740820407867432,-0.25334224104881287,-0.04004732519388199,0.4383431673049927,0.2126990705728531,0.03759734332561493,0.007916359230875969,0.26441651582717896,0.03600668907165527,0.340179443359375,-0.09540923684835434,-0.1991225779056549
68.0,-0.10086699575185776,-0.12018003314733505,-0.2887600064277649,0.18097731471061707,0.09638775140047073,0.03843643516302109,-0.10142611712217331,0.023085568100214005,-0.06105099990963936,-0.02616342343389988,-0.037933092564344406,0.12859471142292023,-0.2148522138595581,-0.03807392343878746,-0.10108023136854172,-0.04538118094205856,-0.27228403091430664,0.005843691527843475,-0.11891984194517136,0.10393530130386353,-0.07500097900629044,0.3830151855945587,-0.2006460279226303,0.2944168150424957,0.05396146699786186,0.0949312373995781,-0.042014867067337036,-0.1546158641576767,0.1183585375547409,0.07482635974884033,0.09589272737503052,0.011895298957824707,-0.1950199455022812,0.06924544274806976,-0.06964809447526932,0.0030088513158261776,-0.17394869029521942,0.060722433030605316,0.07515732198953629,0.20949497818946838,0.04665272682905197,-0.12825800478458405,0.19053906202316284,-0.3461666703224182,-0.12873008847236633,0.028497906401753426,0.09653880447149277,0.14961743354797363,0.07485127449035645,-0.23678572475910187,-0.2209765911102295,0.11942567676305771,0.13460391759872437,-0.17652353644371033,0.05823074281215668,-0.07939081639051437,-0.03648414462804794,-0.3211815655231476,-0.0842839702963829,-0.21266970038414001,0.07810270041227341,-0.034951962530612946,-0.1296905130147934,-0.21163515746593475
69.0,-0.13646858930587769,0.14556759595870972,0.09857288748025894,-0.18230706453323364,-0.03845134750008583,-0.2246752828359604,0.012335926294326782,-0.12355896830558777,-0.027604082599282265,0.07161330431699753,-0.07491440325975418,0.2063056081533432,-0.2952527701854706,0.31358417868614197,0.20376434922218323,-0.02279561199247837,-0.14048905670642853,-0.09879817068576813,0.18222951889038086,-0.39311671257019043,-0.026749931275844574,0.3170483112335205,0.03788306191563606,0.0484781339764595,-0.19830918312072754,0.036389708518981934,-0.12172409147024155,-0.28204119205474854,0.12878844141960144,0.13010162115097046,-0.08928333222866058,0.3261212110519409,-0.1100836917757988,0.10243448615074158,0.23995466530323029,-0.10170319676399231,-0.24051176011562347,0.04626021534204483,-0.12928643822669983,0.2728259563446045,0.09431800991296768,-0.08472008258104324,-0.03742927685379982,-0.09064596146345139,0.13770155608654022,-0.1792287975549698,-0.24420993030071259,0.022683123126626015,0.002147760707885027,-0.20248521864414215,-0.06362772732973099,-0.1450224667787552,-0.1890931874513626,-0.39700788259506226,0.07840143889188766,0.01183302141726017,0.28569847345352173,0.2132721096277237,0.011666894890367985,0.2662145495414734,-0.0718822032213211,0.01313882414251566,0.17260517179965973,-0.30363729596138
70.0,0.025521328672766685,0.12614943087100983,-0.29804688692092896,0.21712717413902283,-0.1589825600385666,0.12261372804641724,-0.3206367790699005,-0.18902654945850372,0.01513417437672615,0.21207015216350555,-0.1459542214870453,-0.10567808896303177,-0.09100048243999481,0.10734189301729202,-0.27137383818626404,0.10143609344959259,-0.4095044732093811,-0.10691453516483307,0.20152917504310608,-0.05621544271707535,-0.015098546631634235,0.17776715755462646,-0.15639230608940125,0.2535707354545593,-0.04164015129208565,-0.19476205110549927,0.06170554831624031,0.129635751247406,0.054259639233350754,-0.14838264882564545,0.33558163046836853,0.2013184130191803,-0.06823110580444336,-0.24940913915634155,0.09466402977705002,0.13277652859687805,-0.30161362886428833,-0.08913511782884598,0.035831958055496216,0.09966029226779938,0.031668517738580704,-0.11644307523965836,0.2905537784099579,-0.43228328227996826,-0.17263855040073395,0.28554990887641907,-0.017234403640031815,0.06959529221057892,0.14320169389247894,-0.34111663699150085,-0.39693954586982727,-0.05652719363570213,0.007178846746683121,-0.05678465962409973,-0.1312541961669922,0.27359387278556824,0.09472434967756271,-0.44576379656791687,-0.11673655360937119,0.2590580880641937,0.1644579917192459,0.05173293873667717,-0.1747705191373825,-0.326984703540802
71.0,-0.340061217546463,0.17521771788597107,-0.20400027930736542,0.185747429728508,0.1051756963133812,-0.08944591879844666,-0.2368827909231186,-0.4004262685775757,-0.29422980546951294,-0.06172667816281319,0.14779697358608246,0.21680213510990143,-0.2919977009296417,0.38990092277526855,0.029845070093870163,-0.27105236053466797,-0.01612582616508007,-0.013955898582935333,-0.05586044862866402,-0.04791643097996712,0.05016843229532242,0.1456904411315918,-0.0669223889708519,0.1820542961359024,-0.044064171612262726,0.07985097169876099,-0.032567813992500305,-0.05842962861061096,0.0984247699379921,-0.07612960040569305,-0.06411715596914291,0.25936925411224365,-0.13326077163219452,-0.16406439244747162,0.12541067600250244,0.24386638402938843,0.0872817188501358,-0.16018161177635193,-0.2913353145122528,-0.2037682831287384,0.12378016114234924,-0.08239834755659103,-0.04569690302014351,-0.0792064294219017,-0.11013620346784592,0.09154698997735977,-0.08046694844961166,-0.0357951745390892,-0.005058854818344116,0.0981704369187355,-0.1273229867219925,-0.2001015692949295,-0.2449740171432495,-0.14403827488422394,-0.14132173359394073,0.4241996705532074,0.01820785365998745,-0.11865484714508057,-0.28944939374923706,0.27650558948516846,-0.11953050643205643,-0.058982934802770615,0.2083367258310318,-0.24690797924995422
72.0,-0.16908007860183716,-0.3597482144832611,-0.3108816146850586,0.5873769521713257,0.11532361060380936,0.18435466289520264,-0.1262967884540558,0.19086511433124542,0.09162842482328415,-0.0025065583176910877,-0.19404684007167816,-0.13497738540172577,-0.3826564848423004,-0.24955253303050995,-0.2518519461154938,-0.07199937850236893,0.2860385775566101,-0.09419669210910797,-0.3163086771965027,0.11644122749567032,0.09767411649227142,0.013957266695797443,-0.09640879929065704,0.1853332370519638,-0.22548067569732666,-0.43783867359161377,-0.26304155588150024,-0.02818957157433033,0.07305439561605453,0.169086754322052,-0.05643315240740776,0.2705622911453247,0.1291535496711731,0.19448038935661316,0.0904589369893074,0.26290440559387207,0.11461885273456573,0.19156692922115326,-0.43126362562179565,-0.013681531883776188,0.2609385848045349,0.0046308524906635284,0.1341061294078827,-0.13662652671337128,0.414970725774765,-0.10038969665765762,0.01574138179421425,-0.04901580512523651,0.0970439687371254,-0.06771734356880188,0.08224636316299438,-0.1012730672955513,-0.09606997668743134,0.23459568619728088,-0.2593916058540344,0.09879763424396515,-0.10499697923660278,-0.1467728167772293,0.04039387404918671,0.06507931649684906,-0.05615297704935074,0.11383893340826035,-0.39491164684295654,0.21812835335731506
73.0,-0.3970867693424225,-0.1598556637763977,-0.30017831921577454,0.26496440172195435,0.015960216522216797,0.2171323597431183,-0.22755363583564758,-0.301699697971344,-0.34742850065231323,-0.025253091007471085,0.010625974275171757,-0.06861240416765213,-0.033678747713565826,0.18221966922283173,-0.18180078268051147,-0.12718796730041504,-0.21645936369895935,0.04371060058474541,-0.1355288177728653,-0.0050442717038095,0.10085052251815796,0.27798569202423096,-0.11505839973688126,0.0713835060596466,-0.07157028466463089,0.10238630324602127,-0.09949416667222977,-0.1961190551519394,0.08061914891004562,0.04412790387868881,-0.11388538032770157,0.041493747383356094,-0.06048421561717987,-0.3509592115879059,-0.02439272589981556,0.11978159844875336,-0.19990426301956177,-0.1165713295340538,-0.05813004821538925,0.07007800787687302,0.06982874870300293,0.24827496707439423,0.13209083676338196,0.002145209815353155,-0.25557395815849304,0.07994437962770462,-0.16466793417930603,-0.08535976707935333,0.10592285543680191,-0.1690063327550888,-0.1599278748035431,0.03894919157028198,0.045951202511787415,-0.10423651337623596,0.007549193222075701,0.13595564663410187,0.14142918586730957,-0.030877649784088135,-0.12578995525836945,0.191144198179245,-0.12344945967197418,0.07600448280572891,0.0436292327940464,-0.18014578521251678
74.0,0.051619838923215866,0.1705779731273651,0.02326172962784767,0.2638506591320038,-0.015203635208308697,0.20539994537830353,-0.10963711887598038,-0.08449544757604599,0.1245761513710022,-0.048563152551651,-0.03955753520131111,-0.16003908216953278,0.13976101577281952,0.019144628196954727,-0.11687922477722168,-0.021029774099588394,-0.2215459644794464,0.05663086846470833,-0.12097661197185516,-0.08623474836349487,0.1737993210554123,-0.17642457783222198,-0.5025036931037903,0.08436571061611176,0.010478409007191658,-0.20960600674152374,-0.0312051959335804,-0.07695715874433517,0.15674100816249847,-0.09250252693891525,0.02741999551653862,0.1461855173110962,-0.4610549509525299,-0.3296617865562439,-0.075763039290905,0.0302081648260355,-0.22746559977531433,-0.10416556149721146,-0.09307139366865158,0.38662955164909363,0.21401163935661316,0.06913898885250092,0.10342954099178314,-0.21364621818065643,0.19036071002483368,0.03056880459189415,-0.3400578796863556,-0.024903414770960808,-0.10569847375154495,-0.3533218502998352,-0.18460525572299957,0.10731913149356842,-0.05360402166843414,-0.1250535249710083,-0.0009526284411549568,0.05276377499103546,0.15076568722724915,-0.20074842870235443,0.0028676707297563553,0.2590706944465637,0.06678876280784607,-0.13937947154045105,-0.01679636538028717,-0.08098521083593369
75.0,-0.2891576290130615,-0.15773896872997284,-0.27082663774490356,0.36850816011428833,-0.11775756627321243,-0.12870846688747406,0.0006496429559774697,-0.19673486053943634,-0.07082945108413696,-0.009141453541815281,-0.09023548662662506,0.20002934336662292,0.039336610585451126,-0.15857598185539246,-0.1963987648487091,0.04257741943001747,0.14280405640602112,0.2220306247472763,-0.2041277289390564,-0.36423730850219727,-0.013854429125785828,0.1490016132593155,0.10624860227108002,-0.004399391822516918,0.08036831021308899,-0.10244773328304291,-0.298006147146225,-0.22705595195293427,-0.004437800496816635,0.08094257861375809,0.13639719784259796,0.003238923382014036,-0.12698997557163239,-0.18016010522842407,0.14095474779605865,0.2646820545196533,-0.019247695803642273,-0.029413701966404915,-0.1347312480211258,0.26674529910087585,0.1518433392047882,-0.3061288595199585,0.04096321389079094,-0.11758623272180557,0.13253052532672882,-0.051663968712091446,-0.18860159814357758,-0.25673148036003113,0.18011519312858582,-0.06835925579071045,0.04694551229476929,0.21204285323619843,-0.17273984849452972,-0.03517424315214157,0.0971919521689415,-0.2023700326681137,0.03186211735010147,0.23100565373897552,0.025086773559451103,-0.12565234303474426,0.09869846701622009,0.0861724391579628,-0.07250313460826874,0.06588594615459442
76.0,-0.02688533067703247,0.011780401691794395,-0.32688382267951965,0.33265578746795654,0.04014250263571739,-0.024461885914206505,-0.09225665032863617,-0.07998698204755783,0.006799397058784962,-0.2693140208721161,-0.2697124183177948,-0.06370989978313446,-0.2713126540184021,-0.18239451944828033,0.016945363953709602,0.17186646163463593,-0.2738686203956604,-0.3014897108078003,-0.2955401837825775,-0.005928990431129932,-0.3284359276294708,0.2869645655155182,0.04745826497673988,0.10404618084430695,-0.04521242156624794,0.1288072168827057,-0.15068750083446503,-0.24244949221611023,-0.006942940875887871,0.07797502726316452,-0.17211417853832245,0.2267802506685257,-0.14271053671836853,-0.05914999544620514,0.05413993075489998,0.1648862659931183,-0.19041839241981506,-0.09998855739831924,-0.03499943017959595,0.1930081993341446,0.12574103474617004,-0.12551574409008026,0.16285015642642975,-0.20011088252067566,-0.19523845613002777,-0.04251691326498985,0.1622570902109146,-0.24347661435604095,0.30114230513572693,-0.41803988814353943,-0.13223916292190552,0.10731102526187897,-0.04813510179519653,-0.19111210107803345,0.1280377060174942,0.09922302514314651,-0.048099394887685776,-0.04451976716518402,-0.19244152307510376,0.1805502474308014,-0.13472434878349304,0.019308356568217278,0.14189323782920837,-0.33410778641700745
77.0,-0.027203146368265152,0.14250792562961578,-0.3489835858345032,0.30506277084350586,0.08910166472196579,-0.06279774755239487,-0.19392505288124084,-0.1702665239572525,-0.03130574896931648,0.04904470592737198,-0.12583212554454803,-0.06930467486381531,-0.050112951546907425,0.1576850861310959,0.04500565677881241,-0.258494108915329,-0.04879074543714523,-0.18078361451625824,-0.1504930704832077,-0.0765305683016777,0.05973999947309494,0.2631118595600128,-0.4282208979129791,0.28868117928504944,-0.12431980669498444,0.2761092782020569,0.25494998693466187,0.04649529233574867,0.21174326539039612,0.11942844092845917,-0.04241489619016647,0.1291438341140747,-0.37968581914901733,0.11504822969436646,0.1057828813791275,0.2672789692878723,0.12928912043571472,-0.12809020280838013,0.039768561720848083,0.047282248735427856,0.16639843583106995,-0.15757864713668823,-0.06913305073976517,-0.10468602925539017,-0.12773863971233368,0.2074861228466034,-0.1979716420173645,0.018499474972486496,-0.15375089645385742,0.12269403785467148,-0.10883232951164246,0.0490243099629879,-0.2617959678173065,-0.1384470909833908,0.07960101962089539,-0.1785598248243332,-0.0051297834143042564,-0.12037244439125061,-0.3712191581726074,0.3765864968299866,-0.07072712481021881,0.0433935672044754,0.40376001596450806,-0.1705186516046524
78.0,-0.20351259410381317,-0.10572262853384018,-0.4679953455924988,0.1335040032863617,-0.25502878427505493,0.03329342603683472,-0.18496611714363098,-0.14368534088134766,-0.17360582947731018,0.38206392526626587,-0.2504568099975586,0.029994817450642586,0.12278600037097931,0.11543945223093033,-0.15446285903453827,0.0537448525428772,-0.1461014300584793,-0.08253179490566254,0.14282384514808655,0.02093302458524704,-0.13951072096824646,-0.05112989619374275,0.12366804480552673,0.08257264643907547,-0.20951417088508606,-0.1362556517124176,-0.018828511238098145,-0.01874556578695774,0.044219449162483215,0.07561326026916504,-0.07257308065891266,0.20268964767456055,-0.032080572098493576,-0.1956215649843216,0.35854068398475647,0.04109703376889229,-0.17919978499412537,0.057454295456409454,-0.2720975875854492,-0.011808372102677822,-0.018075408414006233,-0.14888152480125427,0.03589341789484024,-0.3465501368045807,-0.05586057901382446,0.07099166512489319,-0.005112913902848959,0.10060574859380722,0.28702157735824585,-0.18874523043632507,-0.15424202382564545,0.3638221323490143,0.033445246517658234,0.040675874799489975,-0.1855366975069046,-0.032898515462875366,-0.12782065570354462,0.01586305722594261,-0.10483864694833755,-0.22127249836921692,-0.0195977333933115,-0.15612433850765228,-0.03483331575989723,-0.14109809696674347
79.0,0.08521652221679688,0.11165226995944977,-0.03429913520812988,-0.028106143698096275,0.10797521471977234,-0.024657921865582466,-0.057671014219522476,-0.22653916478157043,0.22524023056030273,-0.02959616854786873,0.04951456934213638,0.1263677477836609,0.0020171278156340122,-0.004213435109704733,-0.06589160114526749,-0.16179607808589935,0.11931432783603668,-0.0007829086389392614,-0.04380910471081734,-0.3106743395328522,0.21390192210674286,0.12060872465372086,-0.31144148111343384,0.2577976584434509,-0.055252205580472946,-0.2805469334125519,-0.02009807527065277,-0.12772774696350098,0.1892692893743515,-0.11287225782871246,0.2098720371723175,0.2368852198123932,-0.30203884840011597,-0.022842412814497948,0.26556396484375,0.017112208530306816,-0.22050921618938446,-0.2663179039955139,-0.2580060660839081,0.13368691504001617,0.16402015089988708,-0.15095742046833038,0.08480619639158249,-0.16667355597019196,0.18261879682540894,-0.06442968547344208,-0.3164636194705963,-0.12457794696092606,0.07045386731624603,-0.34085336327552795,-0.21118363738059998,-0.17840583622455597,-0.18387027084827423,-0.22208890318870544,-0.08715976774692535,-0.018607281148433685,0.17062050104141235,0.20328712463378906,0.10185588896274567,0.620927631855011,0.11170467734336853,-0.009568670764565468,0.042882222682237625,-0.053109314292669296
80.0,-0.21187178790569305,0.2485828399658203,-0.04402380809187889,0.20995205640792847,0.033995866775512695,0.05579764395952225,-0.21641306579113007,-0.3047628402709961,-0.05368289723992348,-0.13029517233371735,0.05342048034071922,-0.03415437042713165,-0.3733837306499481,0.29388782382011414,0.07753865420818329,-0.03944043815135956,-0.3706763684749603,-0.15162047743797302,0.041818879544734955,-0.1273469626903534,-0.03305725380778313,0.08261039108037949,0.00999503955245018,0.1250719279050827,-0.07960862666368484,-0.054452862590551376,-0.27248480916023254,-0.14856146275997162,0.15052646398544312,0.11232263594865799,-0.09656456857919693,0.207200288772583,-0.007113808766007423,-0.23574988543987274,-0.04587233066558838,0.09281101077795029,-0.060777697712183,0.2192622721195221,-0.2044605314731598,0.09004179388284683,0.30191755294799805,0.11150052398443222,0.11928877234458923,-0.3283074200153351,0.04800357297062874,-0.006019286345690489,-0.1231662780046463,-0.06136509031057358,0.08096536993980408,-0.2589762508869171,-0.03353990241885185,-0.10782799124717712,0.08967162668704987,-0.045258186757564545,-0.02994338609278202,0.5282983183860779,0.16312679648399353,-0.0003991977428086102,-0.06931302696466446,0.0433538556098938,-0.12376955896615982,-0.24437250196933746,-0.03222942724823952,-0.1709478348493576
81.0,0.05114522948861122,-0.007149484008550644,0.008819865994155407,0.04413865506649017,-0.267954021692276,-0.06339370459318161,0.0036726626567542553,0.16388379037380219,-0.07200499624013901,0.05587789788842201,-0.14229872822761536,-0.12821847200393677,0.12964221835136414,0.09415551275014877,-0.16318735480308533,-0.12821325659751892,-0.22387120127677917,0.003993458114564419,0.10143794864416122,-0.45370516180992126,0.07253079116344452,0.13319537043571472,-0.19452030956745148,0.2992514669895172,-0.12801581621170044,-0.03860270977020264,-0.11557244509458542,-0.007838458754122257,-0.06580250710248947,0.0704197809100151,0.24848338961601257,0.1447867602109909,0.16380275785923004,0.07457227259874344,0.25232720375061035,-0.260040819644928,-0.44805553555488586,0.1184239387512207,0.05100071430206299,0.22827690839767456,0.1672985702753067,-0.0902179405093193,-0.31904101371765137,-0.1615530550479889,0.19637922942638397,0.03249436989426613,-0.08762835711240768,-0.11729063093662262,0.13263560831546783,-0.08644738793373108,-0.060080550611019135,0.11519485712051392,0.0544133186340332,-0.16592612862586975,0.3223961293697357,-0.3704238831996918,0.0764027014374733,-0.21744012832641602,0.0661865845322609,-0.16450893878936768,-0.036499667912721634,-0.09028862416744232,-0.14190955460071564,-0.04199980944395065
82.0,-0.06390640884637833,0.022419877350330353,-0.33100318908691406,0.3664017617702484,0.17112968862056732,0.00517064705491066,-0.12880533933639526,-0.1651860773563385,0.05537138506770134,0.2071872353553772,-0.022145621478557587,0.08409624546766281,-0.006932440679520369,0.2582826018333435,-0.02281026542186737,-0.16755986213684082,-0.17963500320911407,0.08784180134534836,-0.15098223090171814,-0.18036875128746033,-0.14076018333435059,0.20480471849441528,-0.3353540599346161,0.448362797498703,-0.12461337447166443,0.08609045296907425,0.12623028457164764,-0.04949597641825676,0.2530558109283447,-0.027484208345413208,0.042762674391269684,-0.049842167645692825,-0.12837161123752594,0.052642639726400375,-0.005018919240683317,0.21202296018600464,-0.03321274742484093,-0.052821505814790726,-0.06743188202381134,0.13510850071907043,0.060748882591724396,-0.1400018036365509,0.39507636427879333,-0.3781215250492096,0.011645065620541573,0.04392053186893463,-0.14120669662952423,0.17887045443058014,-0.07433515787124634,-0.1914074867963791,-0.13852255046367645,0.22241656482219696,-0.08468514680862427,-0.21541611850261688,0.03415738791227341,-0.06824677437543869,-0.0026430990546941757,0.0009257448837161064,-0.20753681659698486,0.040168263018131256,0.3925936222076416,0.16026446223258972,-0.06398488581180573,-0.12565065920352936
83.0,-0.10973300039768219,-0.2538343071937561,-0.14505870640277863,0.08831024169921875,0.017050666734576225,0.24579882621765137,-0.0033764212857931852,0.1300339251756668,0.0030118818394839764,-0.07087641209363937,0.1305212527513504,-0.16735151410102844,-0.10262226313352585,-0.05123400315642357,-0.10269419103860855,-0.18320593237876892,-0.245080828666687,0.2099081575870514,0.14905674755573273,-0.09605889022350311,0.18516412377357483,0.01586333103477955,-0.13578228652477264,0.13231556117534637,-0.17944426834583282,-0.1337902843952179,0.04858863726258278,0.007088027894496918,0.13881240785121918,0.12641102075576782,-0.048512574285268784,0.33745312690734863,-0.03605290874838829,-0.193377286195755,0.0974782258272171,-0.10071983188390732,-0.19936588406562805,-0.22155500948429108,-0.2810547947883606,0.06614939123392105,0.1677200198173523,0.09009119123220444,0.07257182151079178,-0.26242002844810486,0.022606994956731796,-0.001104529481381178,-0.2189515233039856,0.11890943348407745,0.09213273227214813,-0.35009583830833435,-0.08875629305839539,0.21520940959453583,-0.056017618626356125,-0.026377441361546516,-0.16246189177036285,-0.05283050239086151,-0.015562258660793304,-0.0436394065618515,0.05415239557623863,0.21311986446380615,-0.03140285611152649,-0.12269844114780426,0.13142690062522888,-0.2640365958213806
84.0,-0.23074278235435486,0.045630261301994324,-0.49194425344467163,0.14249029755592346,-0.15417899191379547,-0.16240930557250977,-0.33374154567718506,-0.18759465217590332,0.04754684120416641,0.18296997249126434,0.05768148973584175,0.2650620639324188,-0.11295431852340698,0.18557511270046234,0.060236409306526184,-0.10090504586696625,0.1889963448047638,0.09512893110513687,0.06656897813081741,0.09166627377271652,-0.02074263244867325,-0.07420119643211365,0.029572097584605217,0.26805540919303894,-0.3336241543292999,-0.10697313398122787,0.06690870970487595,0.08026881515979767,0.11964559555053711,-0.06560347974300385,0.11898861825466156,0.3765731453895569,0.020107204094529152,-0.21473169326782227,0.3690878450870514,0.07830112427473068,-0.12985314428806305,0.04771152883768082,-0.7879292964935303,-0.38688433170318604,-0.04608425870537758,-0.17360490560531616,0.14922331273555756,-0.22744041681289673,-0.0036190354730933905,0.10156042128801346,0.005485796369612217,0.002323764143511653,0.30158761143684387,-0.04396907240152359,-0.15759754180908203,0.3301827311515808,-0.2870144844055176,-0.044236648827791214,-0.18329451978206635,0.15929074585437775,-0.2876236140727997,0.35862839221954346,-0.13745743036270142,0.09410832822322845,0.039863139390945435,-0.22810597717761993,0.06190189719200134,-0.08091318607330322
85.0,-0.01141800545156002,0.03999248147010803,-0.5374236106872559,0.3188239336013794,0.11687102913856506,0.036296192556619644,-0.09970083087682724,-0.22930601239204407,-0.0455126017332077,-0.04723310470581055,0.05568443611264229,0.05868345871567726,-0.043845150619745255,-0.11618237942457199,-0.22354918718338013,0.08178377151489258,-0.17208008468151093,0.003649948164820671,-0.24221549928188324,-0.08669409900903702,-0.14138555526733398,0.08801887929439545,0.032395750284194946,0.14468912780284882,0.03752177208662033,-0.04208832234144211,0.07086653262376785,-0.08777114003896713,0.12495545297861099,-0.2470775842666626,-0.022118646651506424,0.13810265064239502,-0.08414757251739502,-0.19742293655872345,-0.010052544996142387,0.2338109314441681,-0.07153045386075974,-0.15386316180229187,-0.18429617583751678,-0.02273150533437729,0.04504333436489105,-0.02991202473640442,0.365409791469574,-0.29535341262817383,-0.2183559685945511,0.03854639083147049,-0.13348643481731415,-0.06955423951148987,0.2102319449186325,-0.43554607033729553,-0.20376597344875336,0.2627234160900116,-0.027583910152316093,-0.07416336983442307,-0.19794517755508423,0.1541174054145813,0.017754364758729935,0.05490230396389961,-0.15323056280612946,0.2556321918964386,-0.030188297852873802,0.11696730554103851,0.14515244960784912,-0.34255313873291016
86.0,-0.40632379055023193,-0.13851690292358398,-0.1636296659708023,0.2924513518810272,-0.11082413047552109,0.0057497285306453705,0.028157182037830353,-0.089542917907238,-0.3096503019332886,-0.23778501152992249,-0.005052248947322369,0.08427076786756516,-0.13669781386852264,-0.06252932548522949,-0.25759604573249817,-0.10791639983654022,0.04107258841395378,0.17676995694637299,-0.3951420783996582,-0.47978270053863525,0.15121354162693024,0.2664291560649872,0.0034646750427782536,0.025021130219101906,0.2280266135931015,-0.0622648186981678,-0.027156949043273926,-0.2970314919948578,0.020582836121320724,-0.12747177481651306,-0.046976860612630844,0.14484338462352753,-0.05047329142689705,-0.14010342955589294,-0.00314507819712162,0.09532521665096283,-0.29679927229881287,-0.10363472253084183,0.11643439531326294,0.10323379933834076,0.00917490478605032,0.08341677486896515,0.09297878295183182,0.07634490728378296,0.022198699414730072,0.03424159064888954,-0.39740192890167236,-0.2681981921195984,0.0791143998503685,-0.13481268286705017,0.09128603339195251,-0.054533008486032486,-0.1070672869682312,-0.08733441680669785,0.12852752208709717,-0.13049714267253876,0.17723499238491058,0.05127004534006119,-0.053321633487939835,0.10165965557098389,-0.22923831641674042,-0.03929135575890541,0.0159063208848238,-0.20996925234794617
87.0,-0.21267694234848022,-0.31832873821258545,-0.3078513443470001,0.5737572908401489,-0.1675908863544464,0.2715906798839569,-0.08834373205900192,0.011685933917760849,-0.47892555594444275,0.09369698166847229,-0.10570643097162247,-0.09492696076631546,0.2671656608581543,-0.22189074754714966,-0.49934038519859314,-0.1113770380616188,0.17178668081760406,0.1688464730978012,-0.3794507086277008,-0.0873398557305336,-0.01686832867562771,0.015051023103296757,-0.25848305225372314,-0.06642533093690872,-0.00867043249309063,0.007125526666641235,-0.1517486423254013,-0.14154376089572906,-0.11337561905384064,0.04538523033261299,-0.07606418430805206,0.20589907467365265,-0.057247575372457504,-0.23487326502799988,0.2575039863586426,0.12656445801258087,-0.15845727920532227,-0.007582502439618111,-0.1070132702589035,0.27851468324661255,0.1939905434846878,-0.07839837670326233,-0.12225986272096634,-0.01984817534685135,0.041431549936532974,-0.03375798836350441,-0.12170078605413437,-0.09907462447881699,0.25963208079338074,-0.09871877729892731,-0.18287824094295502,0.3329477608203888,-0.15527117252349854,-0.12486763298511505,-0.14595480263233185,-0.14715343713760376,-0.23276284337043762,-0.23228773474693298,0.0394824780523777,-0.16388320922851562,-0.16587784886360168,0.0100620798766613,-0.11712439358234406,0.14768849313259125
88.0,-0.07572034001350403,0.02665543183684349,-0.07374946773052216,0.07006637752056122,-0.10610099881887436,0.16373887658119202,-0.36932018399238586,-0.0525628887116909,0.13389888405799866,-0.03863723948597908,-0.415779173374176,-0.26078400015830994,-0.22156506776809692,0.18326261639595032,0.07103841751813889,-0.17499825358390808,-0.2693207263946533,-0.3072059750556946,0.09204176813364029,0.020917002111673355,0.07263395190238953,0.2748362421989441,-0.10148162394762039,0.2720102369785309,-0.09511452913284302,-0.05523625388741493,-0.13382115960121155,0.11831456422805786,0.1686098873615265,-0.17597705125808716,-0.30558091402053833,0.4199957549571991,0.12994688749313354,-0.05911329761147499,0.1825554370880127,-0.025064196437597275,-0.16477429866790771,0.054647933691740036,-0.1386837512254715,0.08547365665435791,0.09470607340335846,0.10592006891965866,-0.16208016872406006,-0.1337769776582718,0.04157343506813049,0.1308540552854538,-0.10857520997524261,-0.22342433035373688,-0.07823687791824341,-0.1714712679386139,0.02851601503789425,-0.1415686011314392,0.01246042363345623,-0.0562499463558197,-0.02084357850253582,0.1910843700170517,0.13538441061973572,0.023774370551109314,-0.07588638365268707,0.5091562867164612,0.1354629248380661,-0.05227866768836975,-0.2025955319404602,0.0097028948366642
89.0,-0.050028037279844284,0.026336444541811943,-0.22755013406276703,0.4645945429801941,-0.020742664113640785,0.31770870089530945,-0.2823086380958557,-0.13114014267921448,0.0744880884885788,0.15863823890686035,-0.10279469192028046,0.03006606176495552,0.08264604955911636,0.023209329694509506,-0.10572746396064758,0.15345747768878937,0.21244163811206818,0.050389841198921204,0.029330596327781677,0.015980146825313568,0.10842086374759674,-0.22733314335346222,-0.10884731262922287,0.021642513573169708,-0.09874752163887024,-0.27530813217163086,0.042051784694194794,-0.12871448695659637,0.08303321152925491,-0.25692686438560486,-0.006902462802827358,0.11877099424600601,-0.3081110119819641,-0.24819409847259521,0.07679318636655807,0.23527905344963074,-0.10243595391511917,0.04853019118309021,-0.3445604741573334,0.2173762023448944,-0.031237557530403137,-0.20402799546718597,0.30962592363357544,-0.20043860375881195,0.15139424800872803,0.05714549124240875,-0.09862352162599564,-0.07431239634752274,0.20818449556827545,-0.371279776096344,-0.1920425146818161,0.20204415917396545,-0.10617560148239136,-0.10086026042699814,-0.21132762730121613,0.19701960682868958,0.11776338517665863,0.055111173540353775,-0.03621426597237587,0.1578785479068756,0.13082711398601532,0.05824199691414833,-0.08262103796005249,0.07934743165969849
90.0,-0.11234807968139648,-0.01700727269053459,-0.30598747730255127,-0.0775308758020401,0.22414427995681763,-0.223343625664711,-0.15369625389575958,-0.06655753403902054,0.042627476155757904,-0.0637926384806633,0.06683413684368134,0.3624017536640167,0.1822352558374405,0.15196983516216278,0.13229824602603912,-0.21954351663589478,-0.2359967827796936,0.17567549645900726,0.012596743181347847,0.08834456652402878,-0.0950787290930748,0.2206580638885498,-0.16399361193180084,0.3812143802642822,-0.12052066624164581,-0.09083480387926102,-0.4207993745803833,-0.3132488429546356,0.4050750434398651,-0.048862334340810776,0.10878778994083405,-0.2079419046640396,-0.45905011892318726,0.02162402868270874,0.084660604596138,0.06170910969376564,-0.2488972693681717,-0.09135967493057251,-0.0468340739607811,0.10239952802658081,0.19894032180309296,-0.34158653020858765,-0.20062726736068726,-0.09489226341247559,0.19390159845352173,-0.5095794796943665,0.15143239498138428,-0.16488824784755707,-0.11689230799674988,0.10409458726644516,0.014546900987625122,0.23634999990463257,0.19966953992843628,-0.4109655022621155,0.39326369762420654,-0.10394661128520966,-0.010430358350276947,-0.07828512042760849,-0.08560360223054886,-0.5460488796234131,-0.008095436729490757,-0.05907658115029335,-0.18805482983589172,-0.001998553518205881
91.0,-0.11346263438463211,0.09031456708908081,-0.41116195917129517,0.27923884987831116,-0.1130281463265419,-0.12337221950292587,-0.08714500814676285,-0.15896442532539368,-0.010389836505055428,0.28414222598075867,-0.2027893215417862,0.14297199249267578,0.04679583013057709,0.3150768578052521,0.1425025314092636,-0.05467165634036064,-0.04353734105825424,-0.0418265163898468,-0.010085857473313808,-0.22128188610076904,-0.18717193603515625,-0.10193390399217606,0.10756970196962357,0.2012307047843933,-0.18938593566417694,-0.010067548602819443,0.18569806218147278,-0.1474083662033081,0.10227924585342407,-0.20787867903709412,-0.04778509959578514,0.019547220319509506,-0.05669645220041275,0.006939553655683994,0.0666041374206543,0.18019762635231018,-0.06541234999895096,0.2481224089860916,-0.26064154505729675,0.057329099625349045,-0.01935146003961563,-0.09120921790599823,0.22725094854831696,-0.3393780589103699,0.11987949907779694,0.18150964379310608,-0.24069856107234955,0.007068009115755558,0.16204148530960083,-0.24471355974674225,0.01684538647532463,0.4487263858318329,-0.04794962704181671,-0.013068169355392456,0.2259751260280609,-0.2190517634153366,0.13962455093860626,0.3318816125392914,-0.3178611993789673,-0.14946523308753967,0.07527948170900345,-0.0067961253225803375,0.2212081253528595,-0.1881089210510254
92.0,-0.2029348462820053,0.08565457165241241,0.037182487547397614,0.052414000034332275,-0.06161756440997124,0.08907729387283325,0.004880350548774004,-0.022198602557182312,0.14218485355377197,-0.07556210458278656,-0.02718428149819374,0.1555391252040863,-0.22675637900829315,0.0963359996676445,0.09763260185718536,0.0429055318236351,-0.21205724775791168,0.10077008605003357,0.25859642028808594,-0.06826905161142349,0.09038259088993073,-0.22128073871135712,0.13741417229175568,0.019337281584739685,-0.12122748792171478,-0.0748787596821785,-0.14072184264659882,-0.07960352301597595,0.18280641734600067,0.10966094583272934,-0.04135424271225929,0.37409207224845886,-0.31421342492103577,-0.3721875548362732,-0.04840075597167015,0.19289475679397583,-0.12232176959514618,0.008028600364923477,-0.3714892864227295,0.2959250211715698,0.23238544166088104,-0.20450666546821594,0.17422831058502197,-0.4645686149597168,0.2956677973270416,-0.09989836066961288,-0.10833104699850082,-0.035461459308862686,0.15408268570899963,-0.42141789197921753,-0.11483874171972275,0.18805135786533356,-0.1755102127790451,-0.30992305278778076,-0.11365657299757004,0.14633361995220184,0.2485249638557434,0.1177791878581047,-0.1045989841222763,-0.01577979326248169,-0.04476785659790039,-0.2279251217842102,0.2063836008310318,-0.25957995653152466
93.0,-0.3402416706085205,-0.22356292605400085,-0.4147931933403015,0.2914808988571167,-0.07433883845806122,0.04469683766365051,-0.1650070697069168,-0.15345945954322815,-0.14864443242549896,-0.17833732068538666,-0.002626667730510235,-0.1531139463186264,0.1514950841665268,-0.030213646590709686,0.09895968437194824,-0.11098017543554306,-0.26266178488731384,0.12221882492303848,-0.07882250100374222,0.17046333849430084,-0.13365668058395386,0.23934495449066162,-0.0686705932021141,0.05361858010292053,-0.04444604739546776,0.012037402018904686,-0.35064032673835754,-0.17163138091564178,0.16669254004955292,0.21426698565483093,-0.32320985198020935,0.03450115770101547,-0.20559802651405334,-0.3289772868156433,0.1812370866537094,0.37399739027023315,-0.12551261484622955,-0.3685019016265869,-0.08970484882593155,0.19797560572624207,0.17983411252498627,-0.1203485056757927,-0.08191640675067902,0.261849969625473,-0.21294397115707397,-0.21326522529125214,0.055039726197719574,-0.2287655919790268,0.06599602103233337,-0.12413589656352997,-0.19276943802833557,0.23380163311958313,0.009954270906746387,-0.22624410688877106,0.03595028072595596,0.09021293371915817,-0.17180444300174713,-0.22339943051338196,-0.004119230434298515,0.15699206292629242,-0.050784360617399216,0.1225324273109436,-0.13127653300762177,-0.2793724536895752
94.0,0.04683970287442207,-0.15859819948673248,-0.2549246549606323,0.008256561122834682,0.2668492794036865,0.0532107800245285,-0.023649858310818672,-0.005742860957980156,-0.32817867398262024,0.10076539218425751,0.125930055975914,0.042095884680747986,-0.14921429753303528,-0.09957154095172882,-0.13519255816936493,-0.2842264473438263,0.1351964920759201,-0.12020421028137207,-0.2582603394985199,-0.014535142108798027,-0.30984658002853394,0.19798918068408966,-0.1122777983546257,0.01705128513276577,-0.3854067623615265,0.3099958896636963,0.1982942521572113,-0.04944775626063347,-0.07546065002679825,-0.1741093397140503,0.15181992948055267,0.10344236344099045,-0.005772977136075497,0.11446678638458252,-0.02616795152425766,0.24736541509628296,0.022475751116871834,-0.10313636064529419,0.02959979511797428,0.04756911098957062,0.3252563774585724,-0.0630331039428711,0.05534174665808678,-0.3075343072414398,-0.05572446808218956,-0.0717671811580658,0.08958831429481506,-0.06839371472597122,0.07786113768815994,-0.2538352906703949,-0.09698951244354248,0.05320538207888603,-0.25263285636901855,-0.37828361988067627,0.13840137422084808,-0.09480397403240204,0.23066896200180054,0.06817217171192169,-0.2505124807357788,0.340194433927536,-0.006756133399903774,0.27344265580177307,0.36434805393218994,-0.024392034858465195
95.0,0.1833275556564331,0.3431053161621094,0.23938007652759552,-0.02156882919371128,-0.23746992647647858,-0.09174172580242157,-0.13871297240257263,0.09575184434652328,0.05280343443155289,-0.04242970794439316,-0.17388856410980225,-0.14727254211902618,-0.10509619861841202,0.08734569698572159,0.3017978072166443,-0.006802782882004976,-0.19116432964801788,-0.1734115332365036,-0.03180205076932907,-0.18095135688781738,-0.28575634956359863,-0.06902296096086502,-0.16954849660396576,-0.10392085462808609,-0.18235087394714355,0.04777885228395462,0.08292557299137115,-0.13385134935379028,0.10177412629127502,-0.21600441634655,-0.11144905537366867,0.3635716438293457,-0.22364239394664764,-0.025867942720651627,0.14733584225177765,0.04931018128991127,-0.3444315195083618,0.13029152154922485,0.1594206690788269,0.43077751994132996,0.22759877145290375,-0.04136190563440323,0.038105741143226624,-0.13251501321792603,0.1986888200044632,-0.06955421715974808,-0.23798224329948425,-0.015555798076093197,-0.10157380253076553,-0.39265093207359314,-0.03563644364476204,0.07946454733610153,-0.1754131019115448,-0.43377700448036194,0.20188668370246887,0.12265382707118988,0.07784353196620941,0.09200134128332138,-0.045298490673303604,0.21116909384727478,0.002881308551877737,-0.23683315515518188,0.12498003989458084,-0.207208052277565
96.0,-0.22264738380908966,0.011101555079221725,-0.37673789262771606,-0.0899886041879654,-0.409810334444046,-0.4978775680065155,-0.26338908076286316,-0.2531270384788513,-0.2998100817203522,-0.0611281543970108,-0.062247879803180695,0.03441997990012169,-0.1519334465265274,0.039762623608112335,0.21073727309703827,-0.1864454597234726,-0.2909946143627167,-0.1464313417673111,-0.16819271445274353,-0.23383359611034393,0.06464934349060059,0.5126448273658752,0.2488858699798584,-0.030228709802031517,0.16843663156032562,0.06077317148447037,-0.4504166841506958,-0.3272517919540405,0.014217020943760872,0.07875265181064606,0.2927486002445221,0.1591019332408905,0.05365500599145889,-0.0604364238679409,0.2131665199995041,-0.006353970617055893,-0.09607775509357452,0.42884302139282227,0.06693866848945618,0.22009862959384918,0.28176599740982056,0.009935695677995682,-0.5764929056167603,0.04848537594079971,-0.20873773097991943,0.02697647362947464,-0.28859689831733704,0.017353856936097145,0.12874644994735718,0.11664977669715881,0.0979001447558403,0.11347154527902603,0.2733476161956787,0.10673024505376816,0.30793246626853943,-0.060869403183460236,-0.12301414459943771,0.02017771266400814,-0.02359318733215332,-0.27852630615234375,-0.43914875388145447,-0.20219814777374268,0.09000992029905319,-0.2611495554447174
97.0,-0.3150104582309723,-0.4169626235961914,0.03348156064748764,-0.0988084003329277,-0.0010333482641726732,0.2951579988002777,-0.21051929891109467,0.08214380592107773,-0.038696371018886566,-0.054253023117780685,-0.20554529130458832,-0.1945919245481491,-0.060042109340429306,0.24735519289970398,0.21992547810077667,-0.5021962523460388,-0.1244427040219307,-0.09642084687948227,-0.005944608710706234,0.15856948494911194,0.42712706327438354,0.17004871368408203,-0.3042907416820526,0.30883195996284485,-0.08495669811964035,-0.02810346521437168,-0.1626892387866974,-0.15363822877407074,0.18820686638355255,0.3378974497318268,0.1358007788658142,0.11482101678848267,-0.2109285295009613,-0.025463830679655075,0.04846654832363129,0.11182655394077301,-0.24722804129123688,-0.24240849912166595,-0.03533913940191269,0.23953697085380554,0.13568156957626343,-0.005239659920334816,-0.1550193876028061,-0.1019563302397728,0.17957912385463715,-0.01837492361664772,0.05410948768258095,0.056681327521800995,0.08976158499717712,-0.12944763898849487,-0.1155291497707367,-0.18781180679798126,0.03671998903155327,-0.3160668909549713,0.157522052526474,-0.2589428424835205,0.13322508335113525,-0.0032310758251696825,-0.29349663853645325,0.27001526951789856,-0.00040718703530728817,0.051066040992736816,0.13943444192409515,-0.10863854736089706
98.0,-0.2543182969093323,-0.1578701287508011,-0.11178887635469437,0.2850513756275177,0.07004498690366745,0.10895036906003952,0.17904433608055115,-0.10926499962806702,-0.06233425438404083,-0.2215251922607422,-0.001454133540391922,0.05598197132349014,-0.10895394533872604,-0.11993624269962311,-0.13123998045921326,-0.08004757016897202,0.02824573591351509,0.060847312211990356,-0.2448713481426239,-0.4821225106716156,0.13138101994991302,0.1341722309589386,0.022456126287579536,0.13735473155975342,0.11261610686779022,-0.05733644962310791,-0.14271816611289978,-0.29814526438713074,0.014981463551521301,0.2539006769657135,-0.09688831865787506,0.1694721132516861,-0.12399586290121078,-0.031625501811504364,0.11166626214981079,0.028042688965797424,-0.13697947561740875,-0.14078420400619507,-0.18425436317920685,0.25524580478668213,0.16408124566078186,-0.11940433830022812,0.12488329410552979,-0.29574745893478394,0.0972607359290123,-0.12466724961996078,-0.21676327288150787,-0.14357325434684753,0.3398496210575104,-0.4442389905452728,0.030203580856323242,0.08841042220592499,-0.009109040722250938,-0.06739328056573868,-0.13758064806461334,-0.17536458373069763,0.02793084643781185,0.2980741560459137,-0.023403778672218323,0.05080108344554901,-0.09865883737802505,-0.0668550431728363,0.1407606303691864,-0.1513536125421524
99.0,-0.16070283949375153,0.013768371194601059,-0.18284353613853455,0.002307707443833351,-0.10897742211818695,-0.04554371535778046,-0.10512351244688034,-0.1522981822490692,-0.20611461997032166,-0.1283547431230545,0.11178720742464066,0.017469363287091255,0.06814911961555481,-0.004267768003046513,-0.23688270151615143,-0.2646430432796478,-0.2795345187187195,0.18513847887516022,-0.16899752616882324,-0.05408278852701187,-0.029899759218096733,0.1557481735944748,-0.3755616247653961,0.20006945729255676,0.002153642475605011,-0.06830835342407227,-0.09480492770671844,-0.05474862828850746,0.14834530651569366,-0.008910263888537884,0.023424340412020683,0.2852087914943695,-0.16193880140781403,-0.3673894703388214,0.18421511352062225,-0.07115543633699417,-0.45133358240127563,-0.36807867884635925,-0.08214997500181198,-0.004840539768338203,0.1592208445072174,0.1270238161087036,0.009245192632079124,-0.08751241862773895,-0.09230901300907135,-0.028367208316922188,-0.24691228568553925,-0.101534403860569,0.012896690517663956,-0.2250383198261261,-0.28422048687934875,0.052205514162778854,-0.09037278592586517,-0.22847667336463928,-0.0028487928211688995,0.06536815315485,-0.12552906572818756,-0.18646810948848724,0.048450298607349396,0.22522471845149994,-0.10291579365730286,-0.26499632000923157,-0.11729303002357483,-0.2953961491584778
100.0,-0.013034469448029995,0.12422433495521545,-0.3270489275455475,-0.0674135610461235,0.0141967898234725,-0.3591133654117584,-0.2823178768157959,-0.5021445155143738,-0.3433714210987091,0.1532488316297531,0.39403098821640015,0.3189568519592285,0.015628213062882423,0.2815473973751068,0.08765151351690292,-0.5524604320526123,0.03662681207060814,0.1286628544330597,-0.14689898490905762,-0.07735202461481094,-0.2418310046195984,0.12595318257808685,-0.13006393611431122,0.3251526951789856,-0.05015489459037781,-0.06248842179775238,-0.3955485224723816,-0.1341845840215683,0.1846388280391693,-0.11753042042255402,0.30967751145362854,0.3250812292098999,0.22429341077804565,-0.1341489553451538,0.4204278588294983,0.14111265540122986,0.04261605814099312,0.05217668414115906,-0.5627423524856567,-0.22442638874053955,0.3511754870414734,-0.08821306377649307,-0.23089081048965454,-0.132380872964859,-0.038431379944086075,-0.14548234641551971,-0.12283093482255936,0.029600361362099648,0.27414557337760925,-0.03994421660900116,-0.32383227348327637,0.08666274696588516,-0.17371849715709686,-0.2543415427207947,-0.10703964531421661,0.44906508922576904,-0.35771992802619934,0.18545271456241608,0.05573844164609909,0.2046375423669815,-0.08529718220233917,-0.05318614840507507,0.025688324123620987,-0.10334489494562149
101.0,-0.30271613597869873,-0.17025065422058105,-0.3049270808696747,0.34599050879478455,-0.310096800327301,0.1446070373058319,-0.2862106263637543,-0.10101780295372009,-0.13078972697257996,0.19348619878292084,-0.376056969165802,-0.2583082616329193,0.15703123807907104,0.283218115568161,0.15597158670425415,-0.33866021037101746,-0.08077435940504074,0.01535588689148426,0.14271311461925507,-0.08878166228532791,0.2909204363822937,-0.27572229504585266,-0.015690376982092857,0.1453925222158432,-0.11402099579572678,-0.15100723505020142,0.11373482644557953,-0.021950015798211098,0.18124499917030334,0.09980777651071548,0.029800210148096085,0.19797155261039734,-0.23657673597335815,-0.21189838647842407,0.15166260302066803,0.34511902928352356,0.023514399304986,-0.07717970758676529,-0.07884776592254639,0.017212890088558197,0.13361777365207672,-0.08620783686637878,-0.084690622985363,-0.21726812422275543,0.18953320384025574,0.2758423984050751,-0.2970074415206909,0.05446091666817665,0.12509675323963165,0.011703530326485634,0.13040587306022644,0.26738330721855164,-0.055609457194805145,0.1941433697938919,0.07476869970560074,-0.19173182547092438,-0.08065648376941681,0.1360013782978058,-0.5361675024032593,-0.11162091046571732,-0.21173176169395447,-0.12252404540777206,0.41895219683647156,-0.16421160101890564
102.0,-0.5546187162399292,-0.25386273860931396,-0.22722835838794708,0.35940343141555786,0.24715885519981384,0.213761106133461,-0.002318877726793289,-0.09439735859632492,0.06452633440494537,-0.11022476851940155,0.23862960934638977,0.34432366490364075,-0.12590616941452026,0.27081525325775146,-0.00656144181266427,-0.24201808869838715,0.11977258324623108,0.22939902544021606,-0.16314305365085602,-0.01929226703941822,0.29741984605789185,0.22572651505470276,-0.28952348232269287,0.47302427887916565,-0.09026297181844711,-0.08480606973171234,-0.07545607537031174,-0.2605481445789337,0.1871151328086853,0.31422069668769836,0.11266014724969864,-0.2719539999961853,-0.27441027760505676,0.017058171331882477,-0.012075825594365597,0.19714362919330597,-0.18405196070671082,0.09679420292377472,-0.4414463937282562,0.12427918612957001,0.09646730870008469,-0.13082575798034668,0.29728230834007263,-0.14859215915203094,0.1807119995355606,-0.008844305761158466,-0.02765173278748989,-0.00913502648472786,0.11489707231521606,-0.03262380138039589,-0.12451223284006119,0.08540522307157516,-0.022121619433164597,-0.15070393681526184,0.21641825139522552,-0.275417298078537,0.1684366911649704,-0.09761583060026169,0.03168307617306709,-0.2354775369167328,0.24188297986984253,-0.1218714788556099,-0.27509668469429016,0.04563318192958832
103.0,-0.08054181188344955,-0.019497264176607132,-0.17887479066848755,0.12061788141727448,-0.20742468535900116,-0.15760226547718048,-0.3434736728668213,-0.154868021607399,0.09073283523321152,-0.11393914371728897,-0.07357560098171234,0.01952410489320755,-0.018980640918016434,-0.02140108495950699,0.014433985576033592,-0.25054678320884705,-0.07489447295665741,0.31976553797721863,-0.04732704162597656,0.09464432299137115,0.05537834390997887,0.27389422059059143,-0.23575341701507568,0.2463771551847458,0.03630688413977623,-0.06263614445924759,-0.26524823904037476,0.013298558071255684,0.3473605811595917,-0.07521579414606094,-0.09997154772281647,0.42110779881477356,0.0605156272649765,-0.3134668469429016,0.21285110712051392,0.05537097901105881,-0.21765924990177155,-0.1468137800693512,-0.2640416920185089,-0.0029605980962514877,0.08805932104587555,0.1551082730293274,0.10741637647151947,0.1344376802444458,-0.0025373660027980804,-0.0655585378408432,-0.4085986614227295,-0.05991160497069359,-0.0883730798959732,-0.1347929984331131,-0.17409256100654602,0.16279688477516174,-0.07104957103729248,-0.15309041738510132,-0.1930585354566574,0.21493175625801086,-0.40388745069503784,0.24680960178375244,0.14847272634506226,0.21701189875602722,0.01900111511349678,-0.13640540838241577,-0.40023094415664673,-0.04781816527247429
104.0,-0.470073401927948,-0.16306529939174652,-0.17213472723960876,-0.07271182537078857,-0.18201753497123718,0.1236315667629242,-0.13992728292942047,0.2704431414604187,-0.15252497792243958,0.010225517675280571,0.24385800957679749,-0.024437066167593002,-0.4261860251426697,-0.19102972745895386,-0.2512381076812744,-0.13797268271446228,0.0488072894513607,0.1841406226158142,0.16014261543750763,-0.19863983988761902,0.23865394294261932,0.28597575426101685,-0.18660756945610046,0.010748324915766716,-0.32462558150291443,-0.029022715985774994,-0.01975993439555168,0.05230781435966492,0.14285072684288025,0.35596928000450134,0.06905359029769897,0.5160295367240906,-0.1680871695280075,-0.15458816289901733,0.10199522972106934,-0.2034039944410324,-0.4491729140281677,0.0021167555823922157,-0.19509164988994598,0.06441737711429596,0.13251417875289917,-0.07916848361492157,-0.022392168641090393,-0.2919893264770508,0.14050544798374176,-0.2251141220331192,-0.04735037684440613,-0.11849570274353027,0.08242432028055191,-0.24142742156982422,-0.04413953050971031,-0.02655780501663685,-0.19448615610599518,-0.35918453335762024,-0.2559584677219391,-0.02639232575893402,0.16860036551952362,-0.0014383033849298954,0.16639141738414764,0.24435055255889893,-0.2565493583679199,-0.26895806193351746,-0.05240735411643982,-0.10809595882892609
105.0,0.05033775791525841,0.11272047460079193,-0.2656800448894501,0.2591888904571533,-0.1624712496995926,-0.2192779779434204,-0.18744796514511108,-0.021036701276898384,-0.043474629521369934,-0.05594697594642639,-0.15650852024555206,-0.060730867087841034,-0.08569739013910294,-0.18383663892745972,-0.06919026374816895,0.15641163289546967,-0.1928347796201706,-0.18661215901374817,-0.2876022458076477,-0.40546420216560364,-0.06917398422956467,0.10001033544540405,0.045535165816545486,0.17143550515174866,0.2584688067436218,-0.1716221421957016,-0.3134691119194031,-0.1408904790878296,0.029280105605721474,0.04899649694561958,0.40190961956977844,0.18924444913864136,-0.17881572246551514,0.07497268915176392,0.16001595556735992,0.21187226474285126,-0.08691003173589706,0.0032396430615335703,0.2857045531272888,0.15478076040744781,0.1371505856513977,-0.5095096230506897,-0.1760159581899643,-0.22943587601184845,0.038388900458812714,-0.18331784009933472,0.20758602023124695,-0.054898276925086975,0.20640124380588531,0.01219100784510374,0.05622619390487671,-0.06330687552690506,0.016054267063736916,-0.1579689085483551,-0.03963879868388176,0.20011234283447266,-0.21428580582141876,-0.3196203410625458,-0.17354348301887512,-0.20900726318359375,-0.1478472799062729,0.028671197593212128,0.029547953978180885,-0.2243875414133072
106.0,-0.036242928355932236,-0.1139453575015068,-0.09842125326395035,0.1021495833992958,-0.3008010685443878,0.03298278525471687,-0.18526020646095276,0.11791098117828369,-0.19931042194366455,0.1784595549106598,-0.25640371441841125,-0.34407246112823486,0.1089910939335823,0.010087599977850914,-0.2362465113401413,-0.1905771642923355,-0.016165075823664665,-0.24138420820236206,-0.08585920929908752,-0.26248353719711304,0.1469382345676422,0.22460995614528656,-0.3835121691226959,0.36349424719810486,-0.19184637069702148,0.17079992592334747,-0.15845690667629242,0.17420744895935059,-0.14469048380851746,0.462585985660553,0.19373367726802826,0.2436738908290863,0.21894291043281555,0.1717650443315506,0.4468616247177124,-0.264275461435318,-0.2754814028739929,0.0867089033126831,0.025821324437856674,0.13761365413665771,0.12085284292697906,-0.1685684472322464,-0.5064774751663208,-0.15686340630054474,-0.01274768728762865,0.08849933743476868,0.20185761153697968,-0.011590962298214436,0.2368299812078476,0.07081233710050583,-0.11250697076320648,0.027135023847222328,0.03053993359208107,-0.15206073224544525,-0.06683819741010666,-0.325802206993103,-0.2432570904493332,-0.21074944734573364,0.03535947948694229,0.016275962814688683,0.018095694482326508,-0.08560370653867722,-0.16983966529369354,0.1982886791229248
107.0,-0.2570430040359497,-0.21499744057655334,-0.2018008679151535,0.3188724219799042,-0.020367786288261414,0.1383972316980362,-0.11290087550878525,-0.05307101458311081,-0.08217215538024902,0.09410245716571808,-0.15672630071640015,-0.17624779045581818,-0.0691566988825798,0.034394316375255585,-0.11190413683652878,-0.16137748956680298,-0.1449579894542694,-0.1424659937620163,-0.05511155351996422,-0.009411325678229332,-0.1590297967195511,0.01937924511730671,-0.10115265846252441,-0.04585520178079605,-0.3535427451133728,-0.35078662633895874,-0.3469763994216919,-0.13156144320964813,0.02469797618687153,0.2556334435939789,-0.015536329708993435,0.04893219843506813,-0.06287351995706558,-0.08775397390127182,0.21843738853931427,0.21857833862304688,-0.06725694984197617,0.0369269922375679,-0.20761768519878387,0.09266740828752518,0.4046759605407715,-0.04159323871135712,-0.12958118319511414,-0.14163652062416077,0.3141596019268036,-0.03231571614742279,0.03678993135690689,-0.2668968439102173,0.04305756464600563,0.09771531820297241,0.08835455030202866,-0.1097107082605362,-0.19627970457077026,0.15364743769168854,0.314859002828598,0.009089604951441288,0.21210667490959167,-0.1651960164308548,-0.04851122945547104,0.14044702053070068,-0.04177256301045418,-0.007297554053366184,-0.03984038159251213,0.0695570781826973
108.0,0.056005775928497314,-0.08727987110614777,-0.2703500986099243,0.5451154112815857,-0.10519591718912125,0.16593433916568756,-0.2879672944545746,0.056898389011621475,0.10066461563110352,0.1156560480594635,-0.17774507403373718,-0.4202183485031128,0.36043933033943176,0.19546496868133545,0.304299920797348,-0.027478128671646118,-0.26979342103004456,0.1053253710269928,0.11085805296897888,-0.09127791970968246,0.07161465287208557,-0.16159123182296753,-0.28088438510894775,0.26952069997787476,-0.12475406378507614,0.09826327860355377,-0.12011434882879257,-0.08519046753644943,0.2653672397136688,0.32502520084381104,-0.07298485189676285,0.018771257251501083,-0.21415531635284424,-0.14039136469364166,0.058066755533218384,0.1982227861881256,0.012732668779790401,-0.05776376649737358,-0.061036285012960434,0.30780109763145447,0.04289073497056961,-0.2104499638080597,-0.007144272327423096,-0.010706467553973198,-0.02948964759707451,-0.11308983713388443,0.043587297201156616,0.1444629430770874,0.14190471172332764,-0.12657836079597473,-0.0471649244427681,0.5625534653663635,0.0566733255982399,-0.16259576380252838,0.011956745758652687,-0.047330934554338455,-0.3837815225124359,0.055037789046764374,-0.2641659379005432,-0.1407352089881897,0.02316090650856495,0.26632705330848694,0.2234322726726532,-0.13702483475208282
109.0,0.11132125556468964,0.07212359458208084,-0.3128259479999542,0.4668080508708954,0.11481567472219467,-0.050115324556827545,-0.04990144446492195,-0.050209786742925644,-0.06614207476377487,0.08210604637861252,-0.06445435434579849,-0.02765475958585739,0.10376758128404617,-0.02663535252213478,-0.18859149515628815,0.005932486616075039,-0.18135221302509308,0.019872797653079033,-0.16861911118030548,-0.11366820335388184,-0.48685920238494873,0.15235279500484467,-0.23776495456695557,0.17517122626304626,-0.35149267315864563,0.3591875433921814,-0.14022965729236603,-0.002856216859072447,0.09855134040117264,0.12675544619560242,-0.23959383368492126,0.15866070985794067,0.0669708251953125,-0.09412375092506409,0.15793099999427795,0.05961894616484642,0.006807966157793999,0.08469951152801514,-0.22982816398143768,0.11683377623558044,0.27942222356796265,-0.09455456584692001,0.021576929837465286,-0.2149856984615326,-0.04609016701579094,-0.14550606906414032,0.03480677679181099,-0.17111468315124512,0.08024996519088745,-0.07927491515874863,-0.09301607310771942,0.476917564868927,-0.24325545132160187,-0.24288927018642426,0.109090156853199,-0.010694552212953568,-0.2208297699689865,0.08123132586479187,-0.03439757972955704,-0.08887375146150589,0.051554709672927856,0.06406739354133606,0.032244645059108734,0.10120689868927002
110.0,-0.017415042966604233,0.11970659345388412,-0.2332574874162674,0.34851184487342834,-0.2640497088432312,-0.02940054051578045,-0.015460973605513573,-0.10836520045995712,0.002057638019323349,-0.08936044573783875,-0.042889852076768875,-0.05206553265452385,0.1971382200717926,0.062274787575006485,-0.06518929451704025,-0.16288354992866516,-0.21395106613636017,0.12076114118099213,0.0298488549888134,-0.29346179962158203,-0.08002298325300217,-0.09191419929265976,-0.10549867153167725,0.15749388933181763,0.149037167429924,-0.30661576986312866,-0.07316310703754425,-0.07151195406913757,0.07435652613639832,-0.18051064014434814,-0.025617582723498344,0.10294311493635178,-0.04892793297767639,-0.20925991237163544,0.1519627422094345,0.17087207734584808,-0.2569245398044586,0.027604348957538605,-0.127547949552536,0.1399337202310562,0.20713777840137482,-0.06352033466100693,0.0026795021258294582,-0.16495218873023987,0.15133047103881836,0.18333640694618225,-0.38470107316970825,-0.31063419580459595,0.13015131652355194,-0.31644290685653687,-0.13350971043109894,0.2652404308319092,0.0059455763548612595,0.10765966027975082,0.22767800092697144,-0.08623546361923218,0.007574122399091721,-0.10414420068264008,-0.04033014178276062,-0.013438843190670013,-0.10568371415138245,-0.24542050063610077,-0.10894700884819031,-0.23523962497711182
111.0,0.17236880958080292,0.2007129192352295,-0.04956251010298729,0.20740161836147308,0.08075883984565735,0.1476896107196808,-0.2994178533554077,-0.03919105976819992,0.2109333574771881,0.10945603996515274,-0.2960304319858551,-0.07162508368492126,0.19091267883777618,0.21395258605480194,0.1451798528432846,0.061699025332927704,-0.18621815741062164,-0.23689055442810059,0.06816427409648895,0.11432644724845886,-0.05411584675312042,-0.2509860694408417,-0.2097465991973877,0.19893069565296173,-0.1527833342552185,-0.2587146759033203,-0.21906718611717224,-0.13545531034469604,0.2102963775396347,-0.2066449224948883,0.003463899251073599,-0.036998577415943146,-0.3771090805530548,-0.0322922058403492,0.058102432638406754,0.12941230833530426,-0.12491855025291443,0.12730348110198975,-0.06537707149982452,0.2637835443019867,0.16041883826255798,-0.253995805978775,-0.07875237613916397,-0.23573844134807587,0.3436650037765503,-0.18610967695713043,0.1486748307943344,-0.09143723547458649,-0.04376203194260597,-0.11202681064605713,0.0007440984481945634,0.08630286157131195,0.14542821049690247,-0.18322859704494476,0.17683900892734528,0.1845294088125229,0.1062375009059906,-0.16861402988433838,-0.1593126505613327,-0.21778665482997894,0.11834894120693207,-0.04347202926874161,-0.16358502209186554,0.16921475529670715
112.0,-0.3733576834201813,-0.07693735510110855,-0.3301461637020111,0.28815823793411255,-0.05799752473831177,0.07781323045492172,-0.012251006439328194,0.005526550114154816,-0.16912153363227844,-0.01115279272198677,-0.1471995711326599,-0.023663030937314034,-0.171355202794075,0.061403945088386536,-0.3771139681339264,0.0021692579612135887,-0.2840968668460846,0.047909121960401535,-0.2647412121295929,-0.35839155316352844,0.07046246528625488,-0.05736609548330307,-0.013872126117348671,0.21808379888534546,-0.06658072769641876,-0.22163301706314087,-0.15204547345638275,-0.12766315042972565,0.09181731939315796,0.006698591634631157,-0.07611208409070969,0.304887592792511,0.017733078449964523,-0.26676496863365173,-0.150294691324234,-0.015441540628671646,-0.4120925962924957,-0.07306928187608719,-0.2052663266658783,-0.006402492988854647,0.037650447338819504,0.18758276104927063,0.2967016398906708,-0.4384005665779114,0.233852356672287,-0.1667838841676712,-0.14137038588523865,-0.16873405873775482,0.19309541583061218,-0.41792112588882446,0.03130168467760086,0.12122254073619843,0.033540841192007065,-0.12796244025230408,-0.12026345729827881,0.05625653266906738,0.18264956772327423,0.06772961467504501,-0.27384302020072937,-0.050299495458602905,-0.21715234220027924,-0.014982610940933228,-0.048550158739089966,-0.2941116988658905
113.0,-0.20966941118240356,-0.25918737053871155,-0.5631741285324097,0.3866387903690338,-0.020884132012724876,0.21478520333766937,-0.11358730494976044,-0.12040871381759644,-0.1777036488056183,0.30073991417884827,-0.07110626995563507,-0.02773938700556755,0.22639894485473633,0.04527097940444946,-0.2572964131832123,0.043799638748168945,-0.11476574838161469,0.05658305808901787,-0.03218384087085724,0.10146783292293549,-0.22455701231956482,-0.18052062392234802,-0.10250645130872726,0.09387622028589249,-0.3233581781387329,-0.27322983741760254,-0.02677897736430168,-0.1565113365650177,0.09583327174186707,0.2160690575838089,-0.14812815189361572,0.053801730275154114,-0.07094906270503998,-0.26780739426612854,0.2848157286643982,0.026321779936552048,-0.22065775096416473,-0.14547476172447205,-0.45330512523651123,-0.16559258103370667,-0.048397209495306015,-0.0014913673512637615,0.2836088240146637,-0.2308834195137024,-0.039191409945487976,-0.021936897188425064,0.07009342312812805,0.021742789074778557,0.3714403212070465,-0.22434177994728088,-0.211225688457489,0.4107702374458313,-0.07881252467632294,0.09923643618822098,-0.06282724440097809,-0.03193926811218262,-0.17205365002155304,0.024033237248659134,-0.0628461167216301,-0.10036369413137436,-0.07020054757595062,-0.05139004811644554,0.023782186210155487,-0.12500296533107758
114.0,-0.428009957075119,-0.20209632813930511,-0.28599849343299866,0.16989772021770477,-0.08365917950868607,-0.05081862956285477,-0.23517955839633942,-0.19285067915916443,-0.4336061477661133,0.1497456431388855,0.012924904003739357,0.09333101660013199,-0.25413426756858826,0.33602163195610046,0.20235754549503326,-0.2931988537311554,-0.04576084390282631,-0.02775868959724903,0.0508250892162323,0.13694898784160614,-0.13661842048168182,0.10110589116811752,0.17377866804599762,-0.0750310868024826,-0.2043929547071457,-0.07031121850013733,-0.1611652672290802,-0.24045665562152863,0.054535556584596634,0.12816934287548065,0.035307176411151886,0.08215660601854324,0.0027245981618762016,-0.052186544984579086,0.14746877551078796,0.384792685508728,0.08888908475637436,0.09785772860050201,-0.1796799898147583,-0.0826883614063263,0.16772837936878204,-0.061613529920578,-0.07838917523622513,0.04820796847343445,0.016273846849799156,0.1112973615527153,0.03577222675085068,0.03493635728955269,0.13129490613937378,0.2042430341243744,-0.04059532657265663,-0.06985267251729965,-0.24149996042251587,-0.02068309858441353,0.26229289174079895,0.1665770560503006,0.1101265698671341,-0.1119132936000824,-0.2846205234527588,0.03360050171613693,-0.24137677252292633,0.09166398644447327,0.3144303858280182,-0.28793758153915405
115.0,-0.44998595118522644,-0.0825096145272255,-0.05307502672076225,0.0917942002415657,-0.2208518236875534,0.04847818985581398,-0.391806036233902,-0.10773568600416183,-0.24277737736701965,0.22052717208862305,-0.2491498738527298,0.07304404675960541,-0.30751100182533264,0.19485832750797272,0.012353114783763885,-0.10440783202648163,0.11039673537015915,0.21916410326957703,0.03127792850136757,0.04627035930752754,-0.048458926379680634,0.033464591950178146,0.03498215600848198,-0.26629212498664856,-0.2707616686820984,-0.23874448239803314,0.040563058108091354,-0.2618066966533661,0.2708771824836731,-0.2380802482366562,-0.2676253914833069,0.41150879859924316,-0.1575729250907898,-0.26849889755249023,0.034073133021593094,0.149064838886261,-0.28551918268203735,-0.12139551341533661,-0.028350256383419037,0.01832450181245804,-0.06949127465486526,0.20812834799289703,0.4657305181026459,-0.060582276433706284,0.2827901840209961,-0.15571819245815277,-0.44682392477989197,0.07247571647167206,-0.22177736461162567,-0.20896562933921814,0.09686407446861267,-0.10198888927698135,-0.1761680394411087,-0.17903436720371246,-0.1963430494070053,0.34577158093452454,0.12379849702119827,0.464673787355423,-0.23268571496009827,0.13662093877792358,-0.13721595704555511,-0.06824801862239838,-0.09732068330049515,-0.10127536952495575
116.0,-0.1679634004831314,-0.09394603222608566,-0.2693037986755371,0.5829745531082153,0.11328008770942688,0.03929656744003296,-0.1329980492591858,-0.035116031765937805,0.005553888157010078,-0.10570620000362396,-0.1320299208164215,-0.05897757411003113,-0.20092959702014923,-0.07681386172771454,-0.14988449215888977,-0.14743879437446594,0.11792471259832382,0.045343924313783646,-0.3852483928203583,-0.3868227005004883,0.18888801336288452,0.04901866987347603,-0.08038487285375595,0.18200454115867615,0.060072120279073715,-0.18046016991138458,-0.2647244930267334,-0.21622157096862793,0.2748773694038391,0.09910229593515396,-0.1015329584479332,0.30980750918388367,-0.018891405314207077,0.05177008733153343,-0.01365149300545454,0.20058350265026093,0.18798518180847168,0.14013278484344482,-0.20586363971233368,-0.021236227825284004,0.2580925226211548,-0.014399166218936443,0.059963855892419815,-0.16573423147201538,0.3667638301849365,-0.27317625284194946,-0.29901358485221863,-0.11673825234174728,0.06262286007404327,0.01655735820531845,0.30496275424957275,0.03227800130844116,-0.07911653071641922,0.07799627631902695,-0.18983465433120728,0.142006054520607,-0.1597391813993454,0.3259737491607666,-0.21120397746562958,-0.09918003529310226,-0.3549293279647827,0.039868444204330444,0.09900548309087753,0.1419762223958969
117.0,-0.43440359830856323,0.07805344462394714,-0.39577218890190125,0.19407950341701508,-0.11506225913763046,-0.18279673159122467,-0.13167804479599,-0.5472390055656433,-0.24926161766052246,-0.043763842433691025,-0.014157213270664215,0.13846737146377563,-0.10295720398426056,0.08490767329931259,-0.08673485368490219,-0.05057702958583832,-0.05165848881006241,-0.14652088284492493,-0.3046140670776367,-0.0975315198302269,-0.07440304756164551,0.18265032768249512,0.013393903151154518,-0.08990039676427841,-0.047451090067625046,-0.037460438907146454,-0.16776204109191895,-0.1461326628923416,-0.06830549240112305,0.010743294842541218,-0.057836078107357025,0.0971856415271759,-0.2523519992828369,-0.38480469584465027,0.21407142281532288,0.30502885580062866,0.060526419430971146,-0.07301769405603409,-0.26626062393188477,0.015686489641666412,0.27170416712760925,-0.04421604052186012,-0.18865999579429626,-0.0022586011327803135,-0.17504973709583282,0.2102583348751068,-0.2576684355735779,-0.25585347414016724,0.004919097758829594,0.11046921461820602,-0.06320526450872421,0.007936550304293633,-0.2577962875366211,0.09650326520204544,0.17765355110168457,0.08555291593074799,0.21731913089752197,-0.11229730397462845,-0.045873675495386124,0.34993597865104675,-0.04240269586443901,-0.20429641008377075,0.14066624641418457,-0.13563460111618042
118.0,-0.23097600042819977,-0.27563923597335815,-0.3710562288761139,0.15733879804611206,-0.15273751318454742,-0.06561455875635147,-0.22032645344734192,0.03101830556988716,-0.03988063335418701,0.2846870720386505,-0.06447848677635193,-0.06974929571151733,-0.13639622926712036,0.10874897986650467,0.045936115086078644,-0.22990524768829346,-0.061898838728666306,0.10555386543273926,0.07032009214162827,-0.10581638664007187,0.1904446929693222,0.28517839312553406,-0.08295314759016037,0.11767864972352982,-0.1285572201013565,-0.13200920820236206,-0.13019461929798126,-0.005066333804279566,0.12618272006511688,-0.06575773656368256,0.27384066581726074,0.08955375850200653,-0.05051525682210922,-0.05404841899871826,-0.0888446569442749,0.3013499677181244,-0.005745364353060722,0.17240867018699646,-0.09005597978830338,0.3179487884044647,0.14967583119869232,-0.032818395644426346,-0.08835437148809433,-0.07991938292980194,0.1162327453494072,0.11673076450824738,-0.2647539973258972,0.03347821161150932,-0.1261085867881775,-0.0683957040309906,-0.05745582655072212,0.09573564678430557,-0.11630971729755402,-0.09737816452980042,0.16064254939556122,-0.19613970816135406,0.3269621729850769,-0.12834696471691132,-0.09208722412586212,0.3414136469364166,0.15589284896850586,0.42130792140960693,-0.042871713638305664,-0.17264114320278168
119.0,0.17035041749477386,0.34570857882499695,-0.2008499652147293,0.06439968198537827,-0.05458588898181915,-0.19638052582740784,-0.2617688775062561,-0.296509325504303,-0.1841181367635727,0.05200890824198723,-0.32378917932510376,0.01549475360661745,0.13981017470359802,-0.002492389641702175,-0.1138247698545456,0.07635481655597687,-0.2412353754043579,-0.22037610411643982,-0.22052396833896637,-0.013785837218165398,-0.19662825763225555,0.12201046198606491,-0.15872794389724731,-0.01487705484032631,-0.20242157578468323,0.33422690629959106,0.03132661432027817,-0.1569909155368805,0.02682999148964882,-0.2725937068462372,0.08694175630807877,0.1401563584804535,-0.36839818954467773,-0.20938178896903992,0.0409165695309639,-0.019511505961418152,-0.18172486126422882,0.005148700438439846,0.270037978887558,0.2216344028711319,0.2401057928800583,0.026139236986637115,-0.08857507258653641,-0.24243946373462677,-0.17324665188789368,-0.03285859525203705,-0.1669967919588089,-0.016533631831407547,-0.05508412420749664,-0.13862450420856476,-0.02582797408103943,0.22898003458976746,0.11529265344142914,-0.19407345354557037,0.15555517375469208,0.06315717101097107,-0.055642034858465195,0.034519441425800323,-0.3026823401451111,-0.23036473989486694,-0.2192734181880951,-0.15510205924510956,0.19839388132095337,-0.03072075918316841
120.0,-0.03657808154821396,-0.2818498909473419,-0.08912667632102966,0.18432429432868958,0.06755221635103226,0.19593806564807892,-0.08790263533592224,0.31237417459487915,-0.07777266204357147,-0.07130531221628189,0.06041445955634117,-0.17950929701328278,0.06297171860933304,-0.09796727448701859,0.0907074511051178,-0.1942218691110611,0.03992738202214241,0.031898532062768936,0.0014067837037146091,0.07066017389297485,0.1283867210149765,-0.04691169038414955,-0.10760429501533508,0.049935631453990936,-0.19380375742912292,0.08536413311958313,-0.25518304109573364,-0.08205757290124893,0.14210471510887146,0.23315511643886566,0.05959612503647804,0.1283978670835495,-0.15363135933876038,0.011472436599433422,0.023065142333507538,0.28370630741119385,0.03488793596625328,0.029372688382864,-0.06526657938957214,0.25178050994873047,0.341929167509079,-0.25631070137023926,-0.3337225019931793,0.06113814562559128,0.22270409762859344,-0.3676374554634094,0.22279606759548187,-0.09014587849378586,0.11017313599586487,0.030209653079509735,-0.006588381715118885,0.16746903955936432,-0.10331794619560242,-0.3972238302230835,0.07480990141630173,-0.07312698662281036,-0.04447785019874573,-0.17768755555152893,-0.07619032263755798,-0.07547116279602051,-0.25185638666152954,0.20302945375442505,0.1783454269170761,0.07181021571159363
121.0,-0.09017164260149002,-0.13103491067886353,-0.25241541862487793,0.27472659945487976,-0.21108151972293854,0.035167396068573,-0.31532615423202515,-0.0719696581363678,-0.22752569615840912,-0.07201957702636719,-0.41874176263809204,-0.32961440086364746,-0.1653262972831726,-0.1835019886493683,0.08930818736553192,-0.08164521306753159,0.1390853375196457,-0.4588073194026947,-0.5278850197792053,0.35389310121536255,-0.2921666204929352,0.09908337891101837,-0.013094043359160423,-0.015221699140965939,-0.3266809582710266,0.176224023103714,-0.13609568774700165,-0.08025839924812317,-0.18088512122631073,-0.11638763546943665,-0.1374892145395279,0.2907237708568573,0.04253469407558441,-0.09879082441329956,0.15581652522087097,0.33822906017303467,-0.18749307096004486,0.16961444914340973,-0.052985779941082,0.278353214263916,0.3075300455093384,0.18209563195705414,-0.08796537667512894,0.013175667263567448,-0.0937630906701088,0.10706024616956711,0.06481040269136429,-0.18009589612483978,0.21155540645122528,-0.39871710538864136,-0.08323808759450912,0.09557163715362549,0.04824230447411537,-0.11979114264249802,0.05334402620792389,0.10411566495895386,-0.14329296350479126,-0.024757331237196922,-0.08924628794193268,0.2714793384075165,-0.05495186895132065,-0.030424412339925766,-0.18000240623950958,0.04071938246488571
122.0,-0.2402830421924591,-0.1908092349767685,-0.49513155221939087,0.3119935095310211,-0.04948635771870613,-0.03709860518574715,-0.2447458654642105,-0.10510280728340149,-0.21272920072078705,0.5228750705718994,-0.10358790308237076,0.07006365805864334,0.21414124965667725,0.2643079161643982,0.10223089158535004,-0.3060845732688904,0.135611891746521,0.25833746790885925,-0.03544222563505173,0.07660704106092453,-0.15086543560028076,-0.19643615186214447,-0.26920849084854126,0.062016669660806656,-0.36177295446395874,-0.3373408317565918,0.1482440084218979,-0.26627761125564575,0.3217136263847351,0.05851106718182564,-0.028369305655360222,0.012175195850431919,-0.3728383481502533,0.03879870846867561,0.22408150136470795,0.27799054980278015,-0.11373630911111832,-0.2828735411167145,-0.21007823944091797,-0.04818763583898544,-0.10698504745960236,-0.12412544339895248,0.3754754364490509,-0.09236124157905579,0.24058163166046143,-0.09690117090940475,-0.1811739057302475,0.2851496934890747,0.02430645003914833,-0.06053180247545242,-0.11535918712615967,0.3018203377723694,-0.2344338744878769,-0.11072823405265808,-0.021608537063002586,-0.1653416007757187,-0.14179328083992004,0.25023767352104187,-0.4005514979362488,0.016882658004760742,-0.021991165354847908,0.23467212915420532,0.27043280005455017,-0.2782677412033081
123.0,0.07518814504146576,0.20382092893123627,-0.04447048157453537,-0.0632811039686203,-0.06657370924949646,-0.036976221948862076,-0.05813078209757805,-0.04953709617257118,0.28688666224479675,0.21409636735916138,-0.19418777525424957,-0.12646514177322388,0.11254841089248657,0.2345598042011261,-0.06782101094722748,0.03263292461633682,-0.11185478419065475,-0.2578212022781372,0.09031073749065399,-0.3977067172527313,0.2196938544511795,0.08750389516353607,-0.27337318658828735,0.31941819190979004,-0.24194201827049255,-0.1283816397190094,-0.0613141693174839,0.12868551909923553,0.11519530415534973,0.009293803945183754,0.05015308037400246,0.20510949194431305,-0.0598650723695755,0.04302345588803291,0.23147672414779663,-0.07844630628824234,-0.26890355348587036,0.02722995914518833,-0.2511690855026245,0.24323925375938416,0.07940749078989029,-0.044341687113046646,-0.18331864476203918,-0.09978419542312622,0.2143440693616867,-0.07015364617109299,-0.18367783725261688,-0.1536545753479004,-0.0626235231757164,-0.18555012345314026,-0.12318526208400726,-0.05989033728837967,-0.11985799670219421,-0.28783097863197327,-0.013949882239103317,-0.1847163587808609,0.3633244037628174,0.03689079359173775,0.08302981406450272,0.5789991021156311,0.20156507194042206,0.17886842787265778,-0.0921865925192833,-0.008719705045223236
124.0,-0.19526927173137665,-0.02449333481490612,-0.29000070691108704,0.2207973152399063,-0.02226998284459114,-0.06606648862361908,-0.18622338771820068,-0.356937438249588,-0.20934249460697174,0.2691832184791565,-0.15892957150936127,0.07730207592248917,0.16089226305484772,0.19828476011753082,-0.19608056545257568,-0.07087209075689316,0.02426125667989254,-0.0822368860244751,-0.09712832421064377,-0.3223698139190674,-0.0818152204155922,0.19995516538619995,-0.15853290259838104,0.16683350503444672,-0.21263857185840607,-0.1719338595867157,-0.22943441569805145,-0.19673795998096466,0.10701251029968262,0.1464279145002365,0.01942703127861023,0.058260224759578705,-0.10659538954496384,0.01924566738307476,0.49958476424217224,0.10947523266077042,-0.1273592710494995,-0.1108042299747467,-0.10925647616386414,0.057136811316013336,0.1406378298997879,-0.2149549275636673,-0.10345392674207687,-0.03505873680114746,0.07264512777328491,-0.13360770046710968,-0.0924709364771843,-0.08744139969348907,0.09471579641103745,0.10648851096630096,-0.05544835701584816,-0.032536156475543976,-0.1461300253868103,-0.12314966320991516,-0.0042994581162929535,-0.0022920453920960426,-0.008633986115455627,0.05049063637852669,-0.008418590761721134,0.07100829482078552,0.035542331635951996,0.0802011638879776,-0.06216853857040405,0.06901109218597412
125.0,-0.20875737071037292,-0.10997137427330017,-0.5225218534469604,0.04677119478583336,-0.17856131494045258,-0.2074134200811386,-0.3418057858943939,-0.14162006974220276,-0.1468920111656189,0.3030352294445038,0.044481061398983,0.21583114564418793,0.07043377310037613,0.09281937777996063,0.030323771759867668,-0.22770118713378906,0.13119085133075714,0.14072640240192413,-0.015555651858448982,0.1844782829284668,-0.1982773095369339,-0.09264115989208221,0.01772206835448742,0.20551328361034393,-0.29778221249580383,-0.19662339985370636,-0.2534048557281494,-0.02029522880911827,0.12126942723989487,-0.07106375694274902,0.2017887830734253,0.23396436870098114,0.01770710200071335,-0.20671135187149048,0.3400447368621826,0.1405470073223114,-0.1524779200553894,0.02940307930111885,-0.5736944079399109,-0.18154366314411163,0.07325335592031479,-0.24166305363178253,-0.07265705615282059,-0.21477079391479492,0.09314502030611038,-0.1262548863887787,0.1400897055864334,-0.023779749870300293,0.2633003890514374,-0.05676523596048355,-0.17859132587909698,0.36789456009864807,-0.11925864219665527,-0.16351240873336792,-0.08303381502628326,0.11752484738826752,-0.27810510993003845,0.15118618309497833,-0.05264139175415039,-0.10183251649141312,0.0793038085103035,-0.06938650459051132,-0.17048804461956024,-0.004208566155284643
126.0,-0.3235073685646057,-0.2908128798007965,-0.036266833543777466,0.024231595918536186,-0.010230999439954758,0.28168585896492004,-0.1614367514848709,0.1208379715681076,0.1800757497549057,0.023164181038737297,-0.36583077907562256,-0.22982166707515717,-0.17290401458740234,0.18174752593040466,-0.17802076041698456,0.06763575971126556,-0.39173412322998047,-0.037890125066041946,0.1063174232840538,-0.05298670008778572,0.42345499992370605,0.20404930412769318,-0.23609599471092224,0.44829341769218445,-0.27913010120391846,0.15572433173656464,-0.19179023802280426,0.11252439767122269,0.1913847178220749,0.5215554237365723,-0.02616662159562111,0.39460015296936035,0.020011387765407562,-0.30650994181632996,-0.03077656775712967,-0.24468617141246796,-0.371021032333374,-0.20204876363277435,-0.31582149863243103,0.11822766065597534,-0.08318960666656494,0.1731155514717102,0.1150340810418129,-0.31344619393348694,-0.002409496111795306,-0.07469586282968521,0.08475018292665482,0.06446529924869537,0.13374359905719757,-0.23763948678970337,-0.0927453562617302,0.09330486506223679,-0.04674554616212845,-0.3001376688480377,-0.20924445986747742,-0.1256362348794937,0.015185241587460041,0.1611696034669876,-0.1524319350719452,0.20478834211826324,0.1313934326171875,0.08704394847154617,-0.024908415973186493,-0.09263636916875839
127.0,-0.05154505372047424,-0.09805848449468613,-0.1169440895318985,0.1740264594554901,0.0433141328394413,0.054558705538511276,-0.33697885274887085,-0.12377498298883438,0.09384682029485703,-0.08327195793390274,-0.2880462110042572,-0.20809346437454224,-0.2204369306564331,-0.20105229318141937,-0.022671105340123177,0.0528159961104393,-0.24026775360107422,0.020730923861265182,-0.10685110837221146,0.0963507741689682,0.09413252025842667,0.4001345932483673,-0.2659910023212433,-0.020822182297706604,-0.2095939666032791,0.13487671315670013,-0.26543131470680237,-0.15657676756381989,0.14287476241588593,0.05920371413230896,-0.08974308520555496,0.3125045895576477,-0.30448612570762634,-0.25792327523231506,-0.05128801614046097,-0.14904968440532684,-0.05614936351776123,-0.10749951750040054,-0.03326769545674324,0.4523475170135498,0.2158300280570984,0.10491764545440674,-0.025319965556263924,-0.15412409603595734,-0.09337223321199417,-0.0744982361793518,-0.21518142521381378,0.03892706707119942,-0.1775190681219101,-0.25765883922576904,0.03495576232671738,0.13309967517852783,0.03612101823091507,-0.0751204788684845,-0.05290000140666962,0.07108809053897858,0.024046868085861206,0.1358497440814972,0.035342514514923096,0.3073793351650238,0.15553142130374908,0.09435010701417923,-0.029378751292824745,0.06126052513718605
128.0,0.018142135813832283,0.008588036522269249,-0.02908000349998474,0.006970377638936043,-0.0370333157479763,0.02072291448712349,-0.011616934090852737,0.17829474806785583,0.08423903584480286,-0.178959459066391,0.1401953101158142,0.08601351827383041,-0.24010950326919556,-0.27448153495788574,-0.09233753383159637,0.013752392493188381,0.10424308478832245,0.04137320816516876,0.0024541064631193876,-0.48901796340942383,0.16880477964878082,0.20748712122440338,-0.11391664296388626,-0.04181893914937973,-0.02222272753715515,-0.10479100793600082,0.04005008190870285,-0.2000526487827301,0.07071558386087418,0.02673802524805069,0.20970389246940613,0.40905752778053284,-0.2971172630786896,0.03870541974902153,0.24255697429180145,-0.10507282614707947,-0.2529732286930084,-0.12478350847959518,-0.07972808182239532,0.22998973727226257,0.15298639237880707,-0.41860899329185486,-0.13939747214317322,-0.1787581592798233,0.17539343237876892,-0.1763552874326706,-0.12942387163639069,-0.18942144513130188,0.1469966024160385,-0.22130848467350006,-0.03489381819963455,-0.05333162471652031,-0.333128958940506,-0.35645967721939087,0.051207285374403,-0.16394083201885223,0.20380538702011108,0.0868799164891243,0.11817530542612076,0.38589438796043396,-0.18020232021808624,-0.13475489616394043,0.30833616852760315,-0.121956005692482
129.0,-0.005790313705801964,0.11170870065689087,-0.3707341253757477,0.0669354721903801,-0.11711093783378601,-0.30715101957321167,-0.14719098806381226,-0.36991414427757263,-0.353197306394577,-0.017130574211478233,0.003534129587933421,0.1047443225979805,0.13331636786460876,-0.001224107458256185,-0.18296828866004944,-0.20459219813346863,-0.0660526230931282,-0.030657116323709488,-0.25293469429016113,-0.15266402065753937,-0.30055660009384155,0.3441953957080841,-0.18148890137672424,0.3406704068183899,-0.001210544491186738,0.20251595973968506,-0.3214666545391083,-0.10472629219293594,0.04689920321106911,0.12964126467704773,-0.0323157012462616,0.34078171849250793,0.1502072811126709,-0.10479997843503952,0.4984542429447174,-0.027026180177927017,-0.24008707702159882,-0.20121222734451294,-0.17322126030921936,-0.053085196763277054,0.15541832149028778,-0.10886719822883606,-0.2122568041086197,-0.005494082346558571,-0.303302139043808,-0.1524346023797989,-0.02247494086623192,-0.15651041269302368,0.32203784584999084,-0.19484712183475494,-0.36317703127861023,0.1555698662996292,-0.012613573111593723,-0.3157561421394348,-0.1985621303319931,0.1631702333688736,-0.48060905933380127,0.00036198890302330256,0.08421267569065094,0.09167759865522385,-0.17506204545497894,-0.0883256196975708,-0.21013158559799194,-0.16309046745300293
130.0,-0.25855037569999695,-0.22751055657863617,-0.3094464838504791,0.38598552346229553,-0.05473554879426956,0.0006052562966942787,-0.04067710041999817,-0.11273131519556046,-0.05235948786139488,0.0605301633477211,-0.4467428922653198,-0.00450126500800252,0.009309245273470879,0.1904556155204773,-0.025337664410471916,0.0930686742067337,-0.11388278007507324,-0.155760258436203,-0.03935498371720314,-0.287840336561203,0.1178390234708786,0.27077242732048035,0.12953190505504608,0.26325711607933044,-0.08383795619010925,-0.05208415538072586,-0.3592129349708557,-0.2985323965549469,0.01816154085099697,0.12110818922519684,-0.18642717599868774,-0.02068222686648369,0.060667362064123154,0.056508999317884445,0.0915817990899086,0.037670597434043884,-0.13340193033218384,0.30677786469459534,-0.218523308634758,0.3292665183544159,0.03321634978055954,0.027154354378581047,-0.17297975718975067,0.010962451808154583,0.10843156278133392,0.016303613781929016,-0.1381784975528717,-0.2553671896457672,0.22529543936252594,-0.14986145496368408,0.09849929809570312,0.21229667961597443,0.13313640654087067,0.0366942472755909,0.3006611764431,-0.3261798024177551,0.23287330567836761,0.08733977377414703,-0.05787184089422226,-0.15606027841567993,-0.06662409007549286,0.2601563632488251,-0.10107708722352982,-0.007146697957068682
131.0,-0.39492252469062805,-0.07948967069387436,-0.3517834544181824,0.37585920095443726,-0.227153480052948,0.004834769293665886,-0.5796071887016296,-0.21314994990825653,-0.4989110231399536,-0.1513855755329132,-0.3875604569911957,-0.273759663105011,-0.05105491355061531,0.12687823176383972,-0.11031629890203476,-0.37965714931488037,0.20559702813625336,-0.33787500858306885,-0.660149872303009,0.20313619077205658,-0.006651480216532946,0.2675696313381195,-0.38146594166755676,0.3413466811180115,-0.2369423657655716,0.25773343443870544,-0.2592160999774933,-0.07249786704778671,0.0055846055038273335,0.04424949362874031,-0.1513041853904724,0.32611194252967834,0.12234805524349213,-0.13072919845581055,0.2779887914657593,0.21997034549713135,-0.31706055998802185,-0.03281177952885628,0.0004099953221157193,-0.21552222967147827,0.1883123219013214,0.21893493831157684,-0.34877723455429077,0.3208902180194855,-0.10441166162490845,-0.003020322183147073,0.12582555413246155,-0.41411736607551575,0.11944501847028732,0.1973581165075302,-0.034584809094667435,-0.1484721302986145,0.005201439373195171,-0.2606450319290161,0.09910103678703308,0.21489456295967102,-0.3453334867954254,-0.10975998640060425,-0.29950422048568726,0.14422594010829926,-0.39149779081344604,-0.15790356695652008,-0.3014260530471802,0.2343679964542389
132.0,0.17697682976722717,0.19165778160095215,0.10476326942443848,0.10499874502420425,-0.14070415496826172,0.03157234191894531,-0.1341022104024887,0.17403200268745422,-0.03709513321518898,-0.07745052129030228,-0.35437172651290894,-0.2512272596359253,-0.19386449456214905,-0.049088262021541595,0.04914577305316925,-0.040650658309459686,-0.10486754775047302,-0.31840798258781433,-0.18268729746341705,0.0275258831679821,-0.24773047864437103,-0.15774697065353394,-0.22943493723869324,-0.11341030895709991,-0.28311583399772644,-0.11298353970050812,0.03403274714946747,-0.126241073012352,0.05898085981607437,-0.10830992460250854,-0.3021422028541565,0.525909960269928,-0.11043618619441986,0.03007950261235237,0.1664804071187973,-0.12166718393564224,-0.2919749617576599,0.08961980044841766,-0.03405976668000221,0.09995882213115692,0.2357337921857834,0.19499550759792328,-0.04410888999700546,-0.12318190932273865,0.29933664202690125,-0.07084789127111435,-0.16984014213085175,-0.1191229298710823,-0.018241291865706444,-0.2586010992527008,0.05779024958610535,-0.02337650954723358,-0.16256795823574066,-0.11804783344268799,0.09742990136146545,0.15030598640441895,-0.03945229575037956,0.05023771896958351,-0.1408284306526184,0.20070241391658783,-0.368421733379364,-0.3162805438041687,0.15148639678955078,-0.0881262868642807
133.0,0.04797482118010521,-0.1029328927397728,-0.38078802824020386,0.3361779451370239,0.1805797815322876,-0.17770765721797943,0.13979174196720123,-0.009778054431080818,-0.042486418038606644,0.03798371180891991,0.1920793056488037,0.07437547296285629,0.1874401569366455,-0.06619980186223984,-0.16542193293571472,-0.2878558039665222,0.05962778627872467,0.16275472939014435,-0.01676683872938156,-0.14253710210323334,-0.030499089509248734,-0.023668084293603897,-0.18727849423885345,0.38502320647239685,-0.30465278029441833,0.2011827528476715,-0.19694095849990845,0.1402697116136551,0.1214577779173851,0.324955552816391,0.274147093296051,0.08977347612380981,-0.10968244075775146,-0.049246177077293396,0.09680910408496857,0.4551878869533539,0.2059696912765503,-0.14154024422168732,-0.3551577627658844,0.04987342655658722,0.49337369203567505,-0.3249005377292633,-0.2475615292787552,-0.10750743746757507,0.1121181920170784,-0.17222942411899567,0.053137607872486115,-0.18107829988002777,0.17440743744373322,0.08635994791984558,-0.2137148231267929,0.33003300428390503,-0.3647579550743103,-0.2751622796058655,0.09620432555675507,-0.23164694011211395,-0.1304006725549698,-0.22917751967906952,-0.10780283063650131,0.03035718761384487,-0.1421072781085968,0.32454437017440796,0.2542419135570526,-0.07467739284038544
134.0,-0.28389251232147217,-0.21161766350269318,-0.5306196808815002,0.36036744713783264,0.15905742347240448,0.0031355563551187515,-0.2323446124792099,-0.023415639996528625,-0.0036083783488720655,0.07826103270053864,0.07434085011482239,0.09754727780818939,-0.28625234961509705,0.08964750915765762,0.07565844058990479,0.016473080962896347,-0.11550166457891464,0.26574572920799255,0.3502141535282135,0.08702867478132248,0.19134387373924255,0.49046534299850464,0.01440511830151081,0.10174669325351715,-0.29979372024536133,-0.02526906132698059,-0.03796391934156418,-0.14065386354923248,0.2932110130786896,-0.12367118895053864,-0.22057215869426727,0.11012472957372665,-0.3476070761680603,-0.09912759810686111,-0.06929279118776321,0.2594373822212219,0.02111988328397274,-0.007000301033258438,-0.14861245453357697,0.2575461268424988,0.10486071556806564,-0.046529993414878845,0.09047473967075348,0.08441261202096939,-0.1253015398979187,-0.14742286503314972,-0.3120514452457428,0.10496389865875244,-0.31169581413269043,-0.1516767144203186,-0.029996182769536972,0.18496952950954437,0.07066109031438828,-0.07963184267282486,-0.14002540707588196,0.1435665786266327,0.13719384372234344,-0.3397161066532135,0.04724184423685074,0.0730096697807312,-0.00019560568034648895,0.3100265860557556,-0.23964715003967285,-0.2672133147716522
135.0,0.05848964303731918,0.10516465455293655,0.025186052545905113,0.04204403609037399,0.019230060279369354,0.10987841337919235,0.05869210883975029,-0.09812729060649872,0.025640100240707397,0.011946767568588257,0.17390908300876617,-0.06568849086761475,-0.061715494841337204,0.24651816487312317,0.28028610348701477,-0.2741348445415497,-0.0611291266977787,-0.300569087266922,0.10964678227901459,-0.14037194848060608,-0.20382924377918243,-0.19659020006656647,0.03364461660385132,0.010519396513700485,-0.26851943135261536,-0.08179359883069992,0.029407864436507225,-0.03749626874923706,0.027347713708877563,0.05289023369550705,0.06906585395336151,0.2105524241924286,-0.06705643236637115,-0.056169118732213974,0.29891884326934814,0.47520744800567627,0.07757087051868439,0.049145057797431946,-0.36946815252304077,0.19465428590774536,0.4818016588687897,-0.2602212429046631,-0.16127485036849976,-0.18388469517230988,0.19992230832576752,0.06959284842014313,-0.04865005239844322,-0.12507213652133942,0.21594208478927612,-0.21621927618980408,-0.20941062271595,-0.026875121518969536,-0.427925169467926,-0.27048102021217346,0.28579971194267273,0.06881890445947647,0.2967381477355957,-0.0920507088303566,-0.020751331001520157,0.5453854203224182,0.019289739429950714,-0.07319395989179611,0.42016667127609253,-0.2145380675792694
136.0,-0.2530708312988281,-0.02496739663183689,-0.4050547480583191,0.28386425971984863,-0.09698758274316788,-0.3508961498737335,-0.004403790459036827,-0.23078840970993042,-0.22869186103343964,0.12658150494098663,-0.2512768507003784,0.1856088638305664,-0.23400719463825226,0.1546744406223297,-0.003448748029768467,0.052022989839315414,-0.08963039517402649,-0.22941693663597107,-0.10065561532974243,-0.3741285800933838,-0.1858994960784912,0.264660120010376,0.27183103561401367,0.15660016238689423,-0.2661725580692291,-0.029955551028251648,-0.23965473473072052,-0.24779562652111053,-0.14722204208374023,0.004841148853302002,0.1725127100944519,0.04794853925704956,0.01873362436890602,0.08875074237585068,0.12307750433683395,0.2291257530450821,-0.06037520617246628,0.3514237701892853,-0.1311846375465393,0.1608925610780716,0.2877447307109833,-0.12387313693761826,-0.191372811794281,-0.18486371636390686,0.06816661357879639,0.12340014427900314,-0.08222489058971405,-0.21116623282432556,0.19808918237686157,-0.009507660754024982,0.10857106000185013,0.09100034832954407,-0.07701807469129562,0.07785585522651672,0.4701765179634094,-0.15315644443035126,0.31644925475120544,-0.16521379351615906,-0.14545777440071106,-0.17677415907382965,-0.12714481353759766,0.15604007244110107,0.08271234482526779,-0.22280696034431458
137.0,0.01637999899685383,0.14438506960868835,-0.006995056290179491,0.026837902143597603,-0.048284921795129776,-0.03915548697113991,-0.04020370915532112,-0.15439274907112122,-0.27932554483413696,0.0714658796787262,0.08829154074192047,0.08672542124986649,0.00857340544462204,0.13119915127754211,-0.05143890157341957,-0.07173961400985718,-0.10801557451486588,-0.027557838708162308,-0.11868196725845337,-0.3468685746192932,-0.059337347745895386,0.14613325893878937,-0.08412738889455795,0.03430471569299698,0.12939921021461487,-0.005453214049339294,-0.15254396200180054,-0.2998097240924835,0.06808603554964066,0.0014365946408361197,0.07132160663604736,0.18574365973472595,-0.059395141899585724,0.0480252206325531,0.17714598774909973,-0.013865943998098373,-0.2156762033700943,0.06435417383909225,0.09066560119390488,0.2931225597858429,0.11691521853208542,-0.08864346891641617,0.030234819278120995,-0.14921224117279053,0.016115441918373108,-0.22023563086986542,-0.15010327100753784,0.12616167962551117,0.20723462104797363,-0.32742151618003845,-0.2172742486000061,-0.01883181557059288,0.07468435168266296,-0.3735269010066986,-0.2007950097322464,0.1773259937763214,-0.024365393444895744,0.03531873598694801,-0.011900692246854305,-0.0228593647480011,-0.19265753030776978,0.03141075372695923,0.06974953413009644,-0.24511078000068665
138.0,-0.3741960823535919,0.08257763832807541,-0.10024413466453552,0.03062061220407486,-0.13103638589382172,0.13604824244976044,-0.38515719771385193,-0.21329829096794128,-0.26222315430641174,-0.20162926614284515,-0.24261574447155,-0.10775243490934372,-0.21477536857128143,0.06550845503807068,-0.087664894759655,-0.14723193645477295,-0.11741599440574646,-0.21924398839473724,0.006515710614621639,0.24814298748970032,0.1793058216571808,0.36926689743995667,-0.16039623320102692,0.1338617205619812,-0.2909091114997864,0.6147603392601013,0.06791741400957108,0.12567764520645142,-0.04124564304947853,0.018300190567970276,-0.009522348642349243,0.26505473256111145,-0.3136923611164093,-0.3715450167655945,0.002185987774282694,0.13548707962036133,-0.16772964596748352,-0.05101246014237404,0.2247636765241623,0.106131412088871,0.3446069061756134,-0.013520319014787674,-0.2995511293411255,-0.1658233255147934,-0.2792630195617676,0.19835051894187927,0.04706518352031708,-0.23086847364902496,-0.07666286081075668,0.06019087880849838,-0.025881169363856316,-0.023830709978938103,0.08054029941558838,-0.2753413915634155,0.08203356713056564,0.10218463838100433,0.08433012664318085,-0.24782752990722656,-0.2554035186767578,-0.07609588652849197,-0.15752668678760529,-0.42282670736312866,0.023753788322210312,0.13892041146755219
139.0,-0.09337212890386581,0.0005864606937393546,-0.4557896554470062,0.38234516978263855,0.16394883394241333,-0.09730251878499985,0.10223741829395294,-0.14950509369373322,0.16392429172992706,-0.13837747275829315,0.08343982696533203,0.2711299657821655,-0.30007150769233704,-0.0625041201710701,-0.0649418830871582,0.023018116131424904,-0.08291506767272949,0.10113620012998581,-0.08852613717317581,-0.2842254936695099,0.0006836338434368372,0.37327840924263,-0.05032927915453911,0.2536791265010834,-0.02532627433538437,0.017620621249079704,0.14563556015491486,-0.22856704890727997,0.07931992411613464,-0.13507995009422302,-0.08932609856128693,0.04008646681904793,-0.15313765406608582,-0.009597142226994038,-0.12141120433807373,-0.01909300684928894,-0.021722687408328056,0.21620924770832062,-0.38802772760391235,0.14657385647296906,0.12104939669370651,0.03339133784174919,0.32151785492897034,-0.37408360838890076,-0.0658230409026146,0.19477085769176483,-0.45775145292282104,-0.078632652759552,0.09262970089912415,-0.46280422806739807,-0.08003075420856476,0.33537647128105164,0.026214448735117912,0.15363380312919617,0.1806383728981018,-0.23485542833805084,0.23077742755413055,0.11022597551345825,0.03926650434732437,0.05385664850473404,0.028520764783024788,-0.104538694024086,0.026121390983462334,-0.20356155931949615
140.0,-0.0017654055263847113,0.09192069619894028,-0.115341417491436,-0.12290172278881073,0.01206493191421032,-0.04813190549612045,0.023135744035243988,0.11212628334760666,-0.04014471545815468,-0.1726846843957901,0.08091208338737488,0.07881630957126617,-0.1167098805308342,-0.0972544476389885,-0.0028200126253068447,-0.20560431480407715,-0.1353476494550705,-0.13348768651485443,-0.04845879226922989,-0.027441520243883133,-0.18352490663528442,-0.05205988511443138,0.04071548953652382,0.07668296247720718,-0.1820293664932251,-0.0020842733792960644,-0.1848563700914383,-0.09874748438596725,0.12656046450138092,0.058820970356464386,-0.027870414778590202,0.3264853358268738,-0.0969245508313179,-0.05402274429798126,0.13265976309776306,0.01667148433625698,-0.2447795420885086,0.03891240432858467,-0.199315145611763,0.004257187247276306,0.3762522041797638,-0.13526101410388947,-0.15907534956932068,-0.3535138964653015,0.2404840886592865,-0.3466246426105499,0.09700793027877808,-0.23634231090545654,0.21832095086574554,-0.2733019292354584,-0.031881168484687805,0.11273213475942612,0.006792176514863968,-0.32823652029037476,0.049475252628326416,0.06272909790277481,-0.007025592494755983,0.1008971557021141,-0.08695535361766815,-0.14553526043891907,-0.3815785348415375,-0.3624975085258484,0.12489920109510422,-0.10172738879919052
141.0,-0.18086828291416168,-0.0828642025589943,-0.33505380153656006,0.12995485961437225,-0.010714054107666016,0.03446353226900101,-0.11319062858819962,0.0500619150698185,-0.3749203085899353,0.23522284626960754,-0.0872444435954094,0.06193479523062706,0.10775137692689896,0.11737257242202759,0.004341037943959236,-0.3053992986679077,0.2656248211860657,-0.13082410395145416,-0.11034096777439117,-0.16475217044353485,-0.20054003596305847,0.055592939257621765,-0.14806009829044342,-0.0059195347130298615,-0.30103379487991333,-0.0580497607588768,0.07123654335737228,-0.22596712410449982,0.10016903281211853,-0.09847517311573029,-0.21625760197639465,0.09340167790651321,-0.24059398472309113,0.23469796776771545,0.2311159074306488,0.27318719029426575,-0.20121333003044128,0.008416764438152313,0.09492205083370209,0.11408533155918121,0.198108971118927,-0.2206624150276184,-0.13145485520362854,-0.03198835626244545,0.25185519456863403,-0.28246650099754333,-0.049384381622076035,-0.24346764385700226,0.020365368574857712,-0.11224016547203064,0.01707543432712555,0.08145337551832199,-0.12049508094787598,-0.40903887152671814,0.14004890620708466,-0.15494781732559204,0.21755880117416382,0.027326209470629692,-0.26352399587631226,0.051779262721538544,-0.28580060601234436,0.09709139168262482,0.08589383214712143,-0.01899711787700653
142.0,-0.1350719928741455,0.007888969965279102,-0.18519237637519836,0.31309616565704346,0.09969548881053925,0.06952481716871262,-0.29747453331947327,-0.24911467730998993,-0.1507158726453781,0.12536665797233582,0.30159544944763184,-0.06583672016859055,-0.22682471573352814,0.4010731875896454,0.22016577422618866,-0.17985506355762482,-0.47813326120376587,0.16420744359493256,0.05100768059492111,-0.29626354575157166,-0.07375601679086685,0.6230201125144958,-0.3553408682346344,0.15960925817489624,0.0036346116103231907,0.09491965919733047,-0.1606430858373642,-0.4167555868625641,0.3649481534957886,0.231216698884964,-0.07072659581899643,0.017549725249409676,-0.006055856589227915,0.024379435926675797,0.10749448835849762,-0.04693939909338951,-0.055192943662405014,0.21023401618003845,-0.04841233417391777,0.40771543979644775,0.10867142677307129,0.037200119346380234,0.2530064284801483,-0.08744034171104431,-0.24137432873249054,-0.05488470569252968,-0.3476003110408783,0.423368901014328,-0.04951166734099388,-0.21342825889587402,-0.24820861220359802,0.11321672797203064,0.019009994342923164,-0.26803722977638245,0.03341183066368103,0.23816347122192383,0.005566107574850321,0.05423860251903534,0.11735444515943527,0.24682946503162384,0.17030036449432373,0.19090048968791962,0.08437801897525787,-0.32684099674224854
143.0,0.09467335045337677,0.16760371625423431,-0.021166985854506493,0.49897557497024536,0.04785741865634918,0.13578881323337555,-0.11374091356992722,-0.16388320922851562,-0.08330626040697098,0.3533536195755005,0.07703133672475815,-0.1436706930398941,0.25590065121650696,0.26280441880226135,-0.11941166967153549,-0.2794993221759796,-0.05055546388030052,0.1590932011604309,-0.1858936846256256,-0.28532469272613525,-0.1218128502368927,-0.19516661763191223,-0.5706442594528198,0.20039039850234985,-0.11886749416589737,-0.18375465273857117,0.05298064276576042,-0.013144097290933132,0.20639683306217194,-0.10378570109605789,-0.020373640581965446,0.03554332256317139,-0.1622912585735321,-0.01475918386131525,0.1670227199792862,0.20743046700954437,0.05349372327327728,0.10698909312486649,-0.04096139594912529,0.364409476518631,0.37132418155670166,-0.03546857833862305,0.20497141778469086,-0.32828640937805176,0.3241408169269562,-0.04313275218009949,-0.47308316826820374,0.3543415069580078,-0.2484244406223297,-0.15951134264469147,-0.09801516681909561,0.19948172569274902,-0.07216334342956543,-0.07252136617898941,-0.20680059492588043,0.15587306022644043,-0.13339337706565857,-0.1715853214263916,0.0491463728249073,-0.04914233833551407,0.38611987233161926,-0.02348339930176735,-0.27248939871788025,0.1362035870552063
144.0,-0.04890602454543114,-0.028074784204363823,-0.29446500539779663,0.729118824005127,-0.09443655610084534,0.259334534406662,-0.5071872472763062,0.21972550451755524,0.0360715389251709,0.0767129510641098,0.14394791424274445,-0.009902619756758213,-0.33634814620018005,-0.01828523725271225,-0.25019338726997375,0.2362583428621292,0.17247746884822845,0.28356844186782837,0.14321260154247284,-0.46762990951538086,0.2332589030265808,0.2796754539012909,-0.1472412794828415,0.1480589061975479,-0.1535634696483612,-0.1669810265302658,0.04765908047556877,-0.1304214894771576,0.18397346138954163,-0.4037710428237915,0.35140305757522583,0.3373221457004547,0.04432813450694084,-0.10272107273340225,0.011296776123344898,0.2093946784734726,-0.24111494421958923,0.36992135643959045,-0.14893247187137604,0.19246283173561096,0.006731574889272451,-0.34433990716934204,0.2803128659725189,-0.010341085493564606,0.15027858316898346,-0.03412453085184097,-0.13854219019412994,-0.14635929465293884,0.11113471537828445,-0.10649409890174866,-0.11822566390037537,0.08962012082338333,-0.32846081256866455,-0.39846548438072205,0.022228876128792763,0.3366990387439728,0.21133500337600708,-0.19831229746341705,0.12255455553531647,0.20999543368816376,-0.014468729496002197,0.33011573553085327,-0.18815922737121582,0.08032453060150146
145.0,-0.16398397088050842,-0.4173881411552429,-0.39104095101356506,-0.03122016228735447,-0.07581619918346405,0.26406365633010864,-0.524013876914978,0.12802337110042572,-0.03370412439107895,0.41214582324028015,-0.10650363564491272,-0.19502614438533783,0.044825028628110886,0.1201607882976532,-0.0043049887754023075,-0.22974112629890442,-0.2318781316280365,0.20776712894439697,0.2220935821533203,0.23168109357357025,0.04260017350316048,0.09938283264636993,-0.17506857216358185,0.20145590603351593,-0.3393704891204834,-0.27314987778663635,-0.23367784917354584,-0.05312604829668999,0.33753523230552673,-0.040791019797325134,0.1853855401277542,0.2279701828956604,0.07347696274518967,-0.22231966257095337,0.03369379788637161,-0.07072098553180695,-0.35758334398269653,-0.12086211144924164,-0.2354910522699356,0.02558891661465168,-0.10189492255449295,0.0512496754527092,0.20879153907299042,-0.28370651602745056,0.11836936324834824,-0.24849258363246918,0.14575335383415222,0.11646563559770584,0.11868201941251755,-0.30906203389167786,-0.12832477688789368,0.24117597937583923,0.08088112622499466,-0.29102879762649536,-0.11254588514566422,0.11845267564058304,-0.014431916177272797,0.2825217843055725,-0.1466832458972931,0.20478074252605438,0.1819438338279724,0.3585740029811859,-0.1678115725517273,-0.061831291764974594
146.0,0.020450696349143982,0.0684409961104393,-0.3104921877384186,0.15085315704345703,0.05528914928436279,-0.05532868206501007,-0.23942174017429352,-0.14395448565483093,-0.06842008978128433,0.09354604780673981,-0.002974959323182702,-0.0867217555642128,-0.2800534665584564,0.1287374049425125,0.2673172652721405,-0.25467219948768616,0.04288214072585106,-0.35800495743751526,-0.20335479080677032,0.11732926219701767,-0.19061480462551117,0.08318968117237091,-0.15795886516571045,0.14827997982501984,-0.2732897400856018,0.024521062150597572,0.14699123799800873,-0.09784296900033951,0.03681524470448494,-0.03915875032544136,0.2089342176914215,0.09896710515022278,-0.2000284045934677,0.13896061480045319,0.04237722232937813,0.44293877482414246,0.0015284218825399876,0.006517988629639149,-0.08676393330097198,0.10112986713647842,0.23842373490333557,-0.11878196150064468,0.1378401517868042,-0.21961116790771484,-0.03651991859078407,0.1844160407781601,0.05752585828304291,0.03116099163889885,0.14196346700191498,-0.29398268461227417,-0.24046781659126282,-0.1168404296040535,-0.1922704428434372,-0.20869307219982147,0.15727518498897552,0.08621187508106232,0.17510618269443512,-0.07856333255767822,-0.32173630595207214,0.591858446598053,0.013849062845110893,0.1740388125181198,0.3334887623786926,-0.31508395075798035
147.0,-0.2312919795513153,-0.2871142029762268,-0.2679300904273987,0.14795474708080292,-0.1459917277097702,0.1804819107055664,-0.44991663098335266,0.1839950680732727,-0.16074174642562866,-0.08603475987911224,-0.20694266259670258,-0.18922103941440582,-0.030034080147743225,-0.19927099347114563,-0.05539747327566147,-0.23858895897865295,-0.13550019264221191,0.17754918336868286,-0.10324577242136002,0.14178889989852905,0.35825803875923157,0.3127632439136505,-0.16212031245231628,0.02945447899401188,0.14645931124687195,0.20021630823612213,-0.21235167980194092,-0.05968322604894638,0.22319552302360535,-0.18198688328266144,0.09818238019943237,0.20883214473724365,-0.32649779319763184,-0.25877973437309265,-0.26506316661834717,0.14626863598823547,-0.0748564675450325,0.020897505804896355,0.35017672181129456,0.38925373554229736,0.16568128764629364,-0.09754804521799088,-0.26609310507774353,-0.10472461581230164,0.011517832987010479,-0.17209553718566895,-0.08969132602214813,-0.05908362939953804,-0.16669130325317383,-0.0570889487862587,0.11030790209770203,0.22747141122817993,0.24264998733997345,-0.30355924367904663,-0.030591271817684174,-0.04283297806978226,-0.017022404819726944,-0.11610917747020721,-0.25436294078826904,-0.21503077447414398,-0.15923398733139038,0.07127131521701813,-0.06984060257673264,0.10172290354967117
148.0,-0.07929296791553497,0.18535369634628296,-0.09979204088449478,0.18948255479335785,-0.1753307580947876,-0.0773404985666275,0.050868235528469086,0.04678107798099518,-0.21277064085006714,0.2367912083864212,-0.06455126404762268,0.004391797352582216,0.06777365505695343,0.2703962028026581,-0.1851818859577179,-0.10198578238487244,-0.10219626128673553,-0.22561053931713104,-0.4077770709991455,-0.2973999083042145,-0.40879034996032715,-0.17358767986297607,-0.12296319752931595,0.24429570138454437,-0.15369537472724915,0.05953013524413109,-0.2469758242368698,0.03964069485664368,0.00962064228951931,0.1379598081111908,-0.3327302038669586,0.3414456248283386,0.3926769196987152,0.05319467559456825,0.3821079730987549,-0.0701422244310379,-0.20372596383094788,0.39308205246925354,-0.4789476692676544,0.08109700679779053,0.15256422758102417,0.004377714823931456,-0.09727615863084793,-0.2873528003692627,0.2719201445579529,-0.26227009296417236,0.0387580431997776,0.03154356777667999,0.22365444898605347,-0.13987897336483002,-0.11773984134197235,0.31527093052864075,-0.1395319700241089,-0.38325557112693787,-0.2135908454656601,0.055874086916446686,-0.22353403270244598,0.08843783289194107,0.07072250545024872,-0.20639201998710632,0.06982193887233734,-0.2294239103794098,-0.2560858130455017,0.09024659544229507
149.0,-0.3097645938396454,0.08311215043067932,-0.0034211021848022938,0.0522284060716629,-0.1920873522758484,0.05594039335846901,-0.13667477667331696,0.04142545908689499,0.12318907678127289,-0.30999279022216797,0.17467904090881348,-0.07878964394330978,-0.33870986104011536,0.06495033204555511,0.03536573052406311,-0.26723554730415344,-0.35490357875823975,0.09597152471542358,-0.09464621543884277,0.04638385400176048,0.2935388684272766,-0.06975704431533813,-0.3322848081588745,0.37654197216033936,0.14181847870349884,-0.24964477121829987,-0.1202496886253357,0.07640143483877182,0.18809223175048828,0.2328072041273117,0.2796647250652313,0.3054465353488922,-0.2455030232667923,-0.3349599242210388,-0.11479165405035019,0.02972009964287281,-0.398078054189682,-0.09388776868581772,-0.24710269272327423,0.0476687029004097,0.15524005889892578,0.04592723026871681,0.14237593114376068,-0.3941575884819031,0.15122801065444946,0.1695307344198227,-0.09253212064504623,0.030151700600981712,0.08442505449056625,-0.3220222592353821,-0.22728289663791656,-0.09236007183790207,-0.0029500392265617847,-0.0965338796377182,-0.04604668915271759,0.1424504518508911,-0.03480152413249016,-0.3122451901435852,-0.05279066041111946,0.14797443151474,-0.015367373824119568,-0.5121297240257263,-0.11740010231733322,-0.39016658067703247
150.0,0.34202128648757935,0.14457057416439056,-0.11902748793363571,0.17758290469646454,0.012205424718558788,-0.11880681663751602,0.01926005259156227,0.06979205459356308,-0.011087262071669102,-0.06167642027139664,-0.04700630530714989,-0.10136403888463974,0.0317295677959919,-0.21269047260284424,-0.21123778820037842,-0.11807884275913239,-0.1270938664674759,-0.06208735704421997,0.13402441143989563,-0.3142079710960388,0.09832120686769485,0.24286849796772003,-0.2734721601009369,0.1188262403011322,-0.05323256179690361,-0.010286858305335045,-0.13019084930419922,-0.051246870309114456,0.20450808107852936,0.23087553679943085,0.09180319309234619,0.3291049301624298,-0.17765508592128754,0.15371479094028473,0.15859857201576233,0.004349736031144857,-0.060502149164676666,0.1012762263417244,0.14513768255710602,0.2178799957036972,0.4879513382911682,-0.03949221596121788,-0.21304233372211456,-0.17320974171161652,0.09259218722581863,-0.22606810927391052,-0.36420533061027527,-0.057121392339468,0.04598820209503174,-0.19420765340328217,-0.09725116938352585,0.03721582144498825,0.04192166402935982,-0.05477013438940048,-0.14479465782642365,-0.01549206767231226,-0.22660373151302338,-0.12299562245607376,-0.018532171845436096,-0.0810059979557991,-0.6072196364402771,-0.03461531549692154,0.10875742137432098,-0.10687123984098434
151.0,-0.1744289994239807,-0.08028769493103027,0.11793391406536102,0.7043634057044983,-0.10878269374370575,0.057077303528785706,-0.03591245040297508,0.12545351684093475,-0.16967974603176117,0.07825388014316559,-0.1623978614807129,-0.19228681921958923,-0.2159954011440277,-0.012816492468118668,-0.08976197242736816,-0.017890622839331627,0.1953268051147461,0.07022550702095032,-0.40252432227134705,-0.4292287230491638,-0.1864435076713562,-0.09022624045610428,-0.2945672273635864,-0.007541625760495663,-0.23217597603797913,-0.23851650953292847,-0.3280135691165924,-0.32773831486701965,-0.010950525291264057,0.41114768385887146,-0.2382247895002365,0.26329320669174194,0.10470952838659286,0.21671965718269348,0.27259281277656555,-0.07925533503293991,-0.11533848196268082,0.34382668137550354,-0.19175651669502258,0.36832094192504883,0.255758672952652,-0.013704481534659863,0.1382514238357544,-0.1406824141740799,0.5377479195594788,-0.23556894063949585,-0.19874295592308044,0.10739361494779587,0.09865323454141617,-0.12031465023756027,0.20578354597091675,0.07317294925451279,-0.1611170917749405,0.005499923601746559,-0.10998541116714478,0.07871227711439133,-0.27635225653648376,0.13643689453601837,0.16118106245994568,-0.2854185998439789,0.016359662637114525,-0.12196412682533264,-0.3176231384277344,0.244259774684906
152.0,-0.05035342276096344,-0.09201565384864807,-0.4425811171531677,0.36843809485435486,0.013248157687485218,-0.05245712399482727,-0.21272899210453033,0.06660376489162445,-0.01727338321506977,0.13410930335521698,-0.06240500509738922,-0.19771157205104828,-0.05876065418124199,0.014848009683191776,0.1239144429564476,-0.27683505415916443,-0.08430381119251251,0.005773055367171764,-0.08448079973459244,0.05759806931018829,-0.31436240673065186,0.06845791637897491,-0.09503351151943207,0.09905193746089935,-0.35387393832206726,0.006429621949791908,0.015832114964723587,0.0427311509847641,0.19867558777332306,-0.1511460691690445,-0.024198533967137337,0.09087575972080231,-0.05924537405371666,-0.012828976847231388,-0.07680649310350418,0.5414183735847473,0.05558359995484352,-0.027685705572366714,-0.001674538478255272,0.06594855338335037,0.322965532541275,-0.057882778346538544,0.14934039115905762,-0.12111454457044601,0.10001613199710846,-0.06253448873758316,-0.05624808371067047,-0.16002793610095978,-0.09675858914852142,-0.13171346485614777,0.012712834402918816,0.2087159901857376,-0.19888408482074738,-0.16246362030506134,0.21233275532722473,0.06092539057135582,0.05344829335808754,-0.010503212921321392,-0.3258155882358551,0.2782685160636902,0.01325592864304781,0.34735608100891113,0.10226546227931976,-0.18561819195747375
153.0,-0.03746044635772705,-0.033312369138002396,-0.10195012390613556,0.2967308461666107,0.039167363196611404,0.1546594351530075,-0.1319802850484848,-0.3100035786628723,0.03422151878476143,-0.02906571514904499,0.012696031481027603,0.07160238176584244,0.08289889991283417,-0.07915502041578293,-0.20713400840759277,0.05477306619286537,0.13463620841503143,0.01746315509080887,-0.2824830710887909,-0.08518313616514206,0.04444132745265961,-0.04055292159318924,-0.28079965710639954,0.04997062310576439,-0.017646487802267075,-0.4947337806224823,-0.09587382525205612,-0.3486173748970032,0.15152084827423096,-0.15473249554634094,0.15446248650550842,0.05115848407149315,-0.2832522988319397,-0.2939932644367218,0.17045894265174866,0.19896389544010162,-0.2687228322029114,-0.10794638842344284,-0.144881471991539,0.06073852628469467,0.17724551260471344,0.10524986684322357,0.37547603249549866,0.06103552132844925,0.1398918479681015,-0.03598043695092201,-0.37244483828544617,-0.10382441431283951,0.11334070563316345,-0.2777838408946991,-0.22955650091171265,-0.15890099108219147,-0.09710445255041122,0.01253560557961464,0.03840330243110657,0.2712429165840149,0.05088845640420914,-0.048097025603055954,0.23755456507205963,0.2722873091697693,-0.06515645235776901,-0.15937182307243347,-0.2616001069545746,0.0540730357170105
154.0,-0.06756285578012466,0.23191946744918823,-0.2017166018486023,0.48930788040161133,-0.05082332715392113,-0.10516367107629776,-0.07169359922409058,-0.34336477518081665,0.178221195936203,-0.22615528106689453,0.057587090879678726,0.1132902204990387,0.20013687014579773,0.09424888342618942,-0.04072766378521919,-0.16011743247509003,0.051828738301992416,0.3062017560005188,-0.12667761743068695,-0.39442726969718933,-0.0660310909152031,0.21218258142471313,-0.3548717498779297,0.27862581610679626,0.09182387590408325,0.2054068148136139,-0.096500463783741,-0.04646611213684082,0.21926754713058472,0.1613244265317917,-0.25829413533210754,0.06652558594942093,-0.03166825324296951,-0.23441235721111298,0.1915663182735443,0.11663246154785156,-0.06078074499964714,-0.20002524554729462,-0.4101107716560364,0.05253606662154198,0.0315086804330349,-0.13187000155448914,0.14934514462947845,0.04411360248923302,-0.02575303614139557,0.08002588152885437,-0.37798619270324707,-0.47210636734962463,0.10130402445793152,-0.10758225619792938,-0.17327307164669037,0.34112319350242615,-0.3541666567325592,-0.19599653780460358,0.15081153810024261,-0.17646682262420654,-0.14007601141929626,0.5395728349685669,0.018018530681729317,0.35462236404418945,0.10088810324668884,-0.07168726623058319,0.046168647706508636,0.07549465447664261
155.0,-0.4833930432796478,-0.3329210579395294,-0.2719627022743225,-0.07674363255500793,0.03480066731572151,0.10927243530750275,0.03541940078139305,0.1912459284067154,-0.012071255594491959,-0.011729582212865353,0.09069844335317612,0.14510473608970642,-0.170877143740654,-0.22675088047981262,-0.44319960474967957,0.03538476303219795,-0.03404547646641731,0.11069364100694656,-0.27168965339660645,0.06254236400127411,0.2577402889728546,-0.09474977850914001,-0.042384855449199677,0.05356501042842865,-0.21160276234149933,-0.2754446864128113,-0.31306272745132446,-0.013630861416459084,0.0802541971206665,0.21724657714366913,0.2666626274585724,0.23693524301052094,-0.21396136283874512,-0.3812594413757324,-0.1063484475016594,0.026349203661084175,-0.30478334426879883,-0.09509916603565216,-0.4244205951690674,-0.011344200000166893,0.1929553896188736,-0.008016150444746017,-0.011722719296813011,-0.29614800214767456,0.3303591012954712,-0.35826411843299866,0.1251445710659027,-0.13331672549247742,0.0888124480843544,-0.05032536759972572,-0.013574880547821522,0.06154569238424301,-0.1364930421113968,-0.24240480363368988,-0.07173565775156021,-0.1100364625453949,0.25983425974845886,-0.15983258187770844,0.056312836706638336,-0.07794401794672012,-0.10471927374601364,-0.12737266719341278,-0.17133937776088715,-0.006994412746280432
156.0,-0.25236213207244873,-0.019039489328861237,-0.17911289632320404,0.502326250076294,0.006820011883974075,0.1586187481880188,-0.14641544222831726,-0.1770138442516327,-0.20955857634544373,-0.04836251214146614,0.2016410380601883,0.07017204910516739,-0.2107934057712555,0.0906311422586441,-0.435627818107605,0.028809553012251854,-0.22204411029815674,0.31041184067726135,0.0048453048802912235,-0.5525512099266052,0.03494419530034065,0.3200813829898834,-0.04880518466234207,0.08531751483678818,0.005129657685756683,-0.1575455665588379,-0.1379181295633316,-0.16489440202713013,0.05813537910580635,-0.25780192017555237,0.23481422662734985,0.18884553015232086,0.1330074965953827,-0.3527931272983551,-0.07782627642154694,0.19523905217647552,-0.2654673457145691,0.0010638171806931496,-0.040351856499910355,0.13872909545898438,0.1983684003353119,0.007438652217388153,0.3224506974220276,-0.15399469435214996,0.032963190227746964,-0.008886204101145267,-0.29616162180900574,-0.24259188771247864,0.09236104786396027,-0.20214509963989258,-0.14066298305988312,-0.09202954173088074,-0.23362912237644196,-0.20818783342838287,0.11803063005208969,0.3470838963985443,0.3428061604499817,-0.21905511617660522,0.045243047177791595,0.2206854373216629,-0.030000818893313408,0.2365967482328415,-0.12644851207733154,-0.18468032777309418
157.0,0.12981931865215302,0.002585998270660639,-0.258297324180603,0.4584157466888428,-0.10888595879077911,0.0010252430802211165,-0.18576975166797638,0.08212191611528397,-0.19029103219509125,0.0810801163315773,-0.040340397506952286,-0.30252620577812195,0.1504627913236618,-0.03527102246880531,0.055177755653858185,-0.26415368914604187,0.12496474385261536,-0.21097254753112793,-0.4768170714378357,-0.07995443791151047,-0.2477063685655594,-0.1358572393655777,-0.29177162051200867,0.16448943316936493,-0.15778185427188873,0.14947253465652466,-0.06607739627361298,-0.0345066674053669,0.04043949022889137,0.18220537900924683,0.06120474264025688,0.16509883105754852,0.028540628030896187,0.13869929313659668,0.28399157524108887,0.33382248878479004,0.05832664296030998,0.15204785764217377,-0.05497562512755394,0.14078879356384277,0.3286975920200348,-0.19999775290489197,-0.18341882526874542,-0.04489907622337341,0.09854044020175934,-0.11630196124315262,0.09174128621816635,0.06155204027891159,0.21673838794231415,0.006318812724202871,-0.08065685629844666,0.27821817994117737,-0.14250724017620087,-0.24820199608802795,-0.006328371819108725,-0.011324082501232624,-0.4405525326728821,-0.0628238245844841,-0.16692423820495605,-0.03381004557013512,-0.15089336037635803,-0.00025590346194803715,0.14937523007392883,0.06678510457277298
158.0,-0.0373295359313488,-0.07791206985712051,-0.3928000032901764,0.3747296631336212,-0.03900063410401344,0.027198314666748047,-0.15403926372528076,-0.03813667222857475,-0.15486004948616028,0.4612889587879181,-0.1579352170228958,-0.02574591338634491,0.02749652788043022,0.17832529544830322,-0.1692274659872055,0.11088547855615616,-0.14531348645687103,0.01738092303276062,0.0024536203127354383,-0.5366719365119934,-0.2788222134113312,0.28518974781036377,-0.05248153954744339,0.13700349628925323,-0.28264307975769043,0.08295030146837234,0.09072978794574738,-0.19205516576766968,0.13388031721115112,0.046174366027116776,0.005192071199417114,0.06698114424943924,0.13751928508281708,0.1789235770702362,0.22955940663814545,0.0026257620193064213,-0.12300314009189606,0.18129517138004303,0.06775875389575958,0.18128763139247894,-0.04226602986454964,-0.19535136222839355,0.28087368607521057,-0.30740103125572205,0.0030530488584190607,-0.08920707553625107,-0.10609614104032516,0.14176106452941895,0.13422584533691406,-0.1519176959991455,0.0014654877595603466,0.3429429233074188,-0.1169687807559967,-0.233683243393898,0.04621468856930733,-0.15556342899799347,0.07407090812921524,0.26362699270248413,-0.11918561905622482,-0.08327972143888474,0.14193525910377502,0.3128529191017151,0.12514927983283997,-0.07176137715578079
159.0,-0.557561993598938,-0.00622913334518671,-0.404832661151886,0.15394803881645203,-0.299725741147995,-0.11505497246980667,-0.568594753742218,-0.22912436723709106,-0.5405030846595764,0.030886037275195122,-0.00036118272691965103,-0.00016580114606767893,-0.1711181253194809,0.43273499608039856,0.129547119140625,-0.41906678676605225,-0.10855575650930405,-0.04283560812473297,-0.2619364261627197,0.06461858004331589,-0.04905374348163605,0.3604047894477844,-0.023403611034154892,0.27275463938713074,0.032206594944000244,0.4094979763031006,-0.12538264691829681,0.0012801522389054298,0.20923301577568054,0.013644397258758545,0.013441160321235657,0.2328217774629593,0.15615829825401306,-0.17519891262054443,0.1787567436695099,0.47264009714126587,-0.07675780355930328,0.07128992676734924,0.15273025631904602,-0.20816224813461304,0.07761124521493912,-0.11858091503381729,-0.17514696717262268,0.15137752890586853,-0.271830677986145,-0.0071652960032224655,0.11953267455101013,-0.013290245085954666,0.011779780499637127,0.3890185058116913,-0.10077007859945297,0.015103538520634174,-0.054770778864622116,-0.5085920691490173,-0.02135794796049595,0.3573727011680603,-0.24988360702991486,-0.13859744369983673,-0.40757328271865845,-0.136933833360672,-0.21754465997219086,-0.10747954994440079,-0.028797894716262817,-0.1497473269701004
160.0,-0.024294735863804817,-0.05325780808925629,-0.20270951092243195,0.002394414506852627,-0.20812079310417175,0.21605625748634338,-0.3541427552700043,0.17282560467720032,0.0442243292927742,0.16095100343227386,-0.08816643059253693,-0.19809870421886444,-0.16866165399551392,0.04682891443371773,0.020467005670070648,-0.19719557464122772,-0.22911085188388824,-0.025601012632250786,0.20479461550712585,0.05623644217848778,0.17970848083496094,-0.08295624703168869,-0.1440832018852234,0.00466576823964715,-0.08151844143867493,-0.3210977017879486,-0.07927491515874863,-0.020142998546361923,0.2972477376461029,-0.017123162746429443,-0.05391108989715576,0.5425787568092346,-0.05120590701699257,-0.16771410405635834,0.12419956177473068,-0.18001779913902283,-0.17832252383232117,0.16719315946102142,-0.32930800318717957,0.03632098063826561,0.07400563359260559,0.044062137603759766,-0.06935416907072067,-0.38602471351623535,0.2478094846010208,-0.05377311632037163,-0.20856870710849762,0.1297026127576828,0.07735174894332886,-0.2740882337093353,-0.04201836138963699,0.15305472910404205,0.0068220715038478374,-0.03196495398879051,-0.2490638792514801,0.1692008078098297,-0.032100263983011246,0.17143204808235168,-0.09189141541719437,0.16883836686611176,-0.24954639375209808,-0.2672666311264038,0.10948098450899124,-0.11242149770259857
161.0,-0.45406654477119446,-0.45197635889053345,-0.34108513593673706,0.07916790246963501,-0.22833973169326782,0.11657029390335083,-0.15623947978019714,0.08378652483224869,0.05026174709200859,0.054610542953014374,-0.14690731465816498,-0.0006207188125699759,-0.20315596461296082,-0.10715097934007645,-0.24228936433792114,-0.0847698524594307,-0.34545621275901794,0.21479935944080353,0.07120887190103531,-0.10005845129489899,0.2311704158782959,0.3077634871006012,0.19054989516735077,0.20910674333572388,-0.039201825857162476,-0.09896931797266006,-0.20999079942703247,0.09200728684663773,0.018640056252479553,-0.11705859005451202,0.44377443194389343,0.14930781722068787,-0.022047189995646477,-0.40997380018234253,-0.09691179543733597,0.27928367257118225,-0.2523994743824005,-0.04897581785917282,-0.05870850384235382,0.38674694299697876,0.2056330144405365,-0.20521830022335052,0.058693863451480865,-0.5008159279823303,0.05388687178492546,0.13973739743232727,-0.06026102602481842,-0.03238188102841377,0.06481298059225082,-0.2994779348373413,-0.07308883965015411,0.2007511705160141,0.04322095960378647,-0.14900241792201996,0.10726941376924515,-0.2564796209335327,0.34766885638237,-0.24831950664520264,-0.03814668953418732,-0.032163895666599274,0.43603911995887756,0.10044790804386139,-0.2882176637649536,-0.18008631467819214
162.0,-0.1632480025291443,-0.09619034081697464,-0.4223419427871704,0.3748859465122223,-0.021301347762346268,-0.10378043353557587,-0.45575830340385437,-0.10600264370441437,-0.03792241960763931,0.07756689935922623,-0.056473709642887115,0.18750037252902985,-0.18241938948631287,0.07638197392225266,-0.0041318004950881,0.1367274671792984,-0.009376139380037785,0.2509157955646515,-0.03590094670653343,0.035018738359212875,-0.040702786296606064,0.13413859903812408,0.004284697584807873,0.1110469326376915,-0.21722981333732605,-0.26637375354766846,-0.08733189851045609,-0.3134024739265442,0.2802300453186035,-0.4707682728767395,0.16931059956550598,0.2774173319339752,-0.12754763662815094,-0.34948477149009705,0.010506299324333668,0.08532411605119705,-0.29860761761665344,0.08358250558376312,-0.28947553038597107,-0.1447337418794632,-0.11281874775886536,0.07198084890842438,0.31331488490104675,0.11154517531394958,-0.006867807358503342,-0.04966961219906807,-0.19605250656604767,-0.06904035806655884,0.04738149046897888,-0.04411499202251434,0.0009816838428378105,0.14624269306659698,-0.22388771176338196,-0.09396500140428543,0.224470853805542,0.3945927023887634,-0.08199285715818405,0.08864142000675201,-0.05732997506856918,0.06932999938726425,-0.1048089936375618,0.1334771364927292,-0.061484310775995255,-0.13280482590198517
163.0,-0.08191447705030441,0.07380916178226471,-0.1972503364086151,-0.025693215429782867,-0.19401447474956512,-0.10216352343559265,-0.22477413713932037,0.022444188594818115,-0.23448622226715088,-0.18669955432415009,0.2804949879646301,0.0573764406144619,0.29112210869789124,0.15948869287967682,-0.02946057915687561,-0.5804996490478516,-0.1411914974451065,0.24306929111480713,-0.017367074266076088,-0.18548917770385742,0.31436124444007874,0.09940993785858154,-0.3886356055736542,0.40195703506469727,0.20545609295368195,0.06652915477752686,-0.11497621238231659,-0.009116604924201965,0.2255869209766388,-0.12155898660421371,0.5065882205963135,0.08775614947080612,-0.2012331485748291,-0.1945096105337143,0.06270985305309296,0.1361531913280487,-0.3298531174659729,-0.10935438424348831,0.11463171243667603,-0.05067242309451103,0.2557447552680969,-0.20528937876224518,-0.48800966143608093,0.06288173049688339,0.05764222890138626,-0.03290793299674988,-0.09580574184656143,-0.2720045745372772,0.06266865879297256,0.19177629053592682,-0.20250076055526733,0.08357787132263184,-0.008749755099415779,-0.41518574953079224,0.37975966930389404,-0.13468725979328156,-0.09580978006124496,-0.3368327021598816,-0.21301425993442535,-0.14073248207569122,-0.42287012934684753,-0.2089097499847412,0.13047276437282562,-0.15572911500930786
164.0,0.2864070236682892,0.18379437923431396,0.25965243577957153,-0.08031242340803146,-0.12154845893383026,-0.11371003836393356,0.042434148490428925,0.03369401395320892,-0.05647638067603111,-0.011884395033121109,-0.3075297176837921,-0.26944851875305176,-0.03764650598168373,0.013131523504853249,0.13380154967308044,-0.2040323168039322,-0.15143662691116333,-0.2626185119152069,-0.018373820930719376,-0.2218584567308426,-0.2150164097547531,0.06139511987566948,-0.1592036932706833,0.039566490799188614,-0.1867406815290451,0.1016363799571991,-0.09690550714731216,-0.04612259939312935,0.012592795304954052,0.019661519676446915,-0.1979881227016449,0.40162035822868347,0.03850657865405083,0.16174772381782532,0.20447926223278046,-0.06303675472736359,-0.19364379346370697,0.04534764587879181,0.16309842467308044,0.4308670461177826,0.3750190734863281,0.14076925814151764,-0.1696813702583313,-0.1694672852754593,0.20611459016799927,-0.1231592521071434,-0.2935299575328827,-0.011596287600696087,-0.007238600868731737,-0.47049570083618164,-0.020081473514437675,-0.034875642508268356,0.03129290044307709,-0.2375531941652298,-0.01784340851008892,-0.01055833138525486,-0.05493354797363281,0.11590152978897095,-0.008042639121413231,0.2182942032814026,-0.11446366459131241,-0.05134812369942665,0.016174491494894028,-0.11270316690206528
165.0,-0.19904650747776031,0.06615428626537323,-0.0707104355096817,0.27966395020484924,-0.2835708260536194,0.023716488853096962,-0.1430840790271759,0.09540560096502304,0.19665729999542236,-0.04349639266729355,-0.2069978266954422,-0.05562622472643852,-0.20983882248401642,-0.01506751962006092,0.14004753530025482,0.39065271615982056,-0.13476064801216125,-0.167719766497612,0.1258222758769989,-0.3114229440689087,-0.1906166970729828,0.1352308988571167,0.13723234832286835,-0.1062995046377182,-0.12147527933120728,-0.10647827386856079,-0.24770113825798035,-0.12885010242462158,-0.09127476811408997,0.2386092245578766,-0.1327662169933319,0.12969118356704712,-0.029806317761540413,0.007296426687389612,0.31333300471305847,-0.00879637524485588,-0.1950756162405014,0.258675217628479,-0.23523682355880737,0.34779608249664307,-0.03123019076883793,-0.4726073741912842,-0.13075315952301025,-0.06872503459453583,0.11804364621639252,0.03075888752937317,0.23537544906139374,-0.3472887873649597,0.1869574934244156,-0.022067289799451828,0.06504852324724197,0.12071646749973297,-0.3101028501987457,-0.14608366787433624,0.3357812464237213,-0.09776436537504196,0.2828812897205353,-0.014090039767324924,0.18372689187526703,0.175323024392128,0.2319958508014679,-0.061667926609516144,-0.049059923738241196,-0.03537556901574135
166.0,-0.2473503053188324,-0.2383660227060318,-0.3098220229148865,-0.0760040283203125,0.1034141480922699,0.2869749963283539,-0.38115933537483215,-0.12619362771511078,-0.1861903816461563,0.13877420127391815,0.06359965354204178,-0.0038953754119575024,-0.31666630506515503,-0.06736273318529129,-0.16848593950271606,-0.13205638527870178,-0.17832495272159576,-0.029707185924053192,0.12061843276023865,0.2411479502916336,0.13351929187774658,0.37543556094169617,-0.06276851147413254,0.009136836044490337,-0.2828771770000458,0.11976174265146255,-0.34692254662513733,-0.09822909533977509,0.09491607546806335,0.022664440795779228,0.18081578612327576,0.2888449728488922,-0.14228901267051697,-0.386273056268692,-0.1628555804491043,-0.052527621388435364,-0.1708722859621048,0.12630808353424072,-0.3173699676990509,0.3771022856235504,0.2317071557044983,0.0515298917889595,-0.033504895865917206,-0.49667420983314514,-0.09463897347450256,-0.10844946652650833,0.07578328996896744,-0.07318487018346786,0.20472931861877441,-0.5467861890792847,-0.24124765396118164,0.11578520387411118,0.09110180288553238,-0.35624298453330994,-0.16728511452674866,0.1969655603170395,0.3893454968929291,0.13781249523162842,0.033693764358758926,0.37928205728530884,0.0522504486143589,0.1816433072090149,-0.016205506399273872,0.01515148114413023
167.0,-0.1344252973794937,-0.4191845655441284,-0.41353628039360046,0.2662692964076996,0.12198834121227264,0.10616569221019745,-0.316119909286499,0.047379717230796814,-0.05157310515642166,0.37522828578948975,-0.19747930765151978,-0.22099031507968903,-0.1059068888425827,-0.12700636684894562,-0.054395511746406555,-0.1356031447649002,0.01047179289162159,0.10023409128189087,-0.04926791787147522,0.20137804746627808,-0.010717455297708511,0.33045852184295654,-0.3378361165523529,0.28973695635795593,-0.7329275012016296,0.3198530077934265,-0.10884694755077362,-0.01233048178255558,0.14843322336673737,0.2564752697944641,0.10373242944478989,0.2560752332210541,-0.20788538455963135,-0.0713592991232872,0.06544198840856552,-0.016537947580218315,-0.06723377853631973,-0.04177279770374298,-0.25079572200775146,0.4104311764240265,0.2464144080877304,0.0029914434999227524,0.10155089944601059,-0.3560096025466919,-0.043442342430353165,-0.17592954635620117,0.029122663661837578,0.3329256772994995,0.04297566041350365,-0.35474252700805664,-0.08718427270650864,0.4428079128265381,-0.005409097298979759,-0.29182809591293335,-0.22316008806228638,-0.16380366683006287,-0.14712496101856232,0.14519581198692322,0.022325610741972923,0.13277818262577057,0.36449524760246277,0.3948856592178345,-0.04109686240553856,0.1234445720911026
168.0,-0.11288819462060928,0.0037873322144150734,-0.10081543028354645,-0.11854201555252075,0.04224861413240433,0.26509037613868713,-0.15937738120555878,-0.06157384812831879,0.052726615220308304,0.022614900022745132,0.04633616283535957,-0.2039240598678589,-0.04548848792910576,0.07112661004066467,-0.02958635985851288,-0.24222728610038757,-0.37045609951019287,-0.16144868731498718,0.12928012013435364,0.144918292760849,0.10280313342809677,-0.13145439326763153,0.03144276887178421,-0.014302519150078297,-0.19864438474178314,-0.16401302814483643,-0.21473856270313263,0.07761665433645248,0.20528270304203033,-0.07004427164793015,0.09526515752077103,0.22294862568378448,-0.19477294385433197,-0.4294682741165161,-0.16317953169345856,0.3426865339279175,-0.0729057639837265,0.005146188195794821,-0.10946627706289291,0.23756547272205353,0.547078549861908,0.10270703583955765,-0.005344413220882416,-0.5213066935539246,0.20808538794517517,-0.2573719620704651,-0.11083608120679855,-0.03956169635057449,-0.022530872374773026,-0.4402127265930176,-0.04904956743121147,0.01648688316345215,0.21793656051158905,-0.1714312583208084,-0.1796567738056183,0.3457028865814209,0.2449190765619278,-0.040814559906721115,-0.18067097663879395,0.07653635740280151,-0.10413918644189835,-0.1439523845911026,-0.04207029193639755,-0.07180297374725342
169.0,-0.2319994568824768,-0.14918702840805054,-0.17006126046180725,0.21513329446315765,0.017499890178442,0.028444986790418625,-0.22038279473781586,-0.20910915732383728,0.16271145641803741,0.09103653579950333,-0.18681040406227112,-0.09593957662582397,-0.14660987257957458,-0.31126272678375244,-0.27111390233039856,0.14451536536216736,0.04283026605844498,0.06250715255737305,-0.26144903898239136,-0.2977500855922699,0.08043599873781204,0.21437525749206543,-0.2563992142677307,-0.02987655997276306,-0.12100424617528915,-0.29138368368148804,-0.33150994777679443,-0.07010770589113235,0.0388164147734642,0.21384146809577942,0.14713551104068756,0.14578816294670105,-0.3048121929168701,-0.15032224357128143,0.14896796643733978,0.007172148674726486,-0.014434484764933586,-0.3383655250072479,-0.11796121299266815,0.27303001284599304,0.09769321233034134,-0.28097957372665405,0.06805354356765747,-0.2701323628425598,0.15858928859233856,-0.14140306413173676,-0.01964128017425537,-0.17379820346832275,-0.07607430219650269,-0.09132406860589981,0.1215457171201706,-0.1088269054889679,-0.2751089930534363,-0.009335528127849102,-0.1520647406578064,-0.025921203196048737,0.18572933971881866,0.22175778448581696,0.11098457127809525,0.5324609279632568,0.446462482213974,0.2022320181131363,-0.09937071800231934,0.2083606868982315
170.0,-0.3676649034023285,-0.12103849649429321,-0.5569472312927246,0.37145447731018066,-0.03408888354897499,-0.15059560537338257,0.1787755787372589,-0.22071987390518188,-0.03704790771007538,0.15044748783111572,0.0815623477101326,0.03990587964653969,-0.10558298230171204,0.03919116407632828,-0.22331322729587555,-0.025223322212696075,-0.07865344732999802,-0.09128203243017197,-0.15895764529705048,-0.2705095708370209,-0.1384415328502655,0.06576026231050491,0.1285577118396759,0.1039724349975586,-0.24317818880081177,-0.3302135765552521,-0.2356518805027008,0.0973539799451828,-0.17367836833000183,0.1193690299987793,-0.11986185610294342,-0.032510191202163696,0.15190117061138153,-0.05441705882549286,0.23798403143882751,0.2882627546787262,0.1660214364528656,0.20882798731327057,-0.6273384690284729,0.10471700876951218,0.3910565674304962,-0.07531106472015381,-0.22076790034770966,-0.22048519551753998,0.11736384779214859,0.17494679987430573,-0.2146100252866745,-0.1824522614479065,-0.004812519997358322,-0.03673454746603966,0.011184717528522015,0.2314104586839676,-0.13051792979240417,0.3832552433013916,0.09361843764781952,-0.21815775334835052,0.3479253649711609,-0.3867788016796112,0.2365569919347763,0.20041385293006897,0.2869880199432373,0.037118054926395416,-0.3049323558807373,-0.11380638182163239
171.0,-0.040180474519729614,-0.00598416943103075,0.005058720707893372,0.26274317502975464,0.03627273067831993,0.028273992240428925,-0.3928346633911133,-0.050298646092414856,0.09408681094646454,-0.15353398025035858,-0.02109847590327263,-0.1879720240831375,-0.1854655146598816,-0.01174821425229311,0.09355836361646652,-0.22280536592006683,-0.03554689139127731,0.06848382949829102,-0.09058721363544464,-0.045160286128520966,-0.08462990820407867,0.09171029180288315,-0.24114763736724854,0.11931969225406647,-0.3072829246520996,-0.2935607135295868,-0.4790663421154022,-0.18018096685409546,0.16886061429977417,-0.22939108312129974,0.14284607768058777,0.19732610881328583,-0.0034513964783400297,-0.20241300761699677,-0.007899409160017967,0.08092046529054642,-0.2073100507259369,0.12601444125175476,-0.2153976410627365,0.19502641260623932,0.42555907368659973,0.09381052851676941,-0.07565547525882721,-0.04771818593144417,0.3512631058692932,-0.1933271735906601,-0.11223595589399338,-0.39445003867149353,-0.06762091815471649,-0.18367747962474823,0.14226989448070526,-0.06361578404903412,-0.05394889786839485,-0.10108956694602966,0.34913840889930725,0.355681836605072,0.10538316518068314,0.15109458565711975,0.1182100772857666,0.277450829744339,0.10924305021762848,0.05400920286774635,-0.3151364028453827,0.26166027784347534
172.0,-0.0004911832511425018,-0.05382480099797249,-0.47202831506729126,0.4003586173057556,0.10715734958648682,0.013489026576280594,-0.06631988286972046,-0.029747221618890762,0.2211490273475647,-0.22084377706050873,0.2343657910823822,0.21209421753883362,-0.109429731965065,-0.2828731834888458,-0.08754599839448929,0.037197332829236984,-0.07951804250478745,0.19704586267471313,-0.005689837504178286,-0.2715267241001129,-0.011323265731334686,0.37928178906440735,-0.08638021349906921,0.11422973871231079,0.1453363448381424,-0.3187354803085327,-0.25551092624664307,-0.34431153535842896,0.2202121913433075,-0.059553079307079315,-0.009505502879619598,0.03502947464585304,-0.22096717357635498,0.015213636681437492,0.17474836111068726,-0.029092101380228996,-0.09956572204828262,0.1279890090227127,-0.3988529443740845,0.20799915492534637,0.14246325194835663,-0.3588510751724243,-0.0005580293945968151,-0.13206252455711365,0.03838949650526047,-0.09511373192071915,-0.16567634046077728,-0.3305906057357788,0.2174401730298996,-0.26953399181365967,-0.130221888422966,0.2718440592288971,-0.04536641016602516,0.022741355001926422,0.20286285877227783,-0.13998813927173615,0.12451095134019852,0.02724074013531208,0.2823162078857422,0.14392976462841034,-0.06628268212080002,-0.04634803533554077,-0.030578995123505592,-0.09277965873479843
173.0,-0.39603182673454285,-0.09074417501688004,0.05082009732723236,0.12365420907735825,-0.06174471974372864,0.07625667750835419,-0.10200124233961105,-0.1893954873085022,-0.1476404219865799,0.0026468608994036913,-0.0978805273771286,0.09989380836486816,-0.10621436685323715,0.29311221837997437,0.34099340438842773,-0.22162003815174103,0.30036333203315735,-0.0033132301177829504,0.016829129308462143,-0.1038496270775795,0.08147097378969193,-0.3185637593269348,0.19214770197868347,-0.019579321146011353,-0.2633591592311859,0.060648031532764435,-0.011930324137210846,-0.22608359158039093,0.060269564390182495,0.24514421820640564,-0.003287149826064706,0.26808902621269226,-0.22862428426742554,-0.19163472950458527,0.19909287989139557,0.4127855598926544,0.02276386134326458,-0.19373629987239838,-0.33656051754951477,0.03030785545706749,0.13974818587303162,-0.2558557987213135,0.10773667693138123,-0.12775322794914246,0.24788892269134521,-0.07492198795080185,0.012037225067615509,-0.049111876636743546,0.3412940204143524,-0.10835857689380646,0.046835705637931824,0.04928195849061012,-0.3691751956939697,-0.3133850693702698,-0.02126876451075077,0.08052465319633484,8.754921145737171e-05,0.5379884839057922,-0.3873966634273529,0.09025732427835464,-0.12775343656539917,-0.07821701467037201,0.540012776851654,-0.09204597771167755
174.0,-0.26924630999565125,-0.03377784416079521,-0.22158589959144592,0.2281128317117691,0.20943836867809296,0.040056973695755005,0.1516031175851822,-0.3656598925590515,-0.253996342420578,0.10004908591508865,0.05852653458714485,0.46038442850112915,-0.14166274666786194,0.14748477935791016,-0.2706422805786133,-0.20234152674674988,0.06638222932815552,0.051719069480895996,-0.2876233458518982,-0.2569011449813843,-0.046719081699848175,0.3052939176559448,-0.08707177639007568,0.18107478320598602,0.10438548773527145,0.06390321999788284,-0.08069887012243271,-0.35876670479774475,-0.00147745362482965,0.03533535823225975,-0.09290047734975815,-0.0005256272852420807,-0.07736491411924362,0.07740522921085358,0.05707886442542076,-0.029724154621362686,-0.019678834825754166,0.2575269341468811,-0.35619020462036133,0.282153457403183,0.1880420297384262,-0.0050030117854475975,0.29552575945854187,-0.5951845645904541,0.09831967949867249,0.006802411749958992,-0.3315364122390747,0.10685510188341141,0.2722887694835663,-0.4614741802215576,-0.18379627168178558,0.17882685363292694,0.09757409244775772,-0.0607478953897953,-0.17223407328128815,-0.16002315282821655,0.15068680047988892,0.31412091851234436,-0.07201623916625977,-0.25159430503845215,0.060791753232479095,-0.11773043125867844,-0.0194773580878973,0.0020576592069119215
175.0,-0.3034939169883728,0.13936559855937958,0.012718409299850464,0.27389487624168396,-0.030606074258685112,0.2511543035507202,-0.1953439563512802,-0.06407072395086288,0.10188085585832596,0.03230449557304382,0.10329386591911316,-0.05705925449728966,-0.17455342411994934,0.22642172873020172,-0.06891671568155289,0.07783683389425278,-0.11886551976203918,0.04586343467235565,0.07421007752418518,0.09651890397071838,0.37633395195007324,-0.17770135402679443,-0.21102876961231232,0.13067977130413055,-0.030941035598516464,-0.06343802809715271,-0.18993733823299408,0.15677502751350403,-0.01100501511245966,0.13228043913841248,0.20842307806015015,0.05175050348043442,-0.2968822419643402,-0.34968242049217224,-0.2838403880596161,0.2524647116661072,-0.03201710432767868,0.03256894648075104,-0.31626570224761963,0.37581169605255127,0.08420242369174957,-0.14730247855186462,0.08719482272863388,-0.30056819319725037,0.12754355370998383,0.0817405954003334,0.12455243617296219,0.06801145523786545,-0.012783275917172432,-0.20747284591197968,-0.28284090757369995,-0.03082185424864292,-0.02838212624192238,-0.24574562907218933,-0.30860114097595215,0.254039466381073,0.31519684195518494,-0.4194405972957611,-0.10571407526731491,0.16290470957756042,0.2795681953430176,0.11665791273117065,-0.16970600187778473,-0.12225346267223358
176.0,-0.08407795429229736,-0.019055893644690514,-0.46800869703292847,0.43092721700668335,-0.2673843204975128,-0.01646113023161888,-0.266318142414093,0.07684091478586197,0.04741418734192848,0.07932545244693756,-0.22535791993141174,-0.2872612774372101,0.07698283344507217,0.0990820899605751,0.30452775955200195,0.1110379621386528,-0.22711196541786194,-0.1361149102449417,0.04339970648288727,0.12630201876163483,0.03720935434103012,-0.15753287076950073,0.11467167735099792,0.14837728440761566,-0.08721309155225754,0.027081996202468872,-0.10916223376989365,-0.08022855222225189,0.1411072015762329,0.23424020409584045,-0.008377556689083576,0.05782654136419296,-0.14521373808383942,-0.15489283204078674,-0.07889224588871002,0.3348737955093384,-0.0652155801653862,0.2037411332130432,-0.09984558075666428,0.17680440843105316,0.01127750612795353,-0.11126725375652313,0.048258282244205475,-0.07046138495206833,-0.0997534915804863,-0.04321705922484398,0.12366080284118652,0.12210656702518463,0.2814779281616211,-0.22513003647327423,-0.08175677806138992,0.44719481468200684,0.23515701293945312,-0.03448821231722832,-0.061362721025943756,0.06368990242481232,-0.30418482422828674,-0.0633719265460968,-0.3537800908088684,-0.3058098554611206,-0.3004821836948395,0.11235039681196213,0.13872219622135162,-0.33120906352996826
177.0,-0.37386178970336914,-0.12774905562400818,-0.32392874360084534,0.21102261543273926,-0.209927037358284,0.02734927088022232,-0.2195095717906952,-0.09263590723276138,-0.16897396743297577,-0.11362601816654205,-0.13684594631195068,0.06998926401138306,-0.1949029415845871,-0.06614048779010773,-0.17693838477134705,0.11298241466283798,-0.0597846694290638,0.03498305007815361,-0.15925413370132446,-0.32494136691093445,0.27276647090911865,0.28085532784461975,0.017529916018247604,0.030068427324295044,0.200759157538414,-0.299867182970047,-0.20695939660072327,-0.34543660283088684,0.09245269745588303,-0.04245515912771225,0.009779157117009163,0.3627244532108307,-0.19986537098884583,-0.22015324234962463,0.13351252675056458,-0.06279216706752777,-0.3922049403190613,-0.09640061110258102,-0.10612193495035172,0.09033378213644028,-0.15588241815567017,-0.04255133867263794,0.005383454263210297,0.06347019225358963,-0.03297266364097595,-0.07572963088750839,-0.18989884853363037,-0.21448563039302826,0.23463445901870728,-0.20948360860347748,-0.06027866527438164,-0.08754855394363403,-0.06670631468296051,-0.1292227804660797,-0.055842794477939606,0.09462127089500427,0.1171531230211258,-0.015088623389601707,-0.025081288069486618,0.24898940324783325,-0.34750503301620483,0.0023807717952877283,0.023274103179574013,-0.3175559639930725
178.0,-0.34589439630508423,-0.07915715128183365,-0.4722948968410492,0.49410390853881836,0.030828675255179405,-0.015826595947146416,-0.14390595257282257,0.09288997948169708,-0.17482727766036987,0.038151051849126816,0.1928683966398239,0.14492128789424896,-0.36335086822509766,-0.014337047003209591,-0.06395750492811203,0.08026435226202011,-0.010869009420275688,0.07256084680557251,-0.2663944661617279,-0.11875759065151215,-0.17079253494739532,0.20463943481445312,0.0879499763250351,-0.02963312156498432,-0.09582824259996414,0.04159095883369446,-0.06539392471313477,-0.11909633874893188,-0.03903249651193619,-0.062040578573942184,0.07610442489385605,-0.02446620725095272,-0.007076322101056576,0.0541144460439682,-0.1315784454345703,0.32744744420051575,0.09003084897994995,0.38952115178108215,-0.198147714138031,0.1895795464515686,0.1350197196006775,-0.28962236642837524,0.09840056300163269,-0.21269436180591583,0.04870922863483429,-0.030415136367082596,0.13304558396339417,-0.011552061885595322,0.01663512922823429,0.047872573137283325,0.050821688026189804,0.2703988552093506,-0.18586789071559906,-0.14484165608882904,0.15339601039886475,0.014708582311868668,0.23698753118515015,-0.2870839238166809,-0.10206929594278336,-0.16137312352657318,0.09749364852905273,0.18374615907669067,-0.025435255840420723,-0.12232035398483276
179.0,-0.44440925121307373,-0.15085579454898834,0.12423832714557648,0.11420664191246033,0.10097502171993256,0.1498434692621231,-0.1854330152273178,0.028449662029743195,-0.09019578248262405,0.01980215683579445,-0.11450350284576416,-0.12956446409225464,-0.3450196385383606,0.1290711611509323,-0.0335526205599308,-0.3633615970611572,0.0013027905952185392,0.03411019220948219,-0.27548351883888245,-0.030732978135347366,0.33264830708503723,0.024066831916570663,-0.15509100258350372,0.09852154552936554,-0.22013206779956818,0.20232610404491425,-0.1923937052488327,0.07816866785287857,0.19537493586540222,0.14642725884914398,0.07505395263433456,0.25505155324935913,-0.16877992451190948,-0.17486566305160522,-0.33606866002082825,0.33622971177101135,0.16154299676418304,0.1091582402586937,0.05795632302761078,0.2960206866264343,0.48251238465309143,0.12726366519927979,0.00858069583773613,-0.40391436219215393,0.41569703817367554,-0.25287848711013794,-0.20552629232406616,0.16252689063549042,-0.34075093269348145,0.04121401160955429,0.32043808698654175,-0.11008713394403458,-0.028323741629719734,-0.2712002992630005,-0.21414077281951904,0.14507503807544708,0.17709538340568542,0.1260921061038971,-0.31992849707603455,-0.12063668668270111,0.08970276266336441,-0.012209946289658546,-0.03509904816746712,0.2604987621307373
180.0,-0.2531249225139618,0.1214178279042244,-0.17639097571372986,0.2822691798210144,-0.36685097217559814,-0.21825340390205383,-0.42092451453208923,0.0945381224155426,-0.03115253895521164,-0.21993125975131989,-0.3041180670261383,-0.19053702056407928,-0.3877996802330017,0.07062088698148727,0.4526374042034149,-0.10778702795505524,0.0508100800216198,-0.1880308985710144,-0.4954080879688263,0.02956988848745823,0.042143333703279495,-0.2395651936531067,0.12665113806724548,0.06952975690364838,0.15063995122909546,-0.0634448453783989,-0.12862221896648407,-0.0758960172533989,0.0848175585269928,-0.23759908974170685,-0.013707638718187809,0.4100706875324249,-0.10457491129636765,-0.05432216450572014,-0.1166909858584404,0.45463797450065613,6.996933370828629e-05,0.13701079785823822,0.0061309970915317535,0.045262616127729416,0.027004579082131386,-0.14395973086357117,-0.09516172856092453,0.008189728483557701,0.2615083158016205,0.027811093255877495,0.02091573178768158,-0.041874486953020096,-0.03702595457434654,0.008287549018859863,0.234004944562912,0.0174168199300766,-0.058849234133958817,-0.18358038365840912,-0.0052381157875061035,0.29290613532066345,-0.15222811698913574,0.03457379713654518,-0.4873336851596832,0.05116766691207886,-0.16021689772605896,-0.12276458740234375,0.13193897902965546,-0.2494521141052246
181.0,-0.01324385590851307,0.09823209047317505,-0.25553953647613525,0.3103342354297638,-0.20786795020103455,0.22695820033550262,-0.34370654821395874,0.0038294754922389984,-0.051926854997873306,0.021704038605093956,0.07778190821409225,0.08739592880010605,0.18265362083911896,-0.09804156422615051,-0.3035096526145935,0.18175135552883148,0.303085058927536,-0.10366567224264145,-0.058304280042648315,-0.14800342917442322,0.14303778111934662,-0.22303752601146698,-0.18262028694152832,0.23475223779678345,0.015590295195579529,-0.32071220874786377,-0.30254679918289185,-0.07052489370107651,-0.12136365473270416,-0.18820500373840332,0.3821118175983429,0.2370317280292511,-0.11626186221837997,-0.26353898644447327,0.3606528043746948,-0.0008219536393880844,-0.419043630361557,0.17006967961788177,-0.4830832779407501,0.10097870230674744,-0.007746324874460697,-0.5640449523925781,-0.3244986832141876,-0.122487373650074,0.1740424633026123,-0.10648736357688904,0.3804107904434204,-0.4592389762401581,0.5505491495132446,-0.20465123653411865,-0.3461010158061981,0.1080048456788063,-0.10683868825435638,-0.38230225443840027,-0.06564879417419434,0.2156551033258438,-0.008396526798605919,-0.3266605734825134,0.24169497191905975,0.03747313469648361,-0.03760399669408798,-0.16590949892997742,-0.38597285747528076,0.28599676489830017
182.0,-0.108575738966465,-0.13535605370998383,-0.0006053328979760408,0.46724772453308105,-0.16761177778244019,0.34545737504959106,-0.17408841848373413,0.0497431643307209,-0.2632260024547577,-0.18121127784252167,0.06482602655887604,-0.0838237926363945,0.04456765577197075,-0.12829898297786713,-0.34785181283950806,-0.1415729522705078,0.20198982954025269,0.14638496935367584,-0.42340171337127686,0.025161005556583405,0.2310274988412857,-0.1767870932817459,-0.49622011184692383,0.16396649181842804,0.17582166194915771,-0.3430615961551666,-0.04607203230261803,-0.20148737728595734,-0.08526741713285446,-0.10907357931137085,0.2509758472442627,0.22709423303604126,-0.11476956307888031,-0.25271159410476685,0.06550776958465576,-0.001808278844691813,-0.4906657338142395,-0.07500866800546646,-0.18138238787651062,0.06306227296590805,-0.01964636519551277,0.09990623593330383,0.16571804881095886,0.0547955185174942,0.10628445446491241,0.19609765708446503,-0.06489329040050507,-0.11429344117641449,0.392228901386261,-0.3068031370639801,-0.4030825197696686,-0.07502249628305435,-0.1343948096036911,-0.12307055294513702,-0.04088129103183746,0.13504089415073395,-0.16103105247020721,-0.3920181095600128,0.06517893075942993,0.1620328426361084,-0.2192395031452179,-0.18027186393737793,-0.18377842009067535,-0.060692016035318375
183.0,-0.021084178239107132,0.022696461528539658,-0.03479134291410446,0.45002609491348267,-0.19458024203777313,0.09969667345285416,-0.3977917432785034,0.07974023371934891,-0.23730038106441498,0.04494711384177208,0.06263867765665054,-0.23539459705352783,-0.08300169557332993,0.028381912037730217,0.1607309728860855,-0.023312248289585114,0.02758416160941124,0.15037348866462708,0.0645475685596466,-0.0955449640750885,-0.18081624805927277,0.13512800633907318,-0.32886067032814026,-0.24025265872478485,-0.34356585144996643,0.15798881649971008,0.046107128262519836,-0.20621556043624878,0.02490914613008499,-0.008612876757979393,0.038703978061676025,0.18667080998420715,-0.17324994504451752,-0.14175817370414734,0.0627157911658287,0.13040778040885925,-0.13171304762363434,0.17582100629806519,0.15492551028728485,0.26730746030807495,0.24491488933563232,-0.07977074384689331,0.02270091138780117,0.12920525670051575,-0.044181372970342636,0.010665521025657654,-0.12845702469348907,-0.030070103704929352,-0.03453485667705536,0.011991530656814575,-0.015485074371099472,0.2196274846792221,-0.30723872780799866,-0.2595946788787842,0.28533732891082764,0.2316027581691742,-0.1012449562549591,0.0053084795363247395,-0.0837920755147934,0.07918418198823929,-0.15330035984516144,0.02826531045138836,0.24500688910484314,0.0356689915060997
184.0,0.19408811628818512,-0.010295677930116653,-0.18096889555454254,0.2608951926231384,0.09546715021133423,-0.022176004946231842,-0.3062467873096466,-0.08563286811113358,-0.3031044006347656,0.20268793404102325,-0.2236228883266449,-0.01538051851093769,-0.0765199214220047,0.021076543256640434,0.014072784222662449,-0.018770365044474602,-0.13124686479568481,-0.08694558590650558,-0.37452036142349243,-0.07196469604969025,-0.2850871980190277,0.2050914317369461,-0.33632132411003113,0.029479466378688812,-0.06464369595050812,0.12681978940963745,-0.1597505658864975,-0.46478962898254395,0.10196999460458755,-0.047220293432474136,0.06990166753530502,0.21116378903388977,-0.18903008103370667,0.11339811980724335,0.025224873796105385,-0.2072296142578125,-0.18641434609889984,0.13301053643226624,0.08942130953073502,0.3661161959171295,-0.0174064040184021,0.03327057138085365,0.15331226587295532,-0.27762410044670105,-0.06754555553197861,-0.12554748356342316,-0.03461550548672676,0.23799273371696472,0.1890161633491516,-0.3740806579589844,-0.11233905702829361,0.21906445920467377,-0.016473179683089256,-0.29338985681533813,0.02873655967414379,0.10363232344388962,-0.18176302313804626,0.26145851612091064,-0.2303737998008728,0.01024536695331335,-0.08395320922136307,0.25153157114982605,0.2797940969467163,-0.14259527623653412
185.0,-0.18672093749046326,-0.0557987280189991,-0.09373319894075394,0.13536638021469116,0.10525815933942795,-0.07573163509368896,-0.1479659378528595,-0.1519467532634735,0.006441458594053984,-0.020682653412222862,0.2585378885269165,-0.01108972541987896,-0.43750429153442383,0.07378003001213074,0.11163798719644547,-0.11857423931360245,-0.05448870733380318,-0.03326864168047905,-0.06779953837394714,-0.00906127318739891,0.1122574657201767,0.1796153485774994,-0.15864412486553192,0.19907942414283752,-0.19766254723072052,0.06589242815971375,-0.3138721287250519,-0.04166585952043533,0.055056702345609665,0.4552900791168213,0.4202283024787903,0.21124933660030365,-0.09593556076288223,-0.13823890686035156,-0.06666964292526245,0.30302032828330994,0.08641505986452103,-0.007700290530920029,-0.31213343143463135,0.19157913327217102,0.33858203887939453,-0.13609977066516876,0.050322454422712326,-0.21137048304080963,-0.015844855457544327,-0.07915737479925156,0.12890495359897614,0.1444401890039444,0.15444470942020416,-0.14875619113445282,-0.2652416229248047,-0.18442311882972717,-0.21898552775382996,-0.2744767665863037,-0.13993597030639648,0.30721336603164673,0.02414575032889843,-0.17223098874092102,-0.002905986038967967,0.3911193609237671,0.06089724972844124,0.1997378021478653,0.07701252400875092,-0.20778800547122955
186.0,0.11921924352645874,-0.10173941403627396,-0.41989484429359436,0.15628479421138763,0.03309866786003113,0.14669764041900635,-0.19923534989356995,-0.1415329873561859,0.012442407198250294,0.3201615810394287,-0.25199344754219055,-0.13972635567188263,0.3483092784881592,0.03800353407859802,-0.2175375372171402,-0.15088525414466858,-0.2538967430591583,-0.18304887413978577,0.0882491022348404,0.01791287586092949,-0.023995116353034973,-0.00475801806896925,-0.17495660483837128,0.17596712708473206,-0.08923406153917313,-0.3665788173675537,-0.1389586180448532,0.03189556300640106,0.20120565593242645,-0.12490372359752655,0.13925625383853912,0.05581607297062874,-0.2903132736682892,-0.09720869362354279,0.27404940128326416,0.376623272895813,-0.049307309091091156,-0.240750253200531,0.05961127206683159,0.18551142513751984,0.3130616545677185,-0.27056100964546204,-0.10388451814651489,-0.31583571434020996,0.12050385028123856,-0.14904551208019257,-0.04830273240804672,-0.010599973611533642,-0.007889477536082268,-0.1542694866657257,-0.19407245516777039,0.0481160506606102,0.07629009336233139,-0.06339403986930847,-0.12544384598731995,0.04950956255197525,0.01485842652618885,-0.367154598236084,-0.20155347883701324,0.08391156047582626,0.041832517832517624,0.18569906055927277,-0.12511302530765533,-0.08499596267938614
187.0,-0.20596764981746674,0.015439906157553196,-0.0011477756779640913,0.3213881254196167,0.04328228905797005,0.2164355218410492,0.128524050116539,-0.2383635938167572,-0.2127377688884735,0.027535732835531235,0.03865658864378929,0.16082654893398285,-0.05401463434100151,0.2162972241640091,-0.17513763904571533,-0.08743219077587128,-0.09594420343637466,3.9672479033470154e-05,-0.05464910715818405,-0.27151739597320557,-0.04269735515117645,0.09814397990703583,-0.03044770285487175,0.12963615357875824,0.04491783306002617,0.0013369063381105661,0.03325720503926277,-0.18022966384887695,-0.11807525902986526,-0.11141876131296158,0.04964548721909523,-0.05778332054615021,-0.1164342537522316,-0.11649776995182037,0.020721914246678352,0.31444987654685974,-0.17228572070598602,0.09956343472003937,-0.04633421078324318,0.5194543600082397,0.26498180627822876,-0.12172145396471024,0.28936120867729187,-0.40710458159446716,0.06515739113092422,0.20833057165145874,-0.2410729080438614,0.022454647347331047,0.19407247006893158,-0.5152679085731506,-0.31232547760009766,0.03445810452103615,-0.007456773892045021,-0.21791446208953857,0.020834947004914284,-0.020794834941625595,0.3744300305843353,-0.27709996700286865,0.0033831323962658644,-0.004202088341116905,0.27791619300842285,0.004915911238640547,-0.1492798775434494,-0.19515328109264374
188.0,-0.0549328550696373,0.08081399649381638,-0.4094392955303192,0.1332416534423828,-0.3191332519054413,-0.04073980823159218,-0.5017522573471069,-0.09594342857599258,-0.24278277158737183,0.07046977430582047,-0.2607700228691101,-0.1684228777885437,-0.006784022785723209,0.03981535881757736,0.14875587821006775,-0.12987729907035828,-0.10326523333787918,-0.2714295983314514,-0.2976279556751251,0.42579638957977295,-0.24005915224552155,-0.23496446013450623,-0.10147029161453247,0.21509569883346558,-0.08506960421800613,-0.01886262185871601,-0.1932966113090515,-0.06700755655765533,0.07247310131788254,0.03970564156770706,-0.01278658863157034,0.3776739835739136,-0.0025235225912183523,-0.1970570683479309,0.2253243327140808,-0.024883771315217018,-0.2908100187778473,0.1345055252313614,-0.28445956110954285,-0.17278389632701874,-0.05460866168141365,0.012230518274009228,-0.07264526188373566,-0.2403744012117386,-0.10620322823524475,0.07153914123773575,0.29563820362091064,0.025395218282938004,0.4311199188232422,-0.24563267827033997,-0.18590094149112701,0.31344595551490784,0.1559431105852127,-0.08475592732429504,-0.15809763967990875,0.3115973174571991,-0.5449521541595459,0.08042813837528229,-0.26882410049438477,-0.15854047238826752,-0.25972649455070496,-0.37515994906425476,-0.026806339621543884,-0.1465570032596588
189.0,-0.3598348796367645,-0.06366194784641266,-0.2618092894554138,-0.10324433445930481,-0.10488017648458481,-0.07120228558778763,-0.09799374639987946,-0.12582096457481384,-0.1042114794254303,-0.022045910358428955,-0.06268855929374695,0.14236675202846527,-0.018924713134765625,-0.054269738495349884,-0.30953773856163025,0.09225109219551086,-0.18453410267829895,0.23134440183639526,-0.05108947306871414,-0.2012939155101776,0.36519813537597656,0.3403061628341675,-0.08833586424589157,0.0736270472407341,0.09269797056913376,0.036545608192682266,-0.3082325756549835,-0.09167104214429855,0.16680505871772766,0.05667557939887047,-0.13880763947963715,0.3957725763320923,-0.22870035469532013,-0.4035797417163849,0.011167479678988457,-0.26509398221969604,-0.36036041378974915,-0.2838226854801178,-0.2394666224718094,0.2016465663909912,-0.17508625984191895,0.08259677141904831,-0.09914830327033997,0.00406339718028903,-0.11187869310379028,-0.25687554478645325,-0.2255907505750656,-0.15400922298431396,0.020160185173153877,-0.24523313343524933,-0.158979132771492,0.12951762974262238,-0.01876727305352688,-0.36781737208366394,-0.3655087351799011,-0.04658877104520798,0.13878358900547028,0.15122371912002563,0.0747726783156395,0.3172153830528259,-0.11680448800325394,0.13635799288749695,-0.05571141093969345,-0.25560030341148376
190.0,-0.1363086849451065,0.2355622947216034,-0.01348925195634365,0.1182689517736435,-0.2190762162208557,0.14183154702186584,-0.1301070749759674,0.0012086788192391396,0.34710341691970825,-0.19997915625572205,-0.20741777122020721,-0.26754140853881836,-0.18567636609077454,0.16982519626617432,0.13596871495246887,-0.016003726050257683,-0.48264577984809875,-0.23486007750034332,0.4899635314941406,0.05019863694906235,0.22179098427295685,0.11045301705598831,-0.00041989609599113464,0.2041584998369217,-0.22012601792812347,0.15003588795661926,0.018125729635357857,0.28534427285194397,0.2022087126970291,0.26751139760017395,-0.2983654737472534,0.29277530312538147,-0.11790430545806885,-0.2315518856048584,0.18609364330768585,-0.0035598454996943474,-0.0008670501410961151,0.2661703824996948,-0.2588103413581848,0.10847434401512146,0.3399119973182678,-0.038016337901353836,-0.3185518980026245,-0.21308590471744537,0.023319009691476822,0.3017762303352356,-0.18594478070735931,-0.15550442039966583,-0.11736354976892471,0.07677987217903137,0.05932372435927391,0.14777833223342896,0.02673787996172905,0.17425453662872314,0.12964141368865967,-0.06438290327787399,0.13136199116706848,-0.21814696490764618,0.06255369633436203,-0.006760120391845703,-0.06996693462133408,-0.6114683151245117,0.04057636111974716,0.002226857468485832
191.0,-0.3285847306251526,-0.2380308359861374,-0.2548125982284546,0.17212922871112823,-0.09128908067941666,-0.08516813814640045,0.043979622423648834,0.11205555498600006,0.10076276957988739,-0.16809849441051483,0.08164779096841812,0.4191173017024994,-0.3950570523738861,-0.3270952105522156,-0.21964053809642792,0.026440102607011795,0.17673873901367188,0.30266115069389343,0.01502944715321064,-0.474183589220047,0.16873608529567719,0.37806278467178345,0.07955583930015564,0.15717509388923645,0.20523162186145782,-0.31627872586250305,0.0006301080575212836,-0.23051506280899048,0.15517064929008484,0.08858579397201538,0.31861329078674316,0.2882990539073944,-0.3257383406162262,0.05007201433181763,0.2597827911376953,0.15502148866653442,-0.24465206265449524,-0.2070191502571106,-0.038336724042892456,0.10952132940292358,0.0027401414699852467,-0.6232874393463135,0.1838245391845703,-0.25345927476882935,0.1998487114906311,-0.05038764327764511,-0.15148013830184937,-0.1619880348443985,0.16537615656852722,-0.1104196086525917,-0.031627725809812546,-0.09522078931331635,-0.3464531898498535,-0.18468798696994781,0.024960558861494064,-0.2421867549419403,0.10463695228099823,-0.08133365213871002,0.15152233839035034,0.030742913484573364,0.002731964224949479,-0.19021590054035187,-0.08453845232725143,-0.22159262001514435
192.0,-0.08682069927453995,-0.2125147581100464,-0.4643383324146271,0.09350957721471786,0.2623441219329834,-0.06837017834186554,0.12045028060674667,-0.14312519133090973,0.1339200884103775,0.08357573300600052,-0.041288651525974274,0.14015980064868927,-0.282396137714386,-0.11250559985637665,-0.17258904874324799,0.006473067216575146,-0.10237545520067215,-0.11270846426486969,-0.09238949418067932,-0.20292209088802338,0.2545650899410248,0.1726124882698059,0.012098923325538635,0.2057209014892578,-0.12478961050510406,-0.4065132141113281,-0.03486063331365585,-0.17470932006835938,0.2959594428539276,0.19856373965740204,-0.07072862982749939,0.44114449620246887,-0.3011123239994049,0.04506746679544449,0.28281068801879883,0.07757197320461273,0.13368472456932068,-0.1943359673023224,-0.44057711958885193,-0.08688382059335709,0.23591771721839905,-0.012929624877870083,0.09795649349689484,-0.2433910369873047,0.07745278626680374,-0.20372097194194794,-0.3982578217983246,0.29766547679901123,0.041594766080379486,-0.18254098296165466,-0.038858260959386826,-0.038429100066423416,-0.10618163645267487,0.17356160283088684,-0.4668920636177063,0.05144963040947914,-0.03728948533535004,-0.06341320276260376,0.03617584705352783,0.2928917407989502,-0.26095080375671387,-0.012459692545235157,0.21588891744613647,-0.36556994915008545
193.0,0.14020536839962006,0.007862634025514126,0.044161781668663025,0.14925235509872437,0.08017483353614807,0.06479959934949875,-0.06531747430562973,0.16681328415870667,-0.04971931502223015,-0.04409530386328697,-0.07922693341970444,-0.27957749366760254,0.0624736063182354,0.16344135999679565,-0.08844360709190369,-0.35269638895988464,-0.275322824716568,-0.001400704262778163,0.11853885650634766,-0.0837230235338211,-0.03776565194129944,-0.1589815318584442,-0.4719645380973816,0.40661537647247314,-0.4681166112422943,-0.2538719177246094,-0.13541561365127563,-0.03153924643993378,0.12410271167755127,0.14974626898765564,0.17604582011699677,0.08448509126901627,0.03510843217372894,0.10093697905540466,0.015417860820889473,-0.17203383147716522,-0.44041791558265686,-0.13697241246700287,-0.00922222901135683,-0.1081618070602417,0.3443206548690796,0.19876694679260254,-0.07945005595684052,-0.18046963214874268,0.40516000986099243,-0.099262535572052,0.06482147425413132,-0.23090696334838867,0.05388285964727402,-0.11528657376766205,-0.021654780954122543,-0.0949462354183197,0.02118748053908348,-0.06395541876554489,0.45705825090408325,-0.05294163152575493,0.07763154804706573,-0.2530224323272705,-0.17809762060642242,-0.013986371457576752,-0.2847119867801666,0.00440826453268528,-0.01389521174132824,-0.08754895627498627
194.0,-0.14865149557590485,0.08980994671583176,0.06388289481401443,0.4206660985946655,-0.3149324953556061,-0.21366265416145325,-0.47189682722091675,0.0007559837540611625,-0.20433460175991058,0.20721493661403656,-0.30862921476364136,-0.2769794762134552,-0.037964336574077606,0.23553408682346344,0.08978355675935745,-0.0413907989859581,-0.3256562352180481,0.3338969051837921,-0.32887470722198486,-0.2422824501991272,-0.008692331612110138,-0.2204868495464325,-0.4756944179534912,-0.025938086211681366,-0.2313302904367447,-0.22372722625732422,-0.38899990916252136,-0.3034419119358063,0.17732752859592438,-0.03625169396400452,0.14261972904205322,0.3295779228210449,-0.15375392138957977,-0.2853909730911255,-0.12965352833271027,-0.2696184515953064,-0.35781827569007874,0.06623461842536926,-0.017350349575281143,0.3001914620399475,-0.00041643762961030006,0.2983952462673187,0.08637355268001556,-0.05273575335741043,0.4056989252567291,-0.13523633778095245,-0.28946083784103394,0.2618013918399811,-0.22141872346401215,0.045037832111120224,0.20829851925373077,0.210924431681633,-0.16585010290145874,-0.1337999552488327,0.1858905851840973,0.226112961769104,-0.17182978987693787,0.1920313984155655,-0.2844506800174713,-0.11220405250787735,0.004609685391187668,0.1665274053812027,0.12318369746208191,-0.1287408024072647
195.0,-0.0848875492811203,0.012206445448100567,0.014288445934653282,0.14337129890918732,-0.038607049733400345,-0.042872510850429535,-0.19187015295028687,-0.10766059905290604,-0.22943873703479767,0.1535339206457138,-0.15392039716243744,-0.021916761994361877,-0.07783227413892746,0.2643320858478546,-0.07318274676799774,-0.19376154243946075,-0.32970425486564636,0.014330434612929821,-0.19704924523830414,-0.12248385697603226,-0.31839555501937866,0.21610918641090393,-0.37360942363739014,0.11912573128938675,-0.15171977877616882,-0.17359329760074615,-0.2242128700017929,-0.25858673453330994,0.20506621897220612,-0.05059552937746048,-0.14473244547843933,0.22503776848316193,0.039346784353256226,-0.030354423448443413,0.2075701355934143,-0.10726737976074219,-0.3804745078086853,0.02811039425432682,-0.004164589568972588,0.17572183907032013,0.12607422471046448,0.22423706948757172,0.1374816745519638,-0.04365938901901245,0.16580256819725037,-0.12432945519685745,-0.21951422095298767,0.06675124913454056,-0.12934809923171997,-0.11811120808124542,-0.13942767679691315,-0.09554510563611984,-0.16161100566387177,-0.25517597794532776,0.1972014158964157,0.17984645068645477,0.018818173557519913,-0.1032482162117958,0.0109004657715559,0.1533827930688858,0.04377395659685135,0.010399753227829933,-0.21268704533576965,-0.15998901426792145
196.0,-0.2897343337535858,-0.07988500595092773,-9.538186714053154e-05,0.09729301929473877,-0.07690593600273132,0.11902738362550735,-0.33396100997924805,0.0426098071038723,-0.11371313035488129,-0.11129417270421982,-0.07169882953166962,0.10184744745492935,-0.28926438093185425,0.12578363716602325,0.07313594222068787,-0.1047750785946846,0.054679468274116516,0.04164911434054375,0.017716431990265846,-0.4316330552101135,0.07787004858255386,0.5883674621582031,-0.14400295913219452,0.053795892745256424,-0.07990328967571259,0.0826038345694542,-0.13981109857559204,-0.44069841504096985,0.2092386782169342,-0.02799861691892147,-0.15293794870376587,0.37574315071105957,-0.06664946675300598,0.04749917984008789,0.358315110206604,-0.2261558175086975,-0.4300702214241028,0.03806658461689949,-0.053992319852113724,0.2437969446182251,-0.05999927222728729,-0.2524312138557434,-0.07657107710838318,0.05871213972568512,0.06492771208286285,-0.2387315332889557,-0.10399793088436127,-0.25413545966148376,0.12681199610233307,-0.11182134598493576,0.02271667681634426,-0.1096428707242012,-0.24012652039527893,-0.5677272081375122,0.19046573340892792,0.015171680599451065,0.1604657769203186,0.40142905712127686,0.055398307740688324,0.3031986951828003,-0.08016826212406158,-0.06291911005973816,0.06354070454835892,0.06247733533382416
197.0,-0.035892244428396225,0.20271290838718414,-0.219281405210495,0.3934541344642639,-0.03330880030989647,9.459070861339569e-05,-0.1584986001253128,-0.21120397746562958,-0.12735232710838318,0.133938267827034,-0.3010823726654053,-0.10358811914920807,0.26698970794677734,0.48052698373794556,0.03304162621498108,-0.14847123622894287,-0.0114032793790102,-0.3847843110561371,-0.13693980872631073,-0.13145658373832703,-0.1429666131734848,-0.03504398837685585,-0.39182451367378235,0.40351518988609314,-0.36154016852378845,0.1840249001979828,0.08087069541215897,-0.010550504550337791,0.05022476986050606,0.15547232329845428,-0.23994386196136475,0.0581447035074234,-0.07203738391399384,0.0739336907863617,0.44010335206985474,0.1635318249464035,-0.1466478407382965,0.020845599472522736,-0.23150058090686798,-0.08268579840660095,0.11081014573574066,-0.08816363662481308,-0.2537144720554352,0.13701428472995758,0.008704060688614845,0.1586882770061493,0.038701966404914856,-0.24108383059501648,0.10556596517562866,0.21701960265636444,-0.1508333832025528,0.09267957508563995,-0.2917807400226593,-0.20374688506126404,0.34314465522766113,-0.14221100509166718,-0.05360553041100502,-0.15886327624320984,-0.2611071467399597,0.17190828919410706,-0.09910809248685837,-0.06165071576833725,0.16889366507530212,0.035497624427080154
198.0,0.05334622785449028,-0.20860475301742554,-0.2434067577123642,0.2249184250831604,-0.01778077706694603,0.15412580966949463,-0.05408012494444847,-0.04257047176361084,-0.105253204703331,-0.11382574588060379,-0.06584417819976807,-0.13133098185062408,0.2600238025188446,-0.24564798176288605,-0.15947449207305908,-0.09334642440080643,-0.2416747659444809,0.2050917148590088,-0.15702737867832184,-0.21397694945335388,-0.3037777841091156,0.19021965563297272,-0.14032740890979767,0.10318677872419357,0.11716190725564957,-0.19801706075668335,-0.22318001091480255,-0.2871968448162079,0.14265301823616028,0.010104869492352009,-0.20356415212154388,0.08785604685544968,0.033080123364925385,-0.08757644891738892,0.260780930519104,-0.11972250789403915,-0.40900835394859314,-0.3763120770454407,0.05390286445617676,0.15751920640468597,-0.025167688727378845,-0.04490046575665474,0.2477429062128067,-0.11940338462591171,-0.0835697203874588,-0.22111447155475616,-0.051095835864543915,-0.21388980746269226,0.3126886487007141,-0.5339855551719666,-0.11360732465982437,0.25111275911331177,0.10177673399448395,-0.1269627809524536,-0.0121523542329669,-0.040212951600551605,-0.26498788595199585,0.29347753524780273,0.08067811280488968,0.11161123961210251,0.043362490832805634,0.09131933003664017,-0.12578196823596954,-0.21459969878196716
199.0,-0.25650155544281006,-0.27668994665145874,0.11008662730455399,0.3241958022117615,-0.12047895789146423,0.17268763482570648,-0.1479235291481018,0.17810435593128204,-0.17484450340270996,-0.17533574998378754,-0.30513906478881836,-0.23227021098136902,-0.3276761472225189,0.1092120110988617,0.22123076021671295,-0.40345776081085205,0.2539018988609314,-0.23809963464736938,-0.19318564236164093,0.044680774211883545,-0.13801780343055725,-0.09638326615095139,0.016328679397702217,0.15017546713352203,-0.33011165261268616,-0.08221853524446487,-0.1248386800289154,-0.12319734692573547,-0.1402798593044281,0.06977496296167374,-0.058230262249708176,0.25529056787490845,0.2689475119113922,0.14902475476264954,0.15309979021549225,0.2312205582857132,-0.18999113142490387,0.16339054703712463,-0.2005370706319809,-0.011958095245063305,0.2546401023864746,0.05436595529317856,-0.10297294706106186,-0.02059895545244217,0.3857215940952301,0.19010204076766968,0.15566617250442505,-0.38695889711380005,0.2944011688232422,-0.08756876736879349,0.18528790771961212,-0.1956031620502472,-0.25290173292160034,-0.0014504017308354378,0.4656633138656616,-0.035396210849285126,0.0481489822268486,0.12296409904956818,-0.22994449734687805,0.19431526958942413,-0.09004220366477966,-0.08201464265584946,0.015232670120894909,0.10913906246423721
200.0,0.2168933004140854,0.10266124457120895,-0.11594124138355255,0.26291805505752563,-0.037417177110910416,0.05488720163702965,0.07923831045627594,0.1754615157842636,0.14867497980594635,-0.15262968838214874,-0.08588401973247528,-0.1562766283750534,-0.03231925144791603,-0.022625040262937546,-0.19160757958889008,-0.16115932166576385,-0.12336629629135132,-0.47119712829589844,-0.2460322082042694,0.09132763743400574,-0.07042603939771652,-0.0511111319065094,-0.18115071952342987,0.5177879929542542,-0.004835700616240501,0.10123269259929657,-0.2398185282945633,0.32763200998306274,-0.07189685106277466,0.22728434205055237,0.08871377259492874,0.24887458980083466,0.29276368021965027,0.08640991896390915,0.2202138751745224,0.23165883123874664,-0.016336742788553238,0.3376440405845642,-0.41120031476020813,0.03703802451491356,0.407499760389328,-0.1428108662366867,-0.35312196612358093,-0.26914268732070923,0.1297568529844284,0.09943263977766037,0.28530797362327576,-0.20060953497886658,0.335967481136322,-0.08513204008340836,-0.33522841334342957,0.04735911637544632,-0.028871610760688782,-0.13473738729953766,-0.054362375289201736,-0.03395981341600418,-0.2511734068393707,-0.5298700332641602,0.03694494068622589,-0.022498194128274918,-0.07535649836063385,-0.22337645292282104,-0.2714713215827942,0.0864277184009552
201.0,0.15986360609531403,0.09720196574926376,0.1355370134115219,0.28053995966911316,-0.11131412535905838,0.07309969514608383,-0.17962972819805145,0.06554397195577621,-0.04559434950351715,0.014282513409852982,-0.15797705948352814,-0.09097930788993835,-0.03346884995698929,0.17012982070446014,-0.004378248937427998,-0.011240196414291859,-0.2088461071252823,0.0019521014764904976,0.2308519184589386,-0.09638993442058563,-0.001093405531719327,-0.11016233265399933,-0.3192480206489563,0.20116224884986877,-0.18100760877132416,-0.410860151052475,-0.3961293399333954,-0.2396586835384369,-0.027305973693728447,-0.05138096213340759,0.14151784777641296,0.22705215215682983,-0.006383323576301336,-0.029321813955903053,0.10950864106416702,-0.28919580578804016,-0.45294278860092163,0.22288139164447784,-0.2691330909729004,0.2772003412246704,0.15563341975212097,0.026549819856882095,-0.1516137421131134,-0.1364210546016693,0.38308459520339966,0.02437480166554451,0.0157756544649601,-0.17180535197257996,0.24212615191936493,-0.3197460472583771,-0.20827043056488037,-0.05471380427479744,0.006857139058411121,-0.06757374107837677,0.2934589385986328,0.19143332540988922,0.10939311236143112,-0.3365398347377777,0.11567375063896179,-0.0023485017009079456,-0.13911911845207214,0.035711757838726044,-0.20117174088954926,-0.08264444023370743
202.0,-0.23370099067687988,0.021948860958218575,-0.1989414393901825,0.2968961298465729,-0.058073997497558594,-0.07780901342630386,0.004298192914575338,0.09408503770828247,-0.17342515289783478,-0.011928588151931763,-0.31629469990730286,0.08452368527650833,-0.1539524644613266,0.10460861027240753,0.07041015475988388,-0.07107958942651749,0.14515544474124908,0.009290817193686962,-0.06996176391839981,-0.16878552734851837,-0.10115101933479309,-0.0034536931198090315,0.020614245906472206,0.1761595457792282,-0.11373068392276764,0.06760016083717346,-0.03342593461275101,-0.12283623218536377,0.1487002670764923,-0.05616825819015503,-0.5506213307380676,0.30678242444992065,-0.12303374707698822,0.1452610045671463,0.011934363283216953,0.17232872545719147,-0.15795157849788666,0.06514708697795868,-0.07939443737268448,0.17030330002307892,0.01097075641155243,-0.031887639313936234,0.06939565390348434,-0.024543356150388718,0.2939922511577606,-0.16580647230148315,-0.15927407145500183,-0.2629602551460266,0.019832346588373184,-0.30615875124931335,0.07686376571655273,0.17539583146572113,-0.0755167156457901,-0.33060920238494873,-0.10489737242460251,-0.07319242507219315,0.1150520071387291,0.12263765931129456,-0.21421188116073608,-0.025175834074616432,-0.2325923591852188,0.10659864544868469,-0.04816168174147606,-0.19870798289775848
203.0,0.15239714086055756,0.14808999001979828,-0.2940877079963684,0.09188765287399292,0.07676072418689728,0.18224990367889404,-0.21824237704277039,-0.17627301812171936,-0.03882898390293121,0.09487123042345047,0.05673234909772873,0.12133552879095078,0.12272129952907562,0.08302805572748184,-0.16175371408462524,-0.12925735116004944,-0.15618456900119781,-0.10410743951797485,0.009806988760828972,-0.050659384578466415,-0.12076269835233688,0.15707159042358398,-0.15111078321933746,0.3024798333644867,0.05445161089301109,0.0031945183873176575,0.19012297689914703,-0.06019105389714241,0.05563557893037796,-0.5432918667793274,0.34444260597229004,-0.07028008997440338,-0.16217243671417236,-0.10767369717359543,-0.008426429703831673,0.15387357771396637,-0.2773578464984894,0.03295105695724487,0.07282932847738266,0.16566726565361023,0.09416709840297699,-0.22364723682403564,0.21032468974590302,-0.4916388690471649,-0.1399490237236023,0.15523934364318848,0.0029943445697426796,-0.09899266064167023,0.22602315247058868,-0.49276846647262573,-0.3422069549560547,0.14248742163181305,0.16536609828472137,-0.2847805619239807,0.1445826292037964,0.04938480630517006,0.20005205273628235,-0.1440449357032776,-0.15115469694137573,0.052428990602493286,0.20175701379776,-0.016037384048104286,-0.06350908428430557,-0.08346644788980484
204.0,-0.059210967272520065,-0.19534297287464142,-0.3322959542274475,0.31438344717025757,0.12127833068370819,0.09518814086914062,-0.16873100399971008,-0.12908333539962769,-0.06824254989624023,-0.04339732229709625,-0.24332022666931152,0.11185679584741592,-0.1548633724451065,-0.2961699664592743,-0.1943119317293167,-0.03173485025763512,0.0630977600812912,0.06740690022706985,-0.08986134082078934,-0.1640310287475586,-0.3431168496608734,0.4865337908267975,-0.10176629573106766,-0.052615344524383545,-0.31277188658714294,-0.12373751401901245,0.04047970101237297,-0.41206029057502747,0.17591148614883423,-0.26796209812164307,-0.3113330900669098,0.369559109210968,-0.3093872666358948,-0.018254607915878296,0.5111872553825378,0.007031980436295271,-0.2665717601776123,-0.3462667465209961,-0.060103707015514374,0.196816548705101,0.1941210925579071,-0.26097631454467773,0.1900668740272522,-0.15851885080337524,0.014263743534684181,-0.16412192583084106,-0.2792520225048065,-0.23030732572078705,0.0588609017431736,-0.3849981725215912,-0.018710097298026085,0.07951734215021133,-0.2463909387588501,-0.14735646545886993,0.08628189563751221,-0.04402196779847145,0.015635492280125618,0.2025100141763687,0.12761305272579193,0.32070791721343994,0.03405669704079628,-0.0786614790558815,-0.02529144287109375,-0.005983393639326096
205.0,-0.2302677184343338,-0.02254999615252018,-0.4407058358192444,0.21395383775234222,0.020201241597533226,-0.04270706698298454,-0.012904555536806583,-0.35105544328689575,-0.27460262179374695,0.15165911614894867,-0.032950885593891144,0.044430285692214966,0.04721673205494881,-0.06635721027851105,-0.3881476819515228,-0.1803489327430725,-0.2319505363702774,-0.0713721364736557,-0.16933083534240723,-0.02654932253062725,-0.2701496481895447,0.15303194522857666,-0.12063296139240265,0.007335588335990906,-0.22028255462646484,-0.25526154041290283,-0.2312779575586319,-0.05652100592851639,0.01799209974706173,-0.0046301307156682014,-0.1304357647895813,0.12360230088233948,-0.20821328461170197,-0.22721470892429352,0.281383216381073,0.18830575048923492,-0.05342154949903488,-0.10464510321617126,-0.16670642793178558,0.12619082629680634,0.502460777759552,-0.004669409245252609,-0.09228646755218506,-0.3620724081993103,0.029829945415258408,-0.061882440000772476,-0.24674572050571442,-0.09860419481992722,-0.05083724111318588,-0.16961899399757385,-0.10754787176847458,0.09125413000583649,0.019507717341184616,0.16091316938400269,-0.08434607833623886,0.09194453805685043,0.08148107677698135,-0.36142680048942566,0.06996409595012665,-0.006921447813510895,-0.0030192751437425613,-0.19161055982112885,-0.2523925006389618,-0.0782444104552269
206.0,-0.21318461000919342,-0.0912751629948616,-0.28787994384765625,0.26199468970298767,-0.08247719705104828,0.10062117874622345,-0.5571708679199219,-0.17512604594230652,-0.076600581407547,0.2247169464826584,-0.3377653658390045,-0.010677154175937176,-0.23687556385993958,0.19130335748195648,-0.09591946750879288,-0.18363547325134277,0.04064325615763664,-0.145750030875206,-0.08313582837581635,0.11609853804111481,0.20536759495735168,-0.04402591288089752,-0.12232004106044769,0.19259698688983917,-0.1819397509098053,-0.30076268315315247,-0.24342669546604156,-0.07226678729057312,0.17493996024131775,-0.15749314427375793,0.3522021472454071,0.3156229853630066,-0.1024051308631897,-0.25966185331344604,-0.10732081532478333,0.27074992656707764,-0.12649992108345032,0.1821994036436081,-0.22451668977737427,-0.05280106142163277,0.15918244421482086,0.0758192166686058,0.12056244164705276,-0.36736607551574707,0.2773103713989258,0.06233125180006027,-0.047125980257987976,-0.1107342541217804,0.13214534521102905,-0.11149332672357559,-0.018389243632555008,-0.15598061680793762,-0.06852210313081741,-0.039406780153512955,-0.02094961516559124,0.3576960861682892,0.11720573902130127,0.13710236549377441,-0.4330523610115051,0.12589222192764282,-0.15880724787712097,0.0992155522108078,-0.0364319309592247,0.09432368725538254
207.0,0.013300232589244843,0.4046146869659424,0.07674124836921692,0.038619495928287506,-0.12693145871162415,0.062051400542259216,-0.1681080013513565,-0.35733917355537415,-0.1138044223189354,0.1152946725487709,-0.12978112697601318,0.14457868039608002,-0.05797524377703667,0.48536416888237,-0.006373371928930283,-0.2837151885032654,-0.1820838451385498,-0.11140017956495285,0.2732881009578705,-0.13877111673355103,-0.1247391626238823,0.14754319190979004,-0.11229563504457474,0.17088370025157928,0.04023328796029091,-0.057957723736763,0.22995616495609283,0.12857532501220703,0.15447980165481567,-0.5340461134910583,-0.3319438397884369,0.4153690040111542,-0.01640837825834751,-0.0704750120639801,0.40700089931488037,0.3188909888267517,-0.09712487459182739,-0.09849748015403748,-0.08676280081272125,0.16878864169120789,0.20264293253421783,-0.13604256510734558,0.0607755221426487,-0.16949696838855743,0.058020055294036865,0.24934899806976318,-0.46703895926475525,0.021862518042325974,-0.1873938888311386,-0.24195116758346558,-0.3984542787075043,-0.1892920732498169,-0.21877285838127136,-0.32675936818122864,-0.18218819797039032,0.32903626561164856,0.24318882822990417,-0.36611470580101013,-0.035415709018707275,0.4669802188873291,0.18891984224319458,-0.18160125613212585,-0.16645346581935883,-0.2676839232444763
208.0,-0.4927412271499634,-0.11081160604953766,-0.2645938992500305,0.25218865275382996,0.21253925561904907,-0.0026259655132889748,0.14125250279903412,-0.130323588848114,-0.1982649564743042,0.07954436540603638,0.042929861694574356,0.3391116261482239,-0.11114120483398438,0.3106747269630432,0.037636056542396545,-0.08140362799167633,0.20749594271183014,-0.00495553482323885,-0.3087681531906128,-0.23645924031734467,-0.089020736515522,-0.06979796290397644,0.08741186559200287,0.14658981561660767,-0.21014057099819183,-0.12033947557210922,-0.12740957736968994,-0.3773207366466522,0.09000950306653976,0.19165535271167755,-0.37099048495292664,0.04969250038266182,-0.09131132811307907,0.15626738965511322,0.2037787288427353,0.09092869609594345,-0.10171020030975342,0.043805141001939774,-0.578610897064209,0.027484333142638206,-0.029757563024759293,-0.09892557561397552,0.15686213970184326,-0.10506310313940048,0.3048543334007263,-0.30588361620903015,-0.009578808210790157,-0.05837545171380043,0.2162308692932129,-0.13928435742855072,0.07373522967100143,0.15271443128585815,-0.19079414010047913,-0.23583264648914337,-0.033424265682697296,-0.13338220119476318,0.16525675356388092,0.30868393182754517,-0.11187072843313217,-0.059635940939188004,-0.010484129190444946,0.06483374536037445,0.0865786001086235,-0.140741765499115
209.0,-0.12761498987674713,0.16778728365898132,0.13559943437576294,0.36119845509529114,-0.04339129477739334,0.09197665750980377,-0.02259359508752823,-0.06329785287380219,-0.13162152469158173,-0.001732350792735815,-0.04837780073285103,0.16833876073360443,-0.14321361482143402,0.29860714077949524,0.16022060811519623,-0.2772296965122223,0.31331419944763184,0.030016658827662468,-0.03915916383266449,-0.14907291531562805,0.040952589362859726,-0.173475444316864,-0.48159655928611755,0.28467297554016113,-0.16928255558013916,-0.2316710501909256,0.008661639876663685,-0.2568838894367218,-0.060632772743701935,-0.18086132407188416,-0.09841327369213104,0.23945944011211395,-0.3678715229034424,0.10454767197370529,0.08822701871395111,0.058809373527765274,-0.3652704656124115,0.1045379638671875,-0.4221682846546173,0.481374591588974,0.11701585352420807,-0.1322828233242035,0.00818411260843277,-0.17672516405582428,0.49492332339286804,0.20147818326950073,-0.25037822127342224,-0.195925772190094,0.13277402520179749,-0.5573924779891968,-0.31977716088294983,-0.04026564210653305,-0.26270487904548645,-0.350029855966568,0.20465238392353058,-0.09234537929296494,0.357997328042984,-0.2594965696334839,0.026999816298484802,0.37800315022468567,0.12957610189914703,-0.055629633367061615,-0.10639134794473648,-0.14990779757499695
210.0,-0.00855762418359518,-0.12887227535247803,0.002306899521499872,0.5809621214866638,-0.23126251995563507,0.14334116876125336,-0.3011032044887543,0.28708168864250183,-0.021631363779306412,-0.4215724468231201,-0.29370105266571045,-0.296188086271286,-0.2380893975496292,-0.10626073181629181,0.20192953944206238,-0.00170969869941473,0.03930440545082092,-0.11340778321027756,-0.25058305263519287,0.19869372248649597,-0.07283660769462585,-0.08037097752094269,0.17085152864456177,0.12193122506141663,-0.1821160614490509,0.2849891185760498,-0.1791057139635086,-0.07421751320362091,0.03033272735774517,-0.1700163036584854,-0.04132968932390213,0.40167686343193054,0.19259679317474365,-0.18991303443908691,0.05958820506930351,0.44569534063339233,-0.11769555509090424,0.3642132580280304,-0.11938464641571045,0.19517196714878082,0.3194464147090912,-0.012806051410734653,-0.15863294899463654,0.26617372035980225,0.1114177405834198,0.0880557969212532,0.09121254086494446,-0.27717480063438416,0.24969983100891113,-0.03727829083800316,0.047247935086488724,0.2489093542098999,-0.15663695335388184,-0.25806114077568054,0.3060249388217926,0.186611607670784,-0.2906114161014557,-0.15643210709095,-0.06559304893016815,-0.20182470977306366,-0.2968386709690094,-0.12641671299934387,-0.025845967233181,0.05889767035841942
211.0,-0.08607576042413712,0.004190589301288128,-0.43205875158309937,0.1654750257730484,-0.21684646606445312,0.20398269593715668,-0.3728052079677582,-0.029087156057357788,-0.09095630794763565,0.3779197633266449,-0.07970337569713593,-0.10461162030696869,0.06904049962759018,0.37307876348495483,0.22188575565814972,-0.09139754623174667,-0.24108177423477173,-0.10673403739929199,0.4079746901988983,0.07180006057024002,-0.26070576906204224,-0.07707104831933975,0.14450904726982117,0.015843629837036133,-0.31610623002052307,-0.22288422286510468,0.060352474451065063,-0.1913740187883377,0.3441438674926758,-0.07350973039865494,-0.28995999693870544,0.17481288313865662,0.0754227414727211,-0.07988455146551132,0.3437538146972656,0.17362068593502045,-0.22718916833400726,0.27927398681640625,-0.22418273985385895,-0.020538346841931343,0.04168230667710304,-0.0818357989192009,0.22271567583084106,-0.22651982307434082,0.11050090938806534,-0.14986099302768707,-0.08644483983516693,0.12031968683004379,0.21848824620246887,-0.30022862553596497,-0.12642787396907806,0.3415553569793701,0.15966351330280304,-0.16271895170211792,-0.06528350710868835,0.2525085508823395,-0.038338061422109604,0.22615104913711548,-0.14219333231449127,-0.19533920288085938,-0.22128890454769135,-0.17573118209838867,-0.004655363038182259,-0.17521634697914124
212.0,0.15836478769779205,0.09567732363939285,-0.2599495053291321,0.1819898784160614,-0.26255983114242554,-0.1319584995508194,-0.18758927285671234,0.032836321741342545,0.036110199987888336,0.1865718513727188,-0.10979750752449036,-0.207098126411438,0.269989550113678,-0.022682756185531616,0.022293366491794586,-0.23907698690891266,0.022834820672869682,-0.04435591399669647,-0.05614614114165306,-0.43067502975463867,0.10204904526472092,0.014133738353848457,-0.17171132564544678,0.24539116024971008,0.03181134909391403,-0.026904165744781494,-0.022986410185694695,0.09642022103071213,0.10311102122068405,-0.10946764051914215,0.30044522881507874,0.16748914122581482,-0.06411895900964737,0.10105586796998978,0.2363632470369339,0.203226700425148,-0.03282387927174568,0.1182301715016365,0.09564720839262009,0.2734093964099884,0.2553282678127289,-0.3321918845176697,-0.3179725706577301,-0.1904492974281311,0.16501085460186005,-0.035732511430978775,-0.2186916172504425,-0.04470909759402275,0.04924553260207176,-0.09313417226076126,0.016966627910733223,0.2450951486825943,0.003528646659106016,-0.15797564387321472,-0.006308776326477528,-0.21872161328792572,-0.12160184979438782,0.02694494090974331,-0.12186802923679352,0.05445118993520737,0.018874766305088997,0.08354026824235916,0.04843762516975403,0.014557075686752796
213.0,-0.04738222435116768,0.13155081868171692,0.30341196060180664,-0.12454152852296829,-0.2326638549566269,0.09884828329086304,-0.10520431399345398,0.15687017142772675,1.5133875422179699e-05,0.06543990224599838,-0.2886902391910553,-0.09307526051998138,-0.3777931034564972,0.1867872029542923,-0.0023100622929632664,0.07550643384456635,-0.27045753598213196,-0.30041632056236267,0.13768555223941803,-0.3372184634208679,-0.20338676869869232,0.18348480761051178,0.24097882211208344,-0.1522568166255951,-0.3271632790565491,0.19218116998672485,0.05156069993972778,0.053653206676244736,0.04632478207349777,-0.12305695563554764,-0.24537409842014313,0.6331289410591125,0.2720574736595154,-0.029426880180835724,0.4092773199081421,0.06200040131807327,-0.18210548162460327,0.2274179905653,-0.01353457197546959,0.27609676122665405,0.2930136024951935,-0.11782319098711014,-0.05299263820052147,-0.2636096179485321,0.1826014369726181,-0.11512528359889984,-0.14017899334430695,0.07983379065990448,-0.055352743715047836,-0.09834325313568115,0.06434347480535507,-0.07339813560247421,-0.33226773142814636,-0.4859110713005066,-0.05479886382818222,0.1720496565103531,0.20940887928009033,0.14151088893413544,0.022427275776863098,0.1435641199350357,0.09152839332818985,-0.26256534457206726,0.08713608235120773,0.003765636356547475
214.0,-0.12040837854146957,-0.06815965473651886,-0.26496949791908264,0.06444622576236725,0.10057581961154938,-0.1558108627796173,-0.0069512976333498955,0.021551834419369698,-0.01912589557468891,-0.09900684654712677,0.01891530305147171,0.05967448651790619,-0.1339053213596344,-0.0794048085808754,0.08217925578355789,-0.30820560455322266,-0.12687478959560394,0.07480091601610184,-0.029811613261699677,0.0016711308853700757,-0.13855870068073273,-0.04602043330669403,-0.17148937284946442,0.26382091641426086,-0.4028589129447937,-0.24577148258686066,-0.07111375778913498,-0.268304705619812,0.1367335170507431,0.1853594183921814,0.22954161465168,0.01620515063405037,-0.3323832154273987,0.039850980043411255,-0.048100102692842484,-0.12472253292798996,-0.3745677173137665,-0.09135149419307709,-0.13942095637321472,-0.10235483944416046,0.3077806234359741,0.0493796207010746,0.1470094621181488,-0.47203871607780457,0.26446986198425293,-0.10960625857114792,-0.0174365546554327,-0.15594837069511414,0.1986696720123291,-0.33300453424453735,0.12333212047815323,0.15368065237998962,0.10778621584177017,0.12829209864139557,0.42261403799057007,-0.1764235645532608,-0.009821873158216476,0.16954462230205536,-0.24194420874118805,-0.2600758671760559,-0.2820691764354706,-0.2641202509403229,0.1848151534795761,-0.22760339081287384
215.0,-0.41224807500839233,-0.0974399670958519,-0.17565186321735382,0.4112893342971802,-0.03320757672190666,-0.061419468373060226,-0.19424749910831451,-0.0013074356829747558,-0.060944296419620514,-0.08295958489179611,-0.2109430879354477,-0.09090545773506165,-0.34995901584625244,0.03840964287519455,-0.1036791130900383,-0.023779764771461487,-0.046172793954610825,-0.14382387697696686,-0.5734118819236755,-0.2716013193130493,0.04920987784862518,-0.05264188349246979,-0.25278303027153015,0.16109105944633484,-0.1248781681060791,-0.2196229100227356,-0.12673552334308624,-0.13472899794578552,0.011217797175049782,0.16316477954387665,0.30289921164512634,0.19793079793453217,-0.2532620131969452,-0.1549944132566452,-0.10567886382341385,0.2658061385154724,-0.2001187950372696,-0.14219100773334503,-0.015174152329564095,-0.08352387696504593,0.10794845968484879,-0.05577508732676506,0.15517763793468475,-0.20682722330093384,0.23282966017723083,0.02609390579164028,0.09985771775245667,-0.1921522617340088,0.013862432911992073,0.13488930463790894,0.19582948088645935,-0.23612090945243835,-0.42276257276535034,-0.07697970420122147,0.2805763781070709,0.08814306557178497,0.10545918345451355,-0.07650299370288849,-0.4363210201263428,0.22929103672504425,-0.014673932455480099,0.0248943530023098,0.20535722374916077,-0.12914979457855225
216.0,0.03834335133433342,0.3215535879135132,-0.11086297035217285,0.2803856432437897,0.26843971014022827,-0.0503857359290123,-0.004106155596673489,-0.3867177367210388,0.17491582036018372,0.04018884524703026,-0.04002615809440613,0.07623692601919174,0.31073883175849915,0.31896957755088806,-0.0782194659113884,0.1571962833404541,-0.27238771319389343,-0.07768532633781433,-0.1750876009464264,-0.2739943563938141,0.016931165009737015,-0.3213297128677368,-0.3091530501842499,0.2844240367412567,-0.07494591176509857,-0.3437315821647644,-0.35039007663726807,-0.19594314694404602,0.2486725002527237,0.032508909702301025,-0.009573056362569332,-0.07233546674251556,-0.417367160320282,-0.2290034145116806,0.03710605204105377,0.10821503400802612,-0.03770994395017624,-0.13328850269317627,-0.3257389962673187,0.0732627585530281,0.1943245232105255,-0.03660350292921066,-0.012012304738163948,-0.10788419097661972,0.28074467182159424,-0.29862526059150696,-0.12925837934017181,-0.167843297123909,-0.0797126442193985,0.0029477612115442753,0.01962876319885254,0.0531061552464962,-0.07552015036344528,-0.06100190430879593,0.08351822197437286,0.24156507849693298,0.11868338286876678,-0.08464241027832031,-0.09010656923055649,0.008259259164333344,0.016496922820806503,0.05669666826725006,0.01976073533296585,-0.03801199048757553
217.0,-0.0648680031299591,0.09562258422374725,-0.14260372519493103,0.6070595979690552,-0.004354003816843033,-0.186479389667511,0.014616192318499088,-0.11149295419454575,-0.2654857635498047,0.19348174333572388,-0.11229585111141205,-0.12467794865369797,0.058398887515068054,0.17395900189876556,0.0598163977265358,-0.07046282291412354,0.05572284013032913,0.0283907912671566,-0.489291787147522,-0.4007001221179962,-0.42383018136024475,-0.09339788556098938,-0.40733352303504944,0.007343830540776253,-0.38228094577789307,0.2816145122051239,0.09193670749664307,-0.16837170720100403,0.015683960169553757,0.24222925305366516,-0.21714669466018677,0.17030145227909088,-0.18534164130687714,0.0753222331404686,0.23050373792648315,0.28649893403053284,0.10071463137865067,-0.09376800060272217,-0.0737745389342308,0.27370551228523254,0.23564951121807098,-0.1260991096496582,0.07545412331819534,0.031233971938490868,0.11407146602869034,-0.010807855054736137,-0.21301817893981934,0.09653899073600769,-0.0929674431681633,0.09655515104532242,0.022458864375948906,0.3395046293735504,-0.6331465840339661,-0.302168071269989,0.19194793701171875,-0.1634482443332672,-0.1267319917678833,0.08062182366847992,-0.2349778711795807,0.2400064319372177,0.1229884997010231,0.22906850278377533,0.4658093750476837,-0.153510183095932
218.0,0.1709388792514801,0.24278271198272705,0.11587084084749222,-0.17253753542900085,-0.1905420869588852,0.03540034219622612,0.09594254940748215,0.25667938590049744,0.0631960779428482,-0.0828205794095993,-0.058904487639665604,-0.05861953645944595,-0.022257613018155098,-0.06647497415542603,-0.04094172269105911,0.024308403953909874,-0.1997082233428955,-0.1914316862821579,0.09172753244638443,-0.3376714587211609,-0.09464378654956818,0.14078643918037415,-0.05504040792584419,0.028935998678207397,-0.017475787550210953,0.2771452069282532,0.2168734222650528,0.05689254775643349,0.050199564546346664,-0.01836337521672249,-0.0579703114926815,0.2886093258857727,-0.09701833873987198,0.08000735193490982,0.15145215392112732,-0.08184623718261719,-0.3872809112071991,0.1481565684080124,0.24920377135276794,0.36357104778289795,0.1704784631729126,-0.17879897356033325,-0.08377391844987869,-0.2818378806114197,0.054519444704055786,-0.10234157741069794,-0.1262712925672531,-0.12052575498819351,0.041077811270952225,-0.36942437291145325,-0.09651997685432434,0.15470951795578003,-0.006504612509161234,-0.4795035719871521,0.0499894879758358,-0.23793445527553558,0.14666059613227844,-0.0007282509468495846,0.023511970415711403,-0.014520243741571903,-0.14710991084575653,-0.337249755859375,0.07627152651548386,-0.14757747948169708
219.0,0.1314360648393631,0.11037760972976685,-0.3591347634792328,0.3916550874710083,0.10132654756307602,0.22057564556598663,-0.29888877272605896,-0.10188794136047363,-0.006207683123648167,-0.015519361943006516,0.02419227734208107,-0.26888036727905273,0.2850547134876251,0.028388245031237602,-0.4069913327693939,-0.16342155635356903,-0.5758938789367676,0.0821920856833458,-0.11444541811943054,-0.27552103996276855,0.06380540877580643,0.12153246998786926,-0.6161131262779236,0.31366845965385437,-0.012680819258093834,-0.31320393085479736,-0.30412912368774414,-0.19975075125694275,0.26545849442481995,0.10712235420942307,0.10726161301136017,0.07756410539150238,-0.10913033038377762,-0.16986355185508728,0.20783069729804993,-0.41637173295021057,-0.42036664485931396,-0.2954941689968109,-0.2151983380317688,0.046600259840488434,0.06376674771308899,-0.059857215732336044,-0.01760033145546913,-0.36166054010391235,0.04884845018386841,-0.1355724036693573,0.030255429446697235,-0.13509400188922882,0.22813616693019867,-0.21184293925762177,-0.23498857021331787,0.1323946863412857,0.05495310202240944,-0.08533845096826553,0.09776308387517929,-0.0011793316807597876,-0.029850145801901817,-0.0446031354367733,-0.12628667056560516,0.26401659846305847,-0.11895160377025604,0.07559135556221008,0.1437843292951584,-0.13090015947818756
220.0,-0.2121935933828354,-0.2212686687707901,-0.16139760613441467,0.05563846230506897,-0.03476898372173309,-0.030986502766609192,-0.39334094524383545,0.04282121732831001,-0.215631902217865,0.3153263330459595,0.04926201328635216,-0.11677853763103485,-0.32197052240371704,-0.10939820110797882,-0.19695018231868744,-0.03234654664993286,-0.17522232234477997,0.10156577825546265,-0.2626446783542633,-0.06146444380283356,-0.05384695902466774,0.35067570209503174,-0.4278968572616577,-0.0010461416095495224,-0.4382069408893585,0.07890962809324265,-0.2889622151851654,-0.13367706537246704,-0.00426235469058156,0.2766275405883789,0.5517864227294922,0.16834349930286407,-0.12776300311088562,-0.14084380865097046,-0.06112031638622284,-0.3199903666973114,-0.27781084179878235,0.1539023071527481,-0.019152415916323662,0.3323165774345398,0.14698348939418793,0.02264057658612728,0.021372785791754723,-0.4321601986885071,-0.01026918739080429,-0.0776255801320076,0.14261272549629211,0.2672540247440338,-0.031089575961232185,-0.05151442438364029,0.0006064446642994881,0.09432367980480194,-0.17293769121170044,-0.2518159747123718,0.10799425840377808,-0.004885162226855755,0.10140258073806763,0.06176496297121048,0.0401848740875721,0.15149840712547302,0.33050066232681274,0.18040362000465393,0.018038310110569,0.08855566382408142
221.0,-0.20866209268569946,0.17584875226020813,0.021513929590582848,0.13943453133106232,-0.0688786655664444,-0.316935271024704,-0.0977327972650528,-0.18252834677696228,-0.276401162147522,-0.0966547504067421,-0.12706126272678375,0.17102111876010895,-0.1155586987733841,0.2346479892730713,-0.0019169130828231573,-0.05071678385138512,0.14620253443717957,-0.29806387424468994,-0.6543049216270447,0.037618279457092285,-0.1084943488240242,-0.1304977387189865,-0.421175092458725,0.44826802611351013,-0.2244175225496292,0.07505042105913162,-0.39052367210388184,-0.22240763902664185,-0.1495477259159088,0.2940763533115387,0.2679954469203949,0.1718803346157074,-0.15672560036182404,-0.04562545195221901,0.14960576593875885,0.01249459758400917,-0.45049846172332764,0.08847502619028091,-0.3052559792995453,0.03571565821766853,0.13690581917762756,0.03197266906499863,-0.18477511405944824,0.025513634085655212,0.1480208784341812,-0.09378527849912643,0.2983834743499756,-0.13976101577281952,0.2753288745880127,-0.01815369352698326,-0.2348286211490631,-0.14604099094867706,-0.16429199278354645,-0.43112432956695557,0.2071647047996521,0.13189579546451569,-0.21491357684135437,-0.3171927332878113,-0.09604395180940628,-0.12041222304105759,-0.13213619589805603,-0.20875485241413116,-0.2369033545255661,-0.03015551157295704
222.0,0.04229956492781639,-0.19815146923065186,-0.3167993426322937,0.49666351079940796,0.15201285481452942,0.26693546772003174,-0.20627936720848083,-0.1756190061569214,-0.19567839801311493,0.46150848269462585,-0.040497343987226486,-0.04415823146700859,0.431731641292572,0.42319777607917786,0.10597851872444153,-0.3245087265968323,-0.22054652869701385,0.0002443557605147362,-0.04350462555885315,-0.07335346192121506,-0.25247809290885925,-0.09579235315322876,-0.37237775325775146,0.20208817720413208,-0.10080505162477493,-0.24031849205493927,-0.14516614377498627,-0.36452269554138184,0.22003424167633057,0.14733295142650604,0.10286089777946472,-0.2882733643054962,-0.22393636405467987,0.1512710154056549,0.36229047179222107,0.2855723798274994,0.09126617759466171,0.05443231388926506,-0.14394840598106384,0.35758498311042786,0.19130997359752655,-0.4056941270828247,0.03703441098332405,-0.29746517539024353,0.16589611768722534,0.003917076624929905,0.0558154359459877,0.31602177023887634,0.196843221783638,0.012623637914657593,-0.22164945304393768,0.35555917024612427,-0.12852753698825836,-0.1434790939092636,0.282662570476532,-0.17203876376152039,-0.05119306594133377,-0.11994375288486481,-0.24835063517093658,-0.18939222395420074,0.3129487633705139,0.2704559564590454,0.24998562037944794,-0.048704639077186584
223.0,-0.04995036870241165,0.16735778748989105,0.11542584747076035,-0.0445953831076622,-0.024155037477612495,-0.06133851781487465,-0.004026478156447411,-0.09138582646846771,0.11134185642004013,0.1667977273464203,-0.16654179990291595,0.08256157487630844,-0.03310198709368706,0.16444602608680725,-0.14368665218353271,0.18549148738384247,-0.20745357871055603,-0.08404044806957245,0.161054328083992,-0.2816482484340668,-0.012406988069415092,0.06138569861650467,-0.18067128956317902,0.07291270047426224,-0.299775630235672,-0.20032203197479248,-0.31116944551467896,-0.05263978987932205,0.0605509877204895,0.06342697888612747,-0.0310383103787899,0.2268534153699875,-0.20310775935649872,-0.12365112453699112,0.21009814739227295,-0.1398235559463501,-0.30588793754577637,0.04302222281694412,-0.2169383317232132,0.3899758756160736,0.19483712315559387,-0.08894316852092743,-0.14593316614627838,-0.17401693761348724,0.3108935058116913,-0.2091093808412552,-0.11875717341899872,-0.1424987018108368,-0.1403491497039795,-0.14752672612667084,-0.07221931964159012,-0.07328798621892929,-0.17673836648464203,-0.292639821767807,0.04394403472542763,0.04424530267715454,0.3817565143108368,-0.1582569032907486,0.2249130755662918,0.19946612417697906,0.2055550217628479,0.018170028924942017,-0.26031771302223206,0.0219061728566885
224.0,-0.19154679775238037,0.14001376926898956,-0.3547358214855194,-0.0007010847330093384,0.14488057792186737,-0.05532076954841614,0.031624726951122284,-0.3141220211982727,-0.059874776750802994,0.0036168971564620733,0.1955723911523819,0.2000541239976883,-0.10951165109872818,0.07025972008705139,-0.08538420498371124,-0.04888565465807915,-0.0841740220785141,-0.040303073823451996,-0.23685616254806519,-0.07519853115081787,-0.4000709056854248,-0.02442680113017559,-0.1494908481836319,-0.12787888944149017,-0.4197347164154053,-0.24630415439605713,0.02731551229953766,-0.28439486026763916,0.07495519518852234,-0.08348817378282547,-0.38885268568992615,0.2088596373796463,-0.11839707940816879,-0.3035959303379059,0.187273308634758,-0.1819496899843216,-0.28210508823394775,-0.11494601517915726,-0.6937718987464905,-0.21904437243938446,0.16479608416557312,0.2767326831817627,0.3096942603588104,-0.28556734323501587,0.07767541706562042,-0.18509459495544434,-0.29862481355667114,-0.23772379755973816,0.09707526117563248,-0.43001723289489746,-0.06867363303899765,0.19737154245376587,-0.2379298061132431,0.004402508959174156,0.14124293625354767,0.12455914169549942,0.22572502493858337,0.4660945534706116,0.05347437411546707,0.43248507380485535,-0.11213475465774536,-0.34969520568847656,0.13827690482139587,-0.12986992299556732
225.0,-0.46549731492996216,-0.1801990568637848,-0.0725625604391098,0.618539035320282,0.09625143557786942,0.3283903896808624,-0.30899834632873535,-0.17639987170696259,0.04047119617462158,-0.19372792541980743,-0.08113125711679459,-0.11188585311174393,-0.2455536276102066,0.32988038659095764,0.012987078167498112,-0.36223581433296204,0.05734492465853691,0.047034088522195816,-0.11909473687410355,0.04605107381939888,0.44402968883514404,0.06295288354158401,-0.38422831892967224,0.3853171765804291,-0.20712362229824066,-0.09841376543045044,-0.13986492156982422,-0.03231355547904968,0.1432531625032425,-0.02645374834537506,0.15045420825481415,0.08115078508853912,-0.24637676775455475,-0.32726138830184937,-0.16325898468494415,0.5562088489532471,0.01297555211931467,-0.005924197379499674,-0.3514346778392792,0.1775781810283661,0.38378170132637024,0.030919648706912994,0.017514308914542198,-0.02589348703622818,0.28886356949806213,0.3129710257053375,-0.2194824069738388,-0.2718048691749573,-0.09350068122148514,0.04836253076791763,-0.07219894975423813,-0.18899816274642944,-0.2939554750919342,-0.07770563662052155,0.33733782172203064,0.08530691266059875,0.3651684820652008,-0.3110021948814392,-0.21821613609790802,0.40483251214027405,0.15516172349452972,0.08374931663274765,-0.052297115325927734,0.11462578177452087
226.0,-0.2795027196407318,-0.4774536192417145,-0.3404987156391144,-0.022751500830054283,0.1731189787387848,0.2552589774131775,-0.16944023966789246,0.22523391246795654,-0.15154078602790833,-0.0617995522916317,-0.03884300962090492,-0.07112260162830353,-0.3366747200489044,-0.052613094449043274,-0.268153578042984,-0.3591011166572571,-0.4450376331806183,0.014298370108008385,0.06707041710615158,0.15090717375278473,0.05713072419166565,0.39942967891693115,0.07710396498441696,0.18880361318588257,-0.123625248670578,-0.12393089383840561,-0.3184204697608948,-0.03150336071848869,0.3697587847709656,0.09560958296060562,-0.048970673233270645,0.39868032932281494,0.11266797035932541,-0.11179883778095245,0.03386077657341957,0.24944442510604858,-0.09066200256347656,-0.21950200200080872,-0.03697646036744118,-0.08699877560138702,0.3413788378238678,-0.021819552406668663,-0.03662741929292679,-0.2624950706958771,0.10175760835409164,-0.38334959745407104,0.13276199996471405,-0.04359784349799156,0.020363057032227516,-0.04823371022939682,-0.06099984049797058,-0.13659285008907318,-0.010836154222488403,-0.3157896399497986,-0.11977533251047134,0.18339496850967407,0.09068842977285385,-0.2716096043586731,-0.19778138399124146,0.04877122864127159,-0.28831297159194946,0.1474863737821579,-0.054139748215675354,-0.2222597301006317
227.0,-0.05460794270038605,0.055654097348451614,-0.24664269387722015,0.15418392419815063,-0.1501901000738144,-0.13481007516384125,-0.06303426623344421,-0.11575546860694885,-0.3239468038082123,0.23814421892166138,-0.27763259410858154,0.027816424146294594,0.0477718822658062,0.08699559420347214,-0.3209886848926544,0.08442886173725128,-0.26155421137809753,-0.10162391513586044,-0.29009097814559937,-0.47162795066833496,-0.29065006971359253,0.09051977843046188,0.1576451063156128,0.1245230883359909,-0.0017940551042556763,-0.01470840536057949,-0.1968790739774704,-0.1448812186717987,-0.03351901099085808,-0.24903401732444763,0.10464871674776077,0.19869568943977356,0.1858416348695755,-0.011375853791832924,0.15858785808086395,0.11575224250555038,-0.33885127305984497,-0.0012496516574174166,0.16523632407188416,0.2900758683681488,0.044523682445287704,-0.11924199014902115,0.10387282073497772,-0.31689855456352234,0.07967209815979004,-0.167680025100708,-0.01368294470012188,-0.03604946285486221,0.19862405955791473,-0.3629709780216217,-0.10044544190168381,0.10379073023796082,0.025069760158658028,-0.39092475175857544,-0.06261080503463745,0.008872739970684052,0.1724487990140915,-0.061603207141160965,-0.16451509296894073,-0.06260544806718826,0.0585012286901474,0.31865984201431274,-0.11406096816062927,-0.30429598689079285
228.0,0.2381906658411026,0.12074954807758331,-0.14528220891952515,0.28134387731552124,-0.17095743119716644,0.33420002460479736,-0.21061287820339203,-0.038038648664951324,-0.21942614018917084,0.1614966243505478,0.06952114403247833,-0.22389216721057892,0.49383434653282166,-0.14992910623550415,-0.16871358454227448,-0.2003450095653534,0.014600659720599651,-0.08082439005374908,-0.026045259088277817,-0.10450702905654907,-0.12017100304365158,-0.36742478609085083,-0.22578388452529907,-0.12164296209812164,0.11141996830701828,-0.30169740319252014,-0.07867859303951263,-0.06093969568610191,-0.004754484631121159,-0.23978663980960846,0.17038269340991974,0.09773470461368561,-0.3128848373889923,-0.14837749302387238,0.3491457402706146,0.28190916776657104,-0.0882931724190712,0.00609686691313982,0.12055499106645584,0.38583409786224365,0.41886669397354126,-0.4876185655593872,-0.2458692342042923,-0.3738552927970886,0.20634259283542633,-0.1447313278913498,0.0036717839539051056,-0.0555657222867012,0.25920698046684265,-0.3407723307609558,-0.22661420702934265,0.21804732084274292,0.10876066982746124,-0.17805367708206177,-0.20647412538528442,0.19936861097812653,-0.1561608761548996,-0.3284728527069092,-0.012971870601177216,-0.14707693457603455,-0.09221148490905762,-0.21353179216384888,-0.041814275085926056,0.11459832638502121
229.0,-0.009325949475169182,0.21323364973068237,-0.2890891134738922,0.18643778562545776,0.2759954631328583,-0.24996617436408997,-0.16873127222061157,-0.29819557070732117,0.2482183575630188,-0.07724377512931824,-0.0919434204697609,0.1391131728887558,-0.3341091275215149,0.04274316504597664,0.026128260418772697,0.11139288544654846,-0.29683324694633484,-0.3442089855670929,-0.19056858122348785,0.06518634408712387,-0.23872670531272888,0.09473064541816711,-0.15428049862384796,0.321658194065094,-0.24374285340309143,-0.280789852142334,-0.5241028666496277,-0.12532947957515717,0.2068883627653122,0.21784715354442596,0.10479957610368729,0.18415117263793945,-0.3039245307445526,-0.08762688934803009,0.10017501562833786,0.18991732597351074,0.016710059717297554,-0.042559899389743805,-0.4356556534767151,-0.04828007146716118,0.3264169991016388,-0.1857488453388214,-0.035165976732969284,-0.2769891023635864,0.13082274794578552,-0.2047538161277771,0.2538442313671112,-0.2543722987174988,0.040231507271528244,-0.016021208837628365,-0.08125799894332886,-0.21181267499923706,-0.2271515280008316,-0.06880813091993332,0.12842267751693726,0.42607128620147705,0.07615760713815689,-0.2137286514043808,-0.0490669421851635,0.30361539125442505,0.037155307829380035,0.0216660313308239,-0.054028015583753586,-0.1282900720834732
230.0,-0.2952658534049988,-0.1665647327899933,-0.27311280369758606,0.4111754596233368,0.047743190079927444,0.08278453350067139,-0.3402252495288849,-0.10925990343093872,-0.17801633477210999,-0.014884747564792633,-0.012141289189457893,0.007033161818981171,-0.26406919956207275,0.07567945122718811,0.06387985497713089,-0.1672155261039734,0.03418540954589844,0.06450933963060379,-0.136836975812912,0.29175204038619995,-0.11241721361875534,0.09695588052272797,-0.24433425068855286,-0.025293275713920593,-0.2579292356967926,-0.41703033447265625,-0.3206765949726105,-0.3610612452030182,0.20634926855564117,0.03203541412949562,-0.2620546519756317,0.16140885651111603,-0.19594277441501617,-0.09191036224365234,0.15992915630340576,0.12388016283512115,-0.13871268928050995,0.050087470561265945,-0.3575541377067566,0.028061192482709885,0.17377062141895294,0.10277463495731354,0.08970770984888077,0.1240772232413292,0.20024417340755463,-0.11389226466417313,-0.0970953181385994,-0.07197343558073044,-0.036561716347932816,-0.05768159031867981,-0.07006335258483887,-0.07617216557264328,-0.08905871212482452,0.05126778781414032,0.07872780412435532,0.3373718857765198,-0.019070804119110107,-0.18006053566932678,0.06995150446891785,0.14315146207809448,-0.151585653424263,-0.058443307876586914,-0.2678908109664917,-0.03501870855689049
231.0,0.26881036162376404,0.06597959250211716,0.008288398385047913,0.13989292085170746,-0.04325176030397415,0.2051536589860916,-0.392784982919693,0.1983885020017624,0.22492247819900513,-0.048420656472444534,0.16926421225070953,-0.10428436845541,-0.07638844847679138,0.19131240248680115,0.20038756728172302,-0.02886498160660267,-0.2610335052013397,0.014635549858212471,0.7255984544754028,-0.22097793221473694,0.17358428239822388,0.33917587995529175,-0.08579336851835251,0.22821077704429626,-0.09034869074821472,-0.11134650558233261,-0.46464863419532776,-0.13859882950782776,0.3365737795829773,0.08516805619001389,0.15771803259849548,0.3393886387348175,0.1485450267791748,0.009676209650933743,0.34631332755088806,-0.06951655447483063,-0.15672516822814941,0.3247882127761841,-0.2996005415916443,0.2627260386943817,0.2205933779478073,-0.4570172131061554,-0.43856358528137207,0.10165497660636902,0.15224389731884003,-0.30202579498291016,0.16474251449108124,-0.2499695122241974,0.2548367977142334,-0.010454954579472542,-0.26278769969940186,-0.01932038739323616,-0.09671681374311447,-0.4998018145561218,0.16243498027324677,0.3408319354057312,0.06048028543591499,-0.1648578941822052,0.2825380563735962,0.2042834609746933,-0.24125784635543823,0.1678553968667984,-0.038194362074136734,0.04856111481785774
232.0,-0.3847435414791107,0.2029416561126709,-0.02451050467789173,0.3063816428184509,-0.14417009055614471,-0.042818304151296616,-0.3045754134654999,-0.14292295277118683,-0.3417494595050812,-0.19851888716220856,-0.27730411291122437,-0.14869150519371033,-0.23818886280059814,0.20267623662948608,0.046073101460933685,-0.31964758038520813,-0.09851665049791336,-0.11684083938598633,-0.32073506712913513,-0.15932518243789673,-0.20088084042072296,0.1002790629863739,-0.18119898438453674,-0.07373018562793732,-0.2493867725133896,0.2228502482175827,0.1440749615430832,-0.10797828435897827,0.16325323283672333,-0.13099119067192078,-0.40532317757606506,0.3456624448299408,-0.24352090060710907,-0.1366860717535019,0.12914909422397614,0.2694573998451233,-0.09772859513759613,-0.08433640748262405,0.329106867313385,-0.10444942861795425,0.3891812860965729,0.08898483216762543,-0.06137615442276001,-0.0411495715379715,0.1438826322555542,-0.033820878714323044,-0.3224402070045471,-0.23187102377414703,-0.3533405363559723,0.2577376365661621,0.3824147880077362,-0.07754261046648026,-0.21739791333675385,-0.12466978281736374,0.24041680991649628,0.231608048081398,-0.057894282042980194,0.09957239776849747,-0.4737257659435272,-0.12671376764774323,-0.3375498354434967,-0.5135095715522766,0.2199033796787262,0.053127750754356384
233.0,0.05771951377391815,0.21453772485256195,-0.224067822098732,0.43467429280281067,0.26900506019592285,-0.08141878247261047,-0.05895756557583809,-0.3968289792537689,0.027567163109779358,0.3739720582962036,-0.049681924283504486,0.14572693407535553,0.15095283091068268,0.33298343420028687,-0.2056562900543213,0.029241949319839478,-0.07154522091150284,-0.041399404406547546,-0.07587230950593948,-0.15924596786499023,-0.3862019181251526,0.04594730585813522,-0.577130138874054,0.3075551986694336,-0.4749749004840851,-0.12025793641805649,0.028872579336166382,-0.1718488484621048,0.09986986219882965,0.08718247711658478,0.05884657800197601,-0.19496621191501617,-0.27919602394104004,-0.06877876818180084,0.14645728468894958,0.025272108614444733,-0.13022366166114807,-0.12581688165664673,-0.26015183329582214,0.01116225402802229,0.12937957048416138,-0.012206635437905788,0.41181740164756775,-0.29195067286491394,0.0845319852232933,0.0017597598489373922,-0.11372385174036026,0.01215734425932169,-0.04826563596725464,-0.12435197830200195,-0.2584032714366913,0.028963102027773857,-0.2424820512533188,-0.038089312613010406,0.2542767822742462,0.07705476880073547,0.025443073362112045,-0.0389852337539196,-0.07531572878360748,0.10946737974882126,0.31147265434265137,0.1120302677154541,-0.10584837198257446,0.10613363236188889
234.0,-0.061434246599674225,-0.0689106434583664,-0.3331068456172943,0.4282090365886688,-0.031515058130025864,0.058638058602809906,0.07001198828220367,-0.19770805537700653,-0.14119155704975128,-0.18599720299243927,-0.08169861137866974,0.02643316611647606,0.29908624291419983,-0.05942658707499504,-0.23652386665344238,-0.301839143037796,-0.2402956187725067,0.28874728083610535,-0.00419832207262516,-0.2785464823246002,-0.05234358087182045,-0.07800953835248947,-0.06865587830543518,0.21542112529277802,0.28269219398498535,-0.1772632747888565,-0.328691691160202,-0.09744101762771606,0.1905239373445511,0.008502403274178505,-0.23893876373767853,0.22268185019493103,-0.14720460772514343,-0.309384286403656,0.16512027382850647,0.323359876871109,-0.019054826349020004,-0.43098363280296326,-0.18086470663547516,0.1858862042427063,0.2932787835597992,-0.2541826367378235,-0.047689106315374374,-0.28262799978256226,0.1391492784023285,-0.0909617468714714,-0.306782990694046,-0.35575070977211,0.23453813791275024,-0.4096933901309967,-0.18781767785549164,0.35669025778770447,-0.038750335574150085,-0.08726610243320465,-0.13498270511627197,-0.04501082003116608,-0.15849944949150085,-0.005961352027952671,-0.17624589800834656,-0.03521056845784187,-0.16719956696033478,-0.005611207336187363,0.030005505308508873,-0.2803962230682373
235.0,-0.26806992292404175,-0.18921411037445068,-0.2754006087779999,0.35450035333633423,-0.16372326016426086,0.1427895575761795,-0.2689908444881439,0.049090415239334106,-0.20797985792160034,-0.11219319701194763,-0.1591314971446991,0.09352158010005951,-0.014762754552066326,-0.12803207337856293,-0.225114107131958,-0.17689819633960724,0.1588633805513382,0.23499827086925507,-0.23027516901493073,-0.06927887350320816,0.39308926463127136,0.1172262579202652,-0.12433064728975296,0.1711638867855072,0.30661532282829285,0.07229146361351013,0.008373917080461979,-0.04305775463581085,0.22617535293102264,-0.1788518726825714,-0.015641896054148674,0.45256608724594116,-0.2966858744621277,-0.22579506039619446,0.10584583133459091,0.2542372941970825,-0.0590476468205452,-0.12790484726428986,0.0075676883570849895,0.13967174291610718,-0.022490011528134346,-0.2504797577857971,-0.1112556979060173,0.028203805908560753,0.01074064802378416,0.01938474178314209,-0.24057361483573914,-0.010008744895458221,0.048682454973459244,0.04534611478447914,-0.0793665200471878,0.19026821851730347,-0.18814723193645477,-0.30812814831733704,-0.3139113187789917,-0.02103276178240776,-0.21316449344158173,-0.17146171629428864,-0.1671055406332016,-0.05168749392032623,-0.2203635573387146,-0.08563300967216492,0.05683503672480583,-0.06786004453897476
236.0,0.1541525274515152,0.0906018316745758,0.19370713829994202,0.08576111495494843,0.13792109489440918,0.18268385529518127,0.254769891500473,0.36391255259513855,0.21659089624881744,-0.36921945214271545,-0.10424115508794785,-0.13400143384933472,-0.2886679172515869,0.07883333414793015,-0.011855686083436012,-0.08277618139982224,-0.6556957960128784,-0.25652098655700684,-0.024074535816907883,-0.07004126906394958,0.03365008533000946,-0.05650799348950386,-0.23885639011859894,0.4341568052768707,0.11383399367332458,0.02045554295182228,-0.2045762836933136,0.0002045236760750413,0.14580689370632172,0.4256208539009094,-0.22263386845588684,0.3824273347854614,-0.003977909684181213,0.10998423397541046,-0.022183625027537346,-0.2631831169128418,-0.21818862855434418,0.09316061437129974,-0.2625305950641632,0.18400569260120392,0.23909969627857208,-0.013426054269075394,-0.10523977130651474,-0.5164674520492554,0.24295082688331604,-0.07701094448566437,0.16926932334899902,0.054662078619003296,0.21528881788253784,-0.3282342255115509,-0.1714668869972229,0.05569005012512207,0.0350375659763813,-0.21528714895248413,-0.010875361040234566,-0.05253542959690094,-0.06588729470968246,-0.36786481738090515,-0.109261155128479,-0.15645869076251984,-0.22151027619838715,-0.36195656657218933,0.17033138871192932,-0.3692111074924469
237.0,-0.168943390250206,-0.18781045079231262,-0.11048001050949097,0.3986671268939972,-0.15057973563671112,0.0609041303396225,-0.0051540895365178585,0.0032319456804543734,-0.2381591498851776,0.14475449919700623,-0.23026832938194275,-0.16442766785621643,-0.0673447772860527,-0.08153671026229858,-0.05649399384856224,-0.10960371047258377,-0.10732970386743546,0.07735519856214523,-0.08213469386100769,-0.18701645731925964,-0.4031493067741394,0.06624026596546173,0.09625215828418732,0.0024622767232358456,-0.2826438546180725,-0.020685188472270966,-0.12160031497478485,-0.1375752091407776,-0.04581989720463753,0.13343225419521332,-0.20238597691059113,0.15814363956451416,0.12704190611839294,0.059467945247888565,0.25064364075660706,0.1548977643251419,-0.1585014909505844,0.0840061828494072,0.060437723994255066,0.42033493518829346,0.3219694197177887,-0.10058458894491196,0.2887667417526245,-0.4204128384590149,0.18389195203781128,-0.11076458543539047,-0.08389690518379211,0.17413689196109772,0.19807279109954834,-0.45375198125839233,0.018848903477191925,0.3040473461151123,0.0917918011546135,-0.07061778753995895,-0.10792423039674759,-0.04097019508481026,-0.15243493020534515,0.0528205931186676,-0.00012708257418125868,-0.34405428171157837,0.20861363410949707,-0.008603218011558056,-0.21154211461544037,-0.07095412164926529
238.0,-0.11462889611721039,0.01070249080657959,-0.08359292894601822,0.2687278985977173,0.28547152876853943,-0.015254632569849491,0.28380000591278076,-0.02873292751610279,-0.06984108686447144,-0.0546867735683918,0.07078883796930313,0.35667163133621216,-0.23696184158325195,0.3917807638645172,0.09142187237739563,-0.2935129404067993,-0.02593737095594406,-0.0361386239528656,-0.2291198968887329,-0.38530898094177246,-0.007541973143815994,0.14096471667289734,-0.042665403336286545,0.4365283250808716,0.07882078737020493,0.1366821527481079,-0.04456102102994919,-0.2750411033630371,0.16824424266815186,-0.039117440581321716,-0.2705157995223999,0.13484324514865875,0.07772254198789597,0.2842823266983032,-0.05614518001675606,0.15105751156806946,0.04193267226219177,0.3567250967025757,-0.4300726056098938,0.25450557470321655,0.17958126962184906,0.002680954523384571,0.09712248295545578,-0.2542630434036255,0.30918797850608826,-0.04878094047307968,-0.2957407534122467,0.00897274725139141,0.14941419661045074,-0.30376970767974854,-0.1077984869480133,0.13206234574317932,-0.13658863306045532,-0.35521775484085083,0.12617948651313782,-0.20683975517749786,0.33325138688087463,0.07942097634077072,-0.09597014635801315,0.012405842542648315,-0.035793326795101166,0.11798061430454254,0.16957026720046997,-0.24046500027179718
239.0,0.032920096069574356,-0.0035220086574554443,-0.012323026545345783,-0.0019531301222741604,0.12819592654705048,0.05736217275261879,0.10913336277008057,0.2064066082239151,-0.027611522004008293,-0.2434610277414322,-0.1517747938632965,-0.02366338111460209,-0.27687689661979675,-0.026719145476818085,0.2896512448787689,-0.22028599679470062,0.006749289110302925,-0.3167762756347656,-0.15265727043151855,-0.014325793832540512,-0.36521509289741516,-0.06515352427959442,0.19465436041355133,0.08438511192798615,-0.3208564817905426,0.13071149587631226,0.19328254461288452,-0.15821950137615204,0.006332016550004482,-0.2440776824951172,-0.20718827843666077,0.24873977899551392,-0.12957267463207245,0.236874520778656,0.08341061323881149,0.32445573806762695,-0.1544739454984665,-0.08068668842315674,0.047345906496047974,0.15733209252357483,0.3345218300819397,-0.21192766726016998,0.014265859499573708,-0.2635819911956787,0.25463196635246277,-0.11315938830375671,0.12528836727142334,-0.24663884937763214,0.12859535217285156,-0.42375820875167847,0.10900488495826721,0.03302903473377228,-0.1339581459760666,-0.37647271156311035,0.3378773033618927,-0.11980955302715302,0.2657000720500946,0.03428208827972412,-0.26212066411972046,0.14735807478427887,-0.08941629528999329,-0.10524386912584305,0.3139534294605255,-0.24546687304973602
240.0,-0.38656553626060486,-0.2533678412437439,0.27505001425743103,-0.10448537766933441,-0.08435111492872238,0.19159536063671112,-0.08925500512123108,0.052931953221559525,0.08039021492004395,-0.1063595861196518,-0.2456708401441574,-0.03130638226866722,-0.256376177072525,-0.08750341087579727,-0.03768615052103996,-0.2989758551120758,0.23999235033988953,0.04553091153502464,-0.0627007782459259,-0.07104746252298355,0.37238943576812744,0.016104310750961304,0.01923578977584839,0.13712148368358612,-0.13404543697834015,0.07915455102920532,-0.23247969150543213,0.10004016757011414,0.007559755817055702,0.16039304435253143,0.15955935418605804,0.3910266160964966,-0.07461674511432648,-0.2260315716266632,-0.029531002044677734,0.17683172225952148,-0.1328420341014862,-0.12462460994720459,-0.1433778554201126,0.3618592321872711,0.30405744910240173,-0.10390187799930573,0.010949349030852318,-0.4269123375415802,0.4062219560146332,-0.14871539175510406,-0.06266622990369797,-0.11622554808855057,0.09039510041475296,-0.33458831906318665,0.11104469001293182,-0.13044747710227966,-0.0781739205121994,-0.3510754704475403,-0.26466500759124756,-0.05858577415347099,0.12109476327896118,0.4013627767562866,-0.0883340835571289,0.11808543652296066,0.26166701316833496,-0.1195918619632721,-0.18816125392913818,0.29818737506866455
241.0,-0.038376979529857635,0.13597875833511353,-0.11008726060390472,0.09522931277751923,-0.11307890713214874,0.053375255316495895,-0.04499700292944908,-0.012571674771606922,-0.17262223362922668,0.0693938136100769,-0.09228862822055817,-0.18189655244350433,0.03465580940246582,0.12687280774116516,0.005161146633327007,-0.27815794944763184,-0.3491866886615753,0.0248873271048069,-0.12663719058036804,-0.16480235755443573,-0.34019893407821655,0.10838189721107483,-0.16582776606082916,0.021301455795764923,-0.12024354934692383,0.08538348972797394,0.07487142086029053,-0.07339557260274887,0.13008837401866913,-0.3152259886264801,-0.37039899826049805,0.21954980492591858,-0.017072156071662903,-0.09201713651418686,-0.01764487847685814,0.07391486316919327,-0.31398504972457886,-0.0030617364682257175,0.1201232373714447,0.4169061779975891,0.24855856597423553,0.1960650533437729,0.22979438304901123,-0.3726654052734375,0.07260902971029282,-0.09439778327941895,-0.400691956281662,0.021014900878071785,-0.11198663711547852,-0.6615965366363525,-0.09541133046150208,0.3079291880130768,0.14631830155849457,-0.31735461950302124,-0.041709933429956436,0.008257529698312283,0.1028585433959961,0.15080279111862183,-0.15463605523109436,0.12430737912654877,0.11892585456371307,-0.04829365760087967,-0.09663691371679306,-0.2800528109073639
242.0,-0.13128821551799774,-0.14512355625629425,-0.4031168520450592,0.3719567358493805,-0.11286024749279022,-0.06810931116342545,-0.1642368733882904,0.17169508337974548,-0.0381833054125309,0.11618846654891968,-0.05350317433476448,-0.19138050079345703,0.22750213742256165,-0.03137924149632454,-0.17821308970451355,-0.09737131744623184,-0.3055744171142578,0.3225868344306946,0.006485362537205219,-0.2800164818763733,0.07129991054534912,0.07515888661146164,-0.27670544385910034,0.34115782380104065,-0.21454155445098877,0.07075988501310349,-0.15330399572849274,0.005788436159491539,0.28254228830337524,0.3387892246246338,0.1615077406167984,0.08486299961805344,-0.1471235156059265,-0.09400428831577301,0.10201180726289749,-0.01746625453233719,-0.18264418840408325,-0.11594449728727341,0.06403003633022308,0.0637635663151741,0.16475951671600342,-0.21117834746837616,-0.05694533884525299,-0.20177116990089417,0.0851433128118515,-0.27904143929481506,-0.014723936095833778,0.09581959992647171,0.0015692486194893718,0.136893168091774,0.09968138486146927,0.49948057532310486,0.05390878766775131,-0.14463378489017487,0.010348622687160969,-0.22754263877868652,-0.37367570400238037,-0.06823110580444336,-0.18981409072875977,-0.526024341583252,-0.10695246607065201,0.029096141457557678,0.01699117012321949,-0.06287620961666107
243.0,0.06367351114749908,0.15722805261611938,0.15345704555511475,-0.1119009256362915,-0.03594830259680748,-0.010019166395068169,-0.12320990115404129,-0.005199155770242214,-0.05110754072666168,-0.1607082188129425,0.1950555294752121,-0.12951110303401947,-0.08358582109212875,0.1552315056324005,0.24825341999530792,-0.4174530804157257,-0.2951285243034363,-0.11061545461416245,0.03134262561798096,-0.13596539199352264,-0.14397607743740082,0.232088103890419,0.05534565821290016,0.032123222947120667,0.05873091146349907,0.33251768350601196,-0.33475786447525024,0.011899417266249657,0.1815090775489807,-0.007695473730564117,-0.023285623639822006,0.22631916403770447,0.18256863951683044,-0.08344314247369766,0.0789165049791336,0.24638167023658752,0.117946095764637,0.26390787959098816,0.05282124876976013,0.3392012119293213,0.554574728012085,-0.1213698536157608,-0.3574496805667877,-0.1667662262916565,0.07547946274280548,-0.2942984104156494,-0.05086607486009598,-0.07692460715770721,-0.008073507808148861,-0.08843696117401123,-0.010027001611888409,0.03734830394387245,0.06674107164144516,-0.46270227432250977,0.034137237817049026,0.2806924283504486,-0.04239051043987274,0.11611882597208023,-0.007687587756663561,-0.013351351954042912,-0.06495640426874161,-0.12888815999031067,0.05267185717821121,0.06579770892858505
244.0,0.006577434483915567,0.08861333131790161,-0.06601598858833313,0.17356036603450775,-0.17503711581230164,-0.23178422451019287,-0.12177072465419769,-0.20185448229312897,-0.30682772397994995,-0.09721328318119049,0.012149013578891754,0.12135786563158035,-0.13241952657699585,0.1606074422597885,0.02558467909693718,-0.11541838198900223,0.014816280454397202,0.1397329568862915,-0.12794291973114014,-0.6761431097984314,0.12796777486801147,0.25849977135658264,0.022435862571001053,0.09761937707662582,0.28287991881370544,-0.056001000106334686,-0.24520304799079895,-0.32307174801826477,0.06955791264772415,-0.26312702894210815,0.09461087733507156,0.5226417183876038,0.14818769693374634,-0.040742356330156326,0.20201578736305237,0.18908874690532684,-0.15669476985931396,-0.0709545686841011,-0.06854043155908585,0.29687395691871643,0.059978142380714417,-0.11820816248655319,-0.13953444361686707,0.19871240854263306,0.038067493587732315,-0.09741488099098206,-0.4488947093486786,-0.1110478937625885,0.17748774588108063,-0.2782416343688965,-0.21835653483867645,-0.08712369203567505,-0.2929595112800598,-0.48275724053382874,-0.06540675461292267,0.21439623832702637,0.07885376363992691,0.05288485437631607,-0.0333002470433712,0.5198947787284851,-0.2763068377971649,0.3765009343624115,0.18419644236564636,-0.45930883288383484
245.0,-0.35795533657073975,-0.11700510233640671,-0.18642914295196533,0.023318270221352577,-0.1619786024093628,-0.368899941444397,0.10051407665014267,0.05544116348028183,-0.03830484673380852,-0.07575120031833649,-0.1618318408727646,0.1199871376156807,-0.4231868088245392,-0.0738537609577179,0.08497297018766403,-0.17616795003414154,-0.059613533318042755,0.06399419158697128,-0.08807966113090515,-0.23488421738147736,-0.11128890514373779,0.13741128146648407,0.086641326546669,0.17229697108268738,-0.3534524440765381,-0.25798478722572327,-0.12163479626178741,-0.18010452389717102,-0.08628413081169128,-0.04489758983254433,0.09642240405082703,0.11793442070484161,-0.17305302619934082,0.06798318028450012,-0.017986394464969635,-0.06332855671644211,-0.37931573390960693,0.10131175071001053,-0.15557998418807983,0.2631881833076477,0.26144179701805115,0.018611261621117592,-0.021315883845090866,-0.3938511908054352,0.34827449917793274,0.12880124151706696,-0.2492956817150116,-0.1869964897632599,-0.03471937030553818,-0.4017462432384491,0.2078755646944046,0.12394954264163971,0.03453151509165764,0.11953850835561752,0.4677879810333252,-0.42721840739250183,0.39113497734069824,-0.010934097692370415,0.009138194844126701,-0.06455163657665253,0.15629492700099945,-0.18265143036842346,-0.1781666874885559,-0.26154565811157227
246.0,0.08662041276693344,0.0803639143705368,-0.08824212849140167,0.19626811146736145,0.044274140149354935,0.1599452644586563,-0.02241184189915657,-0.3584953248500824,-0.21385826170444489,-0.10391321778297424,-0.08716902136802673,-0.021398121491074562,0.10195890814065933,-0.006578383035957813,-0.029093194752931595,0.02424013242125511,-0.08017580211162567,-0.1923685222864151,-0.1687430739402771,-0.14218679070472717,-0.1170002669095993,-0.0077742296271026134,-0.1149720847606659,-0.20167319476604462,0.10733591020107269,-0.3662429451942444,-0.22711315751075745,-0.6091866493225098,0.03975778818130493,-0.05042647197842598,-0.3865106701850891,0.19601063430309296,-0.1677933633327484,-0.11310256272554398,0.28407564759254456,-0.2740214467048645,-0.2369242161512375,0.024099081754684448,-0.2965233027935028,0.13952912390232086,0.05003007873892784,0.2558073401451111,0.018825886771082878,0.044084884226322174,-0.003637312911450863,-0.06542710959911346,-0.327536404132843,-0.2166331261396408,0.43363240361213684,-0.5080990791320801,-0.17586758732795715,-0.028461260721087456,0.054929010570049286,0.12438684701919556,0.023678980767726898,0.20181240141391754,0.05027149245142937,0.30540135502815247,0.09649607539176941,0.34590944647789,-0.4994522035121918,-0.14245741069316864,0.30388617515563965,-0.16321857273578644
247.0,-0.30208802223205566,-0.2734362483024597,0.021060625091195107,0.14618994295597076,-0.1522461622953415,0.08521195501089096,-0.1128847748041153,0.04003853723406792,-0.24347788095474243,0.08683072775602341,0.1913856565952301,-0.1749567687511444,0.09124284982681274,0.13401658833026886,0.010626289062201977,-0.4095110297203064,-0.02528700977563858,0.13316676020622253,-0.20933911204338074,-0.11319448053836823,0.2087472677230835,0.05850956588983536,-0.3346025347709656,0.19781675934791565,-0.10818339884281158,0.22082877159118652,-0.35638532042503357,-0.0024876866955310106,0.014844423159956932,0.5587372183799744,0.4350176155567169,0.031575560569763184,0.008686133660376072,-0.1437249332666397,0.06961788982152939,0.18530982732772827,-0.04984608665108681,0.13823190331459045,-0.12316283583641052,0.3652453124523163,0.3643748164176941,-0.11232329905033112,-0.30470937490463257,-0.08984324336051941,0.11518610268831253,-0.07410461455583572,0.09786766022443771,0.14193928241729736,0.1861255019903183,0.11937447637319565,-0.1531420350074768,0.16455119848251343,-0.12876738607883453,-0.3722546696662903,0.0942678228020668,-0.2076537311077118,-0.12708081305027008,-0.11125336587429047,-0.00273622153326869,-0.09925540536642075,0.0898682028055191,0.05976137891411781,0.06903059035539627,0.09996094554662704
248.0,0.16297981142997742,0.17614246904850006,-0.42577603459358215,0.06762859970331192,-0.2399010807275772,-0.2320653200149536,-0.2266358882188797,0.11375078558921814,-0.25221216678619385,0.016136087477207184,0.10864986479282379,-0.1925208568572998,0.0727696418762207,-0.19289465248584747,0.28786635398864746,-0.3607356548309326,0.29658493399620056,-0.3199184238910675,-0.4403083026409149,-0.03327500820159912,-0.313611775636673,0.032566361129283905,-0.19768351316452026,0.11587292701005936,0.00634169764816761,0.12706200778484344,0.10970411449670792,-0.06061946600675583,-0.01045859046280384,-0.11996354162693024,0.16704154014587402,0.07307110726833344,-0.15298329293727875,0.3637480139732361,0.1341770738363266,0.35493093729019165,-0.1825105845928192,0.2039908766746521,0.3012504577636719,0.2061518430709839,0.23775550723075867,-0.2971159517765045,-0.22681230306625366,-0.08181284368038177,-0.02171650342643261,-0.1529785394668579,0.11723297089338303,-0.14603577554225922,0.1811264008283615,-0.3520253002643585,-0.11467987298965454,0.18608787655830383,0.169236421585083,-0.39781150221824646,0.03796258941292763,-0.07177526503801346,-0.23066575825214386,-0.06751648336648941,-0.18893826007843018,0.11379841715097427,-0.2530360221862793,-0.057327426970005035,-0.015975721180438995,-0.14847998321056366
249.0,0.00035510165616869926,-0.1304776668548584,-0.20576326549053192,0.07137127965688705,0.2594781219959259,0.31747663021087646,-0.13727934658527374,-0.36218157410621643,0.032016560435295105,0.06195946782827377,0.06607481092214584,-0.09751970320940018,0.05657872557640076,-0.16831502318382263,-0.4241345524787903,-0.2683802843093872,-0.031851813197135925,-0.03243882209062576,-0.013604535721242428,0.2362394779920578,0.0492645762860775,-0.08233418315649033,-0.26046639680862427,0.08570622652769089,-0.27106186747550964,-0.2833721935749054,-0.34487852454185486,0.10697732865810394,0.06173946335911751,-0.04012840986251831,0.1906965672969818,0.11243458837270737,-0.08608180284500122,-0.4659987986087799,-0.05030292272567749,0.1993664801120758,0.04886739328503609,-0.19485138356685638,-0.4849662184715271,0.0936640277504921,0.5397031903266907,0.18502536416053772,0.06844690442085266,-0.492533802986145,0.18837638199329376,-0.012699980288743973,-0.11426807940006256,-0.3207177221775055,0.14738215506076813,-0.48342159390449524,-0.2672613263130188,-0.06361626833677292,0.011899328790605068,0.08525392413139343,-0.16582611203193665,0.2136266976594925,0.2961943447589874,0.09550655633211136,0.07836121320724487,0.5424503087997437,0.12243275344371796,0.07015617936849594,-0.19076868891716003,0.2632574737071991
250.0,-0.041397593915462494,0.03623272478580475,-0.5859503746032715,0.2909541428089142,0.009516671299934387,0.021800454705953598,-0.018259206786751747,-0.11320380121469498,0.013033173978328705,0.18167074024677277,0.008142722770571709,0.09496879577636719,0.02290593646466732,-0.0064374953508377075,-0.3232381343841553,0.2141827940940857,-0.27944666147232056,-0.12754127383232117,0.23019813001155853,-0.30467668175697327,-0.1309323012828827,0.2320391982793808,0.242043599486351,0.17371439933776855,-0.012669643387198448,0.039608679711818695,-0.012261767871677876,0.12412827461957932,0.10862330347299576,0.022659245878458023,0.07298692315816879,0.11735545843839645,-0.037168506532907486,-0.12974907457828522,0.2180812954902649,0.45750194787979126,0.09386646747589111,-0.04279017448425293,-0.05052294209599495,0.03880591690540314,0.1630253791809082,-0.5311846733093262,0.011517246253788471,-0.2976665794849396,-0.18315726518630981,-0.0845334380865097,0.11367706209421158,-0.1601974368095398,0.19756408035755157,-0.04336659610271454,-0.24065330624580383,0.18594571948051453,-0.1465183049440384,-0.2270297259092331,-0.16423222422599792,0.09242527186870575,0.13050785660743713,-0.3927474617958069,-0.08942709863185883,0.013932866044342518,-0.042736656963825226,0.19162683188915253,0.0375572144985199,-0.2591346800327301
251.0,-0.03659319132566452,-0.0010503290686756372,-0.10902101546525955,0.14466485381126404,0.03400476649403572,-0.10780416429042816,-0.10907905548810959,-0.2413168102502823,-0.6149030327796936,0.2781026363372803,-0.20106156170368195,0.048095740377902985,0.038613174110651016,0.0762515664100647,-0.2649856209754944,-0.00460554426535964,-0.18904858827590942,-0.1197982057929039,-0.1877705454826355,-0.07310505211353302,-0.6524876356124878,0.27001655101776123,-0.1551600694656372,-0.07609345763921738,-0.27662789821624756,0.09242790192365646,-0.38116511702537537,-0.2691321074962616,-0.07851129025220871,0.04836518317461014,-0.2010582685470581,0.16190074384212494,0.03804784640669823,0.012226484715938568,0.23760131001472473,0.05126960203051567,-0.26400884985923767,-0.07905666530132294,0.2705059349536896,0.2444411963224411,0.26278236508369446,0.039405349642038345,0.023534776642918587,-0.08557326346635818,-0.06236347556114197,-0.3702717125415802,0.13610753417015076,-0.07344695925712585,0.08186807483434677,-0.21314911544322968,-0.19598442316055298,-0.07034942507743835,-0.047610506415367126,-0.40457436442375183,-0.03713172301650047,0.36873212456703186,-0.0826062485575676,-0.24909652769565582,-0.039739299565553665,-0.121867336332798,-0.12022582441568375,0.2766886055469513,-0.2526174485683441,-0.10817613452672958
252.0,-0.22584840655326843,-0.26703941822052,-0.4189673662185669,0.4697054624557495,-0.07255441695451736,-0.020228520035743713,-0.248555988073349,-0.10956437140703201,-0.012007291428744793,0.27471622824668884,-0.15480965375900269,-0.23985090851783752,0.17670217156410217,0.060429397970438004,0.04905577003955841,-0.11174202710390091,-0.0037683406844735146,0.19089773297309875,-0.052833013236522675,-0.2521008551120758,0.18418380618095398,0.0976463034749031,-0.2825626730918884,0.36243537068367004,-0.2566002309322357,0.11720994114875793,-0.19959813356399536,-0.04586624726653099,0.1798485368490219,0.44190144538879395,0.17183354496955872,0.04849263280630112,-0.22442744672298431,-0.13265153765678406,0.0601704940199852,0.1982191950082779,0.04222853481769562,-0.09376758337020874,-0.11120393127202988,0.2768018841743469,0.12382319569587708,-0.16335278749465942,0.04154979810118675,-0.18540555238723755,-0.010701416060328484,-0.1284930557012558,-0.10201369971036911,0.16942058503627777,0.12145990133285522,-0.12286943942308426,0.03270299360156059,0.44093558192253113,0.03225060924887657,-0.09464727342128754,-0.17575578391551971,-0.1516590267419815,-0.32573360204696655,0.2068989872932434,-0.17448043823242188,-0.10658004134893417,0.19343793392181396,0.30821365118026733,0.037121277302503586,0.0310564823448658
253.0,0.04254201054573059,0.18127086758613586,-0.09871051460504532,0.28282681107521057,0.0911811962723732,-0.014494040049612522,-0.17913241684436798,0.047914959490299225,0.18051588535308838,-0.2892707586288452,0.20394045114517212,-0.013474448584020138,-0.3414694368839264,-0.2290775179862976,-0.14891883730888367,-0.048292774707078934,0.040782228112220764,-0.031118765473365784,-0.3020646572113037,-0.004565800540149212,-0.04041687026619911,-0.015806039795279503,-0.36206984519958496,0.11502660065889359,-0.2112773358821869,-0.25566744804382324,-0.07998242974281311,-0.09673237055540085,0.13690724968910217,-0.07188495993614197,0.29748010635375977,0.2577272057533264,-0.20084607601165771,-0.150547593832016,-0.04822947829961777,0.13365283608436584,-0.23868383467197418,0.029843028634786606,-0.2537809908390045,-0.0754111185669899,0.3882463574409485,0.011482689529657364,0.20794996619224548,-0.19439132511615753,0.24876171350479126,-0.09690142422914505,-0.0794714093208313,-0.2567662298679352,0.025065377354621887,-0.18585644662380219,-0.10613394528627396,-0.16052544116973877,-0.23152972757816315,-0.10892001539468765,0.14958767592906952,0.3003077507019043,0.01556011475622654,-0.09961092472076416,0.024157535284757614,0.2826687693595886,-0.21115891635417938,-0.28241658210754395,-0.07065381109714508,0.02369833178818226
254.0,-0.20447108149528503,-0.022071579471230507,-0.4548472762107849,0.19406242668628693,-0.3124690353870392,0.047535691410303116,-0.2286154329776764,-0.326700359582901,-0.21293774247169495,0.2978019118309021,0.013256973586976528,0.20276741683483124,0.1584993451833725,0.1550515592098236,-0.08118268847465515,-0.26972535252571106,-0.032558947801589966,0.2504521608352661,0.26099056005477905,-0.15317080914974213,0.06518999487161636,-0.1768990308046341,0.17829585075378418,-0.007646575570106506,0.1363009661436081,-0.4212758541107178,0.21021030843257904,-0.08197230845689774,0.13724330067634583,-0.489064484834671,0.25149428844451904,0.1239807978272438,-0.2463550865650177,-0.32458558678627014,0.23458139598369598,0.3849349021911621,-0.052461691200733185,-0.024461662396788597,-0.14057567715644836,0.043926484882831573,0.09933435916900635,-0.28224918246269226,0.11898229271173477,-0.4279916286468506,0.08123336732387543,0.4195684790611267,-0.49024736881256104,0.04013572633266449,0.17280402779579163,-0.2636015713214874,-0.16586008667945862,0.3005428910255432,-0.051878903061151505,0.18865615129470825,-0.013048266991972923,-0.02977152168750763,0.17393550276756287,-0.018167203292250633,-0.2076801061630249,-0.025294246152043343,0.008014023303985596,-0.21407261490821838,0.1835244596004486,-0.31263530254364014
255.0,-0.16594934463500977,0.2626780867576599,-0.1912834197282791,0.6428579688072205,-0.145957350730896,0.034220531582832336,-0.40236756205558777,-0.2994297742843628,-0.1083976998925209,0.4636807143688202,-0.14706362783908844,-0.13809730112552643,0.27074986696243286,0.45973995327949524,-0.1699548065662384,0.06010030210018158,-0.12434490770101547,0.0016915907617658377,-0.09945087879896164,-0.502760648727417,-0.020940367132425308,-0.07899845391511917,-0.6468044519424438,0.2056378722190857,-0.2873566746711731,-0.32665565609931946,-0.15609897673130035,-0.17323529720306396,0.08965074270963669,0.07428623735904694,0.17318516969680786,-0.14924991130828857,-0.2769428491592407,-0.10007420927286148,0.2253909409046173,-0.0602135956287384,-0.27746260166168213,0.2132754623889923,-0.07014047354459763,0.2543014585971832,0.06880306452512741,-0.13845479488372803,0.03312155231833458,-0.1843118518590927,0.2739260494709015,0.05417829006910324,-0.16446855664253235,-0.01997990906238556,-0.11784398555755615,0.15434709191322327,-0.0009646483231335878,0.08171886205673218,-0.15846940875053406,-0.031290117651224136,0.26134464144706726,0.0810835063457489,0.14522407948970795,-0.1496109813451767,-0.09117089211940765,-0.03831338509917259,0.2851756513118744,0.057837873697280884,-0.18120448291301727,0.2113710343837738
256.0,-0.108330637216568,0.03495822846889496,-0.1583576649427414,0.2775036692619324,-0.3197077512741089,-0.43660229444503784,-0.34186917543411255,0.004306556656956673,-0.5127339363098145,0.1761637181043625,-0.14282459020614624,0.0380120687186718,-0.4123629927635193,0.08949357271194458,-0.08435475826263428,-0.17652755975723267,0.10532328486442566,-0.14629197120666504,-0.4329480230808258,-0.3093404769897461,-0.22322680056095123,0.05123826488852501,0.017205968499183655,0.19293685257434845,-0.19231832027435303,-0.21488520503044128,-0.3971004784107208,-0.22743095457553864,-0.08323002606630325,-0.030325114727020264,0.6456745266914368,0.361569881439209,0.30242234468460083,0.2387389838695526,0.1731203943490982,0.17719939351081848,-0.2619638741016388,0.49807268381118774,0.1254112273454666,-0.07026366889476776,0.3137940466403961,-0.03077862598001957,-0.16275635361671448,-0.13812801241874695,0.3435458242893219,-0.08952508866786957,0.0810675099492073,0.05322444438934326,0.2291949987411499,0.17891289293766022,0.11265525966882706,-0.2216513305902481,-0.08754467964172363,-0.1310437023639679,0.19753842055797577,0.34095731377601624,-0.23505806922912598,-0.2669244408607483,-0.19536903500556946,-0.4495859146118164,-0.4308721423149109,0.006585581228137016,-0.15976136922836304,-0.07488268613815308
257.0,-0.02053150162100792,0.22038379311561584,0.052191488444805145,0.4578375518321991,0.050486668944358826,0.04767733812332153,-0.4302428662776947,-0.3501972556114197,-0.09957850724458694,0.1497580111026764,0.007281235419213772,0.0005688276141881943,0.019496344029903412,0.15813174843788147,0.005049653351306915,0.18484443426132202,-0.07704780995845795,0.13503417372703552,-0.03683130070567131,-0.1571688950061798,-0.183306485414505,0.09266991913318634,-0.48383718729019165,0.0658816322684288,-0.2262934297323227,-0.06549536436796188,-0.42526179552078247,-0.2974644601345062,0.009095498360693455,-0.03198274224996567,0.1669110804796219,0.04675548896193504,-0.35757192969322205,-0.2922060787677765,0.10112015157938004,-0.11116307228803635,-0.20609484612941742,0.026541659608483315,-0.1374020129442215,0.4684363305568695,0.12558233737945557,-0.23411302268505096,0.06438332051038742,-0.13478532433509827,0.0483999066054821,-0.12635330855846405,0.10002242028713226,-0.050610847771167755,0.04246960207819939,-0.18253161013126373,-0.1764470934867859,0.03435911238193512,-0.1603410542011261,-0.3163575828075409,0.08072745054960251,0.5024165511131287,0.0035701626911759377,-0.12414979189634323,0.17247553169727325,0.13517612218856812,0.4114335775375366,0.18287834525108337,-0.21499140560626984,0.18766658008098602
258.0,0.07838567346334457,0.2142593264579773,-0.23801898956298828,0.17656081914901733,0.3476152718067169,-0.1688953936100006,-0.04656768962740898,-0.32866597175598145,0.1571553498506546,0.08750136941671371,-0.1954406350851059,0.16695918142795563,0.08728068321943283,0.1472548544406891,-0.18516042828559875,-0.23230893909931183,-0.043797366321086884,-0.1085982620716095,-0.06927630305290222,0.06000571697950363,0.12267185747623444,-0.11650676280260086,-0.4437526762485504,0.47700414061546326,-0.33223456144332886,-0.3152454197406769,-0.31740668416023254,-0.03438418358564377,0.25118809938430786,-0.04745372757315636,0.030356058850884438,0.09060671925544739,-0.46732279658317566,-0.05056764557957649,-0.015971066430211067,0.08092251420021057,-0.00024989276425912976,-0.17815567553043365,-0.4220598042011261,0.04526222497224808,0.40525996685028076,0.039680905640125275,-0.14039508998394012,-0.31818687915802,0.4644419252872467,-0.20383597910404205,-0.20624664425849915,-0.19738715887069702,-0.18553316593170166,-0.11661158502101898,-0.07327818870544434,-0.09986579418182373,0.02220248058438301,0.02535460703074932,0.026313988491892815,0.04820087552070618,0.193443164229393,-0.22690244019031525,-0.13574200868606567,0.11283137649297714,-0.05956261232495308,0.07873842120170593,-0.18343627452850342,0.08232739567756653
259.0,-0.1873353272676468,-0.027279287576675415,0.0706656277179718,-0.04526973143219948,0.018113330006599426,0.3430560827255249,-0.03349088504910469,-0.08136263489723206,0.1737709641456604,-0.02158435247838497,-0.23098066449165344,-0.15294353663921356,-0.19983503222465515,0.3358522057533264,0.21761147677898407,-0.051649145781993866,-0.36928340792655945,-0.43560880422592163,0.10335876047611237,0.08746661245822906,-0.19369788467884064,0.0007253952790051699,0.06857428699731827,0.2004135549068451,-0.2944848835468292,-0.08435932546854019,-0.013691170141100883,-0.03130292147397995,0.23772722482681274,0.19280660152435303,-0.47680699825286865,0.3458859622478485,-0.0056849271059036255,-0.1257866770029068,0.42286965250968933,0.20385994017124176,-0.24655739963054657,0.012452461756765842,-0.34994202852249146,0.2071966528892517,0.2245679348707199,0.0407707504928112,0.14135530591011047,-0.21314164996147156,0.1003265529870987,-0.005685355514287949,-0.040126338601112366,0.0019316403195261955,0.09483996033668518,-0.3979158401489258,-0.1510874330997467,-0.07326627522706985,-0.140187606215477,-0.26288849115371704,-0.012039991095662117,0.15326620638370514,0.20696254074573517,-0.0378195159137249,0.13107076287269592,0.4194987118244171,0.22144846618175507,-0.35818806290626526,-0.12335324287414551,-0.21276716887950897
260.0,-0.1057695746421814,-0.12742765247821808,-0.7174984812736511,0.2924783229827881,-0.06205485761165619,-0.0074357688426971436,-0.6245247721672058,-0.2027764916419983,-0.16328264772891998,0.18001876771450043,-0.07759065181016922,-0.013917606323957443,-0.07559603452682495,0.026009514927864075,0.11244642734527588,-0.3466239869594574,0.3007342219352722,-0.19945558905601501,-0.25418347120285034,0.14109332859516144,-0.046512894332408905,0.32043924927711487,-0.1297774612903595,0.31614455580711365,-0.047892261296510696,-0.15037016570568085,-0.1487104892730713,-0.20330816507339478,0.20643268525600433,-0.21803410351276398,0.05544178932905197,0.14595936238765717,0.021570274606347084,0.13482016324996948,0.33110177516937256,0.19287212193012238,-0.00038492551539093256,0.195673868060112,-0.24923770129680634,-0.13523469865322113,0.02264912612736225,-0.24038834869861603,-0.12730127573013306,-0.08171336352825165,-0.09342372417449951,-0.035868700593709946,0.06833676248788834,-0.08903023600578308,0.25147396326065063,-0.11148157715797424,-0.10113324224948883,0.10998830199241638,0.20435155928134918,-0.040730297565460205,-0.12340664863586426,0.1842404454946518,-0.27804043889045715,0.18321318924427032,-0.1137416884303093,0.14844994246959686,-0.06627554446458817,0.013755167834460735,-0.25672420859336853,0.1873764842748642
261.0,0.025921426713466644,-0.0045906417071819305,-0.2053963989019394,0.24988219141960144,-0.04215031489729881,-0.056745368987321854,-0.19477586448192596,0.16454021632671356,0.20571358501911163,0.012122437357902527,-0.05187463387846947,-0.028943609446287155,0.15249446034431458,0.2645701766014099,0.11468549072742462,0.08813381940126419,-0.4195564389228821,0.09779372811317444,-0.23531286418437958,-0.4434548616409302,0.20962706208229065,0.14342127740383148,-0.09061278402805328,0.2403348982334137,0.12635669112205505,-0.051469217985868454,-0.273209810256958,-0.3514673709869385,0.38770559430122375,0.01954852044582367,0.09701360762119293,0.04990760609507561,0.02465749904513359,0.054137490689754486,0.24227000772953033,-0.06203122064471245,-0.20577725768089294,0.07175876200199127,-0.24749964475631714,0.3531275987625122,-0.2007903754711151,-0.28369227051734924,-0.11062084883451462,0.20686253905296326,0.1583746373653412,-0.27810317277908325,-0.043883539736270905,0.22566868364810944,0.04721137136220932,0.1770567148923874,-0.08170808851718903,0.30525538325309753,-0.1654326170682907,-0.5346686840057373,0.25495338439941406,-0.3008939325809479,0.08090859651565552,0.08568636327981949,-0.04687550291419029,0.0647384449839592,0.060160741209983826,0.35695427656173706,0.264050155878067,-0.27989229559898376
262.0,-0.08876721560955048,0.13990716636180878,-0.26265016198158264,0.17627482116222382,-0.14495888352394104,-0.11252443492412567,-0.34959083795547485,-0.0889878123998642,-0.02655201032757759,-0.0867910236120224,-0.2815311551094055,0.0028399594593793154,-0.349630206823349,0.0700053796172142,0.1630324125289917,-0.26611700654029846,-0.021771522238850594,-0.2902761697769165,-0.2742367684841156,0.08393780887126923,0.07114142924547195,0.2767060697078705,-0.05560120940208435,0.2822839915752411,0.20991003513336182,0.19154396653175354,0.24769869446754456,0.09445849806070328,0.1256285458803177,-0.3521566092967987,0.15019841492176056,0.32602256536483765,-0.22570449113845825,0.041013579815626144,-0.026070784777402878,0.5460193157196045,0.0384758785367012,0.015316165052354336,0.2548847198486328,0.09441887587308884,0.13642388582229614,-0.21813370287418365,0.0765865370631218,-0.2303779572248459,-0.11663463711738586,0.29353734850883484,-0.1435571014881134,0.09711889177560806,-0.08618985116481781,-0.09046894311904907,-0.11221906542778015,-0.15969595313072205,-0.08457744866609573,-0.22960108518600464,-0.08107645064592361,0.1732134371995926,-0.06611529737710953,-0.27877071499824524,-0.4687463343143463,0.23826681077480316,0.006722745485603809,-0.08511943370103836,0.08528704196214676,-0.2811589241027832
263.0,-0.18061916530132294,-0.13597026467323303,-0.4002911448478699,0.6022436618804932,0.021285230293869972,0.3052172064781189,-0.46972912549972534,-0.15713265538215637,0.07484682649374008,-0.08924216777086258,-0.09546717256307602,-0.2414618730545044,-0.24067017436027527,-0.16081413626670837,-0.14102688431739807,-0.04627322405576706,-0.10371918976306915,0.18289996683597565,-0.19608402252197266,-0.07239929586648941,-0.023234913125634193,0.009477079845964909,-0.04950286075472832,-0.12135924398899078,-0.09492314606904984,-0.49475643038749695,-0.04340460151433945,-0.21793028712272644,0.3101438581943512,-0.40987464785575867,-0.08680526167154312,0.21677178144454956,-0.06608496606349945,-0.37936562299728394,-0.14601027965545654,0.31502410769462585,-0.052072472870349884,-0.0904604122042656,-0.1326451301574707,-0.08638618141412735,0.1598130315542221,0.20392730832099915,0.5717157125473022,-0.19235190749168396,0.17975933849811554,0.020009970292448997,-0.4080750346183777,-0.24349527060985565,-0.046946171671152115,-0.31465792655944824,0.19683054089546204,0.048152051866054535,-0.09684141725301743,0.23997294902801514,0.018133478239178658,0.441655695438385,0.16833136975765228,0.37345290184020996,-0.18657539784908295,0.40723007917404175,-0.06784608960151672,0.0688694417476654,-0.002258767606690526,0.0006141859921626747
264.0,-0.037670694291591644,-0.14424729347229004,-0.2236831933259964,0.06204081326723099,0.07139712572097778,0.052698906511068344,-0.018218625336885452,0.04212424159049988,-0.17933879792690277,-0.1487150639295578,0.060477085411548615,0.00843520276248455,-0.18403960764408112,-0.24541442096233368,-0.06051254644989967,-0.26163166761398315,0.014003392308950424,-0.06503158062696457,-0.28341007232666016,-0.22634385526180267,-0.10080096125602722,0.1680011749267578,-0.05116016045212746,-0.05059148743748665,8.883071132004261e-05,-0.15230272710323334,-0.14639487862586975,-0.37247738242149353,0.06416486948728561,-0.06720788776874542,0.04024861752986908,0.30496132373809814,-0.16513386368751526,0.018484149128198624,0.09249110519886017,-0.02005969174206257,-0.24767783284187317,-0.0783400908112526,-0.11633697897195816,0.2083491086959839,0.24050657451152802,-0.07479123771190643,-0.017668040469288826,-0.31709641218185425,0.14666515588760376,-0.22265179455280304,-0.15049073100090027,-0.20972341299057007,0.29308581352233887,-0.5265554189682007,-0.01926783286035061,0.028677916154265404,-0.0676892027258873,-0.20925158262252808,0.06356844305992126,-0.051744457334280014,0.09826705604791641,0.3007652461528778,-0.08959819376468658,0.3033240735530853,-0.29035329818725586,-0.025165757164359093,0.27426859736442566,-0.20441140234470367
265.0,-0.3137337863445282,-0.050825085490942,-0.10867035388946533,-0.05240486562252045,0.08804859966039658,0.09175802022218704,0.1209072470664978,-0.06182198226451874,-0.11815962940454483,-0.11325830221176147,-0.21116472780704498,0.25675520300865173,-0.08054034411907196,0.15306635200977325,-0.0611833781003952,-0.2798859775066376,-0.2289401739835739,0.07616394013166428,0.08248864859342575,0.012188023887574673,-0.172078937292099,-0.17201954126358032,0.3145866096019745,0.15441903471946716,-0.29431086778640747,-0.011926143430173397,0.03197798505425453,-0.17633658647537231,0.14644567668437958,-0.3036450445652008,-0.19123364984989166,0.18096677958965302,-0.21054808795452118,-0.22009925544261932,-0.03366273641586304,0.25532829761505127,-0.31699302792549133,-0.28334328532218933,-0.13720691204071045,0.06483100354671478,0.30670082569122314,-0.045375972986221313,0.2404245138168335,-0.5375136733055115,0.38712283968925476,-0.1741918921470642,-0.09393143653869629,-0.24888813495635986,0.14998134970664978,-0.4713327884674072,0.04923056811094284,0.1770547777414322,0.07609785348176956,-0.2986779808998108,0.21311697363853455,-0.12794311344623566,0.3835418224334717,0.16465003788471222,-0.39153164625167847,-0.3291873335838318,-0.1340973675251007,-0.23348413407802582,0.14845257997512817,-0.2766856849193573
266.0,-0.160472571849823,0.1150350496172905,-0.3384323716163635,0.34293803572654724,-0.179644376039505,-0.056524861603975296,-0.21953026950359344,-0.2003985047340393,-0.148663729429245,0.04409309849143028,-0.11009976267814636,-0.1162257269024849,-0.0155052924528718,-0.05198787525296211,-0.15120826661586761,-0.2701363265514374,-0.06845514476299286,-0.09943395107984543,-0.3117199242115021,0.2402208149433136,-0.12119502574205399,-0.11354745924472809,-0.31248611211776733,0.16976524889469147,-0.05216655135154724,-0.37695205211639404,-0.26178333163261414,0.05292034149169922,0.09538806229829788,-0.06730449199676514,-0.18928739428520203,0.21382537484169006,-0.1903676986694336,-0.13724559545516968,0.21912416815757751,0.15385699272155762,-0.05498885363340378,0.16639912128448486,-0.26299217343330383,0.09805931150913239,0.3816460967063904,0.07553817331790924,-0.1686406284570694,-0.22848141193389893,0.2177581787109375,0.08921003341674805,-0.2449614256620407,0.0010239621624350548,-0.11735740303993225,-0.12458933144807816,-0.08539899438619614,0.09841431677341461,0.17078255116939545,0.26417094469070435,-0.20764148235321045,0.20830489695072174,-0.20378157496452332,-0.47141873836517334,0.1185588389635086,-0.10458879917860031,-0.003889060579240322,-0.44256582856178284,-0.5399325489997864,0.04449324682354927
267.0,0.01636645942926407,0.32205459475517273,0.05025113373994827,-0.05666731670498848,-0.1471375823020935,-0.24632595479488373,-0.17212064564228058,0.06654497981071472,0.26868095993995667,0.0005294585134834051,-0.12017390131950378,-0.229487806558609,-0.3586241602897644,0.037628673017024994,0.19047439098358154,0.0860031396150589,-0.16320273280143738,-0.2241610437631607,0.38806968927383423,-0.23268365859985352,-0.041528407484292984,0.3324772119522095,-0.21695460379123688,0.2685087323188782,-0.48592492938041687,-0.026335695758461952,-0.17964690923690796,0.15018367767333984,0.08412807434797287,0.2847970128059387,-0.118181973695755,0.30172088742256165,-0.020371202379465103,0.1957615464925766,0.16610532999038696,-0.38965579867362976,-0.32541361451148987,0.2752841114997864,-0.09384948760271072,0.13287393748760223,0.1818167120218277,0.02974627912044525,-0.23979735374450684,-0.11970678716897964,0.1360456496477127,-0.10985119640827179,0.001191972754895687,-0.2586045563220978,-0.15717913210391998,-0.16170641779899597,0.1473686397075653,-0.15010590851306915,0.08256563544273376,-0.018768470734357834,0.0815504938364029,0.1244533360004425,0.09808342158794403,-0.04728465527296066,0.3195020258426666,0.2623889148235321,0.05558207258582115,-0.17565421760082245,-0.37582796812057495,0.078912653028965
268.0,-0.35989508032798767,-0.131952166557312,-0.19483399391174316,0.4698541462421417,0.044883716851472855,0.2706567943096161,-0.3528720736503601,-0.1048491969704628,0.067733533680439,0.14234930276870728,-0.028403015807271004,-0.07753342390060425,-0.17082636058330536,0.10331932455301285,-0.23656046390533447,-0.1700129359960556,0.1706184595823288,0.05353328585624695,-0.20785845816135406,-0.1662036031484604,0.31962400674819946,-0.043018799275159836,-0.21569880843162537,0.29525691270828247,-0.33938270807266235,0.217956081032753,-0.06697794795036316,0.20930038392543793,0.18198159337043762,0.08827311545610428,0.3702479302883148,0.318122923374176,-0.16680525243282318,-0.45955583453178406,-0.09643103182315826,0.530756413936615,0.13886454701423645,0.06040433794260025,-0.3524322807788849,0.15255311131477356,0.3803611397743225,-0.19331686198711395,0.14417804777622223,-0.42833778262138367,0.2184222787618637,-0.03103327937424183,-0.06279337406158447,-0.04770088195800781,0.05034281685948372,-0.003875685390084982,-0.010384158231317997,0.14246296882629395,-0.3906824290752411,-0.3850882351398468,-0.20422857999801636,0.16976305842399597,0.10523726791143417,0.1752469837665558,-0.24263325333595276,0.2024269849061966,0.2568761110305786,0.08785039931535721,0.09775453060865402,0.34921225905418396
269.0,-0.04779209569096565,-0.07866841554641724,-0.0785575658082962,0.14591071009635925,-0.0417490191757679,0.12984375655651093,-0.21600188314914703,-0.022461604326963425,-0.10301181674003601,0.027047298848628998,-0.04023159295320511,-0.1436956375837326,-0.09331438690423965,-0.08425334841012955,-0.3606550693511963,0.11801185458898544,-0.5136486291885376,0.258931964635849,0.05613264814019203,-0.2579801082611084,0.131015807390213,0.49206817150115967,-0.1056167334318161,-0.028677184134721756,-0.01348871923983097,0.3428717851638794,-0.15836916863918304,0.008167303167283535,0.21231526136398315,-0.018966209143400192,0.05982230231165886,0.3580782115459442,-0.02074844390153885,-0.38765063881874084,-0.04165133088827133,-0.0025199693627655506,-0.12747856974601746,-0.12876680493354797,0.22089089453220367,0.47084686160087585,0.17601381242275238,0.048853565007448196,0.10385920852422714,-0.1373676210641861,-0.23480570316314697,-0.17481215298175812,-0.29731446504592896,0.21043550968170166,-0.17039139568805695,-0.17862221598625183,-0.16154198348522186,0.18195095658302307,-0.05129934847354889,-0.4399243891239166,-0.27873995900154114,0.14697368443012238,0.052274588495492935,-0.11157070845365524,0.07169388234615326,0.11669541150331497,0.06656605005264282,0.2504321038722992,0.0047777374275028706,-0.17704087495803833
270.0,-0.2879304587841034,0.05414609983563423,-0.0810600072145462,0.04505501687526703,-0.10569047927856445,-0.0656951293349266,0.13332730531692505,-0.04181446507573128,-0.01451265998184681,0.028979791328310966,-0.09284061938524246,0.013743989169597626,0.09949024766683578,0.4994480013847351,0.14796791970729828,-0.3678402900695801,-0.1881978064775467,-0.019652601331472397,0.014483438804745674,-0.25504693388938904,-0.1521688550710678,0.04346884787082672,-0.004752648063004017,0.4084711968898773,-0.21690689027309418,-0.024986770004034042,-0.12856686115264893,-0.07870883494615555,0.273233562707901,0.11041705310344696,-0.6022965908050537,0.17304332554340363,0.28844621777534485,0.08670270442962646,0.3936746120452881,0.021418998017907143,-0.34764254093170166,0.0654032900929451,-0.48144304752349854,0.08558757603168488,0.08289886265993118,0.16583320498466492,-0.0293615460395813,0.039468660950660706,0.32392266392707825,-0.1905079334974289,-0.3055175542831421,-0.15604427456855774,0.04693013057112694,-0.2515479624271393,-0.0702224150300026,0.19678494334220886,0.01585526578128338,-0.3013867735862732,0.099588543176651,-0.2609812021255493,0.07596465945243835,0.23265816271305084,0.09639249742031097,0.0501646026968956,0.02395433560013771,-0.16297322511672974,-0.27650371193885803,-0.17980508506298065
271.0,0.25441282987594604,0.08855224400758743,-0.32430365681648254,0.3457416594028473,-0.11734632402658463,-0.02915106527507305,-0.2858910858631134,0.12533684074878693,-0.09995138645172119,0.07411543279886246,-0.14515641331672668,-0.30124762654304504,-0.07541763037443161,-0.09085109829902649,-0.25693780183792114,-0.2081763744354248,-0.03333166986703873,-0.386056125164032,-0.2516281306743622,0.023835204541683197,-0.2785938084125519,0.020078130066394806,-0.2774392068386078,0.3057484030723572,-0.3154124319553375,-0.201707124710083,-0.28036579489707947,0.15016798675060272,-0.020876187831163406,-0.1452443152666092,0.04754127189517021,0.4050920307636261,0.4009243845939636,0.13424643874168396,0.348383367061615,-0.0023092390038073063,-0.14789295196533203,0.45193785429000854,-0.3343638777732849,-0.13368023931980133,0.4477140009403229,0.08250494301319122,-0.41208645701408386,-0.15217812359333038,0.21503634750843048,0.000446705031208694,0.08174886554479599,-0.28841665387153625,0.16527622938156128,-0.027357131242752075,-0.07168041169643402,0.03413020819425583,-0.028981059789657593,0.0813913568854332,0.07662469893693924,0.2287471741437912,-0.23153367638587952,-0.3530247211456299,0.09291650354862213,0.11376114189624786,-0.2368464469909668,-0.1383683979511261,-0.3755180537700653,0.22841736674308777
272.0,-0.1673988401889801,-0.0033283524680882692,-0.20495648682117462,0.5931845307350159,0.0059860823675990105,-0.022458303719758987,-0.20702023804187775,-0.010907093994319439,0.1279226541519165,-0.22444476187229156,-0.1691305935382843,-0.11596032977104187,-0.43256986141204834,0.06361278146505356,0.13208086788654327,0.007172534242272377,-0.24619491398334503,-0.07211296260356903,-0.22004616260528564,0.1494089663028717,0.10632463544607162,-0.04062831774353981,-0.1218130886554718,0.3637089431285858,0.040701597929000854,-0.10150539129972458,-0.28211143612861633,-0.012004127725958824,0.12004683166742325,0.1577247530221939,0.04641161859035492,0.19142837822437286,-0.147756427526474,-0.10900107026100159,-0.20055419206619263,0.37148240208625793,0.13865189254283905,0.19816118478775024,-0.2771146297454834,0.14831312000751495,0.22490526735782623,-0.06474572420120239,0.08587879687547684,-0.17690083384513855,0.12941303849220276,0.2096872627735138,0.04700442776083946,0.04715118557214737,0.04845253378152847,-0.050383374094963074,-0.061819594353437424,0.04714157059788704,-0.06928034871816635,0.08283455669879913,0.03767415136098862,0.24932704865932465,-0.0788254365324974,-0.4805053174495697,-0.1817418336868286,-0.033985305577516556,0.02956991270184517,0.016865650191903114,-0.05959578976035118,-0.2388540506362915
273.0,-0.39669281244277954,-0.13858956098556519,-0.3323483169078827,0.21215879917144775,-0.33483177423477173,-0.09381932020187378,-0.08443010598421097,-0.14982683956623077,-0.060798704624176025,0.1469324678182602,-0.017425905913114548,0.035805072635412216,-0.003274396061897278,0.117306649684906,-0.050462592393159866,-0.20737934112548828,-0.014954512938857079,-0.16600456833839417,-0.3756506145000458,-0.2581533193588257,0.23711936175823212,-0.006192591041326523,-0.04539487883448601,0.2917726933956146,0.3097507357597351,-0.3356056213378906,-0.5133013725280762,0.005322177894413471,-0.042117856442928314,0.296128511428833,0.33567339181900024,0.07923910766839981,0.007140746805816889,-0.0829571858048439,0.2441243976354599,0.3450167179107666,0.009164974093437195,0.39135947823524475,-0.4272250533103943,0.400141179561615,0.24693387746810913,-0.3245471715927124,-0.39105933904647827,-0.29303082823753357,0.23461546003818512,0.11753690987825394,-0.061670057475566864,0.025672290474176407,0.22916480898857117,-0.03199813887476921,-0.16051465272903442,0.12025786191225052,0.0030633218120783567,-0.02925916574895382,-0.08735807240009308,-0.19688580930233002,0.05068887397646904,-0.3213537335395813,0.11409123241901398,-0.0291362963616848,0.2791127860546112,-0.11970216035842896,-0.36569246649742126,-0.024890612810850143
274.0,-0.4053018391132355,-0.14105674624443054,-0.2252521961927414,0.31556233763694763,-0.23145000636577606,-0.16873547434806824,-0.011061019264161587,-0.12867918610572815,-0.16303452849388123,0.1392602175474167,-0.0731768012046814,0.0601651705801487,0.12199776619672775,0.007233683951199055,-0.08029188215732574,-0.2801341116428375,0.16439811885356903,0.19136889278888702,-0.3833003640174866,-0.5678686499595642,0.23725081980228424,-0.13528667390346527,0.0007603956619277596,0.19862893223762512,0.20433320105075836,-0.2740629017353058,-0.2470695525407791,-0.09241700917482376,0.01970461755990982,0.10470803827047348,0.2754506766796112,0.06984198838472366,-0.22748610377311707,0.019585339352488518,0.23660576343536377,0.27514031529426575,0.10816936939954758,0.03928225114941597,-0.03073153831064701,0.2762242555618286,0.26455456018447876,-0.4454328417778015,-0.2763849198818207,-0.33761167526245117,0.37974005937576294,-0.07485508173704147,-0.25586479902267456,0.10563007742166519,0.034394316375255585,0.12237758189439774,0.298306941986084,0.22137337923049927,-0.008588074706494808,0.09216532111167908,-0.15960265696048737,-0.2582688331604004,-0.1480535864830017,0.001017372589558363,-0.11555994302034378,-0.4305018186569214,0.20182687044143677,-0.13966281712055206,-0.07013439387083054,0.07679487019777298
275.0,-0.2844413220882416,-0.27738264203071594,-0.1133035346865654,0.02505914308130741,0.0009956026915460825,-0.06698274612426758,-0.2047952562570572,0.14844822883605957,0.108502097427845,-0.038979463279247284,-0.21596211194992065,0.08010583370923996,-0.380974680185318,-0.006745107937604189,0.187713161110878,-0.12846903502941132,0.14922749996185303,-0.07477957755327225,-0.1939888298511505,0.28886690735816956,0.09185140579938889,0.08090494573116302,-0.1820065826177597,0.3065715730190277,-0.30561140179634094,-0.014918534085154533,-0.12816423177719116,-0.05379219725728035,-0.04065125808119774,0.05611276999115944,0.38801977038383484,0.19682741165161133,-0.3360011875629425,-0.08132074028253555,-0.14506635069847107,0.2129712700843811,-0.3154451847076416,-0.1979331225156784,-0.2764118015766144,0.1988861858844757,-0.027004040777683258,-0.1879105418920517,0.09625236690044403,-0.17950224876403809,0.155191570520401,0.07440772652626038,0.3379467725753784,-0.11741048097610474,0.1388101428747177,-0.24880771338939667,-0.1760302633047104,-0.1187339499592781,-0.32344430685043335,-0.41187137365341187,0.27002960443496704,-0.147736594080925,0.1929299533367157,-0.11132689565420151,-0.2625178098678589,0.45015057921409607,0.3200604021549225,0.2535606026649475,0.01549769937992096,-0.1813514530658722
276.0,-0.12175019085407257,-0.19876223802566528,-0.16823150217533112,-0.06525296717882156,-0.34327805042266846,0.16589872539043427,-0.4993446171283722,0.014710942283272743,0.2221323847770691,0.08765717595815659,-0.3749074339866638,-0.1968749612569809,-0.18665120005607605,-0.02387601137161255,0.001973060192540288,0.1695318967103958,-0.1415729820728302,-0.2171475738286972,0.1710582971572876,0.050624534487724304,0.347736120223999,0.14761126041412354,0.11339203268289566,0.13726651668548584,-0.18867942690849304,0.05598391592502594,-0.1642807275056839,0.1194642186164856,-0.008473134599626064,0.06314843893051147,0.4454282224178314,0.4698750972747803,0.024810990318655968,-0.4395570755004883,0.21050938963890076,0.04747498035430908,-0.22756879031658173,-0.042780954390764236,-0.2894446849822998,0.1715880036354065,-0.03649929538369179,-0.27189159393310547,-0.16795356571674347,-0.24380573630332947,-0.10801514238119125,0.16825377941131592,0.21471060812473297,-0.03970654681324959,0.3045569658279419,-0.13578259944915771,-0.1714017540216446,0.06530119478702545,-0.15607887506484985,-0.2788126766681671,-0.04351700097322464,0.025234093889594078,0.071143239736557,0.14241354167461395,-0.0956358015537262,0.40977635979652405,0.21916547417640686,0.010270979255437851,0.06704536080360413,0.045244358479976654
277.0,-0.2293921858072281,0.039905231446027756,-0.07645455002784729,0.23082882165908813,-0.05492345616221428,-0.04094225913286209,-0.3049379587173462,-0.15812323987483978,0.1281680315732956,-0.04324401542544365,0.07789286971092224,0.08095142990350723,-0.3240817189216614,0.16959522664546967,0.21890771389007568,0.015712818130850792,-0.10768521577119827,0.11586179584264755,-0.04515988752245903,0.15410247445106506,-0.041786354035139084,0.12412966787815094,-0.07627223432064056,0.14775869250297546,0.03143833950161934,-0.24450618028640747,-0.37177735567092896,-0.1396140605211258,0.2135116457939148,0.11403017491102219,0.03607260808348656,0.17355994880199432,-0.04967595636844635,-0.16184844076633453,0.02816472388803959,0.29599475860595703,-0.13392852246761322,0.012072550132870674,-0.33342495560646057,0.20674589276313782,0.018441129475831985,-0.08707032352685928,0.35084569454193115,-0.001997934188693762,0.0722738653421402,-0.10636275261640549,0.012718504294753075,0.10618627816438675,0.026790732517838478,-0.22851678729057312,-0.2786843180656433,-0.11124792695045471,-0.11066883057355881,-0.2539314925670624,-0.20249277353286743,0.4870254695415497,-0.058317631483078,-0.07894083857536316,0.09576281160116196,0.2844475209712982,0.24231350421905518,0.12383072078227997,-0.39167118072509766,-0.28001829981803894
278.0,-0.3059932589530945,-0.2356746345758438,0.22443696856498718,0.2880064845085144,-0.08950810134410858,0.2861941456794739,-0.06736259162425995,0.10450582951307297,0.040253546088933945,0.036358367651700974,-0.40199014544487,-0.14785191416740417,0.07990264147520065,0.400970458984375,-0.042311523109674454,0.029566826298832893,-0.2841251790523529,0.11359347403049469,0.060561586171388626,-0.34878456592559814,0.16357867419719696,0.15263676643371582,-0.2652786672115326,0.31388697028160095,-0.11103320866823196,0.2384624481201172,-0.19763436913490295,-0.12594403326511383,0.16354070603847504,0.48381462693214417,-0.24614275991916656,0.18526193499565125,0.09399837255477905,-0.1410485953092575,0.22369107604026794,-0.1066155880689621,-0.3305110037326813,-0.18559445440769196,-0.1214243471622467,0.3072870075702667,-0.14937841892242432,-0.08623291552066803,0.10961589962244034,-0.0023792851716279984,0.14422959089279175,-0.08497107774019241,0.04825245216488838,-0.009821554645895958,0.14617997407913208,0.0031543776858597994,-0.08021052181720734,0.13412587344646454,-0.2808224558830261,-0.5164079070091248,0.08992377668619156,-0.2616116404533386,-0.04110819101333618,0.2613493800163269,-0.17326830327510834,0.005699091590940952,0.2511463463306427,0.1410481333732605,0.06894691288471222,0.01154749933630228
279.0,-0.13575220108032227,0.14433130621910095,-0.30178722739219666,0.4174014925956726,-0.0531204529106617,-0.2204180508852005,-0.1103883683681488,-0.3582673966884613,0.186186283826828,-0.0987134501338005,-0.4258297383785248,0.09500125795602798,0.0054677147418260574,-0.004028680268675089,-0.1783124953508377,0.18117928504943848,-0.05220658704638481,-0.1419273316860199,-0.2675684690475464,-0.25981974601745605,0.20077408850193024,-0.04362453520298004,-0.13691285252571106,0.379323810338974,0.0810418352484703,-0.160444438457489,-0.2643604576587677,-0.05998971685767174,0.07267291843891144,0.19961762428283691,0.2055567353963852,0.15968471765518188,-0.374544620513916,-0.22444944083690643,0.0600159727036953,0.21367961168289185,-0.07352159917354584,-0.19156794250011444,-0.20390357077121735,0.02412315644323826,0.057829368859529495,-0.17185308039188385,0.0008471265900880098,-0.17973138391971588,0.1102600023150444,0.11269519478082657,-0.09562874585390091,-0.30511248111724854,0.1416091024875641,0.008339702151715755,0.0033635618165135384,-0.019470781087875366,-0.16404709219932556,0.11037594079971313,0.04380999505519867,-0.03849271312355995,-0.06990943849086761,-0.030753621831536293,-0.2763112485408783,0.03705766052007675,-0.0786944180727005,-0.03876440227031708,0.03646639734506607,-0.08770211040973663
280.0,-0.14927710592746735,0.026698771864175797,-0.22242937982082367,0.6695992350578308,0.013167452067136765,0.19351546466350555,-0.40551483631134033,0.04231274127960205,0.09406879544258118,-0.06472955644130707,-0.05531594902276993,-0.13324105739593506,-0.1085907369852066,0.12989582121372223,0.01840878278017044,-0.06042053923010826,-0.13315169513225555,0.19078460335731506,-0.04993210732936859,0.06421481817960739,0.23718298971652985,-0.1073722094297409,-0.32338279485702515,0.16072773933410645,-0.0007016989402472973,-0.3182586133480072,-0.2582831084728241,-0.1716824471950531,0.33937960863113403,-0.1279701292514801,0.016636686399579048,0.08471380174160004,-0.27028509974479675,-0.21895867586135864,-0.27799370884895325,0.20741291344165802,-0.023976465687155724,0.3189394772052765,-0.19733627140522003,0.12014401704072952,0.17718400061130524,0.07810788601636887,0.13344424962997437,-0.056583672761917114,0.34127315878868103,-0.03524808958172798,-0.21765677630901337,-0.09709477424621582,-0.11752161383628845,0.031976502388715744,0.09126251935958862,0.14083100855350494,0.027773896232247353,0.08156397938728333,0.1097608208656311,0.3348965048789978,0.001888147322461009,-0.15970562398433685,-0.18407729268074036,-0.19912023842334747,-0.21521829068660736,0.015146512538194656,-0.1155916079878807,0.06767269968986511
281.0,-0.22500218451023102,0.07007832080125809,-0.01728205569088459,-0.028560182079672813,-0.30680376291275024,-0.22285477817058563,-0.14974048733711243,0.24896802008152008,-0.1728910654783249,-0.007638611830770969,-0.2239747941493988,0.0837806835770607,-0.10525774955749512,0.20650488138198853,0.3226941227912903,-0.2845567464828491,0.1379326581954956,-0.029124468564987183,-0.2165367603302002,0.10276305675506592,0.15649424493312836,-0.13753047585487366,-0.13747161626815796,0.2627170979976654,-0.06515748053789139,0.21256738901138306,-0.04011940211057663,-0.04173059016466141,0.11563880741596222,-0.11615607887506485,-0.044476259499788284,0.25232404470443726,-0.2670854926109314,0.08197004348039627,-0.09655678272247314,0.19994783401489258,-0.2620568573474884,0.3414998948574066,0.017842907458543777,0.36020657420158386,0.13321417570114136,-0.04780209809541702,-0.2384270280599594,-0.05080806463956833,0.3460398316383362,-0.07920949161052704,-0.12400444597005844,0.09031739830970764,-0.10197459161281586,-0.15884551405906677,-0.0002782153896987438,0.2539544403553009,0.12545083463191986,-0.519395112991333,0.047013603150844574,-0.20235587656497955,-0.006134518422186375,-0.13837872445583344,-0.23946720361709595,-0.39467933773994446,-0.15604428946971893,-0.20426300168037415,-0.13482248783111572,-0.1264522224664688
282.0,0.03576738014817238,-0.06043531373143196,-0.4722498655319214,0.11602029949426651,0.11010006815195084,-0.13099725544452667,-0.09522432833909988,-0.08391132205724716,-0.05234663188457489,0.0400535985827446,-0.25520437955856323,0.038770996034145355,-0.1482173353433609,-0.17621661722660065,-0.3454975485801697,-0.019616633653640747,-0.27330735325813293,-0.2384752482175827,-0.021653981879353523,-0.23639456927776337,-0.3347952365875244,0.2866981625556946,0.08120433986186981,0.06914974749088287,-0.20147214829921722,-0.21901516616344452,-0.16360169649124146,-0.08608082681894302,0.20933818817138672,-0.05861826241016388,-0.005690332967787981,0.38084036111831665,-0.050827544182538986,-0.07247985899448395,0.2930762469768524,0.18281516432762146,-0.1110217496752739,-0.29284951090812683,-0.038482263684272766,-0.23243601620197296,0.2527989447116852,-0.18710827827453613,-0.04834296181797981,-0.2266492396593094,0.03653299808502197,-0.21717818081378937,0.03643840551376343,-0.4476902186870575,0.10927469283342361,-0.01594797521829605,0.009257644414901733,-0.1635761857032776,-0.35639604926109314,-0.08182114362716675,0.18470808863639832,0.11351729929447174,0.10685580223798752,-0.01849931664764881,-0.22540313005447388,0.38142886757850647,-0.3417348861694336,0.14468897879123688,0.2138378769159317,-0.20756208896636963
283.0,-0.14677748084068298,-0.19546766579151154,-0.08591368049383163,0.22391152381896973,0.02086826041340828,-0.00802316889166832,-0.06533318012952805,-0.12660005688667297,-0.2714131474494934,0.1071162223815918,0.1513386368751526,0.13260594010353088,-0.2851461172103882,0.21640361845493317,-0.09008530527353287,-0.08688373863697052,-0.23781344294548035,0.3001060485839844,0.07101897150278091,-0.2394479215145111,0.039224978536367416,0.5364837050437927,-0.07996612042188644,0.1143103614449501,0.0356457345187664,0.10073551535606384,-0.19626133143901825,-0.29168701171875,0.2455693781375885,0.13455317914485931,0.10247139632701874,0.3042469918727875,0.17027176916599274,-0.1356048285961151,-0.027021709829568863,0.18996064364910126,-0.143698588013649,0.0032515479251742363,-0.05671153962612152,0.31194403767585754,0.03678765520453453,0.19291631877422333,0.3620915114879608,0.14517313241958618,-0.14359401166439056,-0.05669739842414856,-0.3813202381134033,0.25952136516571045,0.09916219860315323,-0.2692652940750122,-0.4363626539707184,-0.07133283466100693,-0.260871559381485,-0.45524388551712036,-0.12320225685834885,0.22851181030273438,0.08174695074558258,-0.07512214779853821,0.10178735852241516,0.36950695514678955,-0.14199066162109375,0.5115876197814941,0.053546153008937836,-0.5222592949867249
284.0,-0.06229010596871376,0.3872933089733124,-0.4511185586452484,0.22363439202308655,0.002504871692508459,-0.03829828277230263,-0.2320527285337448,-0.24462522566318512,0.09902539104223251,0.07157398760318756,-0.05162838101387024,0.03595772013068199,0.033721212297677994,0.28429052233695984,-0.04970407485961914,-0.010649565607309341,-0.18508033454418182,-0.1418045312166214,0.0878015011548996,-0.1497175544500351,0.11580775678157806,0.25198838114738464,-0.23143327236175537,0.4858897030353546,-0.09294692426919937,0.294781357049942,0.03372758999466896,0.07473256438970566,0.24876582622528076,-0.07483573257923126,-0.19222097098827362,0.09214842319488525,-0.14197872579097748,-0.10578961670398712,-0.1039380133152008,-0.041485488414764404,-0.21758855879306793,0.2502696216106415,-0.25527575612068176,0.12619367241859436,-0.028434690088033676,0.04705379158258438,0.05607340857386589,-0.28628769516944885,-0.12045015394687653,-0.016270030289888382,-0.18658074736595154,-0.21529756486415863,0.04497668892145157,-0.37258976697921753,-0.206366628408432,0.3170793056488037,0.25791481137275696,-0.2726231515407562,-0.12652279436588287,0.03352879732847214,0.1395137757062912,0.10318960249423981,-0.13446997106075287,0.08272905647754669,-0.07591907680034637,-0.033434197306632996,-0.14099064469337463,-0.07028400897979736
285.0,-0.3492153286933899,0.013835548423230648,-0.23401153087615967,0.3009288012981415,0.012904206290841103,-0.17278243601322174,-0.02747984044253826,-0.1972913295030594,0.034931331872940063,0.03754793480038643,-0.42312830686569214,0.19601233303546906,-0.21096733212471008,0.16497045755386353,0.10977458953857422,0.0724087804555893,0.20249703526496887,-0.21493057906627655,-0.5689876675605774,-0.011268281377851963,0.07061020284891129,0.03244493901729584,-0.07686039805412292,0.24337546527385712,-0.07205866277217865,-0.10449816286563873,-0.13782113790512085,-0.339295357465744,0.10541488230228424,0.017071347683668137,-0.3980896472930908,0.23775823414325714,-0.2550305128097534,0.07399842143058777,0.05919818952679634,-0.010789046995341778,-0.1259457916021347,0.2388680875301361,-0.4167410433292389,0.19871313869953156,-0.08197996020317078,0.22099334001541138,0.1795639991760254,-0.008196883834898472,0.22849778831005096,-0.08250051736831665,-0.3243471384048462,0.08648145198822021,-0.004668361507356167,-0.21357886493206024,0.09225982427597046,0.11648618429899216,0.020970020443201065,-0.014359033666551113,-0.14120978116989136,-0.07066900283098221,-0.02687636949121952,0.25239473581314087,-0.0703291967511177,-0.018827125430107117,0.03315899893641472,-0.10082779824733734,-0.22880016267299652,-0.0501672625541687
286.0,0.13155780732631683,0.375392884016037,0.17249847948551178,0.11470641195774078,0.0465070866048336,0.2658604085445404,0.11298858374357224,-0.09930172562599182,-0.08055838942527771,0.03217384219169617,-0.0420522503554821,0.14329789578914642,0.2099825143814087,0.16557055711746216,-0.18217156827449799,0.028264936059713364,-0.006221916526556015,-0.22433795034885406,-0.04001662880182266,-0.39558783173561096,-0.0719083845615387,-0.2522626519203186,-0.18788737058639526,-0.12445497512817383,0.1600811779499054,-0.05510523542761803,-0.09146299213171005,-0.19818736612796783,-0.0029507167637348175,-0.11058171838521957,-0.38664937019348145,0.22602303326129913,-0.2001885324716568,-0.04710187390446663,0.19429394602775574,-0.21451249718666077,-0.11134188622236252,0.22455687820911407,-0.3100179433822632,0.3653242290019989,0.1132393479347229,-0.211517795920372,-0.20430254936218262,-0.35307881236076355,0.3417587876319885,-0.1645222157239914,-0.15144264698028564,-0.2928154766559601,0.21140184998512268,-0.3365316092967987,-0.13171543180942535,0.13403959572315216,-0.16995184123516083,-0.34048593044281006,-0.061300165951251984,0.004555380437523127,0.32314690947532654,0.20084096491336823,0.008632670156657696,0.10487266629934311,-0.15406613051891327,-0.2609364092350006,0.23435448110103607,0.15898554027080536
287.0,-0.2668241560459137,-0.19158896803855896,-0.35936760902404785,0.25467032194137573,-0.006424081511795521,-0.2608962059020996,0.026235565543174744,-0.13426712155342102,-0.2303072065114975,-0.008072804659605026,-0.27904027700424194,0.12783347070217133,-0.38430628180503845,-0.20045068860054016,0.00355135346762836,0.0666205957531929,-0.13300521671772003,0.02817949280142784,-0.3747405707836151,-0.4332532584667206,-0.2751654386520386,0.4346514046192169,0.0720362737774849,0.05637086182832718,-0.12539762258529663,-0.14213499426841736,-0.34483104944229126,-0.5756205320358276,-0.08953990787267685,-0.047680310904979706,-0.1850213259458542,0.30255642533302307,-0.17692439258098602,0.1153612732887268,0.12519145011901855,-0.3003135621547699,-0.3303288221359253,0.051300592720508575,-0.18508896231651306,0.540791392326355,0.07027588784694672,-0.038329530507326126,0.08000461757183075,-0.41962116956710815,0.08248989284038544,-0.10621136426925659,-0.2515413761138916,-0.041488002985715866,0.22695571184158325,-0.6924973726272583,0.1420050710439682,0.24927149713039398,0.049888975918293,-0.023999085649847984,0.10971730947494507,-0.2110835611820221,0.17479468882083893,0.28261759877204895,0.07118271291255951,0.1258971244096756,0.16329975426197052,0.16580401360988617,0.018238026648759842,-0.3631792664527893
288.0,0.151752769947052,0.360665500164032,-0.10204413533210754,0.3822171986103058,0.2039608657360077,-0.06665411591529846,0.016884267330169678,-0.26860862970352173,0.05854959413409233,-0.005868095904588699,-0.09756705164909363,0.13887925446033478,0.15787337720394135,0.2019861489534378,-0.17332233488559723,-0.09479445219039917,-0.20945079624652863,-0.1252048760652542,-0.09040415287017822,-0.22139783203601837,-0.289948970079422,0.01698649488389492,-0.3549487888813019,0.2929006516933441,-0.13163450360298157,0.1643393486738205,-0.01926073618233204,0.03936449810862541,0.13219135999679565,-0.05223560705780983,-0.11700216680765152,0.10430692881345749,-0.27686357498168945,-0.10749322175979614,0.21813753247261047,0.22166047990322113,0.06024984270334244,-0.1274285465478897,-0.16202610731124878,0.09211139380931854,0.3524525463581085,-0.2829475402832031,-0.04898010566830635,-0.2823556959629059,0.07723379135131836,0.008901216089725494,-0.07920535653829575,-0.23933406174182892,-0.04638756439089775,0.03517870604991913,-0.18434898555278778,0.10880832374095917,-0.35994455218315125,-0.23080043494701385,0.18933403491973877,0.0581374429166317,-0.006755748763680458,-0.20060108602046967,-0.18656915426254272,0.07170156389474869,0.0986275002360344,-0.09192119538784027,0.14912450313568115,0.02754857763648033
289.0,-0.2662297785282135,-0.0665234848856926,-0.2350846379995346,0.21736067533493042,-0.22808262705802917,0.010023413226008415,-0.10643868148326874,0.011456581763923168,-0.11714547872543335,-0.2836921811103821,-0.28524643182754517,-0.017053771764039993,-0.33223098516464233,-0.1969936341047287,-0.16557224094867706,0.05083535984158516,-0.1251848191022873,-0.15831999480724335,-0.34012559056282043,-0.2316986620426178,0.13200460374355316,0.13113942742347717,-0.17459824681282043,0.20974083244800568,0.24882428348064423,-0.161002978682518,-0.039610058069229126,-0.1497698575258255,-0.07772921770811081,0.12974515557289124,0.12752392888069153,0.43133509159088135,-0.311139851808548,-0.1164691224694252,0.08873118460178375,0.010180629789829254,-0.4575316607952118,-0.2867809534072876,-0.0036940798163414,0.12318333983421326,-0.0872468426823616,-0.21412263810634613,0.028263580054044724,-0.28666549921035767,-0.04253673180937767,0.25161728262901306,0.04205719009041786,-0.2911284267902374,0.3266843557357788,-0.38258060812950134,-0.18076667189598083,-0.12800835072994232,-0.23445382714271545,-0.1608637273311615,0.0442826934158802,-0.12231040000915527,0.07654587179422379,-0.2353454828262329,-0.24910299479961395,0.40893399715423584,-0.1634170413017273,-0.18159370124340057,0.16900095343589783,-0.48484453558921814
290.0,-0.01942473277449608,-0.11102818697690964,-0.20076334476470947,0.2801750600337982,0.1334410458803177,0.3966989517211914,-0.19806520640850067,-0.2125091552734375,-0.08597884327173233,0.2686566114425659,-0.14029601216316223,-0.09667234867811203,0.2254640907049179,0.08751211315393448,-0.3264908492565155,-0.13423682749271393,-0.2756475508213043,0.019128043204545975,0.17937076091766357,0.10427172482013702,0.10361369699239731,-0.005545143969357014,-0.24006429314613342,0.05651921406388283,0.04450865462422371,-0.18075105547904968,-0.30756956338882446,0.07171850651502609,0.28452980518341064,-0.032757677137851715,-0.06642577052116394,0.18759343028068542,-0.32628893852233887,-0.37858158349990845,0.0036422309931367636,0.4527825713157654,0.13337601721286774,-0.10426439344882965,-0.04016343876719475,0.43089625239372253,0.38997307419776917,-0.11380269378423691,0.021601224318146706,-0.3372143805027008,0.13145028054714203,-0.1607317328453064,-0.18905529379844666,-0.004995350725948811,-0.06847306340932846,-0.28058668971061707,-0.29711776971817017,0.06267301738262177,-0.009567651897668839,-0.2215379923582077,-0.4045614004135132,0.31841620802879333,0.14567293226718903,-0.3521680235862732,-0.08572898060083389,0.14854095876216888,0.06740134954452515,0.25311562418937683,-0.18368752300739288,0.022403627634048462
291.0,0.015083301812410355,0.0287056565284729,-0.1583019345998764,0.56679368019104,-0.11119307577610016,0.026409387588500977,-0.16885781288146973,0.030046038329601288,-0.08079957216978073,-0.024336885660886765,0.019017474725842476,-0.2171558290719986,-0.11894818395376205,-0.15996214747428894,0.005763651803135872,0.11234366148710251,0.2398390769958496,0.12387510389089584,0.26398366689682007,-0.5146421194076538,-0.11731491982936859,0.019839875400066376,0.0952286571264267,0.012537377886474133,-0.3655898869037628,0.18468798696994781,-0.023338034749031067,-0.011815764009952545,-0.019441887736320496,0.2033608853816986,0.0822724774479866,0.3545236587524414,0.055835627019405365,-0.04830910265445709,0.1996687352657318,0.2334744930267334,0.06613773852586746,0.044995859265327454,-0.056379467248916626,0.07143045961856842,0.2599664032459259,-0.3818316161632538,-0.040034741163253784,-0.015990978106856346,0.021349787712097168,-0.07193442434072495,0.04218195006251335,-0.3663245737552643,0.35122916102409363,-0.10150200128555298,0.11292622238397598,0.2183261513710022,-0.37371981143951416,-0.14659062027931213,0.018563563004136086,0.19109781086444855,-0.14555759727954865,0.20566943287849426,-0.00916518084704876,0.1416659951210022,-0.2374705970287323,0.2082766741514206,0.30923789739608765,0.05729387328028679
292.0,0.3821687400341034,0.19185693562030792,-0.06557910889387131,-0.08508387953042984,-0.2626016438007355,-0.2808557450771332,-0.04549403861165047,-0.013756443746387959,-0.10366857051849365,0.13650955259799957,-0.16398411989212036,-0.4087694585323334,0.20951750874519348,0.265411913394928,0.36974218487739563,-0.3836157023906708,-0.12889663875102997,-0.3793383836746216,0.28624042868614197,-0.06395913660526276,0.053283095359802246,-0.12993428111076355,-0.16840201616287231,0.3320986032485962,-0.30689993500709534,0.17647363245487213,-0.003910597413778305,0.18719014525413513,0.001679582055658102,0.4297175705432892,0.18256835639476776,0.2876220941543579,0.14530757069587708,0.26972848176956177,0.383279025554657,0.12560328841209412,0.009744538925588131,0.029301602393388748,-0.05800487846136093,0.039951734244823456,0.33553043007850647,-0.0011851631570607424,-0.6052562594413757,0.08927556872367859,-0.012078932486474514,0.18173673748970032,-0.054530538618564606,0.10944914072751999,0.2367233783006668,-0.023379459977149963,-0.23488135635852814,0.05145014449954033,-0.025154786184430122,-0.05501897260546684,0.09624391049146652,-0.18911604583263397,-0.2967913746833801,-0.19739404320716858,-0.2187160849571228,0.2869289815425873,-0.46731212735176086,0.10149717330932617,0.45191213488578796,-0.3889390528202057
293.0,-0.12284018099308014,0.15355120599269867,-0.24584287405014038,0.5998778939247131,-0.1442384570837021,-0.1798514872789383,-0.20518001914024353,-0.24670761823654175,-0.0548882894217968,-0.14662057161331177,-0.302700936794281,-0.1369185596704483,0.15047883987426758,0.08327852189540863,-0.09718070924282074,-0.07936001569032669,0.0029508559964597225,-0.0390852726995945,-0.40506866574287415,-0.37259653210639954,-0.056273676455020905,0.04485875368118286,-0.3493786156177521,0.2969690263271332,0.009625587612390518,0.3080178201198578,-0.028216322883963585,0.05603012442588806,0.08166110515594482,0.20229604840278625,0.03567710146307945,0.1542147994041443,-0.1918444186449051,-0.22937630116939545,0.13152055442333221,0.41860345005989075,-0.0006776177324354649,-0.33026406168937683,0.0752035602927208,-0.051599033176898956,0.11164118349552155,-0.2166631817817688,-0.050939932465553284,0.09308600425720215,-0.09736932069063187,0.15788677334785461,-0.09635554254055023,-0.4089876413345337,0.03499653935432434,0.24066820740699768,-0.01693830080330372,0.14047154784202576,-0.47034797072410583,-0.20439478754997253,0.23839934170246124,-0.09434725344181061,-0.2688196003437042,0.09618417173624039,-0.4656662046909332,0.23311054706573486,-0.08718469738960266,0.05486850440502167,0.31576183438301086,-0.04327232390642166
294.0,0.11077696830034256,0.3831333518028259,0.11343993246555328,0.23432764410972595,-0.3076881766319275,0.022699059918522835,-0.20415592193603516,0.26215729117393494,0.19595730304718018,-0.28513574600219727,0.036556046456098557,0.033124908804893494,-0.06652407348155975,-0.23286813497543335,0.04545208439230919,0.13021351397037506,0.12693001329898834,-0.012011224403977394,-0.04218920320272446,-0.16915544867515564,0.04815345257520676,-0.1939469575881958,-0.2051902711391449,-0.08699604123830795,0.000950187910348177,-0.1673533022403717,0.07982634007930756,-0.0677909255027771,0.05769380182027817,-0.4062902629375458,0.20190490782260895,0.31293484568595886,-0.5636438131332397,-0.1617933213710785,0.14235316216945648,0.21056275069713593,-0.39741048216819763,0.17882119119167328,0.05673198029398918,0.4198857843875885,0.28983402252197266,-0.5028472542762756,-0.15308073163032532,-0.07855493575334549,0.3871462047100067,-0.09134778380393982,-0.11051490157842636,-0.3129327893257141,-0.05497586354613304,-0.19303220510482788,-0.0739230215549469,0.06327448785305023,-0.21473658084869385,-0.4525078535079956,0.22313831746578217,0.09622123092412949,0.13055425882339478,-0.3961341977119446,0.1284610480070114,-0.05436936020851135,-0.13254524767398834,-0.5091838836669922,-0.12205338478088379,0.051503490656614304
295.0,0.27209901809692383,0.05323515459895134,0.06563150137662888,0.15413397550582886,-0.22816085815429688,-0.03503455966711044,-0.0665632113814354,0.18214717507362366,-0.050700731575489044,-0.16044652462005615,-0.24508976936340332,-0.3715391457080841,0.19371859729290009,0.11994335800409317,0.004635373130440712,-0.37073877453804016,-0.21240171790122986,0.018357666209340096,0.1596096307039261,-0.3445252478122711,-0.07002460956573486,0.29182037711143494,-0.20393382012844086,0.15407995879650116,-0.08113044500350952,0.14153610169887543,-0.034179504960775375,0.028826232999563217,0.2257973998785019,-0.09693362563848495,-0.3529501259326935,0.3556968867778778,0.4087628722190857,0.12781192362308502,0.30401942133903503,0.05957170948386192,-0.27976593375205994,-0.03753742575645447,0.1949889063835144,0.13340280950069427,0.2717246115207672,0.22642117738723755,-0.2470652461051941,0.3335062265396118,0.1000499427318573,-0.059651847928762436,-0.4765135645866394,-0.33812415599823,-0.0922260507941246,-0.13423317670822144,-0.0652637928724289,0.06386017054319382,-0.06814547628164291,-0.25118017196655273,0.22232414782047272,-0.18208624422550201,-0.13744954764842987,0.15588904917240143,-0.08336594700813293,0.30665916204452515,-0.42109817266464233,0.09741385281085968,-0.022815203294157982,-0.127489373087883
296.0,0.00010980106890201569,-0.055169932544231415,-0.3793823719024658,0.304287850856781,0.1421244889497757,-0.1653272658586502,-0.21427904069423676,-0.10428548604249954,0.028614088892936707,0.18354231119155884,0.18263015151023865,0.1501445323228836,-0.30601659417152405,0.09432913362979889,0.17400221526622772,-0.2748212516307831,0.2846018373966217,-0.07301345467567444,-0.25568026304244995,-0.004463845398277044,-0.1626203954219818,0.43098023533821106,-0.24414120614528656,0.45249828696250916,-0.23827581107616425,0.21335600316524506,-0.049205996096134186,-0.11170756071805954,0.06630843877792358,0.06880173087120056,0.30930712819099426,-0.040231700986623764,0.09952135384082794,0.30925145745277405,0.034915439784526825,0.2959922254085541,0.033915407955646515,0.3362065851688385,-0.2919599413871765,0.25444456934928894,0.19740991294384003,-0.20053820312023163,0.25334182381629944,-0.2603875398635864,-0.042712997645139694,0.028295235708355904,0.0562206394970417,0.15963637828826904,0.20999476313591003,-0.3593343198299408,-0.33989089727401733,0.1034395694732666,-0.007763435132801533,-0.3483881652355194,-0.009512946009635925,-0.03618795424699783,-0.06560046970844269,0.09280500560998917,0.02371816523373127,0.2320045828819275,0.3667670488357544,0.30445176362991333,-0.25855928659439087,0.03321606293320656
297.0,-0.16611811518669128,0.022262586280703545,-0.25145071744918823,0.06356623768806458,-0.16915632784366608,0.1929236352443695,-0.29371756315231323,0.1477859616279602,0.02451326884329319,0.22448037564754486,0.0687304213643074,-0.042103111743927,-0.12780523300170898,0.015599725767970085,0.28261271119117737,-0.15873079001903534,-0.008014721795916557,0.11612246930599213,0.2908606231212616,-0.07221853733062744,-0.12416008114814758,-0.2132667899131775,-0.06919217854738235,-0.08798477798700333,-0.3110073506832123,-0.2594699263572693,0.15605102479457855,-0.2198636829853058,0.31940579414367676,0.010336358100175858,-0.19944919645786285,0.3988930284976959,-0.42568331956863403,-0.0850084200501442,0.22544372081756592,-0.14190520346164703,-0.22582775354385376,0.1602148860692978,-0.2693295180797577,0.11469996720552444,0.11182887107133865,-0.2899436056613922,0.1905663013458252,-0.6203007102012634,0.316864937543869,-0.27800774574279785,-0.14640100300312042,0.15397939085960388,0.14914681017398834,-0.46528196334838867,0.15231551229953766,0.46890977025032043,0.04077059403061867,-0.1350073367357254,-0.20647424459457397,0.1484295129776001,-0.1279740035533905,0.49983856081962585,-0.09404352307319641,-0.22924970090389252,-0.08393234759569168,-0.5499929785728455,0.22315968573093414,-0.020632384344935417
298.0,-0.2932341694831848,-0.17098289728164673,-0.18124502897262573,0.059212855994701385,-0.1270342320203781,-0.014779137447476387,0.096686951816082,0.09019865840673447,-0.08093398809432983,-0.20968158543109894,-0.126255065202713,-0.06312692910432816,-0.38587498664855957,-0.09130555391311646,0.2115725576877594,-0.2018587291240692,-0.06900148838758469,-0.12099900096654892,0.015469762496650219,-0.05820273235440254,-0.10721424221992493,0.15795938670635223,0.20788152515888214,0.07149818539619446,-0.23437315225601196,-0.05751411244273186,0.07621905952692032,-0.16503717005252838,0.017456186935305595,0.14154602587223053,-0.2141113430261612,0.21966378390789032,-0.10245014727115631,0.13020895421504974,0.10429700464010239,0.23913277685642242,-0.2591457962989807,-0.07063683867454529,-0.05237792432308197,0.1962631642818451,0.24112318456172943,-0.04370885342359543,0.1238287016749382,-0.18787717819213867,0.15635770559310913,0.06289960443973541,-0.10944390296936035,-0.16704946756362915,0.1962936967611313,-0.4955897927284241,-0.0023424504324793816,0.0064513892866671085,-0.009404907934367657,-0.10296430438756943,0.21200791001319885,-0.2651714086532593,0.2906300723552704,-0.021523071452975273,-0.08797775954008102,0.22392034530639648,-0.17675502598285675,-0.13477736711502075,0.14617589116096497,-0.45312023162841797
299.0,-0.15029874444007874,-0.12356864660978317,-0.3177465796470642,0.5645523071289062,-0.15697261691093445,0.3355085849761963,-0.37621381878852844,0.021640397608280182,0.11662567406892776,0.026385726407170296,-0.17749062180519104,-0.16158220171928406,0.2084997594356537,0.14240728318691254,-0.026093438267707825,-0.023889224976301193,-0.22702260315418243,0.24765580892562866,0.3682248890399933,-0.08042905479669571,0.34797486662864685,0.10706406086683273,-0.18811404705047607,0.3073616921901703,0.1446160525083542,-0.20523175597190857,-0.166908860206604,-0.11560671776533127,0.34183287620544434,-0.04685501009225845,-0.027898257598280907,0.0058072032406926155,-0.2811075747013092,-0.18853303790092468,0.13547010719776154,0.20962955057621002,-0.14063149690628052,0.021588683128356934,-0.012497635558247566,0.326832115650177,0.008385674096643925,-0.3865216374397278,-0.049222223460674286,-0.044634636491537094,0.12452087551355362,0.022747039794921875,-0.11993207037448883,-0.10005749762058258,0.05482562631368637,-0.0758339911699295,-0.12129557132720947,0.2696671783924103,0.19300170242786407,-0.09385576099157333,-0.007519351784139872,-0.014872757717967033,-0.04720624163746834,-0.32671186327934265,-0.028069930151104927,-0.27640587091445923,0.020965825766324997,0.013164496049284935,-0.2777530252933502,0.017425697296857834
300.0,0.014467562548816204,0.10141873359680176,-0.3506697118282318,0.08292534202337265,-0.39416250586509705,0.12922599911689758,-0.6444247364997864,0.004975530784577131,0.10494628548622131,0.4277600049972534,-0.43464845418930054,-0.1869794875383377,0.1465805172920227,0.226052924990654,0.26068899035453796,-0.11162161082029343,-0.3155072331428528,-0.17640435695648193,0.574645459651947,0.07939259707927704,0.21186991035938263,-0.39759084582328796,0.2366901934146881,-0.08063331246376038,-0.5722402930259705,-0.16049903631210327,-0.005688226316124201,-0.000699515629094094,0.22545181214809418,-0.3979317247867584,0.3556206524372101,0.43212002515792847,-0.4591437876224518,-0.4247448742389679,0.2597399652004242,0.2033519744873047,-0.04974517971277237,0.5978514552116394,-0.2069685459136963,0.33001279830932617,0.6610419154167175,-0.3634704351425171,-0.42337703704833984,-0.8290016055107117,0.43530428409576416,0.03917468711733818,-0.23886896669864655,0.16783900558948517,0.07098595052957535,-0.09012753516435623,0.3229406774044037,0.7263489961624146,0.19862225651741028,0.04433755576610565,0.12571880221366882,0.09486459195613861,0.019602211192250252,0.2366260588169098,-0.4988856911659241,-0.725030779838562,-0.192857027053833,-0.542669951915741,0.44942963123321533,0.20242172479629517
301.0,-0.1021902859210968,0.026119083166122437,-0.7637988924980164,0.19282396137714386,-0.40256255865097046,-0.005524223670363426,-0.724206805229187,0.12168723344802856,0.10231750458478928,0.468349426984787,-0.46918269991874695,-0.27591460943222046,-0.04227312281727791,0.3070681393146515,0.3805437386035919,-0.26534655690193176,-0.44049757719039917,-0.24833479523658752,0.5069037079811096,0.24977052211761475,0.17666305601596832,-0.21615777909755707,0.14290563762187958,0.10436032712459564,-0.7060909271240234,-0.16875773668289185,0.029856905341148376,0.008929278701543808,0.45529091358184814,-0.2068289816379547,0.140081986784935,0.5588898658752441,-0.4817679822444916,-0.31503477692604065,0.16383706033229828,0.3495732247829437,-0.09458531439304352,0.5536626577377319,-0.30794471502304077,0.182206928730011,0.5911835432052612,-0.16973596811294556,-0.2890353202819824,-0.7318084239959717,0.3562183976173401,-0.06011535972356796,-0.297955721616745,0.23146624863147736,0.018257495015859604,-0.17205294966697693,0.2271147072315216,0.7858045697212219,0.2586297392845154,0.011581465601921082,0.0562458336353302,0.07919546216726303,-0.08167432248592377,0.15102049708366394,-0.7103257179260254,-0.5711666345596313,-0.4867240786552429,-0.3994068205356598,0.44452589750289917,-0.1808616667985916
302.0,-0.15305888652801514,-0.15048882365226746,-0.832107663154602,0.29545339941978455,-0.32018423080444336,0.14703425765037537,-0.852313756942749,0.08318569511175156,0.023147359490394592,0.4487414062023163,-0.43479540944099426,-0.15026266872882843,0.10118968784809113,0.16844235360622406,0.24836024641990662,-0.22241772711277008,-0.34366166591644287,-0.03972449153661728,0.37987300753593445,0.3120498061180115,0.28235211968421936,-0.23653382062911987,-0.004234409425407648,0.132050558924675,-0.5542067289352417,-0.36882129311561584,-0.19447621703147888,-0.17393386363983154,0.5951648950576782,-0.28704264760017395,0.14864574372768402,0.6590582728385925,-0.6728261709213257,-0.4269571006298065,0.3161175549030304,0.32061874866485596,-0.17931243777275085,0.37094226479530334,-0.4576498568058014,0.262538343667984,0.48433420062065125,-0.34563469886779785,-0.32231399416923523,-0.548916757106781,0.3941110670566559,-0.22398024797439575,-0.21018967032432556,0.2169976383447647,0.12710116803646088,-0.14626917243003845,0.06844718009233475,0.8117163181304932,0.13206008076667786,-0.19487769901752472,-0.07816457748413086,0.17298613488674164,-0.1435091644525528,0.02173980139195919,-0.524154782295227,-0.46644335985183716,-0.4511277377605438,-0.2766086459159851,0.34910622239112854,-0.12452013790607452
303.0,-0.019770821556448936,0.1420518457889557,-0.4387419819831848,0.027740107849240303,-0.6420228481292725,-0.0521155446767807,-0.5965846180915833,0.29988083243370056,0.11216840893030167,0.3298056125640869,-0.44656774401664734,-0.390657514333725,0.07832486927509308,0.0811830386519432,0.39290350675582886,-0.13003525137901306,-0.2601684033870697,-0.17207807302474976,0.49971678853034973,0.24510304629802704,0.17062434554100037,-0.26437848806381226,0.43010368943214417,-0.09221011400222778,-0.5601213574409485,0.3543231785297394,0.3222725987434387,0.3649376928806305,0.28466174006462097,-0.3522091805934906,0.18761518597602844,0.4136836528778076,-0.32434841990470886,-0.27679333090782166,0.10823287814855576,0.5612548589706421,0.11924629658460617,0.6493905186653137,0.2814425826072693,0.2913747727870941,0.6383740901947021,-0.32824915647506714,-0.4447173774242401,-0.5095321536064148,0.2098264992237091,0.022846810519695282,-0.28216487169265747,0.3319232165813446,-0.26681816577911377,0.12883596122264862,0.4290369153022766,0.8896985054016113,0.39943695068359375,-0.06076675280928612,-0.04683026671409607,-0.06392153352499008,-0.19950442016124725,-0.0012599769979715347,-0.535591185092926,-1.0465461015701294,-0.3156672716140747,-0.6330029368400574,0.2254783660173416,0.09936591237783432
304.0,-0.24424529075622559,-0.05199238657951355,-0.7917131781578064,0.5660290122032166,-0.21151410043239594,0.18151667714118958,-0.9587094783782959,-0.018307575955986977,-0.07086989283561707,0.49237847328186035,-0.5331464409828186,-0.15636585652828217,-0.11930334568023682,0.39624664187431335,0.2903233766555786,-0.30229341983795166,-0.450931578874588,-0.11357564479112625,0.36570432782173157,0.21122629940509796,-0.03719416633248329,-0.16349682211875916,-0.09493407607078552,0.21766158938407898,-0.6234687566757202,-0.5004740953445435,-0.2612610161304474,-0.3582562804222107,0.6030529737472534,-0.2916373014450073,0.010360466316342354,0.5938515067100525,-0.6147048473358154,-0.2819596827030182,0.32214951515197754,0.2961781322956085,-0.26170632243156433,0.37174826860427856,-0.4053243100643158,0.2657478153705597,0.4707449972629547,-0.37664470076560974,-0.06233784928917885,-0.8010254502296448,0.5283098816871643,-0.22772400081157684,-0.12801900506019592,0.14152419567108154,0.12626861035823822,-0.3049546480178833,0.14966237545013428,0.5831999778747559,0.09413783252239227,-0.13613489270210266,0.09137122333049774,0.39942532777786255,-0.09533530473709106,0.09062763303518295,-0.695963978767395,-0.47291573882102966,-0.3059731423854828,-0.2502308487892151,0.2430254966020584,-0.14081516861915588
305.0,-0.11761417239904404,0.03769117221236229,-0.497662752866745,0.5466351509094238,-0.3216644823551178,-0.07065139710903168,-0.28474143147468567,-0.05463678762316704,-0.08171268552541733,0.0666261836886406,-0.46723854541778564,-0.11788348853588104,0.022229118272662163,0.030907928943634033,-0.2881442904472351,-0.4627125561237335,-0.09648220241069794,-0.03185639902949333,-0.044461168348789215,-0.2778099477291107,0.3412001430988312,0.16256935894489288,-0.2897399961948395,0.483045756816864,-0.06346310675144196,0.1832105815410614,-0.260648638010025,0.2049722671508789,0.42772984504699707,0.20144841074943542,-0.057554539293050766,0.7888606190681458,-0.29839321970939636,-0.23531855642795563,0.3266567587852478,0.734094500541687,0.06721606105566025,-0.0278636422008276,-0.12483528256416321,0.4124220907688141,0.7079152464866638,-0.35317784547805786,-0.4265068471431732,-0.3286037743091583,0.3675377070903778,-0.09076773375272751,-0.5712721347808838,-0.15147259831428528,-0.06096550449728966,-0.10436122864484787,-0.2092287391424179,0.35721075534820557,-0.16731128096580505,-0.48104074597358704,-0.4068721532821655,-0.11769259721040726,-0.22175715863704681,-0.24972563982009888,-0.3690059781074524,-0.06798231601715088,-0.4888264834880829,-0.1299305409193039,-0.032648250460624695,-0.13341931998729706
306.0,0.0726107656955719,0.09872706979513168,-0.42754578590393066,0.35762089490890503,-0.35163557529449463,-0.13918344676494598,-0.23737233877182007,0.0013082943623885512,-0.041198406368494034,-0.005749438889324665,-0.5300236940383911,-0.05652976781129837,0.19183892011642456,-0.022907668724656105,-0.23965373635292053,-0.39281201362609863,-0.10999784618616104,0.032609641551971436,0.21656815707683563,-0.00206812028773129,0.3913501501083374,0.08556412160396576,-0.11356544494628906,0.3948940634727478,-0.015874134376645088,0.23446574807167053,-0.17958278954029083,0.3130529820919037,0.48632654547691345,-0.0745948776602745,-0.09767257422208786,0.80402010679245,-0.3568402826786041,-0.3504463732242584,0.26954200863838196,0.7762694358825684,0.06521070748567581,-0.07811941206455231,0.027870086953043938,0.33046799898147583,0.691256046295166,-0.2715233564376831,-0.5235642194747925,-0.11379184573888779,0.30692747235298157,-0.0541757307946682,-0.6448564529418945,-0.20384052395820618,-0.1881156712770462,-0.04298119619488716,-0.236930251121521,0.43185529112815857,-0.06741794943809509,-0.447858989238739,-0.42806875705718994,-0.08265845477581024,-0.2929743528366089,-0.3779677152633667,-0.33676719665527344,-0.2565411329269409,-0.6711714267730713,-0.18471017479896545,-0.07980652898550034,-0.17644424736499786
307.0,-0.019469307735562325,0.04069570451974869,-0.12579134106636047,0.29109516739845276,-0.3254846930503845,-0.12253294140100479,-0.17177368700504303,0.22448132932186127,0.14332115650177002,-0.09998606145381927,-0.3819662034511566,0.1346043050289154,-0.0867556631565094,-0.18501049280166626,-0.21281054615974426,-0.09645023196935654,0.10953141748905182,0.1842089146375656,0.07686473429203033,-0.0373128317296505,0.5001803040504456,0.1619461476802826,-0.22765837609767914,0.18775984644889832,0.051789939403533936,0.2775318920612335,0.09368311613798141,0.23036199808120728,0.4021369218826294,0.10601538419723511,0.04480188712477684,0.7332131266593933,-0.48318353295326233,-0.2044244259595871,0.21258237957954407,0.4804680645465851,0.05844217166304588,-0.005043514538556337,0.08619753271341324,0.2779110372066498,0.38091591000556946,-0.33546119928359985,-0.2895731031894684,0.029907265678048134,0.27119940519332886,0.011935189366340637,-0.5727576613426208,0.07560450583696365,-0.3296971917152405,0.30273544788360596,-0.11534065008163452,0.2652783691883087,-0.35081103444099426,-0.4120338261127472,-0.32994744181632996,-0.22695645689964294,-0.32837003469467163,-0.3134191632270813,-0.1541854292154312,-0.3130902647972107,-0.5052626729011536,-0.399284690618515,0.0008011551108211279,-0.03672853484749794
308.0,-0.02638344094157219,0.10818291455507278,-0.4056895077228546,0.6306748986244202,-0.13646124303340912,-0.1324218362569809,-0.14750371873378754,0.157317653298378,0.07075737416744232,-0.11398695409297943,-0.2648782730102539,0.14210377633571625,-0.05881546065211296,-0.05779281258583069,-0.34431523084640503,-0.2458486258983612,-0.20086875557899475,0.41237151622772217,0.06388938426971436,-0.37971916794776917,0.2615845203399658,0.23838841915130615,-0.41845226287841797,0.4265676736831665,0.036424241960048676,0.17843939363956451,-0.0020745834335684776,0.12984229624271393,0.5735961198806763,-0.005299419164657593,-0.014650536701083183,0.7828987836837769,-0.45882830023765564,-0.26691535115242004,0.14152519404888153,0.5003581643104553,-0.07452405989170074,-0.2812788188457489,-0.0900280773639679,0.28066980838775635,0.40707916021347046,-0.4118697941303253,-0.05126727744936943,-0.22583407163619995,0.3469368815422058,-0.08593389391899109,-0.6369725465774536,-0.13830074667930603,-0.23109114170074463,0.005423626862466335,-0.22865043580532074,0.41972944140434265,-0.542627215385437,-0.5861856341362,-0.17668747901916504,-0.20021699368953705,-0.17691949009895325,-0.26557493209838867,-0.32155731320381165,-0.021185725927352905,-0.42460793256759644,-0.035808663815259933,0.21413496136665344,-0.3552306890487671
309.0,-0.07124510407447815,0.19239650666713715,-0.7157910466194153,0.6181857585906982,-0.47868695855140686,-0.23682458698749542,-0.46881499886512756,-0.0008779201889410615,-0.07267314940690994,0.22454097867012024,-0.4172465205192566,-0.07625365257263184,0.0011363592930138111,0.014007918536663055,-0.16417910158634186,-0.4188428223133087,-0.17923998832702637,0.10369761288166046,0.054105523973703384,-0.2981892228126526,0.17867855727672577,0.09597694128751755,-0.32926490902900696,0.39587876200675964,-0.10051663964986801,-0.022702999413013458,-0.1393822729587555,0.14167149364948273,0.6507213711738586,-0.058595895767211914,0.0866171270608902,0.8827076554298401,-0.5619769096374512,-0.32380154728889465,0.19532306492328644,0.8742581009864807,-0.053189296275377274,0.021790923550724983,0.04286663234233856,0.442988783121109,0.7324428558349609,-0.4339858591556549,-0.2191048562526703,-0.46004852652549744,0.5001424551010132,-0.19224834442138672,-0.7655671238899231,-0.06886731088161469,-0.23230133950710297,-0.2023671269416809,-0.22817349433898926,0.5005579590797424,-0.18652062118053436,-0.5507944822311401,-0.36612606048583984,0.03232977166771889,-0.2127285748720169,-0.32791754603385925,-0.4959198832511902,-0.17657114565372467,-0.6336674094200134,-0.19327157735824585,-0.029585910961031914,-0.3531845510005951
310.0,-0.014256122522056103,-0.08307008445262909,-0.4903464615345001,0.460964173078537,-0.12579910457134247,0.05237143486738205,-0.5155078768730164,0.2544206976890564,0.04270697757601738,-0.2251162976026535,-0.39553239941596985,-0.5440695285797119,-0.11853209137916565,-0.09056296944618225,0.19040216505527496,-0.17508338391780853,-0.1774521768093109,-0.4839477241039276,-0.3800044655799866,0.09788023680448532,-0.09071765840053558,-0.0032776971347630024,-0.034046683460474014,0.4957335591316223,-0.3545494079589844,0.07725463062524796,-0.4498555660247803,0.008398499339818954,0.3372458219528198,-0.07572250813245773,0.06056096404790878,0.34536582231521606,0.03223654627799988,-0.15357837080955505,-0.09561993926763535,0.6541299223899841,-0.2719167470932007,0.26247692108154297,0.12795422971248627,0.14342904090881348,0.5504130125045776,-0.016795607283711433,-0.27427732944488525,0.009189659729599953,0.24944071471691132,-0.4049506187438965,0.213184654712677,-0.5171084403991699,0.05513571575284004,-0.2142896056175232,0.17495869100093842,0.14585843682289124,0.21264228224754333,-0.4562610387802124,0.2756054699420929,0.32701465487480164,-0.12151673436164856,-0.28623297810554504,-0.2666192650794983,-0.03843295946717262,-0.3878890872001648,0.08725423365831375,-0.40312954783439636,0.07771173864603043
311.0,-0.15498577058315277,-0.009358853101730347,-0.36079710721969604,0.46693870425224304,-0.2247696965932846,-0.022273505106568336,-0.39444342255592346,0.1812925487756729,0.014673619531095028,-0.15527547895908356,-0.5710511207580566,-0.42894434928894043,-0.22739800810813904,0.09701324999332428,0.2723359167575836,-0.26098230481147766,-0.04696810990571976,-0.5416244864463806,-0.14655405282974243,-0.07055680453777313,-0.044230856001377106,-0.01928030699491501,0.01661505550146103,0.5108284950256348,-0.5462564826011658,0.24592898786067963,-0.287444531917572,0.07327013462781906,0.22691015899181366,0.1111837774515152,-0.06759851425886154,0.5430759191513062,-0.14527587592601776,-0.08575516194105148,0.08033135533332825,0.7911766767501831,-0.179940864443779,0.2636865973472595,0.04492621496319771,0.3586075007915497,0.7567112445831299,-0.2370612770318985,-0.4316594898700714,-0.22945794463157654,0.3920120596885681,-0.28029966354370117,0.04042530432343483,-0.5023455619812012,0.032743245363235474,-0.2508542537689209,0.20768903195858002,0.1840195655822754,0.03835698217153549,-0.5076540112495422,0.21214431524276733,0.1311938762664795,-0.07672949880361557,-0.22348423302173615,-0.42749688029289246,-0.1456611156463623,-0.3636937439441681,-0.13288603723049164,-0.2359207272529602,0.02983582392334938
312.0,-0.1666216254234314,-0.14733773469924927,-0.3750529885292053,0.600817084312439,0.1225651353597641,0.07591226696968079,-0.2608160376548767,0.09521381556987762,-0.20072107017040253,-0.1788574755191803,-0.35692036151885986,-0.2061416506767273,-0.2712678611278534,-0.11498163640499115,-0.06326542794704437,-0.22829686105251312,0.10826407372951508,-0.24529340863227844,-0.47291284799575806,-0.04674353823065758,-0.0924455001950264,-0.0652310773730278,-0.03256702050566673,0.4564651548862457,-0.2433101087808609,0.12118559330701828,-0.2576611340045929,-0.0730699971318245,0.1909465342760086,-0.12046870589256287,0.01713661663234234,0.4325227439403534,-0.1916956603527069,-0.1379723846912384,-0.20218020677566528,0.7382111549377441,-0.07104514539241791,0.015702221542596817,0.10600343346595764,0.24366970360279083,0.559539794921875,-0.10926448553800583,0.009428797289729118,-0.33089205622673035,0.32736849784851074,-0.3561682403087616,0.03903128206729889,-0.36474284529685974,0.08853526413440704,-0.4042777419090271,0.1506052315235138,0.0586099699139595,0.026990646496415138,-0.4225596487522125,-0.054559189826250076,0.34116318821907043,-0.11966267973184586,-0.24012456834316254,-0.41638171672821045,-0.16601242125034332,-0.27657634019851685,0.09483488649129868,-0.2689477205276489,0.010094262659549713
313.0,0.044273704290390015,0.12944984436035156,-0.22066333889961243,0.39401426911354065,-0.20017144083976746,-0.15751995146274567,-0.23130834102630615,0.40144532918930054,0.06827761977910995,-0.09446555376052856,-0.35049644112586975,-0.16473329067230225,-0.2382192760705948,-0.023600339889526367,0.1937791258096695,0.017974985763430595,0.25848114490509033,-0.32019034028053284,-0.2349582314491272,0.14304882287979126,-0.06523376703262329,-0.14665430784225464,0.02058153785765171,0.33040496706962585,-0.2237130105495453,0.23871135711669922,-0.055384401232004166,0.09792908281087875,0.3380488157272339,0.040618788450956345,-0.1328996866941452,0.4205990135669708,-0.010593770071864128,0.09574655443429947,-0.2462434619665146,0.712766706943512,-0.0952681228518486,0.42944133281707764,0.17955240607261658,0.01841917634010315,0.24742057919502258,0.05921579897403717,0.0350763313472271,0.24615900218486786,0.3649406433105469,-0.4373927116394043,-0.001546924002468586,-0.2631366550922394,-0.09639638662338257,-0.040928423404693604,0.0748017355799675,0.06144820898771286,0.03332212567329407,-0.5190967917442322,-0.07711895555257797,0.2913496792316437,-0.29474878311157227,-0.2279493361711502,-0.26474130153656006,-0.3727371096611023,-0.72456294298172,-0.02151108719408512,-0.426797479391098,0.0068702613934874535
314.0,-0.1669415682554245,0.1298651397228241,-0.4858695864677429,0.5292881727218628,-0.27974003553390503,-0.04721784591674805,-0.5773097276687622,0.07409121096134186,-0.1167813092470169,-0.05907803401350975,-0.3515371084213257,-0.37559187412261963,-0.20164631307125092,0.03665364161133766,0.19864274561405182,-0.33886805176734924,-0.03566797822713852,-0.28061503171920776,-0.2551918625831604,-0.020453210920095444,-0.12984172999858856,0.09106792509555817,-0.34747079014778137,0.4151182770729065,-0.36604544520378113,0.10506811738014221,-0.2774032652378082,-0.0432191863656044,0.31904035806655884,-0.05455838143825531,0.025733668357133865,0.509340226650238,-0.40041211247444153,-0.17745761573314667,0.011830801144242287,0.6846953630447388,-0.3543909192085266,0.09161090850830078,0.15999004244804382,0.45277470350265503,0.5911835432052612,-0.26418057084083557,-0.19840730726718903,-0.3066159188747406,0.33259186148643494,-0.30899670720100403,-0.08179507404565811,-0.4056911766529083,-0.06409627199172974,-0.45329004526138306,-0.04594814404845238,0.17806506156921387,0.047448135912418365,-0.658231794834137,0.041057001799345016,0.29555943608283997,-0.09797123819589615,-0.27545365691185,-0.37642133235931396,0.07599744945764542,-0.28908443450927734,-0.10175181925296783,-0.35760781168937683,-0.07849960774183273
315.0,-0.41950225830078125,-0.2554616332054138,-0.6415461897850037,0.25832632184028625,-0.04022153466939926,-0.36771291494369507,-0.09167060256004333,-0.0799647644162178,-0.13954390585422516,0.08449447154998779,-0.11655491590499878,0.30127257108688354,-0.3793143928050995,-0.0006141718477010727,-0.06618817895650864,0.18857266008853912,-0.4958181381225586,-0.02908654697239399,-0.005733936093747616,-0.6405230760574341,0.05251206457614899,0.56388258934021,0.2687961459159851,0.15773804485797882,-0.3245656192302704,-0.18242527544498444,-0.5132500529289246,-0.5264343023300171,0.03467905521392822,-0.04091431200504303,0.4990585148334503,0.2952600121498108,-0.39888647198677063,-0.1896848827600479,0.25812751054763794,-4.439009353518486e-05,-0.29081740975379944,0.39144089818000793,-0.3374789357185364,0.5577460527420044,0.47369199991226196,-0.4395560920238495,-0.46076899766921997,-0.40440061688423157,0.10252147912979126,-0.09600421786308289,-0.13840068876743317,-0.14029698073863983,0.22519104182720184,-0.051929060369729996,0.18732042610645294,0.3486855626106262,-0.24855875968933105,-0.14071735739707947,0.6605984568595886,-0.2774745523929596,0.49289295077323914,-0.32579755783081055,0.025467051193118095,-0.1417914181947708,-0.005429865792393684,0.16575182974338531,0.33723127841949463,-0.43720629811286926
316.0,-0.3460692763328552,-0.11889122426509857,-0.3911491632461548,0.11267828941345215,0.046778369694948196,-0.2948128283023834,-0.17585961520671844,-0.10278376191854477,-0.1873711794614792,-0.07751275599002838,-0.2180648297071457,0.18825595080852509,-0.3350748121738434,0.1995738446712494,0.052693117409944534,0.09888175129890442,-0.3760755956172943,-0.30441558361053467,-0.2026611715555191,-0.3622211813926697,-0.0041583264246582985,0.31711333990097046,0.24569933116436005,0.19918964803218842,-0.5221298336982727,0.09373634308576584,-0.3579946756362915,-0.35531681776046753,-0.002395633142441511,-0.184535413980484,0.3224889636039734,0.3663767874240875,-0.21128903329372406,-0.27659061551094055,0.2217167764902115,0.1058708131313324,-0.24925006926059723,0.33940809965133667,-0.3166305124759674,0.18544302880764008,0.5210768580436707,-0.11776424944400787,-0.5322743654251099,-0.10241574794054031,0.06221563369035721,-0.07688305526971817,-0.011415726505219936,-0.2629328966140747,0.12482713907957077,0.19986069202423096,0.2633519768714905,0.1692122370004654,-0.3592410683631897,-0.2766566574573517,0.7643781304359436,-0.01894269697368145,0.41715261340141296,-0.23593184351921082,-0.15673469007015228,-0.0003091646358370781,-0.17182964086532593,0.03009767085313797,0.4542461037635803,-0.23891416192054749
317.0,-0.3243151903152466,-0.1611555814743042,-0.6096564531326294,0.33468279242515564,-0.14158053696155548,-0.30953624844551086,-0.5872034430503845,-0.2067074477672577,-0.2511179745197296,0.13320045173168182,-0.34935057163238525,0.058657269924879074,-0.36246299743652344,0.20012184977531433,0.05640566349029541,-0.004834413528442383,-0.5726396441459656,-0.286661297082901,-0.23077857494354248,-0.3831651508808136,0.03741377219557762,0.6313020586967468,-0.014215048402547836,0.23044231534004211,-0.3770904839038849,-0.11062419414520264,-0.680078387260437,-0.4569312036037445,0.09046345949172974,-0.24107734858989716,0.5646337270736694,0.4702741205692291,-0.2530856430530548,-0.27641379833221436,0.32292231917381287,0.12082118541002274,-0.304354727268219,0.5675092339515686,-0.2808893918991089,0.511100709438324,0.5884622931480408,-0.24295388162136078,-0.6389708518981934,-0.23546774685382843,0.031155575066804886,0.04618661105632782,-0.0808652937412262,-0.1688317060470581,0.14486654102802277,0.16701558232307434,0.08785981684923172,0.21856124699115753,-0.32229679822921753,-0.292659193277359,0.7730807662010193,0.0698084682226181,0.40422964096069336,-0.3560584485530853,-0.18268905580043793,0.14579498767852783,-0.024144191294908524,0.24453957378864288,0.351066529750824,-0.27395394444465637
318.0,-0.22257398068904877,-0.226300910115242,-0.5035613775253296,0.1690567433834076,-0.11964201182126999,-0.3150464594364166,-0.3383590281009674,-0.05196955054998398,-0.08851461112499237,0.10496263206005096,-0.5321836471557617,0.14257071912288666,-0.22743959724903107,0.05029171332716942,0.05415733903646469,-0.017762361094355583,-0.3545139729976654,-0.22724474966526031,-0.19291087985038757,-0.4197959303855896,0.1311110258102417,0.37167951464653015,0.10298392921686172,0.2993760108947754,-0.351591557264328,-0.14561216533184052,-0.575210690498352,-0.4638216495513916,0.1570172905921936,-0.3442084789276123,0.4387190341949463,0.5489540100097656,-0.4364818036556244,-0.19836634397506714,0.2955091893672943,0.08575019985437393,-0.3802190124988556,0.42481285333633423,-0.2785504162311554,0.6711349487304688,0.5505213737487793,-0.3069040775299072,-0.6073910593986511,-0.38214409351348877,0.32223933935165405,-0.12355108559131622,-0.22402773797512054,-0.21396413445472717,0.15167377889156342,-0.16199421882629395,0.1952957957983017,0.3639104962348938,-0.19779977202415466,-0.3884126543998718,0.6127758026123047,-0.23411983251571655,0.41404932737350464,-0.1310676783323288,-0.16924624145030975,-0.024356041103601456,-0.030763939023017883,0.16024425625801086,0.2691710293292999,-0.24663077294826508
319.0,-0.06027909368276596,0.10424402356147766,-0.38617074489593506,-0.007726367563009262,0.10173559188842773,-0.4128428101539612,0.22834129631519318,0.038804806768894196,0.25390928983688354,-0.039178334176540375,-0.020269570872187614,0.29763996601104736,-0.24560096859931946,0.15454931557178497,0.09432004392147064,0.3101497292518616,-0.34230348467826843,-0.40681591629981995,0.0690668374300003,-0.3332544267177582,0.06302747130393982,0.21916820108890533,0.5807603001594543,0.288216769695282,-0.4375689923763275,0.2212066799402237,-0.11868253350257874,-0.07230987399816513,0.08407247066497803,-0.060653429478406906,0.4134875535964966,0.08948782086372375,-0.045529089868068695,-0.034400854259729385,0.12339211255311966,0.3219081163406372,0.10921091586351395,0.7766309380531311,-0.34254178404808044,0.13982677459716797,0.6250648498535156,-0.20078203082084656,-0.48967087268829346,-0.10341815650463104,0.09594470262527466,-0.03378982096910477,-0.087425097823143,-0.0571952760219574,0.06321550160646439,0.36649090051651,0.24877923727035522,0.30417895317077637,-0.12206022441387177,-0.0667709931731224,0.6509605646133423,-0.2629576623439789,0.42580389976501465,-0.3884885013103485,0.08758750557899475,-0.4867442846298218,-0.25830620527267456,-0.11160831898450851,0.2924392819404602,-0.177474707365036
320.0,0.035649072378873825,0.12225257605314255,-0.2632232904434204,-0.1574365645647049,0.06053214892745018,0.4386431872844696,-0.5145772695541382,-0.1242864653468132,0.16672766208648682,0.01995537243783474,-0.09299325942993164,-0.2003229558467865,-0.03852730244398117,-0.03096579760313034,-0.13470251858234406,-0.17352932691574097,-0.8174646496772766,-0.4311710298061371,-0.14731711149215698,0.21894006431102753,0.07173553854227066,0.08976094424724579,-0.3424684405326843,0.04696926847100258,-0.11849058419466019,-0.14233653247356415,-0.5226898789405823,-0.05589280650019646,0.4680808186531067,-0.0954902395606041,0.15576942265033722,0.5288785099983215,-0.5441840291023254,-0.5600513815879822,0.13038530945777893,0.3293123245239258,-0.14102672040462494,0.23642638325691223,-0.21001744270324707,0.6876121163368225,0.9271103739738464,-0.2574363052845001,-0.321006715297699,-0.8367361426353455,0.30359137058258057,-0.4081681966781616,-0.04259573668241501,-0.009795837104320526,-0.054776158183813095,-0.363672137260437,-0.2407504767179489,0.25616133213043213,0.04820014163851738,-0.6940644979476929,-0.08321767300367355,0.3678659200668335,0.47599226236343384,-0.30130600929260254,-0.09506179392337799,0.21872106194496155,0.026103448122739792,-0.39890745282173157,0.09241759032011032,0.02667316421866417
321.0,-0.11968671530485153,0.07894887030124664,-0.17993848025798798,-0.1549469530582428,-0.07180949300527573,0.4829319715499878,-0.6192055940628052,-0.20555531978607178,0.027428142726421356,0.07147317379713058,-0.03933080658316612,-0.16223262250423431,-0.04198883846402168,0.005016174633055925,-0.1166602224111557,-0.2767144441604614,-0.6811936497688293,-0.3326883018016815,-0.2775631546974182,0.2924745976924896,0.06073538213968277,-0.035091910511255264,-0.40801766514778137,0.07311708480119705,0.07040150463581085,-0.22085097432136536,-0.5824185013771057,-0.04876800626516342,0.3662250339984894,-0.08347775787115097,0.3239139914512634,0.4300357699394226,-0.505893349647522,-0.5658697485923767,0.10540971159934998,0.41201844811439514,-0.1937059611082077,0.2209245264530182,-0.1597919464111328,0.7292760014533997,0.818588376045227,-0.33417490124702454,-0.22875092923641205,-0.8797937035560608,0.3198261559009552,-0.2430761605501175,0.0735030472278595,0.06867091357707977,0.022962870076298714,-0.40026456117630005,-0.3650418519973755,0.16908779740333557,0.07570488005876541,-0.7237531542778015,-0.15310604870319366,0.4316476285457611,0.44224196672439575,-0.38175833225250244,-0.07399050146341324,0.1920277178287506,0.2539580762386322,-0.4402644634246826,-0.10048282146453857,0.013179706409573555
322.0,-0.10034528374671936,-0.051997505128383636,-0.39958757162094116,0.25219467282295227,-0.014940045773983002,0.33059242367744446,-0.7161145210266113,-0.1131543293595314,0.09491940587759018,0.10221172869205475,-0.26174217462539673,-0.06990101933479309,-0.0818711444735527,0.09154943376779556,-0.09681504964828491,-0.22217123210430145,-0.6014264822006226,-0.17795883119106293,-0.11766664683818817,0.16234730184078217,0.28356844186782837,0.08384449779987335,-0.45864787697792053,0.38204440474510193,-0.20103853940963745,-0.2450873851776123,-0.5554019212722778,-0.15944968163967133,0.43642252683639526,-0.28387191891670227,0.5027444958686829,0.6145491003990173,-0.6748434901237488,-0.56963711977005,0.1770094782114029,0.39531347155570984,-0.33014899492263794,0.24301879107952118,-0.4000502824783325,0.7717406749725342,0.7900989651679993,-0.37869611382484436,-0.3076041042804718,-0.7585365772247314,0.3543494641780853,-0.10000164806842804,-0.08437018096446991,0.0019042689818888903,0.06477619707584381,-0.36860743165016174,-0.3280671536922455,0.35481929779052734,-0.12847822904586792,-0.6762884855270386,0.07691825926303864,0.2795197367668152,0.3465994894504547,-0.5053347945213318,-0.1956271082162857,0.1945675015449524,0.17537300288677216,-0.13230739533901215,0.03951798006892204,-0.10616204887628555
323.0,-0.1296020746231079,-0.09020145237445831,-0.32567980885505676,0.21911653876304626,-0.014881007373332977,0.46314963698387146,-0.7165852785110474,-0.18107321858406067,0.09273406863212585,0.06531235575675964,-0.3281892240047455,-0.057730816304683685,-0.02939111739397049,0.11488553881645203,-0.1288333535194397,-0.2947999835014343,-0.5593457818031311,-0.22850805521011353,-0.0016904673539102077,0.16815879940986633,0.28065186738967896,0.08964698016643524,-0.3053498864173889,0.3316769599914551,-0.09734345227479935,-0.283739298582077,-0.597699761390686,-0.1263931393623352,0.4869025647640228,-0.2760067880153656,0.35116949677467346,0.5545328259468079,-0.5941051840782166,-0.5699558258056641,0.26959389448165894,0.5284803509712219,-0.20219720900058746,0.23426447808742523,-0.29298046231269836,0.7219326496124268,0.8562860488891602,-0.4585013687610626,-0.3623533844947815,-0.7465529441833496,0.41236183047294617,-0.12142738699913025,-0.11415238678455353,-0.10426915436983109,0.049570150673389435,-0.2890573740005493,-0.2557518780231476,0.25037431716918945,-0.07808839529752731,-0.6247590780258179,0.06051862984895706,0.3029884397983551,0.3534044325351715,-0.4172658920288086,-0.19507288932800293,0.09700173139572144,0.1567986160516739,-0.24262654781341553,-0.05800984799861908,0.0746404305100441
324.0,0.17006318271160126,0.30651775002479553,0.19182148575782776,-0.43149277567863464,-0.0293857641518116,0.20774202048778534,-0.10913996398448944,0.02673402801156044,0.3176584839820862,-0.0980227142572403,-0.030997522175312042,-0.11183483898639679,0.03385905548930168,0.06196221709251404,0.014978080056607723,-0.08698244392871857,-0.607062578201294,-0.4953487813472748,-0.26394081115722656,0.3140564560890198,0.22954557836055756,-0.36339813470840454,0.0008782753720879555,0.053119488060474396,0.15707498788833618,-0.08293791860342026,-0.2864307165145874,0.19828146696090698,0.38305264711380005,-0.12300726771354675,0.3026023805141449,0.29669082164764404,-0.2770216763019562,-0.37637248635292053,-0.13112011551856995,0.5502514839172363,0.10288146883249283,0.5029758214950562,0.06849424540996552,0.4157627820968628,0.891200065612793,0.03813497722148895,-0.27870282530784607,-0.45586100220680237,0.4500061273574829,-0.29762089252471924,-0.17837375402450562,0.27197936177253723,-0.2917999029159546,0.02767518162727356,-0.081763856112957,0.04259095340967178,0.25484412908554077,-0.42286863923072815,-0.14825665950775146,0.3327285647392273,0.32405224442481995,-0.5373781323432922,0.027560066431760788,-0.34628167748451233,-0.16619561612606049,-0.638637363910675,-0.1331205666065216,0.04018188640475273
325.0,0.11734907329082489,-0.07161955535411835,-0.11777254939079285,0.13211210072040558,-0.2804803252220154,0.25682389736175537,-0.33773550391197205,0.6151871681213379,0.31595540046691895,-0.10494010895490646,-0.5917631983757019,-0.4176112115383148,0.013736855238676071,0.48292019963264465,0.32001546025276184,-0.12922003865242004,-0.8541823029518127,-0.26768824458122253,1.0843510627746582,0.038202401250600815,0.27491116523742676,0.6894815564155579,0.18062113225460052,0.414336621761322,-0.10199517011642456,0.27607622742652893,-0.27078500390052795,0.0856240764260292,0.6481889486312866,0.3941316306591034,-0.6361258029937744,0.23595881462097168,0.37852397561073303,0.45026859641075134,0.44849470257759094,0.06203998625278473,-0.18223939836025238,0.6169604659080505,0.24779371917247772,0.28067606687545776,0.22855685651302338,-0.20784516632556915,-0.638473391532898,0.31478285789489746,0.11895409226417542,-0.1849595159292221,0.02498166449368,-0.16292431950569153,-0.09502147883176804,0.4099677503108978,0.030226921662688255,0.2405993491411209,0.39956554770469666,-0.3385806679725647,0.3112998306751251,-0.3079914152622223,-0.07530168443918228,-0.31161174178123474,-0.1776723563671112,-0.677863359451294,-0.6754226088523865,-0.061034850776195526,-0.1492999941110611,-0.11664065718650818
326.0,-0.263326495885849,-0.16316752135753632,-0.23670539259910583,0.9842843413352966,-0.03480396047234535,0.5474401712417603,-0.4914703369140625,0.34972813725471497,0.12084771692752838,-0.1138668954372406,-0.501838207244873,-0.5726622343063354,-0.15734219551086426,0.6602789163589478,0.3140830993652344,-0.21528425812721252,-0.8054869771003723,-0.09618300199508667,0.619038999080658,0.24073576927185059,-0.08683117479085922,0.40787363052368164,-0.523007869720459,0.6348372101783752,-0.5429396629333496,-0.09088990092277527,-0.3893642723560333,-0.26445305347442627,0.4925737977027893,0.7519180774688721,-0.8380612134933472,0.10932166874408722,0.13768166303634644,0.2809620201587677,0.3448065519332886,-0.17073674499988556,-0.5859659314155579,0.17812462151050568,-0.4218709170818329,0.2709188461303711,-0.053275540471076965,0.04989476129412651,0.07437849789857864,0.09097645431756973,0.18122179806232452,0.062224131077528,0.333503395318985,-0.22249804437160492,0.23289848864078522,-0.14533407986164093,-0.21050074696540833,0.16966404020786285,0.06714284420013428,-0.1313856840133667,0.5048074722290039,-0.0545513778924942,-0.15412090718746185,-0.3545103967189789,-0.25306248664855957,-0.06913017481565475,-0.2091170996427536,0.16092480719089508,-0.21539385616779327,-0.3472990095615387
327.0,-0.24966669082641602,-0.12480774521827698,-0.35939088463783264,0.6731418967247009,-0.08068025857210159,0.4082375764846802,-0.36194732785224915,0.28622061014175415,0.2041858434677124,0.0357307530939579,-0.4858430325984955,-0.2923504710197449,-0.1589413583278656,0.5557913184165955,0.16236217319965363,-0.1850147843360901,-0.7240683436393738,-0.24023573100566864,0.6015467643737793,0.01786387525498867,-0.11465193331241608,0.43389827013015747,-0.30951279401779175,0.5803881287574768,-0.48780280351638794,-0.3053476810455322,-0.46765631437301636,-0.2295374721288681,0.4556310772895813,0.6000269055366516,-0.6835229396820068,0.2490435689687729,0.1119796633720398,0.30070850253105164,0.580936849117279,-0.09983791410923004,-0.598278820514679,0.38002434372901917,-0.578816831111908,0.3729771077632904,0.17896030843257904,-0.20430085062980652,-0.12691767513751984,-0.21746432781219482,0.3427400588989258,-0.07019943743944168,0.20592769980430603,-0.32876741886138916,0.2857975959777832,-0.25325241684913635,-0.21815897524356842,0.2331823855638504,0.014821639284491539,-0.23985888063907623,0.4391934871673584,-0.1824740171432495,0.11182046681642532,-0.2917463183403015,-0.09129096567630768,-0.027834150940179825,-0.11608884483575821,-0.005197434686124325,-0.3017784059047699,-0.2681015431880951
328.0,-0.38594138622283936,-0.22661486268043518,-0.272295206785202,0.7239671945571899,-0.14238090813159943,0.4850654900074005,-0.4328986704349518,0.4507550895214081,0.2703997492790222,-0.02093583531677723,-0.47437456250190735,-0.37285947799682617,-0.3920978903770447,0.6650550365447998,0.23614402115345,-0.0915098637342453,-0.8911519646644592,0.010902248322963715,1.1823593378067017,0.09025951474905014,-0.11736731976270676,0.5675705075263977,-0.22273962199687958,0.5612956881523132,-0.6613208055496216,-0.3705068528652191,-0.45271769165992737,-0.1897921860218048,0.48606616258621216,0.7827605605125427,-0.9129313230514526,0.3223717212677002,0.3194359838962555,0.23228327929973602,0.5287444591522217,-0.470861554145813,-0.7683312892913818,0.18850567936897278,-0.7404063940048218,0.1456427127122879,-0.18077141046524048,-0.06730709224939346,0.06955673545598984,-0.11508679389953613,0.23619484901428223,0.004937624093145132,0.3269672989845276,-0.3643283545970917,0.3154388666152954,-0.28776830434799194,-0.20589707791805267,0.11769583076238632,-0.025267673656344414,-0.01410352811217308,0.46332067251205444,-0.06603750586509705,0.02467483840882778,-0.1746199131011963,-0.053811363875865936,0.03470681980252266,-0.15045815706253052,0.08662254363298416,-0.366787314414978,-0.42479580640792847
329.0,-0.12615370750427246,-0.1489044725894928,-0.3339192569255829,0.7208386659622192,-0.07695942372083664,0.2956705093383789,-0.4572508633136749,0.27848902344703674,0.11229979991912842,0.07786045223474503,-0.5192292332649231,-0.4485679864883423,-0.2267107218503952,0.42118898034095764,0.2023707926273346,-0.19491036236286163,-0.6325206756591797,-0.11421728879213333,0.7411679029464722,0.11046011745929718,-0.19545231759548187,0.3998970687389374,-0.3897266685962677,0.4789559543132782,-0.5790092349052429,-0.36859995126724243,-0.5173563957214355,-0.24172930419445038,0.3995877504348755,0.6681046485900879,-0.702222466468811,0.33839043974876404,0.12054337561130524,0.2992018461227417,0.485216349363327,-0.32037726044654846,-0.548578679561615,0.12360274791717529,-0.5246873497962952,0.18750032782554626,0.02675522118806839,-0.03625449910759926,-0.01673581451177597,-0.1501695215702057,0.253185898065567,-0.10079799592494965,0.2527778446674347,-0.25247666239738464,0.3134779632091522,-0.3351151645183563,-0.18378986418247223,0.062328025698661804,0.061148520559072495,0.01340111717581749,0.24060839414596558,0.08210489898920059,-0.22965258359909058,-0.14469441771507263,-0.1335623562335968,0.0649217963218689,-0.26832377910614014,0.170339897274971,-0.25349366664886475,-0.31091970205307007
330.0,-0.014970586635172367,0.09707868844270706,-0.8222313523292542,0.8317550420761108,0.050860434770584106,-0.006472595501691103,-0.38916900753974915,-0.013108654879033566,-0.24375206232070923,0.45597031712532043,-0.038350969552993774,-0.2704801857471466,0.06725096702575684,0.39023327827453613,0.29842257499694824,-0.3808603882789612,-0.15154318511486053,0.007391049526631832,0.42433908581733704,-0.06988008320331573,-0.13009946048259735,0.025159193202853203,-0.5819552540779114,0.20888547599315643,-0.7986897826194763,-0.15088306367397308,0.05077671259641647,-0.43241873383522034,0.34128502011299133,0.24811962246894836,-0.18730024993419647,0.09829676896333694,-0.742839515209198,0.03479713946580887,0.03636372089385986,0.1580171436071396,-0.14343592524528503,0.06244650483131409,-0.2906913757324219,0.27457499504089355,0.34187495708465576,-0.1544254720211029,-0.004887472838163376,-0.3980104327201843,0.176443412899971,-0.27909237146377563,-0.2204154133796692,0.06585961580276489,0.1512460857629776,-0.49677008390426636,-0.15911173820495605,0.49068683385849,0.11207354068756104,-0.057094261050224304,0.1571786254644394,0.06785397231578827,-0.16899195313453674,-0.11014168709516525,-0.6177602410316467,-0.13872453570365906,-0.6471472382545471,0.2055726796388626,0.464527428150177,-0.34811317920684814
331.0,0.06517194956541061,0.07910601049661636,-0.7591814994812012,0.6646960377693176,-0.03321205452084541,-0.04410799592733383,-0.38465967774391174,0.04485718160867691,-0.30905988812446594,0.5681357979774475,0.0010217770468443632,-0.34933653473854065,0.14860254526138306,0.27749666571617126,0.303187757730484,-0.3620392978191376,-0.05690096318721771,-0.06456554681062698,0.23148533701896667,-0.205318883061409,-0.2137780487537384,-0.15035179257392883,-0.6164510846138,0.13267749547958374,-0.9851245880126953,-0.14352263510227203,0.1525721400976181,-0.4307587444782257,0.1990985870361328,0.042852550745010376,0.1493121236562729,0.13026607036590576,-0.8323381543159485,-0.049125347286462784,-0.041036639362573624,0.1947750300168991,-0.31702306866645813,0.11673862487077713,-0.1340044140815735,0.44037342071533203,0.49467727541923523,-0.13650353252887726,-0.001708632567897439,-0.5586787462234497,0.2834206223487854,-0.32603779435157776,-0.2455209195613861,0.08506825566291809,0.16622161865234375,-0.7161163091659546,-0.10016930848360062,0.5741831064224243,0.07256658375263214,-0.23452354967594147,0.3135692775249481,-0.006201652344316244,-0.010078699328005314,-0.08531764149665833,-0.5990608334541321,-0.06837695091962814,-0.5323899984359741,0.1980617195367813,0.5282271504402161,-0.31391382217407227
332.0,0.09429901838302612,0.008437160402536392,-0.8419804573059082,0.7683310508728027,0.06040302291512489,0.018161645159125328,-0.546005368232727,-0.18489308655261993,-0.28647294640541077,0.6068422198295593,0.04923992604017258,-0.2656107246875763,0.17678754031658173,0.29220128059387207,0.3032895028591156,-0.5312403440475464,0.012027236633002758,0.03631126880645752,0.14146113395690918,0.03978405147790909,-0.28123775124549866,-0.08414728939533234,-0.6698918342590332,0.19894284009933472,-0.7079327702522278,-0.3079313337802887,-0.031054362654685974,-0.41411229968070984,0.31753572821617126,0.09767980128526688,0.1087840124964714,0.09140423685312271,-0.6237058043479919,0.009641398675739765,0.11573255807161331,0.3211381435394287,-0.07134721428155899,-0.002273540012538433,-0.34569382667541504,0.25927332043647766,0.3795201778411865,-0.21290142834186554,0.11614546924829483,-0.4572468101978302,0.2023717314004898,-0.23830707371234894,-0.1558009833097458,0.17902013659477234,0.2510090172290802,-0.553766667842865,-0.27741920948028564,0.44184258580207825,0.012580664828419685,-0.10519693791866302,0.09222675114870071,0.2025911957025528,-0.26361069083213806,0.025854043662548065,-0.550426721572876,0.13500970602035522,-0.3394802510738373,0.34913530945777893,0.38564684987068176,-0.2372714728116989
333.0,0.08587858080863953,0.14710073173046112,-0.43049222230911255,0.3402871787548065,-0.25515905022621155,-0.19433526694774628,-0.32110270857810974,0.2135791778564453,-0.0873432457447052,0.7013747692108154,-0.10752212256193161,-0.18910299241542816,0.2593066990375519,0.42589518427848816,0.49507957696914673,-0.2989833950996399,0.04999381676316261,0.0864478200674057,0.6169377565383911,0.2609356939792633,-0.05740540847182274,-0.2506522834300995,-0.3117561638355255,-0.04505974426865578,-0.8109785914421082,-0.012481903657317162,0.27376487851142883,-0.06434261798858643,0.3414928615093231,0.05545869469642639,-0.008735811337828636,-0.02602790668606758,-0.5880961418151855,0.12042882293462753,-0.0687384381890297,0.4352288246154785,0.04405823349952698,0.4530690610408783,0.06263863295316696,0.29504454135894775,0.41625726222991943,-0.025746256113052368,-0.0890413448214531,-0.05306176096200943,0.3764089345932007,-0.22938475012779236,-0.39534279704093933,0.3953106105327606,-0.33933621644973755,0.0315193235874176,0.008456493727862835,0.604526937007904,0.18194358050823212,-0.08143512904644012,0.1572415828704834,-0.08395612984895706,-0.1962340921163559,-0.1858120709657669,-0.46802565455436707,-0.6963240504264832,-0.5320734977722168,0.04932558164000511,0.18144051730632782,-0.11164095252752304
334.0,-0.04387141391634941,0.10265350341796875,-0.8604691624641418,0.7701186537742615,0.01975857838988304,-0.17104066908359528,-0.4537844657897949,-0.17998892068862915,-0.3713075518608093,0.4734494984149933,-0.10941702127456665,-0.18904095888137817,0.04800808057188988,0.26331958174705505,0.10004431754350662,-0.38454949855804443,-0.08920391649007797,-0.010898822918534279,0.1280766725540161,-0.11293402314186096,-0.11912199854850769,0.03638647869229317,-0.6169435381889343,0.1849401295185089,-0.9256309270858765,-0.027567407116293907,0.04976831004023552,-0.38197752833366394,0.22690828144550323,-0.05064476281404495,0.2215801179409027,0.26597753167152405,-0.9025310277938843,-0.28180959820747375,-0.07664069533348083,0.32282817363739014,-0.16517433524131775,0.024233976379036903,-0.1909044086933136,0.30566373467445374,0.6093971729278564,-0.0855432078242302,-0.0808902233839035,-0.5049546957015991,0.1779671311378479,-0.19567903876304626,-0.3717816472053528,0.012476849369704723,0.07125847786664963,-0.45023277401924133,-0.12912967801094055,0.47784608602523804,-0.07615207135677338,-0.14675645530223846,0.30946284532546997,0.12547819316387177,-0.05688852071762085,-0.1762351393699646,-0.6688165068626404,-0.024608727544546127,-0.611973226070404,0.2013881653547287,0.5624604225158691,-0.26085540652275085
335.0,0.18137063086032867,0.11952889710664749,0.051338087767362595,0.733230471611023,-0.1259695291519165,0.4928913116455078,-0.23901134729385376,0.4642077088356018,0.32678425312042236,-0.40441152453422546,-0.4027663469314575,-0.7011613249778748,-0.834574282169342,-0.22745195031166077,-0.011426161974668503,0.3383713960647583,-0.5910543203353882,-0.6679948568344116,-0.328416109085083,-0.11187634617090225,-0.3801291584968567,0.14806975424289703,-0.3938407301902771,0.31703299283981323,-0.23150213062763214,0.03157982975244522,-0.023987527936697006,0.050822947174310684,-0.2324908822774887,0.37105831503868103,-0.3396168649196625,0.6821063160896301,0.2896183431148529,0.22624361515045166,0.17176003754138947,-0.31954142451286316,-0.47319915890693665,0.40784820914268494,-0.37906980514526367,0.49876347184181213,0.19564226269721985,-0.08154875785112381,0.2598220109939575,-0.7845828533172607,0.02016388066112995,0.3063158094882965,0.44196680188179016,-0.03607507050037384,0.465922474861145,-0.8626781702041626,-0.2043197602033615,0.05202147364616394,-0.13684916496276855,-0.11757545918226242,-0.04386577382683754,0.24951615929603577,-0.06637178361415863,-0.3740551173686981,-0.0015559960156679153,0.5315192937850952,0.25584113597869873,-0.3171076476573944,-0.08824606984853745,-0.27772605419158936
336.0,0.417492151260376,0.45458558201789856,0.10187598317861557,0.3005311191082001,-0.4079945385456085,0.19616296887397766,-0.1835218071937561,0.532133936882019,0.30879098176956177,-0.28861004114151,-0.40087762475013733,-0.7820258140563965,-0.2982980012893677,0.17119671404361725,0.22252105176448822,0.056252799928188324,-0.9010492563247681,-0.7198358774185181,0.1939074844121933,0.02073153853416443,-0.1014288067817688,0.16241353750228882,-0.06525345146656036,0.39366045594215393,-0.013557661324739456,0.44678691029548645,-0.09178358316421509,0.4590575098991394,0.03724934533238411,0.15094731748104095,-0.28311824798583984,0.4395078718662262,0.47130274772644043,0.1900646686553955,-0.055859632790088654,0.05033838748931885,-0.22534923255443573,0.9075286984443665,0.1704341024160385,0.5555718541145325,0.4837946891784668,0.1274070292711258,-0.3514973819255829,-0.41818416118621826,-0.021384377032518387,0.25975731015205383,0.10074937343597412,-0.015876049175858498,0.07061304152011871,-0.4220179319381714,-0.14433740079402924,0.291618287563324,0.4329395592212677,-0.20907889306545258,0.030645672231912613,0.13005512952804565,-0.13414093852043152,-0.5820425748825073,-0.1162729263305664,-0.2131262570619583,-0.19775599241256714,-0.36007294058799744,-0.2210102081298828,-0.2553308606147766
337.0,0.040581878274679184,0.11050897091627121,0.13804404437541962,0.6209609508514404,-0.1952466070652008,0.37851616740226746,-0.19383488595485687,0.24878545105457306,0.09381956607103348,-0.4402453303337097,-0.5705394744873047,-0.7727386951446533,-0.599229097366333,-0.02549106255173683,0.06595340371131897,0.1597905457019806,-0.6919969320297241,-0.6997643709182739,-0.48170578479766846,-0.09194076806306839,-0.3726142942905426,-0.06689027696847916,-0.3248235583305359,0.28014931082725525,-0.251728892326355,0.16742779314517975,-0.40233370661735535,0.03091990016400814,-0.26605331897735596,0.4607921838760376,-0.588434636592865,0.741948127746582,0.41111820936203003,-0.07565835118293762,0.1351597011089325,-0.30452242493629456,-0.3512359857559204,0.33162420988082886,-0.533780574798584,0.46608445048332214,0.34316274523735046,0.21853682398796082,-0.06833351403474808,-0.5984851717948914,0.07401326298713684,0.16384437680244446,0.34199249744415283,-0.2080381214618683,0.4690960645675659,-0.7443327903747559,-0.09118509292602539,0.17033325135707855,-0.11530940979719162,-0.1520228087902069,0.024011751636862755,0.30326491594314575,-0.08299791812896729,-0.1299424171447754,-0.13235358893871307,0.47091445326805115,0.09207967668771744,-0.31464844942092896,0.00628277100622654,-0.208170086145401
338.0,0.08514862507581711,0.2690615653991699,0.06254486739635468,0.627393901348114,-0.2787766754627228,0.35107120871543884,-0.3425685465335846,0.27937036752700806,0.28924572467803955,-0.47110646963119507,-0.6475338339805603,-0.6956198811531067,-0.7544467449188232,-0.01377801038324833,0.26604413986206055,0.18233129382133484,-0.6889493465423584,-0.8314809799194336,-0.3553626239299774,0.23082150518894196,-0.213719442486763,-0.04057936370372772,-0.3032039999961853,0.4286661446094513,-0.1279883235692978,0.17641130089759827,-0.240949809551239,0.1145772933959961,-0.32244423031806946,0.3544858396053314,-0.3975679278373718,0.7315239906311035,0.16569538414478302,0.08145230263471603,0.10118487477302551,-0.287327378988266,-0.3923248052597046,0.5062315464019775,-0.542148232460022,0.6296688914299011,0.24740257859230042,0.01250421442091465,-0.06888269633054733,-0.8342500925064087,-0.03148496896028519,0.5147686004638672,0.4919981360435486,-0.01736975461244583,0.5608599781990051,-0.8818661570549011,-0.2387464940547943,0.21476316452026367,0.059320252388715744,-0.08402227610349655,-0.08700188994407654,0.24246792495250702,-0.1392917037010193,-0.3341934382915497,-0.29043272137641907,0.42054319381713867,0.23062023520469666,-0.41760125756263733,0.047269657254219055,-0.4108148515224457
339.0,0.09485550224781036,0.076533243060112,-0.034040071070194244,0.6969684958457947,-0.03335926681756973,0.445570707321167,-0.20968012511730194,0.23476523160934448,0.19171860814094543,-0.37070202827453613,-0.5379571914672852,-0.6732541918754578,-0.6552359461784363,-0.13413886725902557,-0.06573284417390823,0.1851828247308731,-0.6045807003974915,-0.7247254252433777,-0.5049559473991394,-0.025807512924075127,-0.30265381932258606,0.11990495771169662,-0.4366409480571747,0.38132205605506897,-0.2592155635356903,0.12018777430057526,-0.11815648525953293,0.008273724466562271,-0.19284601509571075,0.33941689133644104,-0.46106886863708496,0.5842433571815491,0.22872492671012878,0.117808997631073,0.11225482076406479,-0.22393500804901123,-0.34997260570526123,0.35621845722198486,-0.4027099609375,0.5191250443458557,0.33499622344970703,0.12294012308120728,0.12443624436855316,-0.7353347539901733,0.021001433953642845,0.3148951530456543,0.2518683075904846,-0.04808974638581276,0.35328084230422974,-0.8108986020088196,-0.16369037330150604,0.12877002358436584,-0.017080070450901985,-0.06971313059329987,0.016262449324131012,0.1290566623210907,0.04720568284392357,-0.3380070626735687,-0.09302937984466553,0.47888755798339844,0.21845196187496185,-0.28669729828834534,-0.07812467962503433,-0.21154257655143738
340.0,-0.24227787554264069,-0.05960804596543312,-0.6305773854255676,0.2985376715660095,0.18574073910713196,-0.24006140232086182,-0.5519765019416809,-0.06680423021316528,0.19616267085075378,-0.01405383087694645,-0.25556090474128723,0.07558202743530273,-0.06709799915552139,0.2482648491859436,0.11316719651222229,-0.26356688141822815,-0.6595133543014526,-0.17898540198802948,-0.44879645109176636,-0.13296519219875336,0.11741676181554794,0.44213831424713135,-0.5432947874069214,0.8575523495674133,-0.33602699637413025,-0.07529415190219879,-0.7197003364562988,-0.38318490982055664,0.523025393486023,0.08544964343309402,0.5871410369873047,0.20659396052360535,-0.639186441898346,-0.16413119435310364,0.11964613944292068,0.08208323270082474,-0.4736756682395935,0.245339497923851,-0.3235055208206177,0.42185065150260925,0.5673306584358215,-0.33915144205093384,-0.36231499910354614,-0.5157502293586731,0.3031541705131531,-0.39297837018966675,0.1965515911579132,-0.1450350135564804,0.08628921955823898,0.08012936264276505,0.02927977219223976,0.3539391756057739,-0.0524776317179203,-0.5929691195487976,0.6923925280570984,-0.12630222737789154,0.027055010199546814,-0.19958552718162537,-0.3713794946670532,-0.22348061203956604,0.1486588418483734,0.06604393571615219,0.07870475947856903,-0.11026028543710709
341.0,-0.19900766015052795,-0.00678772758692503,-0.6012727618217468,0.16267593204975128,0.29008299112319946,-0.26294803619384766,-0.4749843180179596,-0.15417613089084625,0.0736573189496994,0.13467185199260712,-0.19051527976989746,0.2382807582616806,0.07346632331609726,0.265239417552948,0.013622947037220001,-0.19051241874694824,-0.49862366914749146,-0.07768203318119049,-0.35569530725479126,-0.04810652136802673,0.10601900517940521,0.42624154686927795,-0.5282832980155945,0.7547104358673096,-0.29839029908180237,0.020172705873847008,-0.6118729710578918,-0.364368200302124,0.47873422503471375,-0.010583590716123581,0.5811470150947571,0.0376647487282753,-0.6798860430717468,-0.12819218635559082,0.014296406880021095,0.014538396149873734,-0.4255932569503784,0.0821537971496582,-0.188900426030159,0.34319204092025757,0.33870014548301697,-0.3018640875816345,-0.24894925951957703,-0.4041530191898346,0.18930216133594513,-0.43725913763046265,0.22258399426937103,-0.08238580822944641,0.024514321237802505,0.0748647078871727,-0.05098951980471611,0.2856733798980713,0.011899370700120926,-0.6568827033042908,0.5221121907234192,-0.10759885609149933,0.08635739982128143,-0.16819362342357635,-0.3635113537311554,-0.24154670536518097,0.14614716172218323,0.2717491686344147,0.06689728796482086,-0.09939233958721161
342.0,-0.0659811720252037,0.21202856302261353,-0.4371987283229828,-0.4279870092868805,0.166952446103096,-0.5097664594650269,0.005677599925547838,0.20242758095264435,0.4614482522010803,0.008763863705098629,0.047585006803274155,0.21258826553821564,0.16595439612865448,0.1447231024503708,0.2188083678483963,-0.17524786293506622,-0.4671616852283478,-0.3394326865673065,-0.4385867118835449,0.1354224681854248,0.12384194135665894,0.0021026725880801678,-0.0752895250916481,0.7028943300247192,-0.302244633436203,0.07085595279932022,-0.33126530051231384,0.04476415365934372,0.5030565857887268,0.07796819508075714,0.6703282594680786,-0.21800242364406586,-0.5437381267547607,0.10021790117025375,-0.028734780848026276,0.35775226354599,-0.23786918818950653,0.25511693954467773,-0.017362695187330246,0.14632053673267365,0.5258051753044128,-0.3648480772972107,-0.4499143362045288,-0.23345144093036652,0.39639121294021606,-0.6402315497398376,0.3325309753417969,0.1140083521604538,-0.27885475754737854,0.41924527287483215,0.12991274893283844,0.2703874409198761,0.2961558699607849,-0.6168473362922668,0.4916571378707886,-0.43334057927131653,0.1546492874622345,-0.5112830996513367,-0.17824812233448029,-0.7213882207870483,0.023445971310138702,-0.19694708287715912,-0.18883030116558075,-0.12325336784124374
343.0,-0.19879399240016937,0.0013468937249854207,-0.46364107728004456,0.04705391079187393,0.15424324572086334,-0.27585265040397644,-0.47647297382354736,-0.058458007872104645,0.14874400198459625,0.006359984166920185,-0.08680803328752518,0.14014585316181183,0.03491690754890442,0.2370995581150055,0.10471641272306442,-0.3387429118156433,-0.6468555331230164,-0.0040465425699949265,-0.34250059723854065,-0.1695566624403,-0.05568550154566765,0.3827950954437256,-0.47235342860221863,0.651196300983429,-0.18210658431053162,-0.25223344564437866,-0.6805747151374817,-0.34315046668052673,0.4609784185886383,-0.12777037918567657,0.6983133554458618,0.023011622950434685,-0.5037273168563843,-0.13298414647579193,0.07123870402574539,0.04008173942565918,-0.545757532119751,0.003285209648311138,-0.1352127194404602,0.2713494896888733,0.3758402466773987,-0.3891759216785431,-0.2113926261663437,-0.4152158200740814,0.32869753241539,-0.4184419810771942,0.2918165922164917,-0.2204761654138565,0.032935433089733124,0.08430991321802139,-0.00994956772774458,0.10256216675043106,-0.08915223181247711,-0.5973525643348694,0.77006995677948,-0.0655101090669632,0.16729265451431274,-0.11608058959245682,-0.32326674461364746,-0.03862098231911659,0.2949977517127991,0.2133808583021164,0.07168257981538773,-0.17527268826961517
344.0,-0.15606217086315155,-0.13833051919937134,-0.6676321625709534,0.22647081315517426,0.1034293845295906,-0.2561626434326172,-0.5866641402244568,-0.15831969678401947,-0.06031392514705658,0.2423267811536789,-0.28855863213539124,0.05907793343067169,0.11504480987787247,0.10217951238155365,-0.02535248175263405,-0.15498819947242737,-0.54106205701828,-0.17826049029827118,-0.5018038749694824,-0.2636786997318268,-0.0036690167617052794,0.419833242893219,-0.4289000630378723,0.5875588655471802,-0.350906640291214,-0.025434181094169617,-0.6986398100852966,-0.44002771377563477,0.5033113360404968,-0.1288537085056305,0.7796475887298584,0.27135637402534485,-0.6464437246322632,-0.3345832824707031,0.16772469878196716,0.3103460967540741,-0.4112646281719208,0.2335994839668274,-0.018568113446235657,0.594833493232727,0.6664326190948486,-0.3847249746322632,-0.4026547074317932,-0.4422982633113861,0.2457672506570816,-0.5225782990455627,0.019904740154743195,-0.05380601808428764,0.031783804297447205,0.04707079753279686,0.007269633002579212,0.40651941299438477,-0.11166573315858841,-0.787692666053772,0.5677191019058228,-0.0069360071793198586,0.08579593151807785,-0.23141904175281525,-0.2383105456829071,-0.1870989054441452,0.12755103409290314,0.2492409348487854,0.08490815758705139,-0.04634843394160271
345.0,0.225082665681839,0.3512284457683563,-0.15453608334064484,0.48994940519332886,-0.023632720112800598,0.24518756568431854,-0.5698601007461548,-0.44807738065719604,0.03164028003811836,0.11113942414522171,-0.1272442489862442,0.06656800210475922,0.26681116223335266,0.27224740386009216,-0.059538889676332474,-0.4763990640640259,-0.3312693238258362,0.12230059504508972,0.23169565200805664,-0.13692651689052582,-0.18002048134803772,0.02395482361316681,-0.5293295979499817,0.3270597457885742,0.012393920682370663,-0.3548962473869324,-0.18113665282726288,-0.02901407517492771,0.30029770731925964,-0.6557843089103699,0.07058346271514893,0.3630848824977875,-0.46087566018104553,-0.23192453384399414,0.6374911665916443,0.4135584235191345,-0.12768711149692535,-0.15398696064949036,-0.23918330669403076,0.5645549297332764,0.6471741199493408,-0.7016395926475525,-0.08478634059429169,-0.7047186493873596,0.30976352095603943,0.21501977741718292,-0.3229559361934662,-0.10922925174236298,-0.021373325958848,-0.4351361393928528,-0.4131678640842438,0.2554895579814911,-0.22281527519226074,-0.3780044615268707,-0.035624586045742035,0.34034857153892517,0.06039182096719742,-0.3061530292034149,-0.13300174474716187,0.2691073417663574,0.5819396376609802,-0.23057493567466736,-0.12848930060863495,-0.012247263453900814
346.0,0.049866918474435806,0.06851358711719513,-0.1990198940038681,0.38400328159332275,-0.07874274253845215,0.3823722004890442,-0.4892311692237854,-0.30952340364456177,-0.14749033749103546,0.20395103096961975,-0.19170305132865906,0.07188855856657028,0.08942761272192001,0.15676292777061462,-0.142658069729805,-0.47019076347351074,-0.2961668372154236,0.1657923310995102,0.5232785940170288,0.154756098985672,-0.1424463987350464,-0.07229435443878174,-0.2247469574213028,0.06515417993068695,-0.027686413377523422,-0.5596892833709717,-0.2171279489994049,-0.0007304991595447063,0.2340739369392395,-0.5621318817138672,-0.05174839124083519,0.4919605553150177,-0.44584232568740845,-0.29964423179626465,0.5582599639892578,0.5101715922355652,-0.05919022113084793,-0.2829347252845764,-0.2848413288593292,0.4915046691894531,0.5595404505729675,-0.641727864742279,-0.08421044796705246,-0.706597089767456,0.3511703610420227,0.2442714273929596,-0.21746228635311127,-0.09926237165927887,0.07231829315423965,-0.5278847217559814,-0.4557461440563202,0.10839090496301651,-0.22808200120925903,-0.21755953133106232,-0.23588739335536957,0.39108917117118835,0.16907045245170593,-0.46956172585487366,-0.17372077703475952,0.31480085849761963,0.3439497649669647,-0.10774456709623337,-0.09698260575532913,-0.21433840692043304
347.0,-0.05964883044362068,0.2503775954246521,-0.2889198362827301,0.5606699585914612,-0.25521036982536316,0.25041717290878296,-0.6113755702972412,-0.3367825150489807,-0.10497874021530151,0.16749219596385956,-0.26578742265701294,0.02730901539325714,0.10088516771793365,0.24967032670974731,-0.23972204327583313,-0.4214099645614624,-0.36700910329818726,0.13344861567020416,0.32799258828163147,-0.21425800025463104,-0.035449594259262085,-0.05792636424303055,-0.2919390797615051,0.19137617945671082,0.08978217095136642,-0.5293501615524292,-0.31617364287376404,-0.039189331233501434,0.4158886969089508,-0.6598281860351562,0.07206343114376068,0.51884925365448,-0.5055716633796692,-0.4941968619823456,0.3613559305667877,0.6564050912857056,-0.17883418500423431,-0.045814964920282364,-0.08907350897789001,0.5999199748039246,0.6735402345657349,-0.62777179479599,-0.12831692397594452,-0.740519642829895,0.5330057144165039,0.12422758340835571,-0.4811075031757355,-0.32375025749206543,-0.09398973733186722,-0.4460664391517639,-0.3225730359554291,0.17046497762203217,-0.1676645129919052,-0.3757745921611786,-0.0694773867726326,0.4303578734397888,0.3056703507900238,-0.45144569873809814,-0.2682226002216339,0.11403767019510269,0.15909138321876526,-0.22942392528057098,-0.25456735491752625,-0.12576480209827423
348.0,0.053443290293216705,0.29990851879119873,-0.10085520893335342,0.6099509000778198,-0.1502843201160431,0.40935856103897095,-0.622157096862793,-0.2389504313468933,-0.017549432814121246,0.20470362901687622,-0.19084450602531433,-0.13141736388206482,0.06366009265184402,0.23163311183452606,-0.23265871405601501,-0.39292111992836,-0.40692153573036194,0.011533739976584911,0.09126798063516617,-0.204521045088768,-0.013964476995170116,-0.22562916576862335,-0.6207834482192993,0.2635776400566101,0.03331122547388077,-0.5151267647743225,-0.3139370083808899,-0.053407661616802216,0.2994234263896942,-0.39486318826675415,0.26287657022476196,0.5262158513069153,-0.5406520366668701,-0.41302287578582764,0.3336942493915558,0.4210508465766907,-0.18942125141620636,0.04894724860787392,-0.20752455294132233,0.6953193545341492,0.7190691232681274,-0.6118916273117065,-0.05048336088657379,-0.9868566393852234,0.5909602642059326,0.07986097037792206,-0.2731286883354187,-0.039866555482149124,0.0437312088906765,-0.5192859172821045,-0.3721095025539398,0.16791526973247528,-0.18480049073696136,-0.42133328318595886,-0.13498595356941223,0.46273472905158997,0.18356823921203613,-0.4566654860973358,-0.27780652046203613,0.1197105124592781,0.2985546588897705,-0.32490697503089905,-0.12471282482147217,-0.005496225319802761
349.0,0.3177318274974823,0.48013561964035034,-0.05982290580868721,-0.021337686106562614,-0.5750715136528015,0.07759132981300354,-0.4109558165073395,0.21744100749492645,-0.052299417555332184,0.15857508778572083,-0.17582407593727112,-0.19367241859436035,0.285979300737381,0.08772774040699005,0.2172241359949112,-0.36033883690834045,-0.23494453728199005,-0.17931044101715088,0.5304616093635559,0.19217300415039062,-0.04960395768284798,-0.22058431804180145,-0.01062439102679491,-0.14043624699115753,0.01716790534555912,0.051639724522829056,0.27230873703956604,0.38077619671821594,0.17189674079418182,-0.6066833734512329,0.10573307424783707,0.2909085154533386,-0.42335283756256104,-0.0014623980969190598,0.31875136494636536,0.6882926821708679,0.05243423581123352,0.45431771874427795,0.5939585566520691,0.5523179769515991,0.779800534248352,-0.6766865253448486,-0.6316243410110474,-0.42230135202407837,0.2990967035293579,0.15629379451274872,-0.29604610800743103,0.1219467967748642,-0.4061889350414276,0.029227176681160927,-0.09233921766281128,0.41111207008361816,0.2841345965862274,-0.29857099056243896,-0.034680332988500595,0.06627334654331207,0.0019739666022360325,-0.8405280113220215,-0.24702230095863342,-0.7248271703720093,-0.18595419824123383,-0.7237722277641296,-0.196367546916008,0.01108594611287117
350.0,0.026479654014110565,-0.3959520161151886,-0.6983276009559631,0.32051894068717957,0.10160569846630096,-0.16716712713241577,-0.38671186566352844,-0.04283079877495766,-0.13248710334300995,0.13975057005882263,-0.2799099087715149,0.09553509950637817,-0.08151454478502274,-9.31682443479076e-05,0.17435266077518463,-0.12837909162044525,-0.26968929171562195,0.06692428141832352,0.09220335632562637,0.18876318633556366,0.14425736665725708,0.6115357875823975,-0.06119949370622635,0.23412171006202698,-0.4262838363647461,-0.043022338300943375,-0.4979793429374695,-0.4356063902378082,0.47868457436561584,-0.3065665662288666,0.002146896906197071,0.5619685053825378,-0.42174723744392395,-0.2166699320077896,0.22539524734020233,0.3807993233203888,-0.12864768505096436,0.26253241300582886,-0.34112000465393066,0.6130144000053406,0.54258793592453,0.06907856464385986,-0.34328165650367737,0.2551378905773163,0.01862599328160286,-0.2729777693748474,-0.49784258008003235,0.09267774224281311,-0.0734453946352005,-0.2520400285720825,-0.19790753722190857,0.45983031392097473,-0.08721447736024857,-0.4171593487262726,0.15687131881713867,0.06755523383617401,0.005564327817410231,-0.3426174521446228,0.08234009146690369,0.19207052886486053,-0.3023335635662079,0.508263349533081,0.031035181134939194,-0.40123438835144043
351.0,-0.09790845215320587,-0.36257457733154297,-0.803419828414917,0.4122821092605591,0.0036079920828342438,0.009949248284101486,-0.5990712642669678,0.04105256125330925,-0.01830233633518219,0.04871933162212372,-0.43575477600097656,-0.18596681952476501,-0.0373011976480484,-0.051214274019002914,-0.05377111956477165,-0.04697565361857414,-0.5304000973701477,-0.07042166590690613,-0.06627921015024185,-0.06751881539821625,0.4201816916465759,0.5537819266319275,-0.1931101232767105,0.44928374886512756,-0.4113582968711853,0.13083235919475555,-0.5097682476043701,-0.281904399394989,0.537033200263977,-0.15143612027168274,0.20681655406951904,0.6430862545967102,-0.5262844562530518,-0.42900121212005615,0.14521312713623047,0.27261286973953247,-0.27982795238494873,0.15953771770000458,-0.19202731549739838,0.6067594885826111,0.5354610085487366,-0.09424617141485214,-0.4680566191673279,-0.06239672005176544,-0.024070806801319122,-0.28489625453948975,-0.30388200283050537,-0.05810112878680229,0.009066188707947731,-0.17208890616893768,-0.047260917723178864,0.5958842635154724,-0.03897329419851303,-0.5652309656143188,0.15404193103313446,-0.029248828068375587,0.08510874956846237,-0.2868528962135315,-0.20931731164455414,0.11952169239521027,-0.31363821029663086,0.3795899748802185,0.2525499165058136,-0.2798028588294983
352.0,-0.04564356431365013,-0.39250436425209045,-0.780046820640564,0.46788063645362854,0.13548944890499115,0.05737379565834999,-0.6003026366233826,-0.0562003068625927,-0.09766949713230133,0.16499176621437073,-0.2931588292121887,0.015641745179891586,-0.08704359829425812,-0.1391955316066742,-0.07698403298854828,0.13186238706111908,-0.4071148931980133,0.09095808118581772,-0.135954350233078,0.10443428158760071,0.12150058150291443,0.5471770167350769,-0.26523539423942566,0.1960303783416748,-0.4035603702068329,0.06261366605758667,-0.3275161385536194,-0.427624374628067,0.5372023582458496,-0.23734928667545319,0.11704592406749725,0.5562573075294495,-0.6215118169784546,-0.4633198082447052,0.12558938562870026,0.24531622231006622,-0.23790870606899261,0.05094081908464432,-0.18864800035953522,0.49319541454315186,0.30766743421554565,-0.036225058138370514,-0.03612658753991127,0.0332496240735054,-0.13279177248477936,-0.291813462972641,-0.2985304892063141,0.12362803518772125,-0.038511112332344055,-0.19183023273944855,-0.15789952874183655,0.5201217532157898,-0.23150844871997833,-0.5215003490447998,0.12694764137268066,0.1608995795249939,-0.006605217233300209,-0.2582973539829254,-0.0345882847905159,0.21530281007289886,-0.1986294537782669,0.4032183587551117,0.23089075088500977,-0.2907277047634125
353.0,0.13136093318462372,-0.13430443406105042,-0.435529887676239,-0.1401101052761078,0.1152399480342865,-0.07543663680553436,-0.15658895671367645,0.2880434989929199,0.3066810965538025,-0.006818216759711504,-0.27106907963752747,0.21868999302387238,-0.19559529423713684,-0.14191623032093048,0.07133498042821884,0.26405757665634155,-0.30121323466300964,-0.18670374155044556,0.08929016441106796,0.5591937899589539,0.3535561263561249,0.47170066833496094,0.2091897428035736,0.15080484747886658,-0.4278049170970917,0.36851611733436584,0.1375376284122467,0.017568126320838928,0.4714374542236328,-0.46261030435562134,0.05716495215892792,0.37101882696151733,-0.45029449462890625,-0.13504011929035187,-0.060294635593891144,0.43073800206184387,-0.00525549054145813,0.5608047246932983,-0.025491537526249886,0.42735597491264343,0.4822917580604553,0.14168651401996613,-0.20615217089653015,0.25016412138938904,-0.06015321612358093,-0.10405828803777695,-0.41186854243278503,0.35803624987602234,-0.4783940315246582,0.1568039357662201,-0.07202904671430588,0.47755691409111023,0.07434284687042236,-0.437272846698761,0.1112874299287796,-0.20026905834674835,0.2947748005390167,-0.6518490314483643,0.15786197781562805,-0.31047895550727844,-0.28110283613204956,-0.0109476363286376,-0.07178200036287308,-0.2168528288602829
354.0,-0.10088994354009628,-0.3216725289821625,-0.6987811326980591,0.24156834185123444,0.003975893370807171,-0.10397712886333466,-0.5634409189224243,-0.046056848019361496,-0.04782850295305252,0.04341444373130798,-0.27274394035339355,-0.03418055176734924,-0.15748007595539093,0.006570877507328987,0.20093926787376404,-0.15399041771888733,-0.5182067155838013,-0.052722614258527756,-0.05716163292527199,-0.006531305145472288,0.20855271816253662,0.6434040665626526,-0.08751784265041351,0.3570109009742737,-0.32119303941726685,0.05398716777563095,-0.621527910232544,-0.41047292947769165,0.6183564066886902,-0.11061040312051773,0.24628204107284546,0.658575713634491,-0.47755512595176697,-0.4174661934375763,0.15631721913814545,0.459924578666687,-0.2525872588157654,0.265988290309906,-0.18464745581150055,0.6796131730079651,0.6661235690116882,-0.07585279643535614,-0.4002152681350708,-0.011285376735031605,0.055254362523555756,-0.4082079529762268,-0.3829749822616577,-0.01660454273223877,-0.007521758787333965,-0.2437976598739624,-0.14108701050281525,0.4465204179286957,-0.09832380712032318,-0.6980447173118591,0.244523823261261,0.14824700355529785,0.09820152074098587,-0.21957586705684662,-0.03206183761358261,0.21671804785728455,-0.3168754577636719,0.33205756545066833,0.13797786831855774,-0.3797991871833801
355.0,-0.3769158720970154,0.32992902398109436,-0.8860760927200317,0.6856281161308289,-0.7795451283454895,-0.1971697360277176,-0.42432790994644165,-0.29202497005462646,-0.16508200764656067,0.47145015001296997,-0.1922820806503296,-0.022602347657084465,0.004549385979771614,0.24479003250598907,-0.22592712938785553,-0.4302157759666443,-0.15229037404060364,0.11548654735088348,0.06670300662517548,-0.46761956810951233,-0.13176941871643066,-0.10439443588256836,-0.0040268125012516975,0.1555771827697754,0.09375154972076416,-0.33356529474258423,-0.07894971966743469,0.19491814076900482,0.3841533064842224,-0.15924537181854248,0.03371020406484604,0.4704665541648865,-0.012616029009222984,-0.39644792675971985,0.13931825757026672,0.9013714790344238,0.02495206892490387,0.44121336936950684,-0.24352267384529114,0.2457313984632492,0.5045201778411865,-0.3343479335308075,0.10514969378709793,-0.7006883025169373,0.4857977032661438,0.21996961534023285,-0.826382040977478,-0.21631993353366852,0.013534669764339924,-0.32892441749572754,-0.223897784948349,0.5705676674842834,-0.07126788794994354,-0.05455629155039787,-0.19260182976722717,0.039713725447654724,0.14892186224460602,-0.025274550542235374,-0.37173372507095337,-0.16102436184883118,-0.31638041138648987,-0.32422560453414917,-0.2955838441848755,-0.2655807435512543
356.0,-0.2863849103450775,0.2954849302768707,-0.7391884922981262,0.561192512512207,-0.6181395649909973,-0.17378391325473785,-0.3400753140449524,-0.22860383987426758,-0.23471590876579285,0.4284505844116211,-0.23306791484355927,-0.08097740262746811,-0.0005119605921208858,0.27856066823005676,-0.17464779317378998,-0.49571889638900757,-0.18576106429100037,-0.02431369572877884,-0.029947219416499138,-0.48667141795158386,-0.041561052203178406,-0.16795216500759125,-0.08818074315786362,0.22901105880737305,-0.00393261993303895,-0.24423812329769135,0.016370907425880432,0.08117446303367615,0.40644919872283936,-0.11186626553535461,0.158887580037117,0.5062938332557678,-0.17134226858615875,-0.29050973057746887,0.0963665321469307,0.8869044780731201,-0.03040706180036068,0.3389395773410797,-0.07683801651000977,0.27626824378967285,0.5938971638679504,-0.27241232991218567,0.030472902581095695,-0.6946623921394348,0.5299648642539978,0.14029282331466675,-0.79924476146698,-0.12373577058315277,0.028111662715673447,-0.3516496419906616,-0.21778655052185059,0.4226044714450836,-0.07163813710212708,-0.19917869567871094,-0.09995044767856598,-0.031824201345443726,0.22043070197105408,-0.12738417088985443,-0.5085182189941406,-0.13470381498336792,-0.5091354846954346,-0.28327757120132446,-0.005283460021018982,-0.4018324315547943
357.0,-0.4156101942062378,0.19085153937339783,-0.7888883352279663,0.7098951935768127,-0.6824561357498169,-0.12210183590650558,-0.3936818838119507,-0.25733718276023865,-0.2402344048023224,0.35528889298439026,-0.13491153717041016,-0.02499188855290413,-0.15030620992183685,0.0894661545753479,-0.3280649185180664,-0.4068243205547333,-0.08215384185314178,0.29507237672805786,-0.04355987161397934,-0.6005114912986755,-0.0278493482619524,-0.016244523227214813,0.011726945638656616,0.07210758328437805,0.20449340343475342,-0.36064010858535767,0.054888926446437836,0.04260537028312683,0.3362397849559784,-0.28109675645828247,0.1821693778038025,0.4870404899120331,-0.04290681704878807,-0.36888542771339417,-0.0018901675939559937,0.7357258796691895,-0.05738000199198723,0.21048137545585632,-0.08993688225746155,0.18653808534145355,0.29294925928115845,-0.29710614681243896,0.307923823595047,-0.6852558851242065,0.4103396534919739,0.3051038086414337,-0.8427795171737671,-0.1908450871706009,0.05956879258155823,-0.43076053261756897,-0.15149712562561035,0.39011964201927185,-0.1320505142211914,-0.0018244963139295578,-0.17040684819221497,0.0003335690125823021,0.25905218720436096,0.08568239957094193,-0.3909119665622711,0.03735876828432083,-0.3054061830043793,-0.17386966943740845,-0.06062610447406769,-0.38310736417770386
358.0,0.014621932059526443,0.3977228105068207,-0.5577365756034851,0.51132732629776,-0.6225573420524597,-0.2038266360759735,-0.13819009065628052,-0.12013337016105652,0.09655849635601044,0.35604313015937805,-0.1477595716714859,0.04364493861794472,0.03517049923539162,0.19771619141101837,0.03844953700900078,-0.1193593367934227,-0.15620984137058258,0.03778936713933945,0.5046550631523132,-0.22389383614063263,-0.08108015358448029,-0.15044301748275757,0.22832253575325012,-0.14896614849567413,0.14695675671100616,-0.41740337014198303,0.197447270154953,0.22357963025569916,0.17444968223571777,-0.39219382405281067,-0.06098213791847229,0.1543666124343872,-0.12316818535327911,-0.12159714102745056,0.054014287889003754,0.8557323217391968,0.2363375574350357,0.571925163269043,-0.06451530009508133,0.34061697125434875,0.43738967180252075,-0.3050689399242401,0.020579539239406586,-0.3673803210258484,0.35532936453819275,0.44605427980422974,-0.8361508846282959,-0.09225169569253922,-0.22507944703102112,-0.223618745803833,-0.18143931031227112,0.44926226139068604,0.02801872044801712,0.3023431599140167,-0.007519738748669624,-0.05106431990861893,0.30610543489456177,-0.41309839487075806,-0.22510166466236115,-0.23408342897891998,-0.26698580384254456,-0.24522340297698975,-0.2039191573858261,-0.39164724946022034
359.0,-0.424443781375885,0.2222437858581543,-0.7520063519477844,0.7291577458381653,-0.6350011825561523,-0.15420500934123993,-0.3752426207065582,-0.28432127833366394,-0.32678377628326416,0.3870773911476135,-0.2256828099489212,0.04721008613705635,-0.09655193239450455,0.2434818148612976,-0.21835847198963165,-0.569368302822113,-0.15415151417255402,0.2116582691669464,-0.09384117275476456,-0.47149857878685,-0.07911656051874161,-0.07426395267248154,-0.18201296031475067,0.13137440383434296,0.1360081285238266,-0.3884187638759613,-0.17689336836338043,-0.05539077892899513,0.4621798098087311,-0.15651226043701172,-0.00414314866065979,0.6494222283363342,-0.28142255544662476,-0.382763534784317,0.16689929366111755,0.8887600302696228,-0.051368504762649536,0.20489011704921722,-0.1983131766319275,0.40045416355133057,0.5772446990013123,-0.36243972182273865,0.08538876473903656,-0.6735055446624756,0.6173194646835327,0.08381259441375732,-0.9231321215629578,-0.1304406225681305,-0.026302041485905647,-0.3794700503349304,-0.2635689079761505,0.432969868183136,-0.2137102633714676,-0.24678514897823334,-0.1882956475019455,0.05946708470582962,0.15751869976520538,-0.1234586089849472,-0.4357128441333771,-0.07431337982416153,-0.43645280599594116,-0.27986663579940796,-0.08712020516395569,-0.4266418516635895
360.0,0.07317668944597244,0.1607886701822281,-0.3652114272117615,0.7892930507659912,0.01975870504975319,-0.0800236389040947,-0.3956177234649658,0.05975339561700821,0.0009017812553793192,0.062080059200525284,0.02547430619597435,-0.3607257008552551,0.025911539793014526,0.224220871925354,0.21374942362308502,-0.2491884082555771,-0.1873769462108612,0.13193531334400177,-0.1856689304113388,-0.34804314374923706,0.12577252089977264,-0.10038860142230988,-0.718530535697937,0.5787104964256287,-0.5078650712966919,0.23138603568077087,-0.1863257735967636,-0.1686689555644989,0.08521388471126556,0.10257014632225037,0.41352152824401855,0.20161521434783936,-0.5018071532249451,-0.22781042754650116,-0.26533353328704834,0.0113406702876091,-0.2866469621658325,0.10341446101665497,-0.2971544563770294,0.5495210289955139,0.33940252661705017,-0.1346636861562729,-0.0499296560883522,-0.5540493726730347,0.1121477410197258,-0.15661653876304626,-0.04774993285536766,0.06224389001727104,0.21611280739307404,-0.5897708535194397,-0.08188246190547943,0.602582573890686,0.04336054250597954,-0.386406272649765,0.15371167659759521,0.05957939475774765,-0.30962616205215454,-0.013572944328188896,-0.4744742214679718,-0.07763531059026718,0.04161312058568001,0.2706528306007385,0.2942064702510834,-0.14961124956607819
361.0,-0.03304029256105423,0.252556174993515,-0.4321654736995697,0.8020771741867065,-0.0438833013176918,-0.17035804688930511,-0.44476014375686646,-0.07691702991724014,0.05228115990757942,-0.0038706506602466106,0.0031235641799867153,-0.4564734697341919,0.09550035744905472,0.014731989242136478,0.14266647398471832,-0.08589160442352295,-0.16362407803535461,0.18164312839508057,-0.31318095326423645,-0.4763841927051544,0.1588977873325348,-0.05428306385874748,-0.8428710699081421,0.4302162826061249,-0.47687390446662903,0.2838604748249054,-0.1754608005285263,-0.1255759596824646,-0.0674254298210144,0.11076468974351883,0.45963528752326965,0.09857597202062607,-0.7879388928413391,-0.39832621812820435,-0.3506314754486084,-0.1488836705684662,-0.3111360967159271,-0.1536189615726471,-0.1482139378786087,0.5945385694503784,0.2727474868297577,-0.24517123401165009,-0.11767479032278061,-0.595891535282135,-0.0333520770072937,-0.1227850690484047,-0.010216919705271721,-0.1136292889714241,0.1189386323094368,-0.5510343909263611,0.05986381694674492,0.6486870050430298,0.026188433170318604,-0.27326497435569763,0.18049538135528564,-0.01287270337343216,-0.25468435883522034,0.09501378983259201,-0.4998343884944916,0.08259828388690948,0.22708378732204437,0.23984983563423157,0.3859548568725586,-0.024166004732251167
362.0,-0.025218389928340912,0.3349100947380066,-0.5130443572998047,0.7845938801765442,-0.003800981678068638,-0.08318036794662476,-0.6730251312255859,-0.16903820633888245,0.07459869235754013,0.029548484832048416,0.004365471191704273,-0.3716910183429718,0.06329929083585739,0.204382985830307,0.11212151497602463,-0.2453957051038742,-0.19857805967330933,0.03019469603896141,-0.2584103047847748,-0.35007521510124207,0.24714910984039307,0.04117818921804428,-0.9627199769020081,0.5911120772361755,-0.5034705400466919,0.2921437621116638,-0.13088296353816986,-0.09388972073793411,0.10356413573026657,0.00894911028444767,0.5851268768310547,0.1526089757680893,-0.7978013753890991,-0.46999391913414,-0.2599375545978546,-0.031057346612215042,-0.37470242381095886,-0.04183836653828621,-0.19385643303394318,0.49467581510543823,0.38461822271347046,-0.27552202343940735,-0.16186878085136414,-0.6942929029464722,-0.023808229714632034,-0.04582466930150986,-0.012394897639751434,-0.17412084341049194,0.09622897952795029,-0.47154122591018677,-0.0834297463297844,0.5182150602340698,-0.002483049174770713,-0.4105619788169861,0.26571887731552124,0.12605564296245575,-0.21107006072998047,0.02133737877011299,-0.6143542528152466,0.14644946157932281,0.15814979374408722,0.056564345955848694,0.3177286684513092,0.058128826320171356
363.0,0.17140163481235504,0.2735362648963928,-0.5512410402297974,0.7318323254585266,-0.021235696971416473,-0.19329127669334412,-0.5365245342254639,-0.07679003477096558,-0.02133617363870144,0.14784935116767883,-0.042814940214157104,-0.3798310160636902,0.10345849394798279,0.19848278164863586,0.10648886859416962,-0.36681002378463745,-0.2724170982837677,-0.044425949454307556,-0.2896503508090973,-0.5394060611724854,0.10912404209375381,0.10502400249242783,-0.9547454714775085,0.6447184085845947,-0.46187031269073486,0.0978851467370987,-0.19737036526203156,-0.24697957932949066,0.14233732223510742,-0.0004828928504139185,0.6835853457450867,0.22610042989253998,-0.6506714224815369,-0.2095104157924652,-0.1188933253288269,-0.036491505801677704,-0.434035062789917,0.0485856719315052,-0.12630555033683777,0.5576171875,0.4587955176830292,-0.24188467860221863,-0.18675920367240906,-0.7041696310043335,0.10482640564441681,-0.12479277700185776,-0.1193658709526062,-0.047791119664907455,0.24551711976528168,-0.5900300741195679,-0.15603481233119965,0.45646870136260986,0.004840973764657974,-0.4185923635959625,0.34279027581214905,0.004541049245744944,-0.23060302436351776,-0.01181703619658947,-0.5988853573799133,0.16634926199913025,-0.04463328421115875,0.22802844643592834,0.4066542685031891,-0.151502788066864
364.0,0.05104510486125946,0.5494530200958252,-0.06769081950187683,0.2685064375400543,-0.3698465824127197,-0.29204824566841125,-0.24286724627017975,0.15498092770576477,0.3462212383747101,0.09661585092544556,0.035600557923316956,-0.4065551161766052,0.18278275430202484,0.08069397509098053,0.34318646788597107,0.07685963064432144,-0.12238851189613342,0.039590444415807724,0.11961260437965393,-0.1015811562538147,0.27226075530052185,-0.19950759410858154,-0.5031307935714722,0.16279149055480957,-0.36879876255989075,0.38863831758499146,0.1670037806034088,0.3921894431114197,-0.06172630935907364,0.19787518680095673,0.5191277265548706,-0.20471687614917755,-0.7544700503349304,-0.18557822704315186,-0.43924275040626526,0.3389310836791992,-0.06685341149568558,0.20930789411067963,0.41609105467796326,0.6458373069763184,0.4507773816585541,-0.2972595989704132,-0.1809963881969452,-0.3270248472690582,0.06524746119976044,-0.016266873106360435,-0.0955529659986496,0.1838933378458023,-0.4399990141391754,-0.04278216511011124,0.08187299221754074,0.49440133571624756,0.3151457905769348,-0.2087753713130951,0.04946090281009674,-0.13864454627037048,-0.12838639318943024,-0.3955988883972168,-0.30837833881378174,-0.5137590765953064,0.21975567936897278,-0.18278780579566956,-0.08918836712837219,0.05455011501908302
365.0,-0.17876645922660828,0.277890682220459,0.4538787603378296,0.31094881892204285,-0.21171914041042328,0.20271427929401398,0.2393844872713089,0.4354069232940674,0.298637330532074,-0.4860871434211731,-0.26183468103408813,-0.40326476097106934,-0.5650581121444702,0.3850599229335785,0.2726033926010132,-0.2867259383201599,-0.4425676465034485,-0.45608606934547424,-0.04725717008113861,-0.26422300934791565,0.1296100914478302,-0.034260738641023636,-0.4140523374080658,0.47053489089012146,-0.02655213326215744,0.16133363544940948,-0.08783445507287979,0.12336979061365128,0.02690308727324009,0.9397170543670654,-0.4917495548725128,0.3992502689361572,0.20724225044250488,0.33893290162086487,-0.0815964788198471,-0.08620806038379669,-0.3227841556072235,0.4112582504749298,-0.2764243483543396,0.353878915309906,0.37968629598617554,0.16649781167507172,0.0016402516048401594,-0.5365989208221436,0.5083656907081604,0.087783083319664,-0.07179857045412064,-0.08395840972661972,0.1511266827583313,-0.45011892914772034,-0.06405942142009735,-0.12387707829475403,0.08403570204973221,-0.1546347439289093,0.06562632322311401,-0.2181287407875061,-0.009384213015437126,-0.09976581484079361,-0.2817271947860718,-0.1090112254023552,-0.29758504033088684,-0.6598214507102966,-0.0794350877404213,-0.2788718044757843
366.0,-0.4132920205593109,0.046774525195360184,0.3293818235397339,0.285041868686676,-0.13931171596050262,0.2311772108078003,0.32786935567855835,0.3767559230327606,0.05683368444442749,-0.4740121364593506,-0.38419389724731445,-0.3534763753414154,-0.5352126359939575,0.3084399402141571,-0.012718254700303078,-0.3169753849506378,-0.401288241147995,-0.5700660347938538,-0.3397897779941559,-0.48566654324531555,-0.016033243387937546,-0.014866475015878677,-0.31749340891838074,0.5873010754585266,-0.18210074305534363,0.01949146017432213,-0.4028496742248535,-0.10930769890546799,0.060453519225120544,0.9518200755119324,-0.5651336312294006,0.569489061832428,0.24027197062969208,0.22991375625133514,0.12577494978904724,-0.1030515655875206,-0.5978372693061829,0.21526077389717102,-0.3900584280490875,0.37486332654953003,0.4624295234680176,0.1762932687997818,-0.10450082272291183,-0.5233834981918335,0.6882274746894836,-0.24474117159843445,0.01472733449190855,-0.3992924690246582,0.33434706926345825,-0.5731920599937439,-0.0038977526128292084,-0.24383990466594696,-0.022945502772927284,-0.40431785583496094,0.1675911843776703,-0.24502630531787872,0.168789803981781,-0.08396758884191513,-0.11523507535457611,0.007613770663738251,-0.3779947757720947,-0.5676429271697998,-0.24552467465400696,-0.2400832176208496
367.0,-0.3794414699077606,-0.049238111823797226,0.35335615277290344,0.360566645860672,-0.18227671086788177,0.3384203612804413,0.17419303953647614,0.3633275330066681,0.0007968277204781771,-0.3447965383529663,-0.45766451954841614,-0.3331487774848938,-0.4612005650997162,0.383385568857193,-0.07801903039216995,-0.42040300369262695,-0.37673279643058777,-0.4622960090637207,-0.22763727605342865,-0.4504907727241516,0.06200968474149704,-0.013345031999051571,-0.3606536388397217,0.6087573170661926,-0.17668642103672028,-0.056155890226364136,-0.3841456174850464,-0.09086675941944122,0.041065797209739685,0.7907706499099731,-0.4395029842853546,0.5972334742546082,0.3458362817764282,0.22731409966945648,0.2554672062397003,-0.1417258381843567,-0.5937293767929077,0.2577745318412781,-0.4632125198841095,0.3778398633003235,0.409363329410553,0.0969090685248375,-0.17170055210590363,-0.551110029220581,0.7103614807128906,-0.033683501183986664,0.017215590924024582,-0.35106971859931946,0.3886299729347229,-0.486588716506958,-0.0758783146739006,-0.199234277009964,-0.10739874839782715,-0.3730473816394806,0.2068575918674469,-0.2844848930835724,0.20339402556419373,-0.11486087739467621,-0.1389547884464264,0.04090869054198265,-0.23578907549381256,-0.46998700499534607,-0.23821285367012024,-0.1542557179927826
368.0,-0.44462692737579346,0.02087589167058468,0.2927751839160919,0.36340904235839844,-0.19367153942584991,0.3158528804779053,0.15320615470409393,0.3051079213619232,0.035923004150390625,-0.39681345224380493,-0.46219900250434875,-0.3478115499019623,-0.5700336694717407,0.32098841667175293,-0.007418446242809296,-0.4053802490234375,-0.3294254541397095,-0.5000150799751282,-0.3604479134082794,-0.40343812108039856,0.06857689470052719,-0.14868086576461792,-0.3559386730194092,0.4993506371974945,-0.11513771116733551,-0.1912936270236969,-0.4070456027984619,-0.13978822529315948,0.09518735855817795,0.7623311877250671,-0.596126914024353,0.7206355929374695,0.24360746145248413,0.15343062579631805,0.17409689724445343,-0.1672118455171585,-0.5432655215263367,0.2501462399959564,-0.6276991963386536,0.3264642059803009,0.3696052134037018,0.21059662103652954,-0.05275142192840576,-0.6185014843940735,0.789361834526062,-0.09511903673410416,-0.10591544955968857,-0.30801889300346375,0.4043565094470978,-0.6363869309425354,-0.005054345354437828,-0.21735893189907074,-0.07487162947654724,-0.2493976652622223,0.03992803394794464,-0.15489733219146729,0.1884416788816452,0.08814685046672821,-0.20310735702514648,0.16260956227779388,-0.36685609817504883,-0.5797235369682312,-0.13012562692165375,-0.21787886321544647
369.0,-0.4105885326862335,-0.07231256365776062,0.48517733812332153,0.26206544041633606,-0.11825356632471085,0.3930180072784424,0.2797596752643585,0.28358373045921326,-0.148862823843956,-0.5259910821914673,-0.24319866299629211,-0.30070021748542786,-0.6071845293045044,0.28704795241355896,0.10463251173496246,-0.46930551528930664,-0.27917036414146423,-0.3124406635761261,-0.18458890914916992,-0.3378162086009979,-0.06929570436477661,-0.04173818975687027,-0.20130792260169983,0.3711537718772888,-0.085696280002594,-0.08290239423513412,-0.3770124614238739,-0.2477189302444458,-0.041408080607652664,0.6479532718658447,-0.6482064723968506,0.5737705826759338,0.3933509290218353,0.20891942083835602,0.09537771344184875,-0.1399882286787033,-0.5754062533378601,0.1755242496728897,-0.42366278171539307,0.42968884110450745,0.40484949946403503,0.28080353140830994,0.015100597403943539,-0.47837552428245544,0.6461873054504395,-0.07544851303100586,-0.08979332447052002,-0.3688678741455078,0.4287722408771515,-0.8501048684120178,-0.07276960462331772,-0.31029757857322693,0.023066537454724312,-0.290300577878952,0.10332003980875015,-0.05429445207118988,0.24771209061145782,0.03256124630570412,-0.0384860597550869,0.20370766520500183,-0.2886499762535095,-0.45930734276771545,-0.2351725697517395,-0.31972751021385193
370.0,-0.0595654658973217,-0.0807550922036171,-0.23527009785175323,0.5087759494781494,-0.27224862575531006,0.08435367047786713,-0.5516356825828552,0.08112764358520508,-0.8119656443595886,0.41852790117263794,0.11471302062273026,-0.2733136713504791,-0.07894014567136765,0.2825287878513336,0.024106405675411224,-0.292569100856781,-0.7043421268463135,0.25115349888801575,-0.25797325372695923,-0.4230422079563141,-0.6366652846336365,0.573086142539978,-0.458735853433609,-0.1986030489206314,-0.10114684700965881,0.2939530611038208,-0.43553122878074646,-0.4974646270275116,0.10453221946954727,0.07578648626804352,-0.02080918289721012,0.361637145280838,0.18348215520381927,0.11284929513931274,0.3089054524898529,0.042246218770742416,-0.3674343228340149,0.37885648012161255,0.26851972937583923,1.0182864665985107,0.36738210916519165,-0.26458537578582764,-0.05482614040374756,-0.3212413191795349,-0.04489085078239441,-0.29612043499946594,-0.02506658248603344,0.47040361166000366,0.1046472042798996,-0.3584909737110138,-0.3859289586544037,0.5921179056167603,-0.2289673238992691,-0.9744864702224731,0.09435314685106277,0.18464620411396027,-0.037594739347696304,-0.21855051815509796,-0.17351800203323364,-0.02124069258570671,0.13034801185131073,0.5189293026924133,0.2533378303050995,-0.5174527168273926
371.0,0.03888140246272087,-0.11314908415079117,-0.2257453203201294,0.533661425113678,-0.15275773406028748,0.0651557594537735,-0.5646107196807861,0.09964688122272491,-0.6040847301483154,0.30090731382369995,-0.18839511275291443,-0.3414248526096344,-0.16337800025939941,0.07292591780424118,-0.12658822536468506,-0.2036721557378769,-0.7778186798095703,0.07683271169662476,-0.49852198362350464,-0.4929485321044922,-0.6575385928153992,0.6356474161148071,-0.602560818195343,0.08908767253160477,-0.12102030217647552,0.31010594964027405,-0.40509870648384094,-0.45371660590171814,0.25676965713500977,0.14580905437469482,0.02862844057381153,0.574886679649353,0.032475270330905914,0.1357637494802475,0.44500309228897095,0.02646634355187416,-0.4412657618522644,0.10976001620292664,0.4379090666770935,0.958747148513794,0.4348129630088806,-0.3591529130935669,0.05780595541000366,-0.5221331715583801,0.006187419407069683,-0.3936491906642914,0.008470464497804642,0.4787857234477997,0.028342336416244507,-0.3866487741470337,-0.27365267276763916,0.44664791226387024,-0.26591888070106506,-1.0062791109085083,-0.0041802069172263145,0.19982317090034485,-0.24887211620807648,-0.22226764261722565,-0.19444645941257477,0.003175772028043866,0.23757468163967133,0.35603460669517517,0.12311618775129318,-0.4372016191482544
372.0,-0.01933419145643711,-0.11933506280183792,-0.17363934218883514,0.5839496850967407,-0.14075811207294464,0.07627610862255096,-0.5453289747238159,0.09223048388957977,-0.7293165326118469,0.24530811607837677,-0.18488241732120514,-0.17417122423648834,-0.08237727731466293,0.12114660441875458,-0.15267418324947357,-0.13885903358459473,-0.5188462734222412,0.21211391687393188,-0.5712099075317383,-0.28050655126571655,-0.5244953632354736,0.2693503201007843,-0.5709108710289001,-0.031304579228162766,-0.07425389438867569,0.07465685158967972,-0.432431161403656,-0.44983145594596863,0.05502796173095703,-0.12918242812156677,-0.10480508953332901,0.5970726013183594,0.04836466908454895,0.04796457663178444,0.40392160415649414,-0.20278170704841614,-0.43841442465782166,0.039195720106363297,0.02593214437365532,0.6014228463172913,0.11267692595720291,-0.19088761508464813,0.006698443088680506,-0.2176543027162552,0.06720390170812607,-0.259294718503952,0.1414635330438614,0.36821430921554565,0.12321192771196365,-0.21807847917079926,-0.2502587139606476,0.4465726912021637,-0.4090636372566223,-0.7695751190185547,-0.020023860037326813,0.282303124666214,-0.28963378071784973,-0.20311562716960907,-0.2545362114906311,0.053474605083465576,0.16089747846126556,0.409747838973999,0.2541170120239258,-0.3771722912788391
373.0,0.3180822730064392,0.2525615394115448,0.0468386672437191,0.25169306993484497,-0.41218340396881104,0.128581240773201,-0.27847519516944885,0.33993658423423767,-0.34851834177970886,0.22656361758708954,-0.02639084868133068,-0.4035557210445404,0.23402297496795654,0.12079491466283798,-0.015809111297130585,0.07362808287143707,-0.7177847027778625,-0.030543973669409752,-0.1465861201286316,-0.23075038194656372,-0.4181819558143616,0.22845949232578278,-0.21355587244033813,-0.27110207080841064,0.10998846590518951,0.5525521636009216,-0.024467941373586655,0.05216982960700989,-0.020996831357479095,-0.032555289566516876,-0.05419347062706947,0.08817927539348602,0.3056590259075165,0.18879172205924988,0.15792417526245117,0.10422319173812866,-0.11158581078052521,0.6639315485954285,0.6376311182975769,0.8546152710914612,0.40263795852661133,-0.23821550607681274,-0.1660977452993393,-0.2552318572998047,-0.1075667068362236,-0.07238000631332397,-0.027986543253064156,0.5561897158622742,-0.18656066060066223,0.0005235103890299797,-0.17208373546600342,0.7422627806663513,0.1707945317029953,-0.6484279036521912,-0.030173668637871742,-0.06182477995753288,-0.13819852471351624,-0.38117191195487976,-0.10679996758699417,-0.6665322780609131,0.1391015350818634,-0.010662481188774109,0.03742991015315056,-0.15449459850788116
374.0,-0.12620940804481506,-0.0829780101776123,-0.3901856243610382,0.7475441694259644,-0.17199622094631195,0.0882411077618599,-0.6451969742774963,0.055367808789014816,-0.7101550698280334,0.41740843653678894,-0.25024130940437317,-0.29388704895973206,-0.08247819542884827,0.14767710864543915,-0.13215965032577515,-0.27418068051338196,-0.4697224795818329,0.14845381677150726,-0.39853963255882263,-0.4101535975933075,-0.6330612897872925,0.39342617988586426,-0.6454746127128601,0.043476834893226624,-0.33610427379608154,0.1973821371793747,-0.346634179353714,-0.42939260601997375,0.2534588575363159,0.036754582077264786,-0.05925276130437851,0.5551393032073975,-0.2157243937253952,-0.02621588110923767,0.2962520718574524,0.23409678041934967,-0.43665990233421326,0.029171045869588852,0.32186606526374817,0.8325268626213074,0.4030821919441223,-0.37834274768829346,0.10163728147745132,-0.49925845861434937,0.19812993705272675,-0.43938517570495605,-0.027181891724467278,0.18610715866088867,0.0013207376468926668,-0.40241867303848267,-0.23368605971336365,0.46863701939582825,-0.33822429180145264,-0.96405029296875,0.03788726031780243,0.23147831857204437,-0.1378975361585617,-0.17224974930286407,-0.4053890109062195,-0.00731387035921216,0.04962483420968056,0.4046984314918518,0.11924400925636292,-0.2923610508441925
375.0,-0.2215147763490677,-0.1404864639043808,-0.22193756699562073,-0.10527057200670242,0.013643533922731876,-0.1649492383003235,-0.4352972209453583,-0.18654023110866547,-0.10948061943054199,-0.26261594891548157,-0.09052722156047821,-0.006066333502531052,-0.2950716018676758,0.0981098935008049,0.23651379346847534,-0.3484271466732025,-0.4793647527694702,-0.2553871273994446,-0.5162942409515381,-0.22621145844459534,0.024085428565740585,0.4384620487689972,0.027297204360365868,0.4300898313522339,0.03961712494492531,0.11522039026021957,-0.8854992985725403,-0.35849031805992126,0.5598010420799255,-0.0302934218198061,0.3757138252258301,0.6245545744895935,-0.10746927559375763,-0.39494144916534424,0.06767795234918594,0.5727794170379639,-0.21170802414417267,0.23266562819480896,-0.014558265917003155,0.47884401679039,0.7768649458885193,-0.07391973584890366,-0.38597920536994934,-0.12528662383556366,0.21252843737602234,-0.6239265203475952,-0.14941443502902985,-0.22759473323822021,0.04579119756817818,-0.1231275424361229,0.02007785439491272,-0.03947954624891281,-0.09625828266143799,-0.915690004825592,0.26160839200019836,0.48460519313812256,0.13237391412258148,-0.014549799263477325,-0.01683410257101059,0.21344897150993347,-0.19088900089263916,0.07321549206972122,-0.04651283100247383,-0.17855586111545563
376.0,-0.2564220726490021,-0.09961531311273575,-0.0128628546372056,-0.18457603454589844,0.021741973236203194,0.035590823739767075,-0.517936110496521,-0.2885732054710388,-0.307675838470459,-0.21975336968898773,0.10033658146858215,-0.025424232706427574,-0.26756295561790466,0.29282817244529724,0.359112948179245,-0.505490779876709,-0.5622899532318115,-0.10450512170791626,-0.18882501125335693,-0.07372907549142838,0.03452494740486145,0.5462425351142883,-0.03527390956878662,0.1242411658167839,0.18146270513534546,0.1830357015132904,-0.8315846920013428,-0.4576861262321472,0.5101680755615234,0.13197869062423706,0.1406097412109375,0.47379550337791443,0.012588802725076675,-0.2566957175731659,0.17527280747890472,0.3175770342350006,-0.07993791997432709,0.1871551275253296,-0.0007451104465872049,0.4509241580963135,0.592235267162323,-0.07768844068050385,-0.42575499415397644,-0.036696985363960266,0.05680930241942406,-0.4744018018245697,-0.072098508477211,-0.036091916263103485,0.07924095541238785,0.022493908181786537,-0.10064059495925903,-0.14248846471309662,-0.07947660237550735,-0.8348035216331482,0.19794727861881256,0.4984082281589508,0.12908178567886353,0.11887986212968826,-0.06479362398386002,0.3016068935394287,-0.26934385299682617,0.07710651308298111,0.25831422209739685,-0.2286383956670761
377.0,0.003058881964534521,-0.004154774826020002,0.0444471575319767,-0.3273465633392334,0.11559241265058517,-0.2528758943080902,-0.2520495057106018,-0.1447545439004898,0.04609678313136101,-0.406600683927536,0.2135692834854126,-0.1271756887435913,-0.19187937676906586,0.07350285351276398,0.542405903339386,-0.45897287130355835,-0.3651913106441498,-0.15708418190479279,-0.3306925892829895,-0.0003790446789935231,0.0776103213429451,0.3710760474205017,0.09785453975200653,0.22400449216365814,0.013902380131185055,0.31470203399658203,-0.680679440498352,-0.2430890053510666,0.3888826370239258,0.010054194368422031,0.28061914443969727,0.28802499175071716,-0.004082930274307728,-0.2181493639945984,-0.07104360312223434,0.37067678570747375,0.0664600282907486,0.29076048731803894,0.06757146120071411,0.3936346173286438,0.8142878413200378,0.11835562437772751,-0.47607824206352234,0.04315364733338356,0.0547129362821579,-0.57583087682724,-0.1806919276714325,-0.0034927818924188614,-0.11088796705007553,-0.0554400198161602,0.1829555779695511,0.014421890489757061,0.2361498326063156,-0.5541268587112427,0.19141311943531036,0.41241025924682617,-0.1089378148317337,0.18159066140651703,0.06063151732087135,0.019430363550782204,-0.17191913723945618,-0.07661173492670059,0.011390608735382557,-0.021201027557253838
378.0,-0.22263571619987488,-0.12129087746143341,-0.33191344141960144,-0.03263520449399948,-0.08920545876026154,-0.20083561539649963,-0.4134620726108551,-0.25940701365470886,-0.2059372216463089,-0.36818134784698486,0.20427219569683075,0.006876454688608646,-0.19538414478302002,-0.14181235432624817,0.277053564786911,-0.4234413206577301,-0.31117987632751465,0.0720934048295021,-0.5287798047065735,-0.22442926466464996,-0.0026738406158983707,0.4608721137046814,-0.07848860323429108,0.19572897255420685,0.36758485436439514,0.010540149174630642,-0.7379942536354065,-0.46492427587509155,0.4170668125152588,-0.019898835569620132,0.39339202642440796,0.35395288467407227,-0.21064122021198273,-0.3516975939273834,-0.019116254523396492,0.40187737345695496,-0.18746590614318848,0.02209187112748623,0.11795683205127716,0.44660139083862305,0.515275239944458,-0.17802417278289795,-0.2559058666229248,-0.06658678501844406,0.00680301571264863,-0.4560920000076294,-0.1836462914943695,-0.21378812193870544,0.13679562509059906,-0.26218661665916443,-0.07504472136497498,0.03820671886205673,0.016206270083785057,-0.6542301177978516,0.22013290226459503,0.3404584527015686,0.0037384540773928165,0.09080024808645248,0.03639746457338333,0.2903780937194824,-0.2051617056131363,0.03350337594747543,0.024739904329180717,-0.29332512617111206
379.0,-0.21477508544921875,-0.12823325395584106,-0.3749902844429016,0.009923726320266724,-0.012349442578852177,-0.1806723028421402,-0.4434944987297058,-0.18217967450618744,-0.2538886070251465,-0.14645063877105713,0.016015252098441124,0.03591003268957138,-0.2433851808309555,0.0017247253563255072,0.2302681803703308,-0.23097673058509827,-0.45344507694244385,-0.11931129544973373,-0.5277100205421448,-0.21486403048038483,-0.0197072084993124,0.39806222915649414,-0.012660408392548561,0.22290533781051636,0.08147567510604858,0.1224946454167366,-0.7908837795257568,-0.431004136800766,0.5341714024543762,0.032946374267339706,0.37889939546585083,0.6110755801200867,-0.27568820118904114,-0.39455607533454895,0.06774608790874481,0.5941969752311707,-0.11245696246623993,0.20826762914657593,0.06468431651592255,0.5414236187934875,0.7154106497764587,-0.20773018896579742,-0.36914461851119995,-0.09198947250843048,0.1463973969221115,-0.65891432762146,-0.15858323872089386,-0.036854006350040436,0.02377248741686344,-0.06450460106134415,-0.030018368735909462,0.15116555988788605,-0.16378267109394073,-0.9268320798873901,0.1524759829044342,0.4677733778953552,0.046481311321258545,-0.1494091898202896,-0.040828049182891846,0.10679323226213455,-0.3153742551803589,0.10066675394773483,0.10598357766866684,-0.301044762134552
380.0,0.14372742176055908,0.018905429169535637,-0.3327121436595917,-0.14047089219093323,0.007256600074470043,-0.20487751066684723,-0.21086958050727844,0.048242561519145966,-0.16727636754512787,-0.13036595284938812,-0.4342404305934906,0.17144247889518738,-0.2596324682235718,-0.4241187870502472,-0.3852354884147644,0.0670662671327591,-0.25874975323677063,-0.36938777565956116,-0.23698316514492035,-0.5782291889190674,-0.041442908346652985,0.5650404691696167,0.010303175076842308,0.1734619438648224,-0.05058269947767258,0.020003454759716988,-0.28372856974601746,-0.37697064876556396,0.1645209789276123,-0.4326922595500946,0.3238462805747986,0.7745446562767029,-0.468509703874588,-0.022025303915143013,0.34861788153648376,-0.1299661546945572,-0.5429362654685974,-0.051010504364967346,0.2968330979347229,0.44294020533561707,0.4262898564338684,-0.46176964044570923,-0.44199246168136597,-0.5666862726211548,0.15295954048633575,-0.3757162392139435,-0.11734426766633987,-0.452799528837204,0.22047753632068634,-0.4444486200809479,0.05567232146859169,-0.04586229473352432,-0.14812462031841278,-0.675815761089325,0.16985227167606354,-0.07475056499242783,0.29427844285964966,0.0015701127704232931,-0.1599176526069641,0.22644047439098358,-0.38060927391052246,-0.05976855382323265,0.3077365458011627,-0.18287721276283264
381.0,0.009753894992172718,-0.01776570826768875,-0.18192845582962036,-0.11108599603176117,-0.18379022181034088,-0.25906723737716675,-0.402778685092926,0.03474390506744385,-0.24868391454219818,-0.03452258184552193,-0.6960859894752502,0.0090267863124609,-0.17943932116031647,-0.18338866531848907,-0.18532772362232208,-0.06345576792955399,-0.322685569524765,-0.3620763421058655,-0.3836534917354584,-0.5478237867355347,-0.05026431754231453,0.41606107354164124,-0.16483870148658752,0.2717185318470001,-0.14757545292377472,0.06529124081134796,-0.4499697685241699,-0.3774763345718384,0.20048995316028595,-0.37018314003944397,0.3113269507884979,0.8801642656326294,-0.47920265793800354,-0.13309109210968018,0.36842337250709534,-0.0894211158156395,-0.708374559879303,-0.08344532549381256,0.3427518308162689,0.5882248878479004,0.42292290925979614,-0.3377382159233093,-0.5406460762023926,-0.45023518800735474,0.2922208309173584,-0.38093388080596924,-0.10237882286310196,-0.4165646731853485,0.10889779031276703,-0.3465580940246582,0.09283296763896942,-0.00696361530572176,-0.24448254704475403,-0.8640785813331604,0.28493285179138184,-0.047328732907772064,0.1993737369775772,0.03566823527216911,-0.2906262278556824,0.22757656872272491,-0.24147789180278778,-0.0026579084806144238,0.2343512624502182,-0.18054315447807312
382.0,-0.17620335519313812,0.005563864950090647,-0.3277093768119812,-0.029964620247483253,-0.14962469041347504,-0.32161232829093933,-0.16743256151676178,-0.130377858877182,-0.42284727096557617,-0.009858906269073486,-0.5573005676269531,0.07830366492271423,-0.04661339148879051,-0.05589014291763306,-0.13012750446796417,-0.11407940834760666,-0.187970831990242,-0.20337316393852234,-0.4185708165168762,-0.39280202984809875,-0.3534744381904602,0.3794098198413849,-0.020924970507621765,0.23536773025989532,-0.1580447256565094,0.12841863930225372,-0.3816887140274048,-0.3770657181739807,0.16324031352996826,-0.411586195230484,-0.15403299033641815,0.5647464990615845,-0.31302282214164734,-0.14811040461063385,0.2308569699525833,0.05933985859155655,-0.699933648109436,-0.27656111121177673,0.26210084557533264,0.46582847833633423,0.1869874745607376,-0.09578853100538254,-0.2053566575050354,-0.1948394775390625,0.15391893684864044,-0.40090736746788025,-0.17380772531032562,-0.5298125147819519,0.07771208137273788,-0.5915688276290894,0.010992518626153469,0.05053406208753586,-0.08570469170808792,-0.7670864462852478,0.20280952751636505,-0.07604516297578812,0.22855275869369507,0.1113794595003128,-0.1942221075296402,0.2802989184856415,-0.11157230287790298,0.1959829032421112,-0.09191007167100906,-0.33288347721099854
383.0,-0.004545990843325853,-0.00954003632068634,-0.04184491187334061,-0.47898992896080017,-0.1784215122461319,-0.2883886396884918,0.026319878175854683,0.2208404839038849,-0.02281387895345688,-0.10297872871160507,-0.2938397526741028,0.07513847947120667,-0.10622454434633255,-0.29990747570991516,0.08922503888607025,0.20445525646209717,-0.20905405282974243,-0.20962932705879211,-0.1806103140115738,-0.2969733476638794,-0.05920341610908508,0.28736385703086853,0.23441535234451294,0.07447008043527603,-0.2244875431060791,0.3780460059642792,0.009275499731302261,-0.14177469909191132,0.10055051743984222,-0.15921247005462646,0.15412938594818115,0.45897307991981506,-0.4071814715862274,-0.0012923437170684338,0.25221186876296997,-0.020266171544790268,-0.5192168354988098,0.005026144906878471,0.47386452555656433,0.5442981123924255,0.2993859648704529,-0.25768813490867615,-0.3076564371585846,-0.1692119538784027,0.015913166105747223,-0.3797895312309265,-0.08959715813398361,-0.0057266573421657085,-0.10917901247739792,-0.2898558974266052,0.20604300498962402,0.26981258392333984,0.04543748497962952,-0.7117948532104492,0.09955611824989319,-0.3096373677253723,0.1464124321937561,-0.052334241569042206,0.10121265053749084,-0.19591590762138367,-0.0035619339905679226,-0.2643687427043915,0.02727326937019825,-0.2664375901222229
384.0,-0.14163312315940857,-0.15524278581142426,-0.30498117208480835,-0.027630405500531197,-0.05636599659919739,-0.19972123205661774,-0.43853360414505005,0.03321095556020737,-0.26979491114616394,-0.09201265126466751,-0.4853002727031708,0.08209722489118576,-0.35522645711898804,-0.21183964610099792,-0.1585453450679779,-0.17524631321430206,-0.35430285334587097,-0.11141695082187653,-0.2630663812160492,-0.447089821100235,-0.05101308971643448,0.49193069338798523,-0.14279085397720337,0.22529040277004242,-0.2115546315908432,-0.1535317450761795,-0.47348129749298096,-0.45177748799324036,0.33820754289627075,-0.4207817316055298,0.2625390589237213,0.909660816192627,-0.5817724466323853,-0.22727246582508087,0.35702085494995117,0.04255029186606407,-0.647273063659668,-0.23924964666366577,0.202361598610878,0.5199289917945862,0.5430403351783752,-0.3641417324542999,-0.37644562125205994,-0.4853769540786743,0.3269086182117462,-0.4702940583229065,-0.1948019564151764,-0.3557519018650055,-0.002282715868204832,-0.4179249405860901,0.13166771829128265,-0.023440441116690636,-0.26767048239707947,-0.7830812931060791,0.2178487777709961,0.13619637489318848,0.19831877946853638,-0.04242521524429321,-0.23590733110904694,0.2808322608470917,-0.17490173876285553,-0.009058122523128986,0.17840687930583954,-0.30618637800216675
385.0,-0.015815284103155136,0.07809645682573318,-0.5479798316955566,0.33324331045150757,-0.5097082853317261,-0.21165169775485992,-0.5430895090103149,-0.06497687101364136,-0.2582329511642456,0.17853082716464996,-0.05795493721961975,-0.28935131430625916,0.24629417061805725,-0.03269931674003601,0.3115387558937073,-0.8299473524093628,0.5735821723937988,-0.24526317417621613,-0.5945959687232971,-0.22133395075798035,-0.24504640698432922,-0.0927184596657753,-0.46264585852622986,0.4234127402305603,-0.08201316744089127,0.049067433923482895,-0.103995680809021,0.01824602298438549,0.2101294994354248,0.12413768470287323,0.4089301526546478,0.290650337934494,-0.078121617436409,0.2231234908103943,0.4813757538795471,0.8833957314491272,-0.13567791879177094,-0.026523536071181297,0.0716390311717987,0.1778939813375473,0.42068859934806824,-0.6270473599433899,-0.34348878264427185,-0.033952128142118454,0.31801387667655945,-0.11360476166009903,0.03944791108369827,-0.35370081663131714,0.312837690114975,-0.15715666115283966,-0.269344687461853,0.16932417452335358,-0.2770932614803314,-0.7487513422966003,0.12324739992618561,-0.18654227256774902,-0.30621182918548584,0.13921111822128296,-0.31452587246894836,0.4847443997859955,-0.16579963266849518,-0.008592505939304829,-0.052275437861680984,0.040182799100875854
386.0,-0.12435238063335419,0.07490478456020355,-0.5224366188049316,0.37915194034576416,-0.5455610752105713,-0.22671513259410858,-0.4461069107055664,-0.1218949407339096,-0.4271002411842346,0.18127456307411194,-0.2127130627632141,-0.2967792749404907,0.013720952905714512,-0.026532916352152824,0.11446915566921234,-0.7581864595413208,0.3892170190811157,-0.43083199858665466,-0.6457376480102539,-0.29480841755867004,-0.24547410011291504,-0.044825468212366104,-0.3396112322807312,0.34806719422340393,-0.12561696767807007,0.10361402481794357,-0.15204480290412903,0.07132712006568909,-0.0042418744415044785,0.09362529218196869,0.44237351417541504,0.48499369621276855,-0.0601382777094841,0.11887195706367493,0.44110700488090515,0.9591274261474609,-0.08367327600717545,0.057657137513160706,0.0892411470413208,0.3110639750957489,0.6361250877380371,-0.6129801273345947,-0.477104127407074,-0.2898871600627899,0.3183157444000244,0.023169120773673058,0.004325697664171457,-0.3514016270637512,0.3426390290260315,-0.2259574681520462,-0.28136152029037476,0.0817878246307373,-0.33549800515174866,-0.6995774507522583,0.08215654641389847,-0.11180301010608673,-0.1131906807422638,-0.14310339093208313,-0.4585188329219818,0.47833821177482605,-0.23024840652942657,-0.03751014545559883,0.05041148141026497,-0.09174130856990814
387.0,-0.217166006565094,0.08445053547620773,-0.5928912162780762,0.3162134885787964,-0.32543855905532837,-0.11005797237157822,-0.3187926709651947,-0.1904582977294922,-0.47071704268455505,0.16229243576526642,-0.03563286364078522,-0.21163176000118256,-0.05416443571448326,-0.0512920506298542,0.0531904511153698,-0.832068145275116,0.4612404406070709,-0.40918463468551636,-0.8458181619644165,-0.08911198377609253,-0.3392179608345032,-0.04207843914628029,-0.4662055969238281,0.3490448296070099,0.052405744791030884,-0.04644521698355675,-0.06367892026901245,-0.037154994904994965,0.022278422489762306,0.18532711267471313,0.18438751995563507,0.24426910281181335,-0.08707662671804428,0.29586994647979736,0.24434809386730194,0.7974606156349182,-0.08258447051048279,-0.083430714905262,0.04254540055990219,0.130050927400589,0.39688825607299805,-0.4109334349632263,-0.10213911533355713,-0.3624311685562134,0.274574339389801,-0.0430554635822773,0.09091883152723312,-0.2864944040775299,0.344957560300827,-0.4183192551136017,-0.36652350425720215,-0.10295291990041733,-0.10746345669031143,-0.5142461061477661,-0.12227010726928711,-0.09668947011232376,-0.08715765923261642,-0.0440872497856617,-0.47946441173553467,0.5269607901573181,-0.23542974889278412,-0.03749153017997742,-0.06588610261678696,-0.16532078385353088
388.0,0.09636496007442474,0.31256088614463806,-0.5430437326431274,0.0815877914428711,-0.5686822533607483,-0.5371463894844055,-0.334694504737854,0.0801837369799614,-0.10485517978668213,0.1785176545381546,-0.1709967851638794,-0.20060721039772034,0.1164860650897026,-0.22620493173599243,0.3578967750072479,-0.4001559317111969,0.6313328742980957,-0.486991822719574,-0.5640522241592407,0.04945569485425949,-0.3255009353160858,-0.016686828806996346,-0.3306683897972107,0.23141101002693176,-0.13195909559726715,0.14894606173038483,0.07024727761745453,0.142136350274086,-0.13203102350234985,0.06093323975801468,0.37729066610336304,0.04509279131889343,-0.23145052790641785,0.4571569561958313,0.1677599400281906,0.6309040188789368,-0.21413554251194,0.1870327740907669,0.3041118383407593,0.16269169747829437,0.19565901160240173,-0.49244844913482666,-0.3310900032520294,0.001492754090577364,0.13860799372196198,-0.05845619738101959,0.26142358779907227,-0.37326446175575256,0.19481819868087769,-0.19816310703754425,-0.19871993362903595,0.10447750985622406,0.06004783511161804,-0.47121450304985046,0.11787880957126617,-0.32214030623435974,-0.23643478751182556,-0.05686030164361,-0.3564162850379944,0.20879589021205902,-0.23490387201309204,-0.025863558053970337,-0.22653508186340332,-0.018269268795847893
389.0,-0.11082456260919571,0.20155683159828186,-0.5425750613212585,0.5254127979278564,-0.4320906102657318,-0.16462314128875732,-0.6091902852058411,-0.1652040183544159,-0.3036065101623535,0.23215410113334656,-0.06298201531171799,-0.30499011278152466,0.12740187346935272,0.20928196609020233,0.2248707264661789,-1.020469307899475,0.3394550383090973,-0.2301051765680313,-0.5892941355705261,-0.3151472806930542,-0.13953827321529388,-0.08227886259555817,-0.7057127356529236,0.5615656971931458,-0.14955435693264008,0.030697984620928764,-0.18803922832012177,0.039793677628040314,0.2593320310115814,0.08718830347061157,0.4406774938106537,0.44602757692337036,-0.19747313857078552,0.1010269746184349,0.361076682806015,0.895158588886261,-0.11825614422559738,0.0045569404028356075,-0.07343455404043198,0.3020949363708496,0.6357585787773132,-0.5782209634780884,-0.37218964099884033,-0.3996722996234894,0.4663735032081604,-0.07204845547676086,-0.0925898402929306,-0.284830242395401,0.25427964329719543,-0.2515840530395508,-0.3201392590999603,0.15019355714321136,-0.29578933119773865,-0.7705720067024231,0.04661279916763306,-0.042580682784318924,-0.22628672420978546,0.05110809579491615,-0.6034660935401917,0.5083121657371521,-0.1552094966173172,-0.00846040528267622,0.0948055312037468,-0.034380070865154266
390.0,0.02229253388941288,-0.0848241001367569,-0.34919416904449463,0.784213125705719,-0.14185094833374023,0.20967434346675873,-0.2578158974647522,0.29616397619247437,0.18422776460647583,-0.10671395063400269,-0.4144074618816376,-0.658963680267334,-0.48837581276893616,-0.02246157079935074,-0.33907613158226013,-0.15081781148910522,-0.20928767323493958,-0.6843764781951904,-0.29013070464134216,-0.2953733801841736,-0.12004038691520691,0.055242668837308884,-0.26253706216812134,0.5181200504302979,-0.5713863372802734,-0.38361597061157227,-0.44762343168258667,0.31272053718566895,0.09633581340312958,0.3513503670692444,-0.2541620433330536,0.8326004147529602,0.668817400932312,0.10747998207807541,0.5015643239021301,0.3918246328830719,-0.06521663814783096,0.4320050776004791,-0.7059282660484314,-0.07576635479927063,0.7940310835838318,0.05953095108270645,-0.3403925597667694,-0.18860627710819244,0.4978168308734894,-0.06136780232191086,-0.008874369785189629,-0.43615326285362244,0.17158156633377075,-0.05794460326433182,-0.01539488136768341,-0.1725238859653473,-0.34914207458496094,0.06016583740711212,-0.0017455387860536575,0.3316359221935272,-0.05356662720441818,-0.5170760750770569,0.10631769895553589,0.5665938854217529,-0.286912739276886,-0.08271385729312897,-0.4685401916503906,0.16076108813285828
391.0,0.12159758061170578,-0.00946001149713993,-0.3400990664958954,0.596400797367096,-0.22316798567771912,0.09501485526561737,-0.20937438309192657,0.43798521161079407,0.22002235054969788,-0.015426408499479294,-0.36622604727745056,-0.7587865591049194,-0.29752200841903687,-0.06142440810799599,-0.15148630738258362,-0.05069809406995773,-0.1472698301076889,-0.6299645900726318,-0.058038271963596344,-0.06178032234311104,-0.030929122120141983,0.061358921229839325,-0.24878349900245667,0.2901090383529663,-0.603580892086029,-0.2488173395395279,-0.19764944911003113,0.40686750411987305,0.075537770986557,0.42185699939727783,-0.42573127150535583,0.5893161296844482,0.5343068838119507,0.2736011743545532,0.4140469431877136,0.21150578558444977,0.0345916748046875,0.5121884346008301,-0.4075864255428314,-0.16430865228176117,0.6213816404342651,0.20887354016304016,-0.46428626775741577,0.0975143313407898,0.3216216564178467,-0.10860632359981537,-0.03714838624000549,-0.23424355685710907,-0.0901961624622345,0.17895783483982086,0.13548484444618225,-0.030587580054998398,-0.05382142961025238,0.2679586112499237,-0.12715277075767517,0.17775647342205048,-0.27242395281791687,-0.5214328765869141,0.11481337994337082,0.2295141965150833,-0.47648048400878906,-0.16997958719730377,-0.4578993618488312,0.20922288298606873
392.0,-0.04447393864393234,-0.2641461491584778,-0.4571426808834076,0.7797582745552063,-0.1791253387928009,0.236980602145195,-0.21733681857585907,0.08844344317913055,-0.02542816288769245,0.05041061341762543,-0.5230540633201599,-0.6084166765213013,-0.3673807382583618,0.010351181030273438,-0.2890346944332123,-0.20210419595241547,-0.10816668719053268,-0.6590020060539246,-0.18964853882789612,-0.1631019413471222,-0.2030085325241089,0.11926723271608353,-0.27830633521080017,0.5371384620666504,-0.6838832497596741,-0.37299302220344543,-0.415764719247818,0.12457235157489777,-0.01859147474169731,0.37242162227630615,-0.2944248914718628,0.6707990169525146,0.5333626866340637,0.018013177439570427,0.4834809899330139,0.3508821427822113,-0.1950840801000595,0.36347588896751404,-0.664978563785553,0.07473881542682648,0.7391132116317749,0.20934689044952393,-0.25350290536880493,-0.2478860765695572,0.36884167790412903,0.07432369887828827,-0.12114884704351425,-0.44862234592437744,0.3207896053791046,-0.42573481798171997,-0.19104845821857452,-0.0852157399058342,-0.15211784839630127,0.15126298367977142,0.07906732708215714,0.19665765762329102,0.014751051552593708,-0.48674124479293823,0.16941110789775848,0.5449744462966919,-0.29745832085609436,-0.05585485324263573,-0.5860229730606079,0.10674113780260086
393.0,-0.033785514533519745,-0.08016771823167801,-0.4597620368003845,0.7558656334877014,-0.30540764331817627,0.17874421179294586,-0.2789442837238312,0.2841503620147705,0.05425555631518364,0.05576608330011368,-0.43770280480384827,-0.6213609576225281,-0.41364654898643494,0.015335203148424625,-0.38092780113220215,-0.14523525536060333,-0.1818348467350006,-0.7117190957069397,-0.15616963803768158,-0.4083660840988159,-0.1694769263267517,0.24577036499977112,-0.1902216374874115,0.49517661333084106,-0.5528190732002258,-0.25664180517196655,-0.3176783621311188,0.3293640911579132,-0.014092463068664074,0.3542228043079376,-0.20244289934635162,0.7193459868431091,0.7549625635147095,0.1990344226360321,0.5664970278739929,0.34283024072647095,-0.16950377821922302,0.5807864665985107,-0.5171672105789185,0.0034937947057187557,0.6902693510055542,-0.019776444882154465,-0.36034703254699707,-0.2759842276573181,0.3614940047264099,0.07358083873987198,0.0009878611890599132,-0.4387875199317932,0.25952672958374023,-0.12381996214389801,-0.08086149394512177,-0.071769118309021,-0.22839222848415375,0.04171198979020119,0.0329367034137249,0.13738210499286652,0.016589544713497162,-0.5109962821006775,0.09574106335639954,0.4271507263183594,-0.2746775150299072,-0.08717590570449829,-0.5471694469451904,0.13603314757347107
394.0,-0.10164035856723785,-0.03448004275560379,-0.3018137514591217,0.622380793094635,-0.12249477952718735,0.08347667753696442,-0.26853570342063904,0.08799254894256592,0.12679444253444672,-0.07829892635345459,-0.39688536524772644,-0.6238400936126709,-0.45282456278800964,0.12212532013654709,-0.2087337076663971,-0.2650041878223419,-0.3223818242549896,-0.6117978692054749,-0.3837803900241852,-0.37810367345809937,-0.1258242428302765,0.20587429404258728,-0.3229296803474426,0.5472646951675415,-0.38639160990715027,-0.28825050592422485,-0.4572330117225647,0.2412075251340866,0.22645534574985504,0.5152987837791443,-0.32395440340042114,0.7596646547317505,0.6019263863563538,0.1826370805501938,0.5742111206054688,0.3016926944255829,-0.016608603298664093,0.22791214287281036,-0.5370533466339111,-0.1370183229446411,0.659003496170044,0.07449892163276672,-0.28658753633499146,-0.14313209056854248,0.38959696888923645,-0.11706433445215225,-0.04593987762928009,-0.26899126172065735,0.06336988508701324,0.07561422884464264,0.024061111733317375,-0.25988417863845825,-0.32144150137901306,0.015559621155261993,-0.127924844622612,0.3020077049732208,-0.1523229479789734,-0.2859326899051666,0.03001122549176216,0.6172464489936829,-0.1893576979637146,-0.07013031095266342,-0.32868069410324097,0.04026976600289345
395.0,-0.33287742733955383,-0.2765769064426422,-0.4918190836906433,0.8181113600730896,0.18569494783878326,0.3189818561077118,-0.31695833802223206,0.009803030639886856,-0.35548433661460876,0.03431783989071846,0.03010888397693634,-0.2895631790161133,-0.1411883682012558,0.15459378063678741,0.07188469171524048,-0.520685076713562,-0.003327060490846634,-0.06344372779130936,-0.0744943618774414,-0.27734124660491943,0.16771765053272247,0.005110514350235462,-0.3507775068283081,0.22245284914970398,-0.5203152894973755,-0.07848098129034042,-0.254745215177536,-0.4678563177585602,0.09601769596338272,0.1754174828529358,0.3016279935836792,0.0644238293170929,-0.6158245205879211,-0.1340472549200058,-0.1791106015443802,0.5057591199874878,-0.053276702761650085,0.10266109555959702,-0.10671740025281906,0.578328549861908,0.7141768336296082,-0.33390071988105774,-0.2157948613166809,-0.5912054777145386,0.358107328414917,-0.1941138505935669,-0.036495283246040344,-0.22154968976974487,0.30777519941329956,-0.46163854002952576,0.0677739754319191,0.19166065752506256,0.010526234284043312,-0.2600674033164978,0.39480504393577576,0.003485609544441104,0.25272336602211,-0.22665834426879883,-0.5653844475746155,-0.08726440370082855,-0.3295730948448181,0.21483062207698822,0.41615208983421326,-0.026553958654403687
396.0,-0.3022327423095703,-0.18312470614910126,-0.5723068714141846,1.03857421875,0.3560484051704407,0.3559732139110565,-0.24563586711883545,-0.06901469081640244,-0.3825818598270416,-0.08340981602668762,-0.03997969254851341,-0.1566152572631836,0.05090075731277466,0.1408279985189438,0.0629044845700264,-0.45004546642303467,0.3302824795246124,-0.12246795743703842,-0.27357983589172363,-0.2966158390045166,0.1699245572090149,-0.18183556199073792,-0.2904759645462036,0.3616192042827606,-0.4253966808319092,0.09874747693538666,-0.25537821650505066,-0.49401146173477173,0.08912672847509384,0.19303910434246063,0.023563940078020096,0.000570027157664299,-0.6637478470802307,-0.028075797483325005,-0.11055679619312286,0.5637893080711365,0.08617325127124786,0.006844180170446634,-0.2643490731716156,0.4069783389568329,0.5697647333145142,-0.49628445506095886,-0.2639693021774292,-0.4502124786376953,0.3681277632713318,-0.3483424186706543,0.1721496284008026,-0.44300544261932373,0.5088351964950562,-0.3941935896873474,0.1334349513053894,0.3234630823135376,-0.012633373960852623,-0.3535049557685852,0.20632463693618774,-0.027705198153853416,0.031224984675645828,0.022240137681365013,-0.6902367472648621,-0.24468247592449188,-0.489491730928421,0.2611302137374878,0.5359976291656494,0.14231692254543304
397.0,-0.07845592498779297,0.23225760459899902,-0.03098141774535179,0.5819348096847534,0.04986011981964111,0.12411470711231232,0.10601196438074112,0.2538221478462219,0.07377543300390244,-0.06202961876988411,0.16733863949775696,-0.22462457418441772,0.06845115125179291,0.35220253467559814,0.4850149154663086,-0.19967937469482422,0.2216993123292923,-0.25785359740257263,0.24738356471061707,-0.22145037353038788,0.2361496090888977,-0.16290616989135742,-0.232403963804245,0.25347524881362915,-0.24294783174991608,0.3742585778236389,-0.05802895128726959,-0.06765440106391907,0.13000336289405823,0.7246302366256714,-0.06364206969738007,-0.29761216044425964,-0.4740133583545685,0.3302454352378845,-0.275520920753479,0.7301755547523499,0.24857360124588013,0.5098382234573364,0.1262737661600113,0.5375266671180725,0.5406001210212708,-0.4335761070251465,-0.29363247752189636,0.006745085120201111,0.38235461711883545,-0.38603875041007996,0.10379218310117722,-0.18912073969841003,0.06424394994974136,0.002536336425691843,0.03676435723900795,0.17378458380699158,0.1991317868232727,-0.41640472412109375,0.14813049137592316,-0.11973690986633301,0.0095035620033741,-0.34775683283805847,-0.32959407567977905,-0.602744996547699,-0.5556154251098633,0.02844376675784588,0.12649260461330414,0.09924732893705368
398.0,-0.2937953770160675,-0.16492541134357452,-0.4387456178665161,0.897650420665741,0.14401942491531372,0.26013267040252686,-0.1830493062734604,-0.1100710779428482,-0.3641570210456848,0.027282563969492912,0.18807025253772736,-0.3326559066772461,-0.044529370963573456,0.19445450603961945,0.19405803084373474,-0.4304453730583191,0.03014170378446579,0.06161363422870636,-0.10120951384305954,-0.3736022710800171,-0.026737334206700325,-0.08865031599998474,-0.34932374954223633,0.1643674522638321,-0.2834798991680145,-0.05656956136226654,-0.3927996754646301,-0.44891348481178284,0.07917020469903946,0.5079311728477478,0.05062650889158249,-0.07144923508167267,-0.3674664795398712,-0.046016089618206024,-0.15591424703598022,0.4080270230770111,0.07489392161369324,0.029094796627759933,-0.26259174942970276,0.49673712253570557,0.44982239603996277,-0.31659168004989624,-0.08963586390018463,-0.3954451084136963,0.24783805012702942,-0.2619524896144867,0.08017636835575104,-0.226815864443779,0.4620910584926605,-0.46273693442344666,-0.04158030450344086,0.2446228265762329,-0.019775858148932457,-0.18954497575759888,0.21441033482551575,0.06715786457061768,0.07696105539798737,-0.01444884855300188,-0.3949011266231537,0.04620389640331268,-0.30498504638671875,0.3840937614440918,0.41156959533691406,-0.13318200409412384
399.0,-0.20842356979846954,-0.009004157967865467,-0.6292979121208191,0.8841826915740967,0.1281687617301941,0.06726091355085373,-0.4081997573375702,-0.05507801100611687,-0.22685280442237854,0.19336344301700592,-0.038202833384275436,-0.24046923220157623,-0.06697814911603928,0.2474949061870575,0.2939102053642273,-0.4756942689418793,0.10996055603027344,-0.1328604370355606,-0.07620007544755936,-0.24114105105400085,0.012932531535625458,-0.07887231558561325,-0.5673413872718811,0.36099764704704285,-0.769689679145813,-0.0044019496999681,-0.17336325347423553,-0.45864802598953247,0.18467777967453003,0.11911004781723022,0.28931310772895813,0.14802804589271545,-0.9254355430603027,-0.19002783298492432,-0.15868468582630157,0.555184006690979,-0.1514061689376831,0.13578391075134277,-0.20718005299568176,0.6065765619277954,0.7544355988502502,-0.36295080184936523,-0.1635056585073471,-0.6251169443130493,0.4137647747993469,-0.330316424369812,-0.12150692939758301,-0.21434253454208374,0.21960945427417755,-0.6030200719833374,0.01748616434633732,0.38409778475761414,-0.03639528155326843,-0.41327956318855286,0.3799283504486084,0.08312202990055084,0.06153739616274834,-0.1334705799818039,-0.6241642236709595,-0.0882195457816124,-0.33633628487586975,0.14281994104385376,0.3499017357826233,-0.04237961024045944
400.0,-0.21648390591144562,-0.3438277840614319,-0.39929676055908203,0.4978630542755127,0.039979491382837296,0.046050120145082474,0.04092201218008995,-0.035373151302337646,0.37490513920783997,-0.1362535059452057,-0.6439204216003418,-0.13080812990665436,-0.36767885088920593,0.08904753625392914,-0.13464106619358063,0.300123393535614,-0.616280734539032,-0.4933236241340637,0.02083565853536129,-0.40695810317993164,0.15564125776290894,0.4206044375896454,0.12204970419406891,0.48385703563690186,-0.5910909175872803,-0.31375619769096375,-0.5897061228752136,-0.22919954359531403,0.08897000551223755,0.1946725994348526,-0.24185259640216827,0.5798256397247314,0.06256058812141418,-0.25203752517700195,0.49148717522621155,-0.03620624542236328,-0.2901003062725067,0.4956774115562439,-0.9305348992347717,0.509351372718811,0.6382425427436829,0.15729272365570068,-0.4103038012981415,-0.20814229547977448,0.2523867189884186,0.15362292528152466,-0.40749025344848633,-0.3575582504272461,0.20788025856018066,-0.27422574162483215,0.11264914274215698,0.27230867743492126,-0.26963096857070923,0.20626121759414673,0.5688149929046631,-0.2818329632282257,0.4850507974624634,-0.30120858550071716,0.38430848717689514,0.3822191655635834,0.13268622756004333,-0.03927163779735565,-0.12178303301334381,-0.15069480240345
401.0,0.2707845866680145,0.040772221982479095,-0.18987855315208435,0.29499518871307373,0.0671750083565712,-0.23193930089473724,0.44280752539634705,0.18163041770458221,0.43495476245880127,-0.03486936166882515,-0.3500446379184723,-0.13634030520915985,-0.24851809442043304,0.0795159786939621,0.045231595635414124,0.23256507515907288,-0.35107964277267456,-0.58790522813797,0.3616967797279358,-0.30909284949302673,-0.04777704179286957,0.24899153411388397,0.20927006006240845,0.3686283230781555,-0.6936616897583008,-0.004575630184262991,-0.15334439277648926,0.17172545194625854,-0.0016699330881237984,0.2223091572523117,-0.28857797384262085,0.35523563623428345,0.16134072840213776,0.20703382790088654,0.35800901055336,0.2521459758281708,0.14449463784694672,0.75139319896698,-0.556788444519043,0.41645514965057373,0.8893451690673828,0.13862928748130798,-0.5780095458030701,-0.021310556679964066,0.2783631384372711,0.10388738662004471,-0.4820069372653961,-0.1850445419549942,-0.12462594360113144,-0.06541932374238968,0.09063047915697098,0.24880322813987732,-0.12090586870908737,0.2680850625038147,0.419807106256485,-0.3293151259422302,0.3259047865867615,-0.6851611137390137,0.45093098282814026,0.014098547399044037,-0.1746385395526886,-0.07368465512990952,-0.21222639083862305,-0.11132150888442993
402.0,-0.16072742640972137,-0.18328160047531128,-0.4636128544807434,0.5429226756095886,-0.03627118095755577,-0.09700855612754822,0.07661266624927521,-0.11575180292129517,0.29063642024993896,-0.012975328601896763,-0.3695959150791168,0.009050373919308186,-0.4015338122844696,0.1137159988284111,-0.20481038093566895,0.3222058117389679,-0.5704768300056458,-0.26737046241760254,0.3484150171279907,-0.4944654405117035,0.02696203999221325,0.44689711928367615,0.07563435286283493,0.44356101751327515,-0.591145396232605,-0.4325926899909973,-0.5040326714515686,-0.1893755942583084,0.01498176995664835,0.14843854308128357,-0.008741560392081738,0.467023640871048,0.027245353907346725,-0.3148844540119171,0.3649083077907562,-0.03457411751151085,-0.363336443901062,0.4606030583381653,-0.8968428373336792,0.46493208408355713,0.5769481658935547,0.08453921973705292,-0.23805585503578186,-0.3131135404109955,0.17401351034641266,0.2695961594581604,-0.44274061918258667,-0.408849835395813,0.2660982310771942,-0.46894463896751404,-0.12829351425170898,0.1883295327425003,-0.2781044840812683,0.28225409984588623,0.5899952054023743,-0.13651664555072784,0.5320901274681091,-0.5002070069313049,0.44476720690727234,0.40512028336524963,0.0802614614367485,0.04852929711341858,-0.24104398488998413,-0.3240050673484802
403.0,-0.12167800962924957,-0.24865998327732086,-0.3658227026462555,0.4149186313152313,-0.16431716084480286,-0.026829812675714493,-0.08461456745862961,0.08958370238542557,0.5249903798103333,-0.12092456966638565,-0.7589237093925476,-0.1854293793439865,-0.4260800778865814,0.06649737060070038,-0.12902525067329407,0.3291410505771637,-0.6664572358131409,-0.47314831614494324,0.30200400948524475,-0.5019509792327881,0.3104168772697449,0.5098534226417542,0.12511470913887024,0.595892608165741,-0.5600199103355408,-0.2801658511161804,-0.5233908295631409,-0.032634712755680084,0.189521923661232,0.19716458022594452,-0.14018766582012177,0.8514299988746643,0.09690596908330917,-0.2618405818939209,0.6228839159011841,-0.06750591099262238,-0.3998074531555176,0.4517074525356293,-0.881476640701294,0.49979111552238464,0.5667417645454407,0.009955443441867828,-0.5268499255180359,-0.20722781121730804,0.23097006976604462,0.22744694352149963,-0.43885537981987,-0.3826790452003479,0.194876030087471,-0.24882009625434875,0.017994413152337074,0.24356886744499207,-0.34950682520866394,0.07172074168920517,0.43796005845069885,-0.2723403573036194,0.40377184748649597,-0.3343598246574402,0.3780350387096405,0.5280112028121948,0.062278635799884796,-0.06237151846289635,-0.1401214301586151,-0.2546165883541107
404.0,-0.2719978392124176,-0.3572421371936798,-0.4707641899585724,0.5373582243919373,0.05227915197610855,0.05461598560214043,0.08842775970697403,0.033339984714984894,0.2533608675003052,-0.02254124917089939,-0.4983827471733093,-0.1895335167646408,-0.5187422633171082,0.12148865312337875,-0.11251021921634674,0.17717505991458893,-0.579413652420044,-0.42693832516670227,0.09368769079446793,-0.48367732763290405,0.06735128909349442,0.3642919361591339,0.10297352820634842,0.4488857388496399,-0.5746956467628479,-0.3619098663330078,-0.5816647410392761,-0.19248512387275696,0.11143452674150467,0.4441036283969879,-0.2341558188199997,0.5980426073074341,0.09761571884155273,-0.11494536697864532,0.3625926077365875,0.14392854273319244,-0.17803019285202026,0.36074838042259216,-0.8486064672470093,0.4924762547016144,0.6335079669952393,0.036278899759054184,-0.2600859999656677,-0.3666450083255768,0.340880811214447,-0.005855647847056389,-0.2947195768356323,-0.2911803722381592,0.25459805130958557,-0.40397006273269653,0.02297147922217846,0.1466664969921112,-0.2966747581958771,0.10030478239059448,0.3252946138381958,-0.1849939078092575,0.5109445452690125,-0.3459310829639435,0.20386365056037903,0.4704299569129944,-0.010939249768853188,0.19164980947971344,-0.057399146258831024,-0.3819998502731323
405.0,-0.5867858529090881,0.17925578355789185,-0.6466565132141113,0.9000740647315979,-0.11964602768421173,-0.14684730768203735,-0.9577938318252563,-0.458306223154068,-0.6064134836196899,0.01966337114572525,-0.32764676213264465,-0.06345496326684952,-0.4553479850292206,0.35151225328445435,-0.1803637444972992,-0.554749608039856,-0.0689038410782814,-0.11746875941753387,-0.6019136309623718,-0.036876361817121506,-0.16278986632823944,0.5820078253746033,-0.7250133752822876,0.2804335355758667,-0.3602372407913208,0.26315075159072876,-0.11400333046913147,-0.15338174998760223,0.1188076063990593,-0.2444237917661667,0.08613625913858414,0.41349369287490845,-0.36659908294677734,-0.20652049779891968,0.1247568130493164,0.3949803411960602,-0.15134215354919434,-0.11089541018009186,-0.039436206221580505,-0.054452743381261826,0.33900144696235657,-0.1775817722082138,-0.12498263269662857,-0.22746281325817108,-0.08017938584089279,0.3460507392883301,-0.04526782035827637,-0.36838093400001526,-0.16870395839214325,0.33134496212005615,-0.07164183259010315,-0.14328928291797638,-0.5671212673187256,-0.32126283645629883,0.4315415322780609,0.311218798160553,0.022968387231230736,-0.17344322800636292,-0.8787217140197754,0.5231280326843262,-0.1281152218580246,0.075716532766819,0.36140167713165283,-0.02915208227932453
406.0,-0.5520746111869812,0.08127506822347641,-0.5712382793426514,0.8392646312713623,-0.02999589592218399,-0.026488685980439186,-0.9269198179244995,-0.36261889338493347,-0.7284648418426514,0.11146492511034012,-0.3870002329349518,0.05670755356550217,-0.44291403889656067,0.46373844146728516,-0.2154984325170517,-0.5035014152526855,-0.13880197703838348,-0.09548144787549973,-0.5006152391433716,0.1439243108034134,-0.26039212942123413,0.5892835259437561,-0.605523407459259,0.2584647238254547,-0.4637277126312256,0.4603000283241272,-0.09483727067708969,-0.1549995094537735,0.10717581957578659,-0.2835330069065094,-0.06254520267248154,0.5131520628929138,-0.22651974856853485,-0.1929471641778946,0.27732157707214355,0.29556113481521606,-0.13918302953243256,-0.016506804153323174,-0.22049321234226227,-0.03918255493044853,0.2589358687400818,-0.17365789413452148,-0.1779712587594986,-0.19269083440303802,-0.12704052031040192,0.36095327138900757,0.12842139601707458,-0.21908049285411835,-0.08171062916517258,0.44187429547309875,-0.16692925989627838,0.031860969960689545,-0.7271530628204346,-0.5083844661712646,0.39842888712882996,0.28809455037117004,-0.015128863975405693,-0.20993244647979736,-0.862648069858551,0.36257946491241455,-0.0825994536280632,0.16641198098659515,0.5074741244316101,-0.05932889133691788
407.0,-0.11607770621776581,0.6046488881111145,-0.13684172928333282,0.12385661900043488,-0.26496607065200806,-0.3659192621707916,-0.5263919234275818,-0.07663251459598541,-0.16010782122612,0.1412024348974228,-0.16283538937568665,-0.14134818315505981,-0.20662783086299896,0.6209686994552612,0.39147743582725525,-0.3202855587005615,-0.2316657155752182,-0.5082919597625732,-0.24623414874076843,-0.054923199117183685,-0.06015581637620926,0.3358099162578583,-0.31627416610717773,0.22901232540607452,-0.35876742005348206,0.74503093957901,0.26267877221107483,0.21398620307445526,0.17399096488952637,-0.07785547524690628,0.18198531866073608,0.02789900079369545,-0.15696723759174347,0.2628628611564636,0.0359015092253685,0.5185907483100891,0.11699807643890381,0.6191927194595337,0.4500059485435486,0.19719809293746948,0.4790961742401123,-0.17767763137817383,-0.465530663728714,0.011288481764495373,-0.0292645376175642,0.21079887449741364,-0.07481378316879272,0.19360566139221191,-0.5761638283729553,0.7367574572563171,0.13034659624099731,0.03570655360817909,-0.13076142966747284,-0.5136679410934448,0.5149967074394226,-0.05507705733180046,0.16863493621349335,-0.38544005155563354,-0.5863655805587769,-0.19870002567768097,-0.09011880308389664,-0.21825674176216125,0.30410999059677124,0.028648586943745613
408.0,-0.4954734742641449,0.24291743338108063,-0.4555445909500122,0.677440345287323,-0.030069932341575623,-0.01974806748330593,-0.9657067060470581,-0.5689513087272644,-0.5570164322853088,0.007543575018644333,-0.3610383868217468,0.013318057172000408,-0.3205024302005768,0.5229926705360413,-0.05614539980888367,-0.6294435262680054,-0.13116517663002014,-0.054951973259449005,-0.5151396989822388,0.1900801658630371,-0.189468115568161,0.4648311138153076,-0.6856741905212402,0.333513468503952,-0.1758272498846054,0.14101192355155945,-0.23240821063518524,-0.241426482796669,0.29751062393188477,-0.39901497960090637,-0.22238260507583618,0.46818819642066956,-0.2668962776660919,-0.20759470760822296,0.25552189350128174,0.1581808179616928,-0.2173468917608261,-0.17195755243301392,-0.2738603353500366,-0.10378236323595047,0.08512440323829651,-0.011677836067974567,-0.020542403683066368,-0.11597665399312973,-0.06956592202186584,0.2856214940547943,-0.07851530611515045,-0.27160486578941345,-0.09332768619060516,0.17901287972927094,-0.19270206987857819,-0.14738044142723083,-0.4263664484024048,-0.3549674153327942,0.2195853590965271,0.4864680767059326,-0.06696635484695435,0.06152789294719696,-0.7025377154350281,0.5875140428543091,-0.03438402712345123,0.056141115725040436,0.2684484124183655,-0.07645568251609802
409.0,-0.5814560055732727,0.21909111738204956,-0.6813786625862122,0.919303297996521,0.04758765548467636,-0.04089707136154175,-0.8813098669052124,-0.513163149356842,-0.6926136612892151,0.08162687718868256,-0.417362242937088,0.1634814590215683,-0.4113171100616455,0.45329907536506653,-0.34565964341163635,-0.49520599842071533,-0.2747003436088562,-0.04978758469223976,-0.3858979344367981,0.017387092113494873,-0.22828680276870728,0.8100236654281616,-0.7548306584358215,0.25908520817756653,-0.37606918811798096,0.5462545156478882,-0.11224382370710373,-0.23574675619602203,0.315470814704895,-0.20697428286075592,-0.21233627200126648,0.4896741211414337,-0.5913814306259155,-0.3216444253921509,0.16748780012130737,0.430916965007782,-0.12436512112617493,-0.10259333997964859,-0.0068326485343277454,0.15385907888412476,0.4193706810474396,-0.23255623877048492,-0.14072106778621674,-0.2931584119796753,-0.12180595099925995,0.2011834681034088,-0.2076016664505005,-0.34679025411605835,-0.29337185621261597,0.3472954332828522,-0.23003877699375153,0.04253678396344185,-0.6253660917282104,-0.6226567625999451,0.35750988125801086,0.27689191699028015,0.08595442026853561,-0.28734922409057617,-0.881438672542572,0.28374141454696655,-0.28796395659446716,0.040435850620269775,0.4022524356842041,-0.0632089301943779
410.0,0.21883414685726166,0.044543348252773285,0.06967014074325562,-0.008760618977248669,-0.3776170611381531,0.0227254256606102,-0.08179665356874466,0.31846559047698975,0.21679918467998505,0.07866033911705017,-0.3189471960067749,-0.6382598280906677,0.08305452018976212,0.1972329169511795,0.027798008173704147,-0.09698618948459625,-0.4406334161758423,-0.6762067079544067,-0.07986719161272049,-0.022828808054327965,0.15160474181175232,0.20544862747192383,-0.3542107045650482,0.42429882287979126,-0.557736337184906,0.4143468737602234,-0.1850040704011917,0.39693203568458557,-0.053207192569971085,0.7106615900993347,0.10273022204637527,0.31463995575904846,0.5143772959709167,0.16764579713344574,0.5479817986488342,-0.13273046910762787,-0.19560948014259338,0.7013132572174072,-0.2825077772140503,0.32494840025901794,0.60447096824646,0.22667066752910614,-0.7624434232711792,0.06987909227609634,0.016204411163926125,0.17586499452590942,0.043375413864851,0.21512916684150696,0.0800604522228241,0.28531885147094727,-0.18126672506332397,0.25558191537857056,0.030550433322787285,-0.1623871922492981,0.2460140585899353,-0.4548540413379669,-0.1730581670999527,-0.4402996897697449,0.27217331528663635,0.009746968746185303,-0.07864955067634583,-0.3208329975605011,-0.14751853048801422,0.1852247714996338
411.0,-0.1820686012506485,-0.47979578375816345,-0.3689822554588318,0.1727272868156433,-0.3327988386154175,0.24760666489601135,-0.3504737317562103,-0.05012347549200058,-0.21294036507606506,0.3419080376625061,-0.713167667388916,-0.5270327925682068,0.09761007130146027,0.0815679281949997,-0.5205743312835693,-0.012689364142715931,-0.43202823400497437,-0.5097717046737671,-0.180132657289505,-0.28881531953811646,0.25409382581710815,0.3178809583187103,-0.2864156663417816,0.4915170669555664,-0.5407490730285645,0.1357695311307907,-0.4822632968425751,0.11068911850452423,-0.03397819772362709,0.6125145554542542,0.09994976967573166,0.7252857685089111,0.4284641146659851,-0.3152446448802948,0.7134624719619751,-0.32090839743614197,-0.44462984800338745,0.13406072556972504,-0.5161106586456299,0.17511597275733948,0.29014334082603455,0.20149680972099304,-0.5692432522773743,-0.2064809948205948,-0.11171066761016846,0.15769290924072266,0.04068253934383392,-0.04155201464891434,0.5130859017372131,-0.05995256081223488,-0.23755580186843872,0.246790811419487,-0.19924356043338776,-0.1874462068080902,-0.040455084294080734,-0.2901192605495453,-0.06407221406698227,-0.04906189441680908,0.10320752114057541,0.41333863139152527,-0.05332402512431145,0.04676881432533264,0.0600668340921402,0.1137465313076973
412.0,0.010133253410458565,-0.39414021372795105,-0.3097439110279083,0.42643624544143677,-0.12485494464635849,0.1652470976114273,-0.36094164848327637,0.03328550234436989,-0.12580642104148865,0.07592535018920898,-0.6141267418861389,-0.4288822114467621,-0.0307051632553339,0.04024798050522804,-0.20999613404273987,0.12881498038768768,-0.49685364961624146,-0.46217745542526245,-0.3156399428844452,-0.27472859621047974,-0.07069949805736542,0.37921440601348877,-0.310803085565567,0.49553653597831726,-0.5844955444335938,0.22718499600887299,-0.5038426518440247,-0.14969849586486816,-0.009660694748163223,0.36121007800102234,0.03355903923511505,0.713778555393219,0.2517966330051422,-0.24570819735527039,0.70430988073349,-0.17633338272571564,-0.488754004240036,0.21155661344528198,-0.5177379846572876,0.4073069095611572,0.3982306122779846,0.04282839223742485,-0.4809841811656952,-0.056704163551330566,-0.16031622886657715,0.0758216604590416,0.11331090331077576,-0.09286250919103622,0.4827207326889038,-0.14866894483566284,-0.225111186504364,0.3937073051929474,-0.40544554591178894,-0.41629624366760254,0.31681275367736816,-0.11916826665401459,-0.15991052985191345,-0.20675715804100037,0.1617550104856491,0.4233382046222687,0.09852680563926697,0.1266421228647232,0.13024702668190002,-0.05172795057296753
413.0,0.07464354485273361,-0.29577797651290894,-0.17211824655532837,0.41652366518974304,-0.23501457273960114,0.19849926233291626,-0.43512433767318726,0.01749485172331333,-0.0744333416223526,0.049842435866594315,-0.6237245202064514,-0.399360328912735,0.10181565582752228,0.05302957445383072,-0.23173165321350098,0.06832937151193619,-0.26242250204086304,-0.3909829258918762,-0.25816917419433594,-0.4150087833404541,-0.009164145216345787,0.3477688729763031,-0.3716520369052887,0.532072901725769,-0.47833889722824097,0.2593032419681549,-0.40519559383392334,-0.12568019330501556,0.0037831896916031837,0.3196561634540558,0.12176798284053802,0.6615242958068848,0.42459172010421753,-0.1823451668024063,0.7389809489250183,-0.3134232759475708,-0.5886148810386658,0.21709249913692474,-0.4769767224788666,0.22676755487918854,0.1928831934928894,0.03507949411869049,-0.38641074299812317,0.013698648661375046,-0.09356173127889633,0.14049403369426727,0.11894526332616806,-0.316500186920166,0.6290390491485596,-0.09819024801254272,-0.21933157742023468,0.3334493637084961,-0.45289406180381775,-0.4229150414466858,0.4160850942134857,-0.199154794216156,-0.19237475097179413,0.2014901340007782,0.14067739248275757,0.45250165462493896,0.0016038694884628057,0.07828342914581299,0.17575524747371674,0.20118743181228638
414.0,-0.16913236677646637,-0.1795228272676468,-0.16837985813617706,0.34246277809143066,-0.39307132363319397,0.2988097071647644,-0.39089226722717285,0.036367498338222504,-0.22073812782764435,0.09141422063112259,-0.4369097054004669,-0.42380574345588684,-0.017642024904489517,0.14618001878261566,-0.47500374913215637,-0.03543122857809067,-0.4809402525424957,-0.24929729104042053,-0.007597564719617367,-0.3218195140361786,0.05989854782819748,0.4718557894229889,-0.47365355491638184,0.42218276858329773,-0.3422551453113556,0.15183891355991364,-0.5079243183135986,0.07517190277576447,-0.0440734401345253,0.4906359612941742,-0.08057154715061188,0.6464040875434875,0.4426407814025879,-0.22791802883148193,0.6438770890235901,-0.40919429063796997,-0.681078314781189,0.1911468505859375,-0.47513824701309204,0.35725563764572144,0.18956975638866425,0.04238765314221382,-0.44466257095336914,-0.20529481768608093,-0.07658130675554276,0.1556907594203949,0.11576301604509354,-0.29312026500701904,0.469562292098999,-0.2418261468410492,-0.43300825357437134,0.20116761326789856,-0.23592641949653625,-0.4308130741119385,0.04141637310385704,-0.13254797458648682,-0.014794406481087208,-0.1745467633008957,0.18175362050533295,0.4752292037010193,0.013838098384439945,0.015100694261491299,-0.20280194282531738,0.034598737955093384
415.0,-0.09780941158533096,0.1023084968328476,-0.6191414594650269,0.13025151193141937,-0.3166968822479248,-0.3110126256942749,-0.9574893712997437,-0.024667834863066673,0.19044318795204163,0.1858692616224289,-0.520611584186554,-0.04607570543885231,-0.052492253482341766,0.2241833508014679,0.5363130569458008,-0.22749337553977966,-0.4138289988040924,0.0006067599169909954,-0.17754946649074554,0.1545715481042862,-0.019157670438289642,-0.05920374020934105,-0.011529071256518364,0.438458114862442,-0.18658709526062012,-0.13498789072036743,-0.19745367765426636,-0.11104888468980789,0.5861023664474487,-0.706092119216919,0.4185240566730499,0.5589101314544678,-0.49156254529953003,-0.2819846272468567,0.14962951838970184,0.35260555148124695,-0.3695540726184845,0.06699947267770767,-0.09132546931505203,0.1760348081588745,0.07155978679656982,-0.38081789016723633,-0.023222818970680237,-0.35896262526512146,0.23399260640144348,-0.08913349360227585,0.0157812237739563,0.059979744255542755,-0.05552966147661209,-0.061932921409606934,0.17286570370197296,0.5484119057655334,-0.1133323535323143,-0.5568386316299438,0.24850308895111084,0.21231237053871155,-0.15356791019439697,0.30122604966163635,-0.6728899478912354,-0.0016383267939090729,0.2308240532875061,0.0603766031563282,0.29870492219924927,-0.37488725781440735
416.0,-0.0326848141849041,0.07205383479595184,-0.6602448225021362,0.12416404485702515,-0.25998926162719727,-0.3120686113834381,-0.9569453001022339,-0.1066376119852066,0.15051548182964325,0.15280458331108093,-0.51373690366745,0.07583075761795044,-0.027203906327486038,0.10072614997625351,0.4979545474052429,-0.33388760685920715,-0.24328884482383728,0.01263550203293562,-0.162714421749115,0.34614095091819763,-0.19816023111343384,-0.03190014883875847,-0.06360531598329544,0.47062647342681885,-0.239394411444664,-0.32888659834861755,-0.25757524371147156,-0.1502532809972763,0.5999525785446167,-0.8635753989219666,0.3433714807033539,0.5796223282814026,-0.5508262515068054,-0.25317203998565674,0.2772376239299774,0.38631293177604675,-0.4450560510158539,0.003225375432521105,-0.18792082369327545,0.12521423399448395,0.1534622311592102,-0.40854302048683167,0.002174670808017254,-0.38572248816490173,0.28467997908592224,-0.12639041244983673,0.00010687112808227539,-0.0763000026345253,-0.0317884124815464,-0.2391422539949417,0.09874596446752548,0.47040775418281555,-0.0922735407948494,-0.46576371788978577,0.2440485656261444,0.3289429247379303,-0.26490432024002075,0.2412467747926712,-0.5184887051582336,0.0346195250749588,0.2697143852710724,-0.037071891129016876,-0.001930861733853817,-0.2671496272087097
417.0,-0.10399927943944931,-0.002156224101781845,-0.5956730246543884,0.3002525866031647,-0.10816381871700287,-0.17473958432674408,-1.0181976556777954,-0.040553268045186996,0.12336324900388718,0.13147692382335663,-0.5517072677612305,0.02741565927863121,-0.1020764485001564,0.20223918557167053,0.3575199842453003,-0.26025086641311646,-0.4046761989593506,0.056933023035526276,-0.027050985023379326,0.14935427904129028,0.040092360228300095,0.15731316804885864,-0.16962355375289917,0.4961232542991638,-0.30309075117111206,-0.2638649642467499,-0.41354504227638245,-0.3370320200920105,0.7258403301239014,-0.7087318897247314,0.3573269546031952,0.6123992204666138,-0.7410815358161926,-0.3297075629234314,0.16007961332798004,0.286920428276062,-0.45313870906829834,0.020132960751652718,-0.06034839153289795,0.2897409498691559,0.24941760301589966,-0.3927133083343506,-0.12533511221408844,-0.42017418146133423,0.35240641236305237,-0.2999378740787506,-0.038983676582574844,-0.10206450521945953,-0.10840954631567001,-0.1405908465385437,0.18937693536281586,0.3821401000022888,-0.05010174959897995,-0.5712838172912598,0.28256872296333313,0.3792567849159241,-0.16009125113487244,0.1558821201324463,-0.5912968516349792,-0.08758942037820816,0.06592264771461487,0.08037997782230377,0.13111956417560577,-0.18521298468112946
418.0,-0.20878919959068298,0.010871149599552155,-0.7719281315803528,0.29984578490257263,-0.27160894870758057,-0.2877185046672821,-1.0700182914733887,-0.04542328417301178,0.13912300765514374,0.24774888157844543,-0.506598949432373,-0.029910583049058914,-0.0925365537405014,0.20676228404045105,0.4811272621154785,-0.2755294442176819,-0.43691304326057434,0.005474661476910114,-0.19339117407798767,0.12682819366455078,0.02395874261856079,0.09045269340276718,-0.15397700667381287,0.4742722809314728,-0.23900777101516724,-0.28660938143730164,-0.3682103455066681,-0.28152093291282654,0.6768650412559509,-0.6006367206573486,0.5008143186569214,0.490397572517395,-0.657759964466095,-0.2732687294483185,0.13006435334682465,0.33815810084342957,-0.4145839512348175,0.24962322413921356,-0.09851472079753876,0.30312952399253845,0.19261230528354645,-0.41668790578842163,-0.0842103660106659,-0.4703581631183624,0.3199303150177002,-0.17158058285713196,-0.04335163161158562,0.04644119367003441,-0.054478053003549576,-0.0662742555141449,0.20594577491283417,0.5472865104675293,-0.030531100928783417,-0.4652211368083954,0.35763663053512573,0.22423310577869415,-0.16017770767211914,0.20121416449546814,-0.6381682753562927,-0.14410334825515747,0.17287814617156982,0.04049890860915184,0.17249202728271484,-0.26575180888175964
419.0,0.2112681120634079,0.5498009324073792,-0.4717833995819092,-0.1078488826751709,-0.3805583715438843,-0.3992072343826294,-0.5427098274230957,0.10880523175001144,0.5470386743545532,0.1501625031232834,-0.41783633828163147,-0.13385111093521118,0.14210502803325653,0.25674203038215637,0.590671956539154,0.07176726311445236,-0.24618570506572723,-0.5541589856147766,0.06838331371545792,0.37238192558288574,0.10351836681365967,-0.1942838430404663,0.20254690945148468,0.5066400766372681,-0.44531673192977905,0.18491530418395996,0.20633426308631897,0.2869938910007477,0.39524245262145996,-0.49461057782173157,0.40624532103538513,0.08157417178153992,-0.4313327670097351,0.022889338433742523,0.17407092452049255,0.5434913635253906,-0.19417701661586761,0.6454896330833435,0.09979467839002609,0.17976517975330353,0.3691025972366333,-0.3229629099369049,-0.35630548000335693,-0.16151048243045807,0.1472124457359314,0.04032406210899353,0.030080653727054596,0.1904425323009491,-0.2594231963157654,0.17370924353599548,0.1431078165769577,0.48829230666160583,0.4496995806694031,-0.24590107798576355,0.2587798535823822,-0.07215581089258194,-0.08898240327835083,-0.37158921360969543,-0.29342156648635864,-0.6355766654014587,-0.0015154315624386072,-0.47894370555877686,-0.22554410994052887,-0.07695699483156204
420.0,-0.22673586010932922,0.13306879997253418,0.034177266061306,0.7321290373802185,-0.4868694245815277,-0.22780483961105347,-0.6196087598800659,0.020267458632588387,-0.6860584616661072,0.32308077812194824,-0.4067726731300354,-0.1621776819229126,-0.48492273688316345,0.24382317066192627,-0.09521271288394928,-0.6561231017112732,0.12876415252685547,-0.0814150720834732,-0.2861184775829315,-0.5766656994819641,-0.13972602784633636,0.2235691100358963,-0.43160685896873474,0.03600281849503517,-0.011090931482613087,-0.11474551260471344,-0.48845046758651733,-0.4082980751991272,0.04713183268904686,-0.004788494203239679,0.617782473564148,0.5634713768959045,-0.05601070448756218,0.17345021665096283,-0.0396038219332695,0.4527572989463806,-0.10030203312635422,0.476152628660202,0.51682448387146,0.4959733486175537,0.6166549324989319,-0.37472230195999146,-0.24228209257125854,-0.5196280479431152,0.761267900466919,-0.12366893142461777,-0.1863652616739273,-0.08560836315155029,0.11598394066095352,0.012027361430227757,0.00565050495788455,-0.4437659680843353,-0.2449806034564972,-0.44572579860687256,0.25376561284065247,0.41299718618392944,-0.07170800864696503,-0.12524671852588654,-0.745978832244873,-0.32377153635025024,-0.6532368063926697,0.16065385937690735,0.12094349414110184,0.08344892412424088
421.0,-0.3998120427131653,0.0529823936522007,-0.0803716704249382,0.6966382265090942,-0.39708447456359863,-0.25250089168548584,-0.4619554877281189,-0.2728210389614105,-0.6274638772010803,0.2647821605205536,-0.5386436581611633,0.05711919814348221,-0.4145984649658203,0.2217155247926712,-0.293087899684906,-0.7579933404922485,0.09062669426202774,0.08848989009857178,-0.23102591931819916,-0.37462055683135986,0.028000950813293457,0.41086551547050476,-0.40534064173698425,0.09854736179113388,0.2269415408372879,-0.19659286737442017,-0.6175238490104675,-0.3657366633415222,0.16225886344909668,-0.03010573424398899,0.33511126041412354,0.5032092332839966,-0.16858400404453278,-0.00979465339332819,-0.12283960729837418,0.4354952871799469,0.009976038709282875,0.2879893481731415,0.35014185309410095,0.45475757122039795,0.579291820526123,-0.1360235959291458,-0.14046286046504974,-0.5651540756225586,0.7012519240379333,0.01983637921512127,-0.5375129580497742,-0.18081381916999817,-0.011712178587913513,-0.08200034499168396,-0.05173550173640251,-0.43802618980407715,-0.04863656312227249,-0.11037185043096542,0.030055806040763855,0.2660049498081207,-0.04118148237466812,0.008748844265937805,-0.6991955041885376,-0.33567559719085693,-0.5966784954071045,0.09798499196767807,-0.1156967431306839,0.0797453299164772
422.0,-0.16202406585216522,-0.07543449103832245,0.07852524518966675,0.27107083797454834,-0.4006878137588501,-0.3766510784626007,-0.17618383467197418,-0.018262896686792374,-0.481203556060791,0.26885920763015747,-0.3432407081127167,-0.03871903195977211,-0.43794509768486023,0.1656947284936905,-0.015697378665208817,-0.40312835574150085,0.13583418726921082,-0.2026548534631729,-0.09950985014438629,-0.3755583167076111,0.011146504431962967,0.30298343300819397,0.045448482036590576,0.07180845737457275,0.0002606225316412747,0.11488616466522217,-0.4051733613014221,-0.09933245927095413,-0.12245772033929825,0.3266229033470154,0.5804246664047241,0.3860900402069092,0.24012887477874756,0.24290679395198822,0.05784115940332413,0.4564085304737091,0.18503735959529877,0.5070365071296692,0.36435288190841675,0.32658740878105164,0.5830434560775757,-0.18166908621788025,-0.37508630752563477,-0.24983882904052734,0.35952383279800415,0.028172288089990616,-0.16361357271671295,0.15850290656089783,0.123444564640522,0.1993386298418045,0.007287524174898863,-0.3715873062610626,-0.0848686546087265,-0.10781450569629669,0.04214875027537346,0.13004204630851746,-0.16038395464420319,-0.2252817302942276,-0.39397290349006653,-0.4161212146282196,-0.49539801478385925,0.1667521893978119,0.01866167038679123,-0.016634318977594376
423.0,-0.33094099164009094,0.008925776928663254,-0.06164032220840454,0.6119033098220825,-0.14563137292861938,-0.20195592939853668,-0.19039183855056763,-0.14619706571102142,-0.8303805589675903,0.213936910033226,-0.11572085320949554,0.08830703794956207,-0.36124008893966675,0.2092931866645813,-0.2143547683954239,-0.6490209102630615,0.16309387981891632,0.03387630358338356,-0.3007330298423767,-0.5803298950195312,-0.27434641122817993,0.21275120973587036,-0.31594735383987427,0.11336106806993484,0.036229267716407776,-0.2110256403684616,-0.6237950325012207,-0.5221952199935913,-0.0005280754994601011,0.29251784086227417,0.3390355110168457,0.34006252884864807,-0.055659275501966476,0.2698224186897278,0.059390414506196976,0.2634340822696686,-0.12286794930696487,0.12656357884407043,0.22336071729660034,0.3108959197998047,0.49705252051353455,-0.34649255871772766,-0.1266004890203476,-0.5304662585258484,0.6168878674507141,-0.3434482216835022,-0.01482408121228218,-0.1427551656961441,0.3466406762599945,-0.20307548344135284,-0.0806279182434082,-0.45987242460250854,-0.12677332758903503,-0.326528936624527,0.03250623494386673,0.33941295742988586,-0.12305724620819092,-0.10303360968828201,-0.5261773467063904,-0.32064640522003174,-0.6240079402923584,0.2504017949104309,0.05175188556313515,-0.09276549518108368
424.0,-0.30808335542678833,0.16528816521167755,-0.22991308569908142,0.7376213073730469,-0.263909250497818,-0.21831677854061127,-0.4647790193557739,-0.1603412926197052,-0.6418495178222656,0.20508532226085663,-0.40325140953063965,-0.09180569648742676,-0.3545336425304413,0.17151090502738953,-0.2903963327407837,-0.7863385081291199,0.12920895218849182,-0.08815518766641617,-0.5279691219329834,-0.563258707523346,-0.050955258309841156,0.2349880337715149,-0.552139401435852,0.24549145996570587,0.044585682451725006,-0.18647214770317078,-0.48033955693244934,-0.3927499055862427,0.09541966021060944,-0.1346796303987503,0.47857117652893066,0.4380229413509369,-0.2708715796470642,0.13287325203418732,-0.18223167955875397,0.3919302225112915,-0.19123044610023499,0.2552112936973572,0.3910202383995056,0.4728392958641052,0.6344372630119324,-0.23325756192207336,-0.18695026636123657,-0.7323498725891113,0.7800036072731018,-0.14382284879684448,-0.3245258331298828,-0.3281823694705963,0.09620440751314163,-0.2670976221561432,0.014351466670632362,-0.36244893074035645,-0.005241508595645428,-0.33728349208831787,0.18138864636421204,0.1905750185251236,0.1039532721042633,-0.03275169059634209,-0.8050587177276611,-0.19653639197349548,-0.5960682034492493,0.1597164273262024,0.026915261521935463,0.0513303168118
425.0,-0.26396462321281433,-0.09447743743658066,-0.8833954930305481,0.9517687559127808,0.16977106034755707,-0.048910606652498245,-0.1216556653380394,0.2030787616968155,-0.21226085722446442,0.1570620983839035,0.2328769862651825,0.08826562762260437,-0.4418635666370392,-0.02564310096204281,-0.0736570879817009,-0.00473548099398613,-0.11691230535507202,0.1393025666475296,0.051627859473228455,-0.26715534925460815,-0.22057197988033295,0.22096973657608032,-0.182746022939682,0.05714304745197296,-0.6710882782936096,-0.18567034602165222,0.0002199653536081314,-0.4265163540840149,0.0733409896492958,-0.1840139776468277,0.16754215955734253,0.06983344256877899,-0.6032024621963501,-0.12831175327301025,-0.40132227540016174,0.4528341293334961,-0.15137261152267456,0.3987346589565277,-0.2591003179550171,0.49993136525154114,0.5894947052001953,-0.22737529873847961,0.17937572300434113,-0.5795662999153137,0.2768857181072235,-0.26580554246902466,-0.2315676510334015,-0.16900168359279633,0.015023685991764069,-0.6128233075141907,0.015340147539973259,0.4774312973022461,-0.05810074135661125,-0.12488806992769241,0.4485217332839966,0.06122786924242973,0.3496808707714081,-0.5873761773109436,-0.31517595052719116,-0.3087154030799866,-0.35234102606773376,0.262106329202652,0.030876636505126953,-0.35794270038604736
426.0,-0.3037380576133728,0.09199237823486328,-0.7981936931610107,0.9031804203987122,0.1837882548570633,-0.06160195171833038,-0.060289978981018066,-0.012373823672533035,-0.28320175409317017,0.2743527591228485,0.4040251076221466,0.2808057963848114,-0.2960207760334015,0.1551605761051178,-0.11084932833909988,-0.044344011694192886,-0.10733044147491455,0.22874146699905396,0.03759950399398804,-0.26326385140419006,-0.32726457715034485,0.13493399322032928,-0.22027918696403503,-0.01792706735432148,-0.42341694235801697,-0.2862347662448883,-0.08384019881486893,-0.42324376106262207,0.08964278548955917,-0.08198074251413345,0.018431223928928375,-0.045116838067770004,-0.546119213104248,-0.04875447601079941,-0.1954527348279953,0.44892191886901855,0.01584494858980179,0.40041062235832214,-0.3898055851459503,0.4336300492286682,0.4999886751174927,-0.36488091945648193,0.25205332040786743,-0.5573588013648987,0.2837100923061371,-0.269355833530426,-0.2050626575946808,0.012216862291097641,0.021696774289011955,-0.4203871488571167,-0.1493009626865387,0.4387202560901642,-0.098258376121521,-0.10287037491798401,0.19921740889549255,0.18187472224235535,0.27293768525123596,-0.5874301195144653,-0.20649735629558563,-0.39850494265556335,-0.20721355080604553,0.1652127206325531,-0.02192549593746662,-0.3429326117038727
427.0,-0.2597045302391052,0.07309134304523468,-0.6196635961532593,0.7036754488945007,-0.0412127859890461,-0.0604473240673542,-0.024832412600517273,0.27064189314842224,0.011094614863395691,0.19299891591072083,0.284570574760437,0.17472656071186066,-0.352414071559906,0.15403200685977936,0.006725698709487915,0.20103465020656586,-0.18541796505451202,0.09245476871728897,0.3827662765979767,-0.2595592737197876,0.12310800701379776,0.3712720274925232,0.023891329765319824,0.007159166503697634,-0.35067614912986755,-0.06445301324129105,0.09205278009176254,-0.22775797545909882,-0.0019107467960566282,0.02516011707484722,0.2238575667142868,-0.23984555900096893,-0.36820605397224426,0.144239604473114,-0.27996841073036194,0.26444143056869507,0.024626614525914192,0.9524103403091431,-0.11221972107887268,0.5005732178688049,0.44717612862586975,-0.32653868198394775,-0.03165465220808983,-0.3893154263496399,0.15644389390945435,0.023131607100367546,-0.23442426323890686,0.13889406621456146,-0.08704511821269989,-0.009189539588987827,0.05863679200410843,0.4851723909378052,0.24085526168346405,0.15043926239013672,0.3882332742214203,-0.18010494112968445,0.35466718673706055,-0.7176498770713806,-0.06024157255887985,-0.908376157283783,-0.2770645022392273,-0.05879553407430649,-0.10889284312725067,-0.16098831593990326
428.0,-0.3946108818054199,-0.046495042741298676,-1.079110026359558,0.6451724767684937,0.15677596628665924,-0.11695637553930283,-0.15108104050159454,-0.020489195361733437,-0.21611987054347992,0.21299031376838684,0.28491246700286865,0.3113458752632141,-0.4356885850429535,-0.0037555466406047344,-0.03767107054591179,-0.02654217928647995,-0.20258252322673798,0.14778991043567657,-0.13252295553684235,-0.10699895769357681,-0.34235695004463196,0.22653155028820038,-0.05071892589330673,0.10812605917453766,-0.4739094078540802,-0.18676170706748962,0.07265593111515045,-0.4086374342441559,0.2744172513484955,-0.1633908748626709,0.10882467031478882,0.10685579478740692,-0.6391034722328186,-0.13729457557201385,-0.22760657966136932,0.4844256639480591,-0.13869929313659668,0.2800072133541107,-0.3537552058696747,0.3121250867843628,0.4514642357826233,-0.3203343152999878,0.4290398955345154,-0.7405633330345154,0.165385901927948,-0.26941046118736267,-0.20189626514911652,0.0526442788541317,0.05377781018614769,-0.5589013695716858,-0.06979256123304367,0.5969807505607605,-0.050063904374837875,-0.18763858079910278,0.2110050916671753,0.03865494579076767,0.32452696561813354,-0.3720945715904236,-0.2933351397514343,-0.29038068652153015,-0.2234087437391281,0.06543811410665512,0.10007990151643753,-0.5546243190765381
429.0,-0.2650771737098694,-0.12818916141986847,-0.9963377714157104,0.8574671745300293,0.08449376374483109,-0.1882018893957138,-0.22714976966381073,-0.05811727046966553,-0.3045666217803955,0.2581769526004791,0.08263438940048218,0.06882938742637634,-0.2298724204301834,0.020625509321689606,-0.1596377193927765,-0.235727921128273,-0.2834371030330658,0.2120044082403183,0.007876303978264332,-0.28542423248291016,-0.04954618588089943,0.26972129940986633,-0.2725074291229248,0.1741475909948349,-0.5256231427192688,-0.28005337715148926,-0.20052988827228546,-0.46261507272720337,0.22806526720523834,-0.2060505449771881,0.3457905054092407,0.14408265054225922,-0.7422950863838196,-0.3048152029514313,-0.30108100175857544,0.47510841488838196,-0.14300945401191711,0.2544889450073242,-0.17446187138557434,0.515078067779541,0.7086688876152039,-0.15438862144947052,0.01453297771513462,-0.617204487323761,0.2773020267486572,-0.22652822732925415,-0.4728468060493469,-0.10329568386077881,-0.0056053572334349155,-0.533409059047699,-0.041729751974344254,0.4823802411556244,0.060251060873270035,-0.05595855414867401,0.3812481760978699,0.03156355768442154,0.26794007420539856,-0.5508741736412048,-0.41613447666168213,-0.31051814556121826,-0.47027671337127686,0.2753823399543762,0.09887021034955978,-0.4359011650085449
430.0,-0.28982013463974,0.1974928081035614,0.11061423271894455,0.331347793340683,-0.468651682138443,0.24107477068901062,-0.14337916672229767,0.3399702310562134,-0.18481265008449554,-0.08808858692646027,-0.20591436326503754,-0.306027889251709,-0.19490733742713928,0.2526664137840271,-0.29747894406318665,-0.05632026121020317,-0.3530050218105316,-0.03038475289940834,0.2657429575920105,-0.7917146682739258,0.029899612069129944,0.27246126532554626,-0.4499664306640625,0.10330680757761002,-0.3641209602355957,-0.07806284725666046,-0.11061817407608032,-0.14692792296409607,-0.13693003356456757,0.14504951238632202,-0.40299558639526367,0.6193448305130005,0.15147437155246735,-0.05966737121343613,0.4057829976081848,-0.666145384311676,-1.0416781902313232,0.1498483419418335,-0.3462628424167633,0.4951246678829193,0.03695650026202202,-0.038467857986688614,-0.2588748633861542,-0.34560513496398926,0.3228192627429962,0.010129340924322605,-0.1955193281173706,-0.577372133731842,0.28396180272102356,-0.6424586772918701,-0.16420622169971466,0.11430402100086212,-0.23056618869304657,-0.4854387938976288,0.2975555956363678,-0.2832680344581604,0.4329758286476135,0.022116856649518013,0.038212843239307404,0.40668120980262756,-0.17339080572128296,-0.28685566782951355,-0.05997573584318161,-0.18595477938652039
431.0,-0.01766461506485939,0.35430172085762024,0.5837823152542114,-0.10826144367456436,-0.6681160926818848,0.041210249066352844,0.2083093822002411,0.7860609292984009,0.27315250039100647,-0.11235491186380386,-0.37864482402801514,-0.48431819677352905,-0.11005441844463348,0.3613920509815216,0.14130134880542755,0.011264193803071976,-0.43696945905685425,-0.35349181294441223,0.4193207919597626,-0.7149643898010254,0.20307330787181854,0.03626736253499985,-0.15129205584526062,0.1673150509595871,-0.393145352602005,0.2330079972743988,0.08345969021320343,0.2726481258869171,-0.09836683422327042,0.3852379024028778,-0.33970123529434204,0.42789536714553833,0.33375394344329834,0.3780028522014618,0.37446582317352295,-0.4275199770927429,-0.727912962436676,0.668271005153656,0.06167834252119064,0.6757500767707825,0.3291108012199402,-0.05136409401893616,-0.6204776167869568,-0.1560474932193756,0.6135830283164978,0.020609866827726364,-0.22065837681293488,-0.18734899163246155,-0.15090398490428925,-0.11580615490674973,0.16891062259674072,0.2074512094259262,0.01838117465376854,-0.4828498065471649,0.4102529287338257,-0.747317373752594,0.4084448218345642,-0.19097958505153656,0.13721221685409546,-0.2570069134235382,-0.09322179108858109,-0.5846197009086609,-0.1740466058254242,-0.038000449538230896
432.0,-0.22606328129768372,0.11499282717704773,0.12244554609060287,0.2859612703323364,-0.2929944694042206,0.23276543617248535,-0.06253639608621597,0.2894018292427063,-0.0915108472108841,-0.1180833950638771,-0.10369616001844406,-0.10856583714485168,-0.3092753291130066,0.21146433055400848,-0.14024052023887634,-0.10531794279813766,-0.3134857416152954,-0.07747462391853333,0.1525372564792633,-0.7034567594528198,-0.10260731726884842,0.28342103958129883,-0.49884265661239624,0.11498313397169113,-0.35975202918052673,-0.30300384759902954,-0.1954822689294815,-0.3635738492012024,-0.03417353332042694,0.26044946908950806,-0.284938782453537,0.6150500774383545,-0.01826363615691662,0.08052906394004822,0.5504934787750244,-0.5723351836204529,-0.9413166642189026,0.17131014168262482,-0.5384300351142883,0.5091133117675781,0.16520754992961884,-0.1785912960767746,-0.15391941368579865,-0.3734026551246643,0.4676867425441742,-0.06323004513978958,-0.14498618245124817,-0.44094035029411316,0.3597683310508728,-0.5969005227088928,-0.23034434020519257,-0.0012118266895413399,-0.44183751940727234,-0.4834659695625305,0.4525854289531708,-0.26762932538986206,0.45495688915252686,-0.02104562148451805,0.18197715282440186,0.5034390091896057,-0.1257869452238083,-0.3274061977863312,0.04850545898079872,-0.24939139187335968
433.0,-0.34493115544319153,0.3403337001800537,0.18774230778217316,0.2128104269504547,-0.4512504041194916,-0.02220100909471512,-0.026246316730976105,0.2540256083011627,-0.06486384570598602,-0.09925881773233414,-0.045541997998952866,-0.06525300443172455,-0.2606416344642639,0.39886555075645447,-0.030529774725437164,-0.2641831636428833,-0.3435887396335602,0.0467970184981823,0.13994771242141724,-0.8206693530082703,-0.020098822191357613,0.1310371309518814,-0.5995925664901733,0.21498464047908783,-0.21647365391254425,-0.41813233494758606,-0.2189006209373474,-0.3051293194293976,0.007579696364700794,0.24199461936950684,-0.2654271125793457,0.588236927986145,-0.08866177499294281,0.06491915136575699,0.44587239623069763,-0.6528603434562683,-1.0662134885787964,0.15938901901245117,-0.5211122632026672,0.4729807674884796,0.09034178406000137,-0.11547383666038513,-0.18944178521633148,-0.4442765414714813,0.6140673756599426,-0.06745611131191254,-0.32142433524131775,-0.44158726930618286,0.22320018708705902,-0.6085020303726196,-0.17162145674228668,0.005701622925698757,-0.33175766468048096,-0.45420798659324646,0.4015040397644043,-0.28269654512405396,0.3852182626724243,0.029183728620409966,0.0419185608625412,0.390139102935791,-0.11739195138216019,-0.4643903374671936,-0.048780933022499084,-0.3935237228870392
434.0,-0.22808031737804413,0.06832248717546463,0.21594178676605225,0.41523656249046326,-0.2227441519498825,0.2112928032875061,-0.00212125014513731,0.15534424781799316,-0.1374364048242569,-0.08489049226045609,-0.3771779239177704,-0.15770357847213745,-0.19710484147071838,0.34705281257629395,-0.10536321252584457,-0.02137862518429756,-0.3449745774269104,-0.02040310576558113,0.23679780960083008,-0.7027482986450195,-0.17164386808872223,0.17496711015701294,-0.3197615444660187,0.24936425685882568,-0.3925851285457611,-0.103654645383358,-0.245463028550148,-0.3189062178134918,-0.036683958023786545,0.14264945685863495,-0.40301620960235596,0.5235968232154846,0.017309710383415222,-0.05267294496297836,0.39968979358673096,-0.4205823540687561,-0.896028995513916,0.018527105450630188,-0.3341781497001648,0.6180267930030823,0.12205026298761368,-0.08593244850635529,-0.025740008801221848,-0.40004220604896545,0.4200907051563263,-0.016563326120376587,-0.1862582415342331,-0.47976571321487427,0.31556254625320435,-0.7310007810592651,-0.11209316551685333,0.09521564096212387,-0.2996474802494049,-0.4738655984401703,0.37539851665496826,-0.19320477545261383,0.3924369513988495,0.05584029108285904,0.059534430503845215,0.3177785873413086,0.09839744865894318,-0.08575069159269333,-0.06474132090806961,-0.2639833986759186
435.0,0.0378570482134819,0.39580607414245605,0.09935888648033142,0.1238686814904213,-0.3198748826980591,0.08491088449954987,-0.3235410749912262,0.2308104783296585,-0.0035338960587978363,-0.02375587448477745,0.13735388219356537,0.05866401270031929,-0.2929043173789978,-0.22868090867996216,-0.11145283281803131,0.09647630155086517,0.31236591935157776,-0.08109767735004425,-0.28300154209136963,-0.4393371045589447,0.04683787748217583,-0.22636745870113373,-0.4059559106826782,-0.12777414917945862,-0.0354209765791893,-0.20220670104026794,0.04043395072221756,-0.159053236246109,0.13401912152767181,-0.280120313167572,0.446711927652359,0.6534695029258728,-0.6040329337120056,-0.28510311245918274,0.049542948603630066,0.35808631777763367,-0.4602765738964081,0.10993402451276779,0.11783196032047272,0.4978652000427246,0.3342689275741577,-0.5767221450805664,0.02997661381959915,-0.33743613958358765,0.5763057470321655,-0.405936598777771,-0.1537206768989563,-0.23134978115558624,-0.01505124568939209,-0.3983125388622284,-0.21425504982471466,-0.12452588975429535,-0.44730478525161743,-0.9489944577217102,-0.06556511670351028,0.3729979395866394,0.3395687937736511,-0.29782623052597046,0.07474571466445923,0.317087858915329,-0.237187922000885,-0.4120703339576721,-0.1162695586681366,0.04211205989122391
436.0,-0.08429070562124252,0.3921768367290497,0.09013179689645767,0.23651070892810822,-0.4691527187824249,-0.01690966822206974,-0.32181382179260254,0.13943280279636383,0.0017088018357753754,0.01907169446349144,0.09903736412525177,0.09579284489154816,-0.19773957133293152,-0.23417508602142334,-0.13828441500663757,0.22564789652824402,0.40719300508499146,0.11458772420883179,-0.24651923775672913,-0.5952085256576538,0.1998458355665207,-0.2685723602771759,-0.398723304271698,-0.10111787170171738,0.014712910167872906,-0.21817192435264587,-0.003227684646844864,-0.16998736560344696,0.11055699735879898,-0.22974610328674316,0.5317634344100952,0.6546333432197571,-0.6754062175750732,-0.4230062961578369,0.04356864467263222,0.2601572573184967,-0.5235365033149719,0.07998461276292801,0.07496609538793564,0.5564924478530884,0.16690924763679504,-0.5562784671783447,0.010712435469031334,-0.20614150166511536,0.5470473766326904,-0.33987197279930115,-0.30585339665412903,-0.23310361802577972,0.0015150625258684158,-0.34962034225463867,-0.1808149665594101,-0.04069238901138306,-0.48341673612594604,-0.851619303226471,-0.08021172136068344,0.29311490058898926,0.28995710611343384,-0.2637505829334259,0.20772415399551392,0.2630034387111664,-0.21023127436637878,-0.35613614320755005,-0.17285916209220886,0.0542617030441761
437.0,-0.12454279512166977,0.2687387764453888,-1.762056490406394e-05,0.33015701174736023,-0.37649115920066833,0.03997208923101425,-0.42041918635368347,0.12598884105682373,-0.27880334854125977,0.13691136240959167,0.06036663427948952,0.03793663904070854,-0.275973916053772,-0.10175065696239471,-0.1643708050251007,-0.22132056951522827,0.10482960939407349,0.12035840004682541,-0.11644170433282852,-0.595766007900238,-0.01794988103210926,-0.0448249988257885,-0.5211459398269653,-0.06297845393419266,-0.0725281611084938,-0.31820034980773926,-0.11787279695272446,-0.2881891131401062,0.12282827496528625,-0.27534136176109314,0.48249486088752747,0.7055312991142273,-0.6929692029953003,-0.2458951473236084,0.16325139999389648,0.28579726815223694,-0.5281078219413757,0.07826003432273865,0.1624697893857956,0.7684815526008606,0.5186113119125366,-0.6726455092430115,-0.0998033881187439,-0.6512580513954163,0.6548688411712646,-0.2945917546749115,-0.31013625860214233,-0.15373001992702484,0.03333210200071335,-0.5291643738746643,-0.22198675572872162,-0.02660534903407097,-0.3940823972225189,-0.8378547430038452,0.029496222734451294,0.26661035418510437,0.29173538088798523,-0.3765781819820404,-0.09338032454252243,0.14793674647808075,-0.14468932151794434,-0.3290075361728668,-0.05908450856804848,-0.09002266079187393
438.0,-0.04749277979135513,0.3706766366958618,0.007866647094488144,0.39291080832481384,-0.3849121928215027,0.12468753755092621,-0.5460452437400818,0.16188755631446838,0.008078867569565773,0.03993656113743782,0.09055968374013901,0.05746085196733475,-0.2716556489467621,-0.04151970148086548,-0.10124552249908447,-0.24133628606796265,0.21555176377296448,0.07187516242265701,-0.008261806331574917,-0.4915877878665924,0.21620319783687592,-0.19416630268096924,-0.5168914198875427,0.07090701162815094,-0.0030676519963890314,-0.4104781448841095,-0.07688746601343155,-0.1188402995467186,0.20769403874874115,-0.37905412912368774,0.6441879868507385,0.6983911395072937,-0.6343280673027039,-0.29591068625450134,0.1526796519756317,0.42859646677970886,-0.39736056327819824,0.20569324493408203,-0.026865342631936073,0.5262020230293274,0.5365417003631592,-0.7887454032897949,-0.15762107074260712,-0.5936656594276428,0.7341539263725281,-0.15864092111587524,-0.23292265832424164,-0.28818193078041077,0.0579296350479126,-0.3219028413295746,-0.2192656397819519,-0.1126529797911644,-0.48871949315071106,-0.7585118412971497,0.06571216136217117,0.3762349486351013,0.2906012535095215,-0.3771492838859558,-0.13788583874702454,0.21425451338291168,-0.18245498836040497,-0.44138821959495544,-0.07306541502475739,0.10526531934738159
439.0,0.11737793684005737,0.3863445222377777,0.11050090193748474,-0.026861529797315598,-0.37170925736427307,-0.0929078608751297,-0.24528269469738007,0.17939521372318268,0.19709044694900513,0.03168758004903793,0.0712909922003746,0.1094551607966423,0.024369994178414345,-0.15424378216266632,0.05251497030258179,0.2735103964805603,0.24378272891044617,-0.07471704483032227,-0.1880781501531601,-0.4529378116130829,0.18707263469696045,-0.31997764110565186,-0.2552890181541443,0.012976952828466892,-0.11277344822883606,-0.25254353880882263,0.03371822461485863,-0.21239060163497925,0.19413821399211884,-0.4175410866737366,0.6052669882774353,0.47342634201049805,-0.6709432005882263,-0.32451382279396057,0.17716503143310547,0.16653132438659668,-0.5540682673454285,0.3302600681781769,0.022407855838537216,0.5279316306114197,0.269949734210968,-0.43837615847587585,-0.19312115013599396,-0.05114930868148804,0.5205517411231995,-0.31163230538368225,-0.27103856205940247,-0.14553461968898773,-0.021226678043603897,-0.1789524257183075,-0.08893252909183502,0.10117729008197784,-0.33222895860671997,-0.7532320618629456,0.22582724690437317,0.1161937490105629,0.29710841178894043,-0.307560533285141,0.35956937074661255,0.06588809192180634,-0.14137482643127441,-0.47517314553260803,-0.10807234048843384,0.09217969328165054
440.0,-0.3070138394832611,0.3005029559135437,-0.20359444618225098,0.4046235978603363,-0.2493673413991928,-0.0882062092423439,-0.19922392070293427,-0.029006866738200188,-0.38354915380477905,-1.91335566341877e-05,-0.0647972896695137,-0.05176778510212898,-0.26622307300567627,0.08200979232788086,0.03500968962907791,-0.55170077085495,0.10391589999198914,-0.09359025955200195,-0.5113656520843506,-0.36403974890708923,-0.13286395370960236,-0.03347521275281906,-0.5283138155937195,0.1985374093055725,0.01117252279073,0.026297874748706818,-0.16280445456504822,-0.29779356718063354,0.13295923173427582,0.08463071286678314,-0.00407192250713706,0.44646966457366943,-0.5370945334434509,0.03764253482222557,-0.12587478756904602,0.32804128527641296,-0.334092915058136,0.07410603016614914,0.1187041625380516,0.6098014116287231,0.4590815603733063,-0.28470250964164734,0.029113158583641052,-0.7285540103912354,0.562442421913147,-0.33927369117736816,-0.28698286414146423,-0.12714523077011108,0.09778563678264618,-0.7304189205169678,-0.12109363824129105,0.08521293848752975,0.08086460083723068,-0.631203830242157,-0.1588335484266281,0.07283346354961395,0.05002685263752937,-0.008458777330815792,-0.49921783804893494,-0.0907200425863266,-0.33866748213768005,-0.3024625778198242,-0.047872189432382584,-0.23070128262043
441.0,-0.2378891408443451,0.3013116121292114,-0.08316845446825027,0.3918164074420929,-0.15613582730293274,-0.18805097043514252,-0.017743075266480446,-0.10111762583255768,-0.3325018882751465,0.04794794321060181,-0.09834175556898117,0.09437484294176102,-0.15776613354682922,0.2378106415271759,0.21509630978107452,-0.44852176308631897,0.39910006523132324,-0.07154382765293121,-0.45038601756095886,-0.2729141414165497,-0.09260150045156479,-0.21863140165805817,-0.36404192447662354,0.25418564677238464,-0.07048304378986359,-0.01434415578842163,-0.14202681183815002,-0.33089038729667664,0.06786277145147324,0.05618976801633835,-0.15283872187137604,0.3595394194126129,-0.4382651448249817,0.1236107349395752,-0.08113469928503036,0.3242911696434021,-0.22148340940475464,0.12738178670406342,-0.11285266280174255,0.47036418318748474,0.30413347482681274,-0.1205301359295845,0.05150475353002548,-0.41642042994499207,0.5714505314826965,-0.33289411664009094,-0.34684255719184875,-0.051660262048244476,0.12978175282478333,-0.6773141026496887,-0.10058145225048065,0.060865581035614014,0.068782277405262,-0.4928952753543854,-0.26516252756118774,0.11598006635904312,-0.10165650397539139,0.08327014744281769,-0.3612010180950165,-0.1786770522594452,-0.3185184895992279,-0.18411652743816376,-0.18201033771038055,-0.17116080224514008
442.0,-0.11781790852546692,0.3609393537044525,0.19207105040550232,0.5029197931289673,-0.2088015228509903,-0.25357216596603394,0.08303063362836838,0.06660232692956924,-0.19610995054244995,0.13308554887771606,-0.3132622539997101,0.1338607370853424,-0.1652871072292328,0.3018936514854431,0.05375301092863083,-0.18580621480941772,0.4548386335372925,-0.05461844056844711,-0.21312479674816132,-0.40315571427345276,0.005877029150724411,-0.07302234321832657,-0.4392434358596802,0.3387397825717926,-0.11278329789638519,0.2979547381401062,-0.08803945034742355,-0.17072665691375732,-0.10482604056596756,0.263070285320282,-0.08769506961107254,0.25598058104515076,-0.2519878149032593,0.2755260169506073,-0.17712223529815674,0.05344322323799133,-0.24888622760772705,0.36294296383857727,-0.021883558481931686,0.5470626354217529,0.10863583534955978,-0.09436298161745071,0.04579770937561989,-0.35134243965148926,0.5170194506645203,-0.1442835032939911,-0.24838989973068237,-0.06998597830533981,0.12146701663732529,-0.4700991213321686,-0.10082018375396729,0.04624863713979721,0.024953601881861687,-0.42671266198158264,-0.15784598886966705,-0.13712209463119507,-0.1592254340648651,0.11458268761634827,-0.33182278275489807,-0.4620099663734436,-0.22790849208831787,-0.06509639322757721,-0.26578959822654724,0.07585196197032928
443.0,-0.3651079535484314,0.16828033328056335,-0.18271833658218384,0.3134758174419403,-0.16501516103744507,-0.12901900708675385,-0.01092565432190895,-0.12765558063983917,-0.34363728761672974,-0.08834124356508255,-0.15383973717689514,0.04348679259419441,-0.042080920189619064,0.10054941475391388,0.011959127150475979,-0.5053664445877075,0.11645470559597015,0.056330762803554535,-0.6347450017929077,-0.39995405077934265,-0.0038221292197704315,-0.11399479955434799,-0.4422370195388794,0.26587143540382385,0.1068127304315567,-0.008962228894233704,-0.25770676136016846,-0.4086897373199463,0.22821752727031708,0.15028898417949677,-0.13999785482883453,0.32728898525238037,-0.5821560621261597,-0.08570514619350433,-0.1274670511484146,0.20724661648273468,-0.39210546016693115,-0.16727633774280548,0.052596502006053925,0.5082082152366638,0.3104764521121979,-0.13095849752426147,0.09204185009002686,-0.5468307733535767,0.5515461564064026,-0.42948514223098755,-0.4133765399456024,-0.17896783351898193,0.09629769623279572,-0.6901105642318726,-0.03131253272294998,0.14284202456474304,0.12078414857387543,-0.5540313124656677,-0.15533952414989471,-0.12231797724962234,-0.007849925197660923,0.26672855019569397,-0.4253498613834381,-0.17171432077884674,-0.32188546657562256,-0.26290035247802734,-0.044729866087436676,-0.22426952421665192
444.0,-0.43637141585350037,0.13412636518478394,-0.2419567108154297,0.584757387638092,-0.08002294600009918,-0.02889728918671608,-0.09171567857265472,-0.08782827854156494,-0.45630693435668945,0.06059238314628601,-0.13884270191192627,0.07987368106842041,-0.20358073711395264,0.1961742788553238,0.06148480251431465,-0.5885068774223328,0.26846569776535034,0.007150192279368639,-0.517857551574707,-0.42249295115470886,-0.009944681078195572,-0.12947556376457214,-0.5016270875930786,0.22430598735809326,-0.08758119493722916,-0.12136104702949524,-0.2776387929916382,-0.5574518442153931,0.28479233384132385,0.1297217160463333,-0.21317309141159058,0.42320582270622253,-0.7153288125991821,0.013236787170171738,-0.13554665446281433,0.37564417719841003,-0.3034084141254425,0.04990034177899361,-0.08913739025592804,0.6549438238143921,0.46255427598953247,-0.1988155096769333,0.04989376291632652,-0.6255481839179993,0.7889980673789978,-0.5284079313278198,-0.4794604778289795,-0.16889764368534088,0.09767076373100281,-0.7414752244949341,-0.02308061718940735,0.10494161397218704,0.03729159012436867,-0.6344842910766602,-0.14398103952407837,0.0086668124422431,0.10606604069471359,0.14929190278053284,-0.4641345143318176,-0.200446218252182,-0.4933358132839203,-0.18166814744472504,-0.03046371415257454,-0.1628842055797577
445.0,-0.028444509953260422,0.23376993834972382,-0.08677484095096588,0.6551461219787598,-0.030750563368201256,0.029828190803527832,-0.31212544441223145,-0.3933347761631012,-0.1015966460108757,0.18420708179473877,-0.697944700717926,-0.42439812421798706,-0.030317269265651703,0.5105963945388794,-0.3106743097305298,-0.3992554843425751,-0.29608476161956787,-0.5808953642845154,0.07632964849472046,-0.3862494230270386,0.07395068556070328,0.39909473061561584,-0.8452343344688416,0.6766460537910461,-0.4828827679157257,0.13775041699409485,-0.4222499430179596,-0.008929437026381493,0.003216676414012909,0.5657873153686523,0.02871859073638916,0.29774415493011475,-0.08147407323122025,-0.05686764791607857,0.26387545466423035,-0.10305918753147125,-0.237876296043396,-0.08696183562278748,-0.26250046491622925,0.18632273375988007,0.39066898822784424,0.07907673716545105,-0.3907848596572876,-0.3298092782497406,0.11523658782243729,0.3370041847229004,-0.04448409005999565,-0.5356246829032898,0.27568334341049194,-0.1067594364285469,-0.3600637912750244,-0.4351198077201843,-0.2520323097705841,-0.06858690828084946,0.393462210893631,-0.056572072207927704,0.12716902792453766,-0.11019015312194824,-0.4761241674423218,0.6627919673919678,-0.24159462749958038,0.2374792993068695,0.23022110760211945,0.13593927025794983
446.0,0.20648431777954102,0.5756166577339172,0.20346732437610626,0.3279157876968384,-0.26792705059051514,-0.20890913903713226,-0.13168621063232422,-0.09591089934110641,0.13568982481956482,0.21910178661346436,-0.6519948840141296,-0.49954232573509216,0.126861110329628,0.7605016231536865,0.23651254177093506,-0.39117586612701416,-0.12449245154857635,-0.8334877490997314,0.15853014588356018,-0.2458968311548233,-0.010268081910908222,0.1607656180858612,-0.7529842853546143,0.680088996887207,-0.4653719961643219,0.31599822640419006,0.018743783235549927,0.30412185192108154,-0.13623343408107758,0.5190858244895935,-0.08960332721471786,-0.04822172224521637,0.1324104368686676,0.5476362705230713,0.3079935908317566,-0.023694422096014023,-0.21024593710899353,0.3664141297340393,0.03563578426837921,0.19391535222530365,0.296524316072464,0.07158561795949936,-0.5483775734901428,-0.06375176459550858,0.2142111212015152,0.4873098134994507,0.0233691968023777,-0.30124372243881226,-0.029252195730805397,0.1566484123468399,-0.20968517661094666,-0.35578519105911255,-0.005353976972401142,-0.03481994569301605,0.5307838916778564,-0.3979864716529846,0.04068548232316971,-0.2604702413082123,-0.45533400774002075,0.3250270485877991,-0.059048086404800415,-0.00019105407409369946,-0.022047026082873344,0.14025694131851196
447.0,-0.015293635427951813,0.32821759581565857,-0.035983312875032425,0.5742256045341492,-0.2370775043964386,-0.026385843753814697,-0.3152230978012085,-0.27553313970565796,-0.013708330690860748,0.002894577570259571,-0.5169396996498108,-0.4844939410686493,-0.12987087666988373,0.4520759880542755,-0.0012629893608391285,-0.532701849937439,-0.33205845952033997,-0.5331215262413025,-0.0269475057721138,-0.47446534037590027,-0.10761874914169312,0.2534330189228058,-0.6995508074760437,0.6394203901290894,-0.2334834784269333,-0.0005252030678093433,-0.40884312987327576,0.03270472586154938,-0.04559878259897232,0.5235095620155334,-0.0057050068862736225,0.3484690487384796,0.14569225907325745,0.12239040434360504,0.3736468255519867,-0.017836524173617363,-0.3133460581302643,-0.04885530099272728,-0.3273060619831085,0.20767217874526978,0.32137569785118103,-0.1171051636338234,-0.35169926285743713,-0.38127991557121277,0.19371826946735382,0.4071066081523895,0.06440536677837372,-0.5697343945503235,0.41723743081092834,-0.27603766322135925,-0.37574565410614014,-0.3737518787384033,-0.3156801462173462,-0.1518363058567047,0.42801550030708313,-0.07761801034212112,0.09793849289417267,0.0006689233705401421,-0.43864232301712036,0.8797910809516907,-0.06781061738729477,0.11031027883291245,0.24074111878871918,-0.11670570075511932
448.0,0.024391360580921173,0.37966153025627136,0.005416352301836014,0.5302221775054932,-0.16013486683368683,-0.16621610522270203,-0.304916113615036,-0.30214768648147583,-0.172719344496727,0.16794908046722412,-0.7996101379394531,-0.33202746510505676,-0.2668209373950958,0.47048184275627136,-0.2871552109718323,-0.46458202600479126,-0.2482542246580124,-0.7147794365882874,0.18143804371356964,-0.3298981785774231,-0.08872409909963608,0.5498498678207397,-0.8429556488990784,0.6185168027877808,-0.43845289945602417,0.11072899401187897,-0.4389002025127411,0.020113252103328705,-0.20087100565433502,0.5427024364471436,0.016351871192455292,0.4186724126338959,-0.0023743766359984875,0.18105120956897736,0.2968886196613312,-0.26527971029281616,-0.37103819847106934,-0.021955976262688637,-0.17377713322639465,0.13914641737937927,0.33896422386169434,0.011240333318710327,-0.5042079091072083,-0.4429593086242676,0.13692666590213776,0.42589759826660156,0.125382661819458,-0.6793959736824036,0.3497755229473114,-0.19149217009544373,-0.44223180413246155,-0.702178955078125,-0.26030343770980835,-0.04434290528297424,0.46501395106315613,-0.018923306837677956,0.07696012407541275,-0.19469259679317474,-0.6000680923461914,0.6969330310821533,-0.3678366541862488,0.18068736791610718,0.15178655087947845,0.047317348420619965
449.0,-0.0369100496172905,0.3225935101509094,-0.04920043423771858,0.5253774523735046,0.09380286931991577,-0.10936193913221359,-0.29540523886680603,-0.5318477153778076,-0.045697905123233795,0.04341055080294609,-0.5863719582557678,-0.18171626329421997,-0.14493487775325775,0.6002886295318604,-0.145204558968544,-0.46276620030403137,-0.4019179046154022,-0.49266982078552246,0.06003103405237198,-0.3005477488040924,-0.18548564612865448,0.5255106687545776,-0.7615971565246582,0.7677677273750305,-0.32090631127357483,0.08892031013965607,-0.5536347031593323,-0.09921003133058548,0.10536117106676102,0.4571670591831207,-0.04445025697350502,0.23412546515464783,-0.03518333286046982,0.045074183493852615,0.33644983172416687,-0.1428314596414566,-0.29470157623291016,-0.19086521863937378,-0.32417815923690796,0.16698278486728668,0.3379265367984772,-0.027828801423311234,-0.22731119394302368,-0.4538037180900574,0.1229781061410904,0.25178593397140503,0.07551991939544678,-0.5577283501625061,0.28925734758377075,-0.2007743865251541,-0.4045032858848572,-0.47981178760528564,-0.252078652381897,-0.16410179436206818,0.4044014811515808,0.05587553605437279,0.07023227214813232,0.050656288862228394,-0.4572831988334656,0.7008187174797058,-0.002529534511268139,0.24807660281658173,0.1252894252538681,-0.0019105062820017338
450.0,-0.013519241474568844,0.17806001007556915,0.03929658234119415,0.6877730488777161,-0.47760120034217834,0.24355114996433258,-0.4111562669277191,0.1325797438621521,-0.07465525716543198,-0.2292999029159546,-0.5221976637840271,-0.7095154523849487,0.06531557440757751,0.29781338572502136,0.04413981735706329,-0.4112529456615448,-0.5090345740318298,-0.04968222975730896,0.3613985776901245,-0.44888076186180115,-0.17271068692207336,0.14484789967536926,-0.2835453748703003,0.2542805075645447,-0.08065249025821686,-0.1969297081232071,-0.4105303883552551,0.03581013157963753,0.21333150565624237,0.03278956562280655,-0.6465356349945068,0.4834592044353485,0.3894539475440979,-0.03847558796405792,0.38683778047561646,0.10278981924057007,-0.5197698473930359,-0.11621232330799103,0.052485331892967224,0.3441426157951355,0.233591228723526,-0.028581921011209488,-0.24594959616661072,0.038243502378463745,0.33975908160209656,0.07630817592144012,-0.24039922654628754,-0.7284770607948303,0.07215665280818939,-0.43344545364379883,-0.07244060933589935,-0.017775148153305054,-0.044143639504909515,-0.20711249113082886,0.2550642788410187,0.13858662545681,0.016230277717113495,-0.019189652055501938,-0.17378146946430206,0.4716758728027344,-0.19335801899433136,0.07373379915952682,-0.2739725410938263,-0.1939825415611267
451.0,0.15501514077186584,0.23210713267326355,0.30189406871795654,0.30804914236068726,-0.4307597577571869,0.07697871327400208,0.01608188822865486,0.34784334897994995,0.27039477229118347,-0.30287373065948486,-0.553266167640686,-0.569007158279419,0.10578254610300064,0.33795323967933655,0.029891902580857277,-0.17370334267616272,-0.5058980584144592,-0.1462244689464569,0.5048884749412537,-0.4544332027435303,0.057325780391693115,0.09277883917093277,-0.11430952697992325,0.358822226524353,-0.1983717530965805,0.12472717463970184,-0.15021665394306183,0.24292419850826263,0.2926371693611145,0.16751523315906525,-0.5913405418395996,0.4497346580028534,0.5012782216072083,-0.058894578367471695,0.20377610623836517,0.005529358051717281,-0.49575263261795044,0.15606318414211273,0.05777358263731003,0.20972001552581787,0.2922423481941223,0.3359389007091522,-0.2921033799648285,0.2334602177143097,0.38108009099960327,0.03949541226029396,-0.4849163591861725,-0.6524448990821838,-0.12341950833797455,-0.17738556861877441,0.047666240483522415,0.05464480072259903,-0.00791169423609972,-0.1822609007358551,0.401847779750824,-0.20364372432231903,0.050228700041770935,0.02674301527440548,-0.018331607803702354,0.1194261685013771,-0.46344274282455444,-0.1828598827123642,-0.28430795669555664,-0.08089818805456161
452.0,-0.17780397832393646,-0.03799239173531532,-0.1449611335992813,0.6432868242263794,-0.3290926218032837,0.31133192777633667,-0.3203621804714203,0.19362984597682953,-0.018071124330163002,-0.3016512095928192,-0.5860691666603088,-0.5504884123802185,-0.14315329492092133,0.1402263641357422,-0.15817025303840637,-0.3940117359161377,-0.40555816888809204,-0.10178600996732712,0.1482953429222107,-0.44129401445388794,0.015095360577106476,0.24224340915679932,-0.258647620677948,0.3870198726654053,-0.1529122292995453,-0.12846656143665314,-0.3242605924606323,0.0678129643201828,0.25928258895874023,0.08966468274593353,-0.7164915800094604,0.7374371290206909,0.32393181324005127,-0.09660856425762177,0.40302807092666626,0.08237653970718384,-0.5061924457550049,-0.15610063076019287,-0.2629605829715729,0.23665407299995422,0.2608935534954071,0.024076474830508232,-0.2130892127752304,-0.11496090888977051,0.34400179982185364,0.06943301856517792,-0.3248547911643982,-0.7587555646896362,0.13011455535888672,-0.4826883375644684,-0.04032418876886368,0.04890136793255806,-0.2025226652622223,-0.2560896575450897,0.12133347243070602,-0.04494647681713104,0.1073218509554863,0.07794013619422913,-0.18756695091724396,0.6133416891098022,-0.24452032148838043,-0.05802474170923233,-0.1891057789325714,-0.1616317480802536
453.0,-0.035457950085401535,-0.026426613330841064,0.03323792666196823,0.7100567817687988,-0.295921266078949,0.19015304744243622,-0.25064969062805176,0.2351953238248825,0.033686455339193344,-0.16943494975566864,-0.6473803520202637,-0.5185322761535645,-0.1077033281326294,0.2786770462989807,-0.021347403526306152,-0.400678426027298,-0.33656418323516846,-0.08201400190591812,0.15917328000068665,-0.4301866888999939,0.04366837441921234,0.1125698834657669,-0.28682589530944824,0.4380413591861725,-0.22249990701675415,-0.14736510813236237,-0.33919504284858704,-0.004241617396473885,0.22267840802669525,0.05319278687238693,-0.4991379678249359,0.6276838779449463,0.3339565098285675,0.03065812960267067,0.290158748626709,0.0503617599606514,-0.4113624393939972,0.11120135337114334,-0.23189738392829895,0.3415563404560089,0.34034690260887146,0.12052557617425919,-0.2422204166650772,-0.1270834505558014,0.5360575318336487,0.11074277013540268,-0.3820551335811615,-0.5195116996765137,0.0833684653043747,-0.3811708092689514,0.06179239973425865,0.08913315087556839,-0.14047487080097198,-0.13164947926998138,0.25868886709213257,-0.08364027738571167,0.004684146028012037,0.0653822124004364,-0.2195955216884613,0.28177493810653687,-0.2390471249818802,0.02684362791478634,-0.1863974630832672,-0.07805700600147247
454.0,0.021933840587735176,0.1357804536819458,0.038442980498075485,0.5942692756652832,-0.35181117057800293,0.3850570619106293,-0.3002696633338928,0.21023742854595184,0.04512286186218262,-0.3870234191417694,-0.42938631772994995,-0.7088921666145325,-0.027769839391112328,0.20761120319366455,0.007335871923714876,-0.4375435709953308,-0.43663060665130615,-0.21128757297992706,0.25828051567077637,-0.3503962755203247,-0.14537231624126434,0.15050490200519562,-0.4093148112297058,0.32378873229026794,-0.20029175281524658,-0.1055595800280571,-0.28083738684654236,0.0925731360912323,0.31903982162475586,0.23718498647212982,-0.705552875995636,0.55378258228302,0.3800544738769531,-0.06678835302591324,0.35518425703048706,0.16196802258491516,-0.5286961197853088,-0.13299433887004852,-0.09703078866004944,0.1610095202922821,0.36927780508995056,0.10353322327136993,-0.16601896286010742,0.02102377638220787,0.3805881142616272,0.01251351647078991,-0.24678215384483337,-0.8583845496177673,0.10064607858657837,-0.4091372489929199,-0.11665467917919159,-0.07709681242704391,-0.17995242774486542,-0.2893979549407959,0.34234505891799927,0.07434877753257751,0.1107792928814888,0.04151568189263344,-0.12843701243400574,0.6688321232795715,-0.4171489477157593,-0.13897085189819336,-0.17046676576137543,-0.1233682781457901
455.0,-0.21696016192436218,-0.12310604751110077,-0.6687118411064148,0.363027960062027,-0.09608514606952667,-0.46537554264068604,-0.34422266483306885,-0.43180251121520996,-0.710300862789154,0.3389875888824463,-0.03831622377038002,0.09820752590894699,-0.28577274084091187,-0.0037942363414913416,-0.20694060623645782,-0.38822177052497864,-0.13406147062778473,-0.11917145550251007,-0.46544235944747925,-0.471262663602829,-0.38345178961753845,0.6720172762870789,-0.00554589182138443,0.2172878235578537,0.10715967416763306,0.0684974268078804,-0.70567786693573,-0.3570478856563568,-0.08691474050283432,0.01779274269938469,0.5260711312294006,0.27074259519577026,0.10312218964099884,0.1600816398859024,0.2575393319129944,0.3514852225780487,0.12475631386041641,0.1996428221464157,0.11303823441267014,0.48769885301589966,0.512639045715332,-0.4848075807094574,-0.3823004364967346,-0.56058669090271,-0.09555947035551071,-0.1582368016242981,0.07800289988517761,0.06530537456274033,0.3523801267147064,-0.22109335660934448,-0.2106233686208725,-0.001153252087533474,0.010174231603741646,-0.3291001617908478,-0.14474272727966309,0.22732575237751007,-0.1254274696111679,-0.174261674284935,-0.2725151479244232,0.046431683003902435,0.00871814414858818,0.5741491913795471,0.01135217770934105,-0.2822341322898865
456.0,0.047599561512470245,0.029752543196082115,-0.631421685218811,0.39444631338119507,-0.14463207125663757,-0.49982839822769165,-0.385563462972641,-0.3680979311466217,-0.7866200804710388,0.4787524938583374,-0.044661249965429306,0.10689407587051392,-0.1530539095401764,0.08354027569293976,-0.32147371768951416,-0.34358537197113037,-0.27628615498542786,-0.05592692270874977,-0.38272824883461,-0.45916450023651123,-0.529312014579773,0.644924521446228,-0.11401333659887314,0.2580306828022003,0.08368891477584839,0.0360892191529274,-0.6778234839439392,-0.34421414136886597,-0.030718926340341568,-0.30241304636001587,0.5847944617271423,0.3132694959640503,0.25861018896102905,0.1220025047659874,0.16465485095977783,0.25751549005508423,-0.09967580437660217,0.3493332862854004,0.21527893841266632,0.4949081540107727,0.4642311632633209,-0.2777266800403595,-0.21628260612487793,-0.5224336981773376,-0.06757451593875885,-0.17363198101520538,-0.03579546511173248,0.10883302986621857,0.31430450081825256,-0.38394513726234436,-0.39130163192749023,0.06919719278812408,0.09873401373624802,-0.4278091490268707,-0.0917646661400795,0.38426968455314636,-0.137759730219841,-0.30276235938072205,-0.25465741753578186,-0.08541485667228699,-0.10730460286140442,0.6966274380683899,-0.1446378380060196,-0.3760285973548889
457.0,-0.08860471844673157,0.001668128534220159,-0.6423212885856628,0.43122246861457825,-0.20546545088291168,-0.4447205364704132,-0.5063973665237427,-0.35528597235679626,-0.8063639998435974,0.6079626679420471,-0.2523358166217804,0.11052118986845016,-0.28686684370040894,0.03797181323170662,-0.43682098388671875,-0.381918340921402,-0.2240828424692154,-0.1466035097837448,-0.4090305268764496,-0.472568154335022,-0.4411121606826782,0.686859130859375,-0.2500908672809601,0.2031279057264328,0.049038663506507874,-0.02894420176744461,-0.6013436317443848,-0.3928256332874298,-0.11489476263523102,-0.29155951738357544,0.766569972038269,0.3669387102127075,-0.012437538243830204,0.11962561309337616,0.06706666946411133,0.20683957636356354,-0.1673354059457779,0.364558607339859,0.345587819814682,0.5661104321479797,0.44728684425354004,-0.3801569938659668,-0.250949501991272,-0.7683897614479065,0.03891896456480026,-0.0317378044128418,0.0072939395904541016,0.013637105002999306,0.3370586037635803,-0.37798550724983215,-0.33206912875175476,-0.07432868331670761,0.0012851610081270337,-0.40870627760887146,0.0796671062707901,0.2718124985694885,0.04182663932442665,-0.3161300718784332,-0.47645506262779236,-0.041685231029987335,-0.13167954981327057,0.5997327566146851,0.009437253698706627,-0.2724315822124481
458.0,-0.19835563004016876,-0.07268191128969193,-0.7520189881324768,0.4571346938610077,-0.16717101633548737,-0.3402900993824005,-0.532931923866272,-0.3602507412433624,-0.6363377571105957,0.42366716265678406,-0.20899853110313416,0.03242256119847298,-0.23825043439865112,0.06102496385574341,-0.3474482297897339,-0.4017711579799652,-0.25657856464385986,-0.18206912279129028,-0.49471616744995117,-0.3402564525604248,-0.26558634638786316,0.6385656595230103,-0.2747952342033386,0.3645232915878296,-0.007044076919555664,0.06340773403644562,-0.5671521425247192,-0.2438628375530243,0.09679701924324036,-0.0720653384923935,0.6152940988540649,0.43228575587272644,-0.06432788819074631,-0.012490382418036461,0.22751624882221222,0.42385968565940857,-0.06639710813760757,0.1840732991695404,0.1379455178976059,0.42689332365989685,0.5231579542160034,-0.43452221155166626,-0.2986258566379547,-0.5775429010391235,-0.011548207141458988,-0.07640326023101807,0.01101917028427124,0.05601207911968231,0.2536261975765228,-0.13742345571517944,-0.32466015219688416,0.00942563358694315,-0.09256183356046677,-0.4763888120651245,-0.03316079080104828,0.2246207743883133,-0.06293291598558426,-0.382232129573822,-0.4004114270210266,0.07395287603139877,-0.07909907400608063,0.4482181668281555,0.008650220930576324,-0.28451916575431824
459.0,0.29124516248703003,0.4936578869819641,-0.18032531440258026,-0.09019345045089722,-0.5156825184822083,-0.8948552012443542,0.014871598221361637,-0.04845801740884781,-0.2433478981256485,0.4434639513492584,-0.2627331018447876,-0.0149421077221632,-0.2196858823299408,-0.034869685769081116,-0.08481858670711517,0.09244793653488159,-0.2746761441230774,-0.6475011110305786,-0.2656324803829193,-0.7607399225234985,-0.31624719500541687,0.523038387298584,0.07367637753486633,0.020022757351398468,0.10124359279870987,0.18104401230812073,-0.39561203122138977,0.058135561645030975,-0.2458476573228836,0.14143647253513336,0.6837164759635925,0.21156224608421326,0.16571380198001862,0.5177773833274841,0.16227993369102478,0.25040143728256226,0.06225518882274628,0.9869191646575928,0.6540424227714539,0.6253540515899658,0.7100293040275574,-0.2883802056312561,-0.6510023474693298,-0.4123361110687256,0.10204718261957169,-0.14140154421329498,-0.19608204066753387,0.2004697620868683,-0.06389512866735458,0.13165880739688873,-0.005320733413100243,-0.12177866697311401,0.23506058752536774,-0.17187416553497314,0.06151225417852402,-0.04188254475593567,-0.006531761959195137,-0.5428971648216248,-0.09365691244602203,-0.5313337445259094,-0.3394215703010559,0.07956086099147797,-0.18129102885723114,-0.15910904109477997
460.0,-0.2086929827928543,0.16095957159996033,-0.18834207952022552,0.18802987039089203,-0.19048245251178741,0.12800662219524384,-0.5455945730209351,0.10019256174564362,-0.3916053771972656,-0.0024046781472861767,-0.1709313690662384,-0.09101418405771255,-0.2804982364177704,-0.14695195853710175,-0.12787267565727234,-0.156389519572258,-0.3471080958843231,0.05113137140870094,-0.690163254737854,-0.1536441147327423,-0.27067992091178894,0.1284194141626358,-0.6242490410804749,-0.19015315175056458,-0.009622675366699696,-0.15032397210597992,-0.145475834608078,-0.4767827093601227,0.19088809192180634,-0.5163459777832031,-0.17440134286880493,0.688794732093811,-0.613888680934906,-0.20036953687667847,0.06950364261865616,-0.23673778772354126,-0.7133246660232544,-0.021609175950288773,0.07697899639606476,0.7218145132064819,0.18701811134815216,-0.13595984876155853,0.10525576770305634,-0.6366143822669983,0.34667354822158813,-0.3693297803401947,-0.22014380991458893,0.05489780381321907,-0.1432187855243683,-0.6897761821746826,-0.07782850414514542,0.304573655128479,-0.17607568204402924,-0.8118351697921753,-0.06630194932222366,0.20229406654834747,0.22804835438728333,0.02509123831987381,-0.2781227231025696,0.29384124279022217,0.06062735244631767,-0.25781410932540894,0.11445596814155579,-0.2900789976119995
461.0,0.03959337994456291,0.25153881311416626,-0.06519538164138794,0.16258008778095245,-0.05661250650882721,0.07131651788949966,-0.4258054196834564,0.07723044604063034,-0.27730122208595276,-0.12968936562538147,-0.21426105499267578,-0.21913780272006989,-0.2542009651660919,-0.17908360064029694,-0.03960971534252167,-0.16133858263492584,-0.5216978192329407,-0.051481522619724274,-0.501733124256134,-0.13767200708389282,-0.3857126832008362,0.09565472602844238,-0.591051459312439,-0.10914670675992966,-0.003917944151908159,-0.13283716142177582,-0.17049120366573334,-0.35320210456848145,0.12068089842796326,-0.46887698769569397,-0.24503862857818604,0.6936779618263245,-0.6474322080612183,-0.12841764092445374,0.09207022935152054,-0.228396475315094,-0.597292959690094,-0.28500381112098694,0.20779073238372803,0.697001576423645,0.3024865984916687,-0.19344301521778107,0.03523477911949158,-0.7239647507667542,0.23118871450424194,-0.3206963539123535,-0.11735143512487411,0.008848150260746479,-0.15213215351104736,-0.8045306205749512,-0.05522221326828003,0.18086199462413788,-0.09414128214120865,-0.654850423336029,-0.14996789395809174,0.333450585603714,0.07378187775611877,-0.11957204341888428,-0.35221824049949646,0.3901171088218689,0.1190805658698082,-0.1884249448776245,0.174313485622406,-0.44558966159820557
462.0,-0.07155465334653854,0.25045251846313477,-0.02366446703672409,0.15644820034503937,-0.042426303029060364,0.02830880880355835,-0.3643360137939453,-0.032573994249105453,-0.509148895740509,0.06644324213266373,-0.10127595067024231,-0.03220942243933678,-0.15098759531974792,0.07900022715330124,0.01307126134634018,-0.26813772320747375,-0.422074556350708,0.02748090960085392,-0.4521784484386444,-0.3494844436645508,-0.5061306357383728,0.08483346551656723,-0.5766695737838745,-0.16791126132011414,-0.15964554250240326,-0.14546461403369904,-0.2736743688583374,-0.6255961656570435,0.14697366952896118,-0.5251612663269043,-0.27801376581192017,0.6406944990158081,-0.604501485824585,-0.1365465372800827,0.17692457139492035,-0.27414000034332275,-0.7002832293510437,-0.05024024099111557,0.061056628823280334,0.856920599937439,0.38174793124198914,-0.16519641876220703,-0.05151468515396118,-0.7096555829048157,0.4077974855899811,-0.482316255569458,-0.2597810924053192,-0.024406837299466133,-0.08870794624090195,-0.858780026435852,-0.05333202704787254,0.2904960811138153,-0.16401231288909912,-0.8495681881904602,0.07598657160997391,0.30207741260528564,0.24566593766212463,0.04818583279848099,-0.23520909249782562,0.27091339230537415,0.10803797096014023,-0.15334577858448029,0.17952147126197815,-0.3454716205596924
463.0,-0.06789349019527435,0.1811414659023285,-0.18790705502033234,0.20409122109413147,-0.21721315383911133,-0.03286173567175865,-0.591515839099884,0.023954171687364578,-0.4235738515853882,-0.049851931631565094,-0.2937120497226715,-0.06599953770637512,-0.254841148853302,-0.14850161969661713,0.03513618931174278,-0.25820162892341614,-0.2699843645095825,0.039903778582811356,-0.4067049026489258,-0.2475956827402115,-0.3374297618865967,0.18714043498039246,-0.4309415817260742,-0.09731102734804153,-0.08274851739406586,0.04489966481924057,-0.1839514821767807,-0.4243738055229187,0.18958330154418945,-0.5532385110855103,-0.07345794141292572,0.8693588972091675,-0.6703428030014038,-0.23258408904075623,0.19331511855125427,0.01672637090086937,-0.5894763469696045,-0.20916642248630524,0.22282221913337708,0.7210536003112793,0.3500077724456787,-0.4046831727027893,-0.11997415870428085,-0.6337769627571106,0.2618703246116638,-0.3362841308116913,-0.17875489592552185,-0.14356613159179688,-0.04185973107814789,-0.7311668395996094,-0.044031720608472824,0.28525710105895996,-0.2732737362384796,-0.899297833442688,-0.0017581807915121317,0.29630014300346375,0.05008605867624283,0.07944126427173615,-0.4176746904850006,0.32819798588752747,-0.007152647245675325,-0.1601632982492447,0.27685287594795227,-0.36405131220817566
464.0,-0.07339140772819519,0.6226519346237183,0.5449371933937073,-0.24116265773773193,-0.6723063588142395,-0.10389526188373566,-0.21567149460315704,0.2775174379348755,-0.11918298155069351,-0.08661201596260071,-0.3072202205657959,-0.20908647775650024,-0.2470293939113617,0.00012850656639784575,0.32069647312164307,0.23872949182987213,-0.0970161035656929,-0.39780235290527344,-0.4066318869590759,-0.1888677179813385,-0.05244319885969162,-0.2102186530828476,-0.245795339345932,-0.4201791286468506,0.14096534252166748,0.23640921711921692,0.19243639707565308,-0.07796338945627213,-0.2122703343629837,-0.11213292181491852,-0.07750875502824783,0.4668406546115875,-0.5807859301567078,0.07253886759281158,0.07613732665777206,-0.057711709290742874,-0.5294889807701111,0.35152485966682434,0.6376245021820068,0.8956805467605591,0.1663762331008911,-0.2815927565097809,-0.20654544234275818,-0.3021981716156006,0.2883642315864563,-0.08625733107328415,-0.1424090713262558,0.2842350900173187,-0.3305259346961975,-0.3166648745536804,0.04950839281082153,0.022936128079891205,0.06798212975263596,-0.6982370018959045,-0.1727280467748642,0.04377302527427673,0.1296381801366806,-0.27352914214134216,-0.13681676983833313,-0.23052550852298737,0.02638932690024376,-0.7655735015869141,-0.03363737091422081,-0.1880577951669693
465.0,0.024201076477766037,-0.32868796586990356,-0.33874747157096863,0.30352896451950073,0.07406476140022278,0.11888491362333298,-0.28230583667755127,-0.13533058762550354,-0.2968735098838806,0.09110008925199509,0.04510882496833801,-0.2868674695491791,0.11162614077329636,0.13417686522006989,0.3964305520057678,-0.9311373233795166,0.02916323021054268,-0.12190510332584381,-0.4776895344257355,-0.1964505910873413,-0.01948966458439827,0.03161901608109474,-0.5349231362342834,0.3460424542427063,-0.20531681180000305,0.0648593157529831,-0.13060976564884186,-0.37592369318008423,0.27977454662323,0.23762911558151245,0.4818848967552185,0.16827939450740814,-0.341217041015625,0.13081607222557068,0.24102652072906494,0.6856998801231384,0.05939224734902382,-0.15915296971797943,-0.03203995153307915,0.4691394865512848,0.7172329425811768,-0.29909443855285645,-0.1914651095867157,-0.2894996702671051,0.25453025102615356,-0.052716292440891266,-0.1689891368150711,0.09651206433773041,0.33950409293174744,-0.3165205419063568,-0.2350657880306244,0.17720752954483032,-0.3181816637516022,-0.5730628967285156,0.3983064889907837,-0.29477038979530334,0.021710112690925598,0.15496134757995605,-0.49293336272239685,0.594559907913208,-0.11634625494480133,0.32342708110809326,0.8076549768447876,-0.2788807153701782
466.0,0.044775161892175674,-0.1867120862007141,-0.27349886298179626,0.28700992465019226,0.14266657829284668,0.10485392808914185,-0.32523220777511597,-0.2710459530353546,-0.3075282871723175,0.09702479094266891,0.1386919915676117,-0.18348219990730286,0.21654950082302094,0.21740373969078064,0.24045595526695251,-0.892265796661377,-0.21266716718673706,0.023252815008163452,-0.2855096757411957,-0.2001689374446869,-0.01911834627389908,0.13731707632541656,-0.6121852397918701,0.3619072139263153,-0.08978857845067978,0.09798212349414825,-0.2707888185977936,-0.33639562129974365,0.3806501030921936,0.2638186812400818,0.4637630581855774,0.14574609696865082,-0.3772324323654175,-0.032950129359960556,0.23471704125404358,0.5289812088012695,0.09527977555990219,-0.18242532014846802,0.0002288346877321601,0.41986462473869324,0.7249517440795898,-0.32504838705062866,-0.2621782124042511,-0.3385103940963745,0.15863487124443054,-0.11281406879425049,-0.16955149173736572,0.09399127960205078,0.24169300496578217,-0.11971040070056915,-0.2641724646091461,0.1884187012910843,-0.28011491894721985,-0.5641827583312988,0.3641205132007599,-0.11232417076826096,-0.06804083287715912,0.06128731742501259,-0.455034464597702,0.36558330059051514,-0.13871325552463531,0.1966303437948227,0.7441756725311279,-0.19821156561374664
467.0,0.02984035573899746,-0.1938498169183731,-0.485193133354187,0.4441062808036804,0.1908775269985199,-0.00813046470284462,-0.3441160023212433,-0.23251353204250336,-0.26878848671913147,0.15369686484336853,-0.0008041317341849208,-0.18731708824634552,0.009750396013259888,0.22726380825042725,0.43690940737724304,-0.7181107997894287,-0.09819023311138153,-0.18975570797920227,-0.24648012220859528,-0.18354982137680054,-0.029790963977575302,0.030005935579538345,-0.4577745199203491,0.37508735060691833,-0.49989432096481323,0.012476791627705097,-0.23359595239162445,-0.44889792799949646,0.2484111338853836,0.08562901616096497,0.4462610185146332,0.2662853002548218,-0.6154940724372864,-0.0575961135327816,0.1758114993572235,0.6070716381072998,0.06230902671813965,-0.052352696657180786,-0.2607843279838562,0.5046477913856506,0.8013514280319214,-0.299375981092453,-0.3475744426250458,-0.3438187837600708,0.22292350232601166,-0.11275879293680191,-0.16504544019699097,0.02159431390464306,0.2985677719116211,-0.31699687242507935,-0.14403371512889862,0.25989872217178345,-0.36053264141082764,-0.47477608919143677,0.5095454454421997,-0.038928691297769547,0.09341075271368027,-0.0840255543589592,-0.5017065405845642,0.5023794174194336,-0.19200511276721954,0.33348336815834045,0.8686624765396118,-0.3198271095752716
468.0,0.0781654566526413,-0.20329715311527252,-0.48825371265411377,0.5284285545349121,0.12646923959255219,0.16842326521873474,-0.36970674991607666,-0.18608175218105316,-0.39009398221969604,0.16222739219665527,-0.022846465930342674,-0.2699989378452301,0.15770652890205383,0.13572022318840027,0.2737227976322174,-0.7934484481811523,-0.056551940739154816,-0.1692012995481491,-0.4750102162361145,-0.288079172372818,-0.2717973291873932,-0.08482913672924042,-0.425239622592926,0.30870145559310913,-0.3154110610485077,0.05148676037788391,-0.09622567147016525,-0.3532889783382416,0.24004332721233368,-0.06857731193304062,0.37817493081092834,0.26025286316871643,-0.381918340921402,0.03592295944690704,0.32123973965644836,0.7426914572715759,0.0644301101565361,-0.1431473344564438,-0.10661742836236954,0.477977991104126,0.7318002581596375,-0.5088777542114258,-0.19807103276252747,-0.4834282398223877,0.2634213864803314,-0.04442822188138962,-0.03271587938070297,-0.043190065771341324,0.38670486211776733,-0.39201754331588745,-0.18626731634140015,0.36969253420829773,-0.45770880579948425,-0.658109724521637,0.4423864781856537,-0.15313638746738434,0.11780441552400589,0.08030861616134644,-0.6044839024543762,0.5604562759399414,-0.0053940447978675365,0.33798670768737793,0.8761059641838074,-0.2837434709072113
469.0,0.4698241651058197,0.3069842457771301,0.13366179168224335,-0.24496927857398987,-0.18607008457183838,-0.3043420910835266,0.07591965049505234,0.16114357113838196,-0.1646353304386139,0.22958776354789734,0.11328044533729553,-0.33477190136909485,0.2123720794916153,0.1627233922481537,0.6555942296981812,-0.5032981634140015,0.05886473506689072,-0.5434865951538086,0.04692200571298599,-0.034605689346790314,-0.18578551709651947,-0.17244525253772736,-0.21632075309753418,0.0073737818747758865,-0.5324618220329285,0.49898210167884827,0.2509010136127472,0.05472675710916519,-0.07104311883449554,0.37188833951950073,0.5648900270462036,-0.027438100427389145,-0.35644468665122986,0.48521754145622253,0.18912525475025177,0.6161931753158569,0.1455564945936203,0.3460094630718231,0.5000936985015869,0.5709735155105591,0.8958048224449158,-0.3093746304512024,-0.6179816722869873,-0.06640132516622543,0.17440471053123474,-0.12079141288995743,0.03655640408396721,0.3477625250816345,0.018512101843953133,0.023159343749284744,-0.13180772960186005,0.09695536643266678,0.014288047328591347,-0.5270345211029053,0.3899063766002655,-0.3426201045513153,-0.04280636087059975,-0.39594560861587524,-0.3053300976753235,-0.13987506926059723,-0.431973397731781,-0.02128264121711254,0.6678099036216736,-0.23047731816768646
470.0,-0.20058824121952057,-0.5970966815948486,-0.05386924743652344,0.5254181027412415,0.13137483596801758,0.5345650911331177,-0.330588698387146,0.21152329444885254,0.10409305989742279,-0.4394283592700958,-0.8686281442642212,-0.47323378920555115,-0.2393711507320404,0.22781652212142944,0.42375636100769043,-0.2910028100013733,-0.28680625557899475,-0.5666363835334778,-0.053594108670949936,0.11950648576021194,0.006397127173841,0.10365398228168488,0.23883569240570068,0.617588996887207,-0.48342329263687134,0.03917580097913742,-0.4689032733440399,-0.24648219347000122,0.27964597940444946,0.16930240392684937,-0.5227622985839844,0.46888968348503113,0.3126245141029358,0.11811022460460663,0.44081011414527893,0.4072854518890381,-0.27088192105293274,0.17105787992477417,-0.36470216512680054,0.2551950514316559,0.44618508219718933,0.031379397958517075,-0.27094781398773193,0.05213753879070282,0.32110145688056946,0.02210787497460842,0.2513662576675415,-0.5413937568664551,0.4284437596797943,-0.23938079178333282,0.2804219722747803,0.07142578810453415,-0.10201150178909302,-0.23446723818778992,0.5888547301292419,-0.07641763985157013,0.06434398144483566,0.14356908202171326,-0.2518617510795593,0.1995922327041626,-0.04099312424659729,0.10016526281833649,0.0507713258266449,0.017056813463568687
471.0,-0.04314805567264557,-0.36647868156433105,-0.17230971157550812,0.3542232811450958,-0.06880950927734375,0.3097690939903259,-0.24664731323719025,0.3475632667541504,0.24358057975769043,-0.27611973881721497,-0.7477872967720032,-0.47922924160957336,-0.08377952128648758,0.17316843569278717,0.42917048931121826,-0.22176684439182281,-0.14747296273708344,-0.5949931740760803,0.04099629819393158,0.2485092282295227,0.008737752214074135,0.09389014542102814,0.2706766426563263,0.49214041233062744,-0.5097306966781616,0.17028678953647614,-0.09459879249334335,-0.035807035863399506,0.19924205541610718,0.03471534699201584,-0.4077118933200836,0.17199328541755676,0.2798187732696533,0.2863815724849701,0.36044231057167053,0.3861524760723114,-0.19934090971946716,0.3956071436405182,-0.12225466966629028,0.18915654718875885,0.3804874122142792,0.01800677552819252,-0.34360286593437195,0.10220129787921906,0.24611231684684753,0.12298739701509476,0.16001611948013306,-0.3700813949108124,0.18818344175815582,-0.09264465421438217,0.29331907629966736,0.23173317313194275,0.18116770684719086,-0.07455913722515106,0.5707409977912903,-0.37032100558280945,0.017743775621056557,0.0394536592066288,-0.22301098704338074,-0.13554899394512177,-0.10228100419044495,-0.09696873277425766,-0.1180928647518158,0.13036464154720306
472.0,-0.12938737869262695,-0.5462155938148499,-0.19283197820186615,0.5166703462600708,-0.08572286367416382,0.4845840334892273,-0.3578062057495117,0.19005735218524933,0.2490909844636917,-0.3082524836063385,-0.6507407426834106,-0.43456995487213135,-0.1983942687511444,0.05069863423705101,0.4048927426338196,-0.27897003293037415,-0.13300661742687225,-0.4314132332801819,-0.05039886757731438,-0.09078741818666458,0.04868815839290619,0.0232381671667099,0.1500239223241806,0.5353853106498718,-0.32524365186691284,-0.2311277687549591,-0.3353732228279114,-0.23805059492588043,0.342335045337677,0.2830623984336853,-0.27866989374160767,0.5239276885986328,0.2348257452249527,0.13771653175354004,0.6212407350540161,0.3685467541217804,-0.2507166862487793,0.14763838052749634,-0.4841424524784088,0.2155543714761734,0.34566351771354675,-0.1878940761089325,-0.13963329792022705,-0.06439051032066345,0.3452308475971222,0.08640682697296143,0.09660562872886658,-0.3786739110946655,0.5546461939811707,-0.298923522233963,0.15699805319309235,0.1491730511188507,-0.2369239181280136,-0.1488431841135025,0.4374869167804718,-0.17156772315502167,-0.029167702421545982,0.3034904897212982,-0.06525495648384094,0.39533084630966187,-0.02286776341497898,-0.054918065667152405,0.14166896045207977,-0.020714761689305305
473.0,-0.2317218780517578,-0.6602490544319153,-0.08062532544136047,0.4345429539680481,-0.01694391295313835,0.35406050086021423,-0.31307512521743774,0.14940422773361206,0.20193053781986237,-0.41964516043663025,-0.8629838228225708,-0.4807067811489105,-0.2931957542896271,0.03542274609208107,0.3805946111679077,-0.25621500611305237,-0.26921364665031433,-0.5454540848731995,-0.2725597620010376,-0.15406878292560577,0.22055917978286743,0.13540728390216827,0.2694762647151947,0.6104502081871033,-0.3469550907611847,-0.08021055907011032,-0.5893586277961731,-0.27692824602127075,0.2765529155731201,0.1696954220533371,-0.15804974734783173,0.622220516204834,0.15791501104831696,-0.060851581394672394,0.41069385409355164,0.4755820631980896,-0.21535959839820862,0.23318731784820557,-0.31007570028305054,0.4543793797492981,0.6261502504348755,0.010424112901091576,-0.3937032222747803,-0.03004976361989975,0.39570820331573486,-0.0008198246359825134,-0.053897567093372345,-0.4374714493751526,0.3588591516017914,-0.277793824672699,0.37839236855506897,0.08088535070419312,-0.12721401453018188,-0.2157782018184662,0.5537517070770264,-0.12595531344413757,0.09391145408153534,0.16485440731048584,-0.09175337105989456,0.2892122268676758,0.006537357810884714,0.02532407082617283,0.025513090193271637,0.029097292572259903
474.0,-0.22736181318759918,-0.6293176412582397,-0.17945903539657593,0.39231303334236145,0.12805354595184326,0.5161262154579163,-0.34144482016563416,0.1578012853860855,0.0400976836681366,-0.30554577708244324,-0.5644012689590454,-0.42708778381347656,-0.15030917525291443,0.1387258619070053,0.38841062784194946,-0.2979542911052704,-0.1231340765953064,-0.5108307003974915,-0.14564946293830872,0.2695849537849426,-0.08368790149688721,0.0971514955163002,0.14940470457077026,0.5406320691108704,-0.5045067071914673,0.008848116733133793,-0.4408115744590759,-0.22043444216251373,0.25440526008605957,0.26389530301094055,-0.3506214916706085,0.22857685387134552,0.23442214727401733,0.08354891836643219,0.374881774187088,0.48447829484939575,-0.2576596140861511,0.14888793230056763,-0.29965150356292725,0.2242368906736374,0.4262272119522095,0.0037317918613553047,-0.1698034405708313,0.06459087878465652,0.22352266311645508,-0.0935567319393158,0.36266031861305237,-0.4450623095035553,0.39243125915527344,-0.24660973250865936,0.1679985523223877,0.08234972506761551,-0.012425439432263374,-0.3028568625450134,0.49857649207115173,-0.02780398726463318,0.04349598288536072,0.0695381611585617,-0.07905834913253784,0.20277588069438934,0.036335598677396774,0.09238233417272568,-0.16297771036624908,0.10712546855211258
475.0,0.04995471611618996,-0.021646754816174507,-0.47197845578193665,0.5037729740142822,-0.06989067047834396,-0.030871910974383354,-0.5737364888191223,0.032506491988897324,-0.45316627621650696,-0.004086347296833992,-0.13751301169395447,-0.09408961981534958,-0.13426804542541504,-0.06222591549158096,0.1720350980758667,-0.22388455271720886,-0.15134486556053162,0.35460591316223145,0.48559877276420593,-0.24113155901432037,-0.3765924274921417,0.2119605392217636,0.23187217116355896,-0.11237932741641998,-0.47573763132095337,0.32566574215888977,0.11197245121002197,-0.15366533398628235,0.27504298090934753,-0.7465667724609375,-0.038711804896593094,0.6088091135025024,-0.44747188687324524,-0.36339280009269714,0.06539903581142426,0.6452970504760742,-0.1326744258403778,-0.3541063666343689,0.4633218050003052,0.34237140417099,0.4758951961994171,-0.5471557378768921,-0.0154719902202487,-0.32929378747940063,-0.021731622517108917,-0.25444015860557556,-0.20206236839294434,-0.3435852825641632,-0.10124967992305756,-0.47952133417129517,0.19314345717430115,0.484835147857666,-0.26704350113868713,-0.6315954327583313,0.09884757548570633,0.4939417541027069,-0.09089107066392899,0.05181240662932396,-0.5901017785072327,-0.027744928374886513,-0.24109496176242828,0.285020112991333,0.4033430218696594,-0.33277428150177
476.0,-0.0012261952506378293,-0.3025325834751129,-0.44906941056251526,0.6377606987953186,-0.0006285232957452536,0.2165859192609787,-0.4866703152656555,0.06469760090112686,-0.45465564727783203,-0.22930681705474854,0.0011870386078953743,-0.2591748535633087,-0.09883153438568115,-0.2577263414859772,-0.029646292328834534,-0.27185699343681335,-0.15422117710113525,0.37395069003105164,0.1558796614408493,-0.1939181238412857,-0.38518837094306946,0.0817752331495285,0.12929676473140717,-0.1339254230260849,-0.41928496956825256,-0.04911866411566734,0.01689065247774124,-0.1759444922208786,0.19159649312496185,-0.6593000292778015,-0.050198886543512344,0.4804316461086273,-0.16583825647830963,-0.433872789144516,0.1976584941148758,0.5697188377380371,-0.1727243810892105,-0.47585025429725647,0.23627038300037384,0.10205557942390442,0.5303608179092407,-0.3047425150871277,0.07022619992494583,-0.13488532602787018,-0.016107644885778427,-0.11775537580251694,-0.1719084531068802,-0.4233644902706146,0.004207009449601173,-0.40265271067619324,0.18171286582946777,0.33650341629981995,-0.343453973531723,-0.26399219036102295,0.26316341757774353,0.4628709554672241,-0.062660351395607,-0.09052232652902603,-0.2722662687301636,0.21942320466041565,-0.1804540902376175,0.1869388222694397,0.27753663063049316,-0.24890436232089996
477.0,0.2196951061487198,-0.12647613883018494,-0.2126716524362564,0.4595828056335449,-0.18440157175064087,0.06370773911476135,-0.3592478334903717,0.25550660490989685,-0.37084725499153137,0.12012679874897003,-0.23923148214817047,-0.5542977452278137,0.04989887773990631,-0.21452735364437103,0.03278358653187752,-0.1467888057231903,-0.03647783771157265,0.06863737851381302,0.28409337997436523,-0.27727094292640686,-0.43268293142318726,0.13939794898033142,0.10325975716114044,-0.3142198622226715,-0.733180046081543,0.5458428263664246,0.4143761992454529,0.12009558081626892,0.0027503538876771927,-0.30048617720603943,-0.004566976800560951,0.2966022789478302,-0.05884109437465668,-0.07371921092271805,0.15337622165679932,0.5276260375976562,0.04573729634284973,-0.14868170022964478,0.7745464444160461,0.20765656232833862,0.6008483171463013,-0.25658169388771057,-0.12782205641269684,-0.09021419286727905,-0.09945590794086456,-0.0719180628657341,-0.16136053204536438,-0.1568409502506256,-0.24085161089897156,-0.02105090208351612,0.39197567105293274,0.42484232783317566,-0.2291523814201355,-0.23597940802574158,0.265176922082901,0.04907757788896561,-0.19859378039836884,0.08203102648258209,-0.4395327866077423,-0.1498158723115921,-0.24124842882156372,0.16552302241325378,0.45130613446235657,0.0910753607749939
478.0,-0.14228995144367218,-0.19267235696315765,-0.5444589257240295,0.6171786189079285,-0.0064952438697218895,0.06709663569927216,-0.5495752096176147,-0.08080371469259262,-0.706330418586731,0.058705031871795654,-0.17218419909477234,-0.2000262439250946,-0.07733482122421265,-0.09529152512550354,0.0693303570151329,-0.3230880796909332,0.021253161132335663,0.14261628687381744,-0.1556985080242157,-0.1399085968732834,-0.4987789988517761,0.10086271166801453,-0.11276078224182129,-0.1373308300971985,-0.5519574284553528,0.3047446608543396,0.03875485807657242,-0.32121264934539795,0.0791534036397934,-0.4483938217163086,-0.07809621095657349,0.36940211057662964,-0.43925416469573975,-0.26979583501815796,0.10301802307367325,0.4949248135089874,-0.12653665244579315,-0.36229756474494934,0.338969886302948,0.295265793800354,0.4666505455970764,-0.34786033630371094,-0.007519240025430918,-0.3690718114376068,-0.026852119714021683,-0.20100614428520203,-0.042422644793987274,-0.23656564950942993,0.011932183057069778,-0.40809258818626404,0.19442157447338104,0.4513978660106659,-0.27281808853149414,-0.48085394501686096,0.19570223987102509,0.30513888597488403,-0.12481338530778885,0.1365729570388794,-0.6218520402908325,0.033834319561719894,-0.15859045088291168,0.21382451057434082,0.4637581706047058,-0.10987843573093414
479.0,0.03099662810564041,-0.09829404950141907,-0.47911641001701355,0.3468141555786133,0.014561822637915611,0.019003788009285927,-0.6213780641555786,-0.0627204105257988,-0.4562532901763916,-0.14235720038414001,-0.20467078685760498,-0.1263347566127777,-0.006631096825003624,-0.2034362256526947,0.2093774676322937,-0.43924030661582947,-0.1976976841688156,0.24393269419670105,0.12310303002595901,0.05873560905456543,-0.4153251349925995,0.19999051094055176,0.014369800686836243,-0.10165940970182419,-0.2983476519584656,0.1864297091960907,-0.037161704152822495,-0.2558820843696594,0.33250102400779724,-0.7421481609344482,-0.12968076765537262,0.5207350254058838,-0.6843038201332092,-0.3390769958496094,0.1205000951886177,0.6148409843444824,-0.16318778693675995,-0.5608647465705872,0.4948902726173401,0.42162808775901794,0.5600439310073853,-0.5042574405670166,-0.13269560039043427,-0.3589465320110321,0.01820405013859272,-0.3037734627723694,-0.1341603547334671,-0.3503630757331848,-0.14501914381980896,-0.5352630019187927,0.1468929797410965,0.4175437092781067,-0.14685188233852386,-0.6510829925537109,0.13129231333732605,0.3652646541595459,-0.09139730781316757,0.07308273762464523,-0.6017981767654419,0.1654459536075592,-0.11374872177839279,0.15627992153167725,0.38670316338539124,-0.3119562268257141
480.0,-0.4414801001548767,-0.41286519169807434,-0.1488955318927765,0.2835334241390228,0.012112785130739212,0.1565728783607483,-0.7651954889297485,-0.048701535910367966,0.10951308161020279,0.05117527022957802,-0.39396291971206665,0.04894796758890152,-0.23086124658584595,0.06027332320809364,-0.07848808169364929,-0.35669225454330444,-0.06537787616252899,0.11429095268249512,-0.7052703499794006,-0.15982237458229065,0.7286128997802734,0.16793328523635864,-0.35100823640823364,0.5326628088951111,0.02156885527074337,-0.08899027854204178,-0.6598826050758362,-0.23032528162002563,0.47256651520729065,-0.30793389678001404,0.8143402934074402,0.6034832000732422,-0.4430793225765228,-0.4545067548751831,-0.08045729994773865,0.37638625502586365,-0.12549187242984772,0.32448843121528625,-0.2143450528383255,0.6486550569534302,0.5458715558052063,-0.23953770101070404,-0.2455970197916031,-0.48239055275917053,0.5546289682388306,-0.2338167428970337,-0.23037812113761902,0.17182914912700653,-0.11241460591554642,0.1310163289308548,0.24380362033843994,0.19414591789245605,-0.20356082916259766,-0.679205596446991,0.0373159795999527,0.11145741492509842,0.11946448683738708,0.1871808022260666,-0.28602898120880127,-0.07740212231874466,0.45443516969680786,0.10180531442165375,-0.03977593407034874,0.38654330372810364
481.0,-0.5696792006492615,-0.38466668128967285,-0.47753986716270447,0.4027635455131531,0.2051447629928589,0.1660359501838684,-0.6341860890388489,-0.0007222763961181045,0.19790388643741608,-0.04364510253071785,-0.1533379703760147,-0.011099711060523987,-0.3491012454032898,0.12768490612506866,-0.03189603239297867,-0.5181674957275391,-0.07861451804637909,0.12625452876091003,-0.6916752457618713,-0.09370644390583038,0.76404869556427,0.2503524422645569,-0.4029775559902191,0.6477436423301697,-0.09372763335704803,-0.03855974227190018,-0.44813528656959534,-0.11453332006931305,0.6057363152503967,-0.12165725976228714,0.5204809308052063,0.39596712589263916,-0.4465886950492859,-0.26560813188552856,-0.3190734386444092,0.5062018632888794,0.020160341635346413,0.24166283011436462,-0.3261970281600952,0.41365575790405273,0.5592636466026306,-0.07482822984457016,-0.02405489981174469,-0.4925329089164734,0.48954281210899353,-0.3348882794380188,-0.31366679072380066,0.14180360734462738,-0.26081886887550354,0.04426144063472748,0.2734321057796478,0.23851345479488373,-0.024618864059448242,-0.5078360438346863,-0.06578969210386276,-0.007183305453509092,0.1866903156042099,0.19942276179790497,-0.42992910742759705,-0.003913134336471558,0.2607511878013611,0.17810599505901337,-0.03354900702834129,0.2328852117061615
482.0,-0.016089823096990585,-0.17541305720806122,0.15821392834186554,-0.03768184781074524,0.050639115273952484,0.03040350042283535,-0.3976757824420929,0.17163963615894318,0.4558827579021454,-0.21620096266269684,-0.46120572090148926,-0.1541038155555725,-0.09774662554264069,-0.020608050748705864,0.1258246749639511,-0.5035989284515381,0.12824875116348267,-0.11587274074554443,-0.4386838376522064,-0.12994295358657837,0.7904727458953857,0.24465800821781158,-0.13938824832439423,0.5993178486824036,-0.07822266221046448,0.32000768184661865,-0.18844228982925415,0.12378861010074615,0.4087218642234802,-0.39054128527641296,0.5260311961174011,0.3320291340351105,-0.14511695504188538,0.05462447553873062,-0.09590787440538406,0.34061941504478455,0.0695658028125763,0.4341052770614624,0.16384275257587433,0.5023912787437439,0.6956371068954468,-0.04339195787906647,-0.408092200756073,-0.3057674467563629,0.5245512127876282,-0.13346244394779205,-0.43962568044662476,0.0999731719493866,-0.39229196310043335,0.15357458591461182,0.499683141708374,0.11570003628730774,0.23742714524269104,-0.3632762134075165,0.05299109220504761,-0.3364385664463043,0.03147239238023758,0.42342525720596313,-0.23144547641277313,-0.2791547477245331,0.2919773757457733,-0.14623652398586273,-0.14146281778812408,0.6810307502746582
483.0,-0.4748501479625702,-0.40896597504615784,-0.4107964038848877,0.37891897559165955,0.007030119653791189,0.16248935461044312,-0.6729612946510315,0.08409174531698227,0.2049064338207245,0.004372918978333473,-0.1436661332845688,-0.06476724147796631,-0.3119816184043884,-0.12090843170881271,-0.15381817519664764,-0.2733432948589325,0.12202313542366028,0.21583335101604462,-0.66411292552948,-0.2172420471906662,0.7333802580833435,0.2192167490720749,-0.3695897161960602,0.5597062706947327,-0.09771175682544708,-0.03308966010808945,-0.5123358368873596,-0.12914451956748962,0.5104408264160156,-0.1186407133936882,0.7170438766479492,0.5069746971130371,-0.32749268412590027,-0.38494575023651123,-0.3061159551143646,0.32615023851394653,-0.19439159333705902,0.2324794977903366,-0.27910640835762024,0.4848625957965851,0.3502405285835266,-0.10574532300233841,0.1052112951874733,-0.4710967242717743,0.44445204734802246,-0.4233075678348541,-0.22888416051864624,0.06020248681306839,-0.015208348631858826,-0.18806017935276031,0.20574846863746643,0.26086536049842834,-0.010542474687099457,-0.618209719657898,-0.23161397874355316,0.09660976380109787,0.0885063111782074,0.4200482666492462,-0.1945723295211792,0.0511062890291214,0.2577737867832184,0.258180171251297,-0.19755259156227112,0.36135947704315186
484.0,-0.46235525608062744,-0.38682880997657776,-0.28279024362564087,0.15030935406684875,-0.020583445206284523,0.09318334609270096,-0.7108162641525269,0.008816253393888474,0.1236768364906311,0.09958314895629883,-0.25479722023010254,-0.08105173707008362,-0.20213979482650757,0.06459666043519974,0.07241356372833252,-0.49934089183807373,-0.07159683853387833,0.11110081523656845,-0.592376172542572,-0.03416648507118225,0.7501230835914612,0.08745614439249039,-0.37735486030578613,0.5849222540855408,-0.11437024176120758,0.03783298656344414,-0.5800104737281799,-0.1043572947382927,0.5172551274299622,-0.06645350903272629,0.8183161020278931,0.5479300618171692,-0.5081056356430054,-0.449138343334198,-0.2689148783683777,0.47540345788002014,-0.07476841658353806,0.21211090683937073,-0.2295728474855423,0.612123429775238,0.5893170833587646,-0.18353673815727234,-0.24281902611255646,-0.5284046530723572,0.512742817401886,-0.33258411288261414,-0.20424766838550568,0.2305370569229126,-0.1028980016708374,-0.042000073939561844,0.15566204488277435,0.2842045724391937,-0.07795484364032745,-0.7388432025909424,-0.07551591843366623,0.03000486083328724,0.10585568845272064,0.1909257471561432,-0.3821142911911011,0.005599352531135082,0.29906055331230164,0.1530437171459198,0.02114914171397686,0.2390735149383545
485.0,-0.12504760921001434,0.1270543932914734,-0.2983815371990204,0.452521950006485,-0.17229534685611725,0.5109384059906006,-0.38873526453971863,-0.38198256492614746,-0.3026888370513916,0.06049589812755585,-0.07630296796560287,-0.08916959166526794,0.3309071660041809,-0.08835972100496292,-0.26882800459861755,-0.444661945104599,0.01826244778931141,-0.17608162760734558,-0.5673781633377075,-0.05334509164094925,-0.05183028057217598,-0.3771120309829712,-0.42886868119239807,0.04798412322998047,0.4893943965435028,-0.2789759933948517,-0.2936079800128937,-0.23543605208396912,0.31951904296875,0.12599262595176697,-0.08872168511152267,0.23171013593673706,-0.4314762055873871,-0.24811658263206482,0.39786988496780396,0.5746859908103943,0.12578052282333374,0.04916400834918022,-0.020458970218896866,0.3854063153266907,0.5312230587005615,-0.5760686993598938,-0.09254131466150284,-0.6612685918807983,0.4111718535423279,-0.15166234970092773,-0.1482408344745636,-0.04754919558763504,0.30875638127326965,-0.2459118664264679,-0.27831941843032837,0.2741793394088745,0.058986447751522064,-0.3495798110961914,-0.410847544670105,0.22051262855529785,-0.13013699650764465,-0.06594928354024887,-0.19343607127666473,-0.24668295681476593,-0.230976864695549,-0.6698926091194153,-0.029873505234718323,0.26322272419929504
486.0,-0.0873742327094078,0.14150270819664001,-0.42755457758903503,0.5278702974319458,-0.3329448699951172,0.3386070728302002,-0.41323181986808777,-0.14049842953681946,-0.20502693951129913,0.0443430170416832,-0.1371341049671173,-0.1651124209165573,0.1836661994457245,-0.10635276883840561,-0.19926249980926514,-0.5369295477867126,-0.10360846668481827,-0.09031502902507782,-0.3536078929901123,-0.24317105114459991,0.08027703315019608,-0.262555330991745,-0.3210899829864502,0.1558353453874588,0.42547228932380676,-0.23610247671604156,-0.2854593098163605,-0.09946297109127045,0.32826462388038635,0.04383130371570587,0.03794446587562561,0.5116615891456604,-0.37096500396728516,-0.17523008584976196,0.3561015725135803,0.6310533881187439,0.07242383807897568,0.082710862159729,-0.0736815333366394,0.49284353852272034,0.6018649935722351,-0.7135103940963745,-0.2871761918067932,-0.7262600064277649,0.47772446274757385,-0.12506356835365295,-0.21437396109104156,-0.09788602590560913,0.3196403384208679,-0.31006231904029846,-0.25636452436447144,0.3888879716396332,-0.026549294590950012,-0.4598759114742279,-0.3699672222137451,0.056427210569381714,-0.10900194197893143,-0.14629314839839935,-0.3445720374584198,-0.14403295516967773,-0.2995122969150543,-0.49962708353996277,0.12588967382907867,0.0007656979723833501
487.0,-0.2341468334197998,0.10514392703771591,-0.43933701515197754,0.4709833562374115,-0.22965998947620392,0.23901371657848358,-0.3132792115211487,-0.22039690613746643,-0.20680467784404755,-0.03683853521943092,0.17754273116588593,0.07639674842357635,0.09347788244485855,-0.12106643617153168,-0.2762214243412018,-0.42912402749061584,0.18967200815677643,0.0728706568479538,-0.507357120513916,-0.3332064747810364,0.023388883098959923,-0.13773420453071594,-0.3150007128715515,0.15785661339759827,0.44865912199020386,-0.1973668336868286,-0.27872881293296814,-0.11223489046096802,0.3323521912097931,0.09719224274158478,0.04272136464715004,0.37336182594299316,-0.22231493890285492,-0.16279476881027222,0.39521482586860657,0.6211186051368713,0.08434199541807175,-0.01003728061914444,-0.21040211617946625,0.3075789511203766,0.4134211242198944,-0.7320191264152527,-0.06779035925865173,-0.5122646689414978,0.3861512839794159,-0.23078149557113647,-0.1992538869380951,-0.12550781667232513,0.28522515296936035,-0.1972370594739914,-0.2865661382675171,0.27786844968795776,-0.17344315350055695,-0.5495728850364685,-0.4946107268333435,0.12126965820789337,-0.11035025119781494,-0.006415399257093668,-0.05293748155236244,0.0009210443822667003,-0.1467566043138504,-0.42780986428260803,-0.10056933015584946,0.1044677197933197
488.0,0.04505982622504234,0.21380259096622467,0.034088969230651855,0.3107243478298187,-0.4309059679508209,0.3389008343219757,-0.3038228154182434,-0.17013432085514069,-0.21609695255756378,0.23653055727481842,-0.09936247766017914,-0.169754758477211,0.32296329736709595,-0.04023526981472969,-0.07531505078077316,-0.3495151102542877,0.3832642138004303,-0.2443186491727829,-0.02177787758409977,-0.32913607358932495,-0.09412949532270432,-0.23496118187904358,-0.17199230194091797,-0.19531789422035217,0.3456697165966034,-0.10740286111831665,-0.042713992297649384,0.04362310841679573,0.06969211250543594,0.19487962126731873,0.0356694720685482,0.12354785203933716,-0.17103545367717743,0.12674400210380554,0.5005506873130798,0.7879940271377563,0.23449108004570007,0.23828689754009247,0.4490360915660858,0.45555296540260315,0.5803412199020386,-0.8116660118103027,-0.21267889440059662,-0.425258994102478,0.42677992582321167,-0.17118650674819946,-0.1503830999135971,-0.11323118209838867,0.1368103176355362,-0.08568751066923141,-0.14410172402858734,0.015139549039304256,0.07708196341991425,-0.34144213795661926,-0.4590499997138977,0.16492214798927307,-0.1644713431596756,-0.04053729400038719,-0.10149107873439789,-0.3681941330432892,-0.1639920175075531,-0.5286742448806763,-0.28230634331703186,0.49921998381614685
489.0,-0.2645174264907837,0.22973944246768951,-0.5182907581329346,0.6874487996101379,-0.3361127972602844,0.20605599880218506,-0.41192740201950073,-0.18979023396968842,-0.3614923655986786,0.08936366438865662,0.016852663829922676,-0.09060049057006836,0.14479950070381165,0.07930581271648407,-0.31548401713371277,-0.6236727237701416,-0.14083601534366608,0.09895771741867065,-0.41939523816108704,-0.3389173448085785,0.03310618922114372,-0.19624681770801544,-0.5366338491439819,0.27373170852661133,0.3480178415775299,-0.15986217558383942,-0.3545454740524292,-0.09677325934171677,0.4152059257030487,0.058649808168411255,0.14158299565315247,0.4692635238170624,-0.4485296607017517,-0.3451407253742218,0.12651681900024414,0.7954732179641724,-0.07016394287347794,0.01570161059498787,-0.02633027546107769,0.5718885660171509,0.6659334301948547,-0.6195492744445801,-0.1285327821969986,-0.7513716220855713,0.5753133893013,-0.21125566959381104,-0.3330981433391571,-0.174461230635643,0.17276479303836823,-0.39806443452835083,-0.38505396246910095,0.3781762719154358,-0.07399511337280273,-0.6881759762763977,-0.3162005543708801,0.1430189460515976,-0.004643845371901989,-0.3203625977039337,-0.4103170335292816,-0.16337944567203522,-0.34147003293037415,-0.3301751911640167,-0.10144102573394775,-0.12442077696323395
490.0,0.1284826695919037,0.01621493697166443,0.12701016664505005,0.19470514357089996,-0.13806217908859253,0.21534569561481476,-0.35908326506614685,0.3701431453227997,0.47485998272895813,-0.2847108542919159,-0.7979708909988403,-0.5187140107154846,-0.4786679148674011,-0.0032264385372400284,0.07435176521539688,0.128889799118042,-0.4825893044471741,-0.3884437680244446,0.871699869632721,0.0055574942380189896,0.08982356637716293,0.5679428577423096,0.24756717681884766,0.26965993642807007,-0.5146746039390564,0.12998799979686737,-0.06374400109052658,0.43610072135925293,0.2784871459007263,-0.14115378260612488,-0.5557467341423035,0.6244964003562927,0.1469792127609253,0.13372702896595,0.39359748363494873,0.2317504584789276,-0.09124395996332169,0.12958906590938568,0.3651585280895233,0.25124266743659973,0.5791469216346741,-0.18434950709342957,-0.388724684715271,-0.08492936193943024,0.16600003838539124,0.040560055524110794,-0.14345499873161316,-0.3990725576877594,-0.4983386993408203,0.011872468516230583,0.3851756751537323,-0.20907846093177795,0.1474842131137848,0.024771103635430336,-0.0053797876462340355,0.23140931129455566,0.07975766807794571,-0.4199192523956299,0.06914211064577103,-0.009285733103752136,0.041089922189712524,-0.23600584268569946,-0.5906944870948792,0.19053590297698975
491.0,-0.03568858280777931,-0.19294320046901703,-0.25008121132850647,0.3963828980922699,0.1482239067554474,0.4828432500362396,-0.6492949724197388,0.17527088522911072,0.26964738965034485,-0.2351558357477188,-0.5993431806564331,-0.33468517661094666,-0.581587553024292,-0.1324644535779953,-0.2269841432571411,0.06927693635225296,-0.5642027258872986,-0.20723481476306915,0.6212624311447144,0.012259732000529766,0.10782437771558762,0.897866427898407,-0.07086755335330963,0.1883571892976761,-0.38879114389419556,-0.031671565026044846,-0.2861838638782501,0.06260331720113754,0.2763749361038208,-0.18955235183238983,-0.5018923282623291,0.6319149732589722,0.02379726618528366,0.028681214898824692,0.32506558299064636,-0.15225909650325775,-0.3214704394340515,-0.10867270827293396,-0.12483087927103043,0.3234323561191559,0.23551109433174133,-0.2317291498184204,-0.11369161307811737,-0.3667936325073242,-0.049474142491817474,0.014056095853447914,0.13185441493988037,-0.5556397438049316,-0.06651145219802856,-0.37260937690734863,0.030905190855264664,-0.1735396385192871,-0.10317425429821014,-0.18978193402290344,-0.03305206447839737,0.24328705668449402,0.3463330864906311,0.003160392865538597,-0.13761526346206665,0.7151139974594116,0.15915602445602417,0.2794869542121887,-0.12301509827375412,0.04463966190814972
492.0,0.01105521060526371,-0.19544309377670288,-0.26648038625717163,0.3913518190383911,0.20599709451198578,0.23238077759742737,-0.48332369327545166,0.0656488835811615,0.18894578516483307,-0.06658947467803955,-0.7407172918319702,-0.19181136786937714,-0.4120946526527405,0.033960193395614624,-0.1805369257926941,0.04196634516119957,-0.6720865964889526,-0.09571877121925354,0.7889090776443481,0.06820644438266754,-0.038371872156858444,0.7380923628807068,0.012624600902199745,0.35932376980781555,-0.5056295990943909,-0.06813569366931915,-0.40293726325035095,0.06947315484285355,0.33252283930778503,-0.15570271015167236,-0.49369341135025024,0.639988899230957,-0.14253628253936768,-0.08237705379724503,0.35817772150039673,0.012555195949971676,-0.2742401957511902,-0.3671840727329254,-0.09207883477210999,0.3595992922782898,0.3023345172405243,-0.2441425621509552,-0.14626067876815796,-0.3600229024887085,0.012782885693013668,-0.04203987866640091,0.06810552626848221,-0.4392630457878113,-0.18077434599399567,-0.39066049456596375,-0.01740243099629879,-0.11698287725448608,-0.09145450592041016,-0.18620900809764862,-0.0672660544514656,0.27886292338371277,0.13676145672798157,-0.24997615814208984,-0.19547180831432343,0.4262741804122925,0.21764542162418365,0.3929862678050995,-0.2547341287136078,-0.2015259712934494
493.0,-0.14558537304401398,-0.2460247278213501,-0.4173581302165985,0.29282668232917786,0.16131649911403656,0.3379365801811218,-0.6216697096824646,0.014737500809133053,0.19816738367080688,-0.2568454146385193,-0.5225330591201782,-0.30451902747154236,-0.5765888690948486,-0.08115365356206894,-0.11521721631288528,-0.03318515419960022,-0.6305175423622131,-0.18236394226551056,0.6783411502838135,0.17875196039676666,-0.0791565552353859,0.8563358783721924,0.015016571618616581,0.338640034198761,-0.5919720530509949,-0.05754174664616585,-0.442954957485199,0.0816141664981842,0.3417011499404907,0.031320907175540924,-0.6617119908332825,0.7110679149627686,0.0207198578864336,-0.12261518836021423,0.5209675431251526,-0.06658296287059784,-0.3789023756980896,-0.3650193214416504,-0.3455992043018341,0.17291532456874847,0.33540448546409607,-0.19040487706661224,-0.15269237756729126,-0.35748225450515747,-0.16874650120735168,-0.14934693276882172,0.1839641034603119,-0.5479958057403564,-0.041363444179296494,-0.4782368838787079,-0.039904143661260605,-0.12625528872013092,-0.03267085552215576,-0.17710256576538086,-0.18176224827766418,0.4254368543624878,0.06049496680498123,-0.09615694731473923,-0.008168293163180351,0.6614552736282349,0.1582115888595581,0.11568813025951385,-0.3958287239074707,-0.11670923233032227
494.0,-0.14601606130599976,-0.2529941201210022,-0.30024513602256775,0.5244811773300171,-0.03641941025853157,0.5934842824935913,-0.6790522933006287,0.1504102349281311,0.2541629374027252,-0.11646879464387894,-0.4077323079109192,-0.4208385646343231,-0.5740048885345459,-0.051047876477241516,-0.2070283740758896,0.07940815389156342,-0.4859152138233185,-0.11039775609970093,0.7625458836555481,0.07205334305763245,0.12574653327465057,0.6802158355712891,-0.09779935330152512,0.18177303671836853,-0.4936153292655945,-0.06287560611963272,-0.3067609667778015,0.1794096976518631,0.20699386298656464,0.10030581057071686,-0.4290214478969574,0.6519125699996948,0.169887974858284,-0.190379336476326,0.34972503781318665,-0.05559518560767174,-0.2871617078781128,-0.013800966553390026,-0.4307801127433777,0.3603150248527527,0.27456116676330566,-0.250186562538147,-0.022695472463965416,-0.4888093173503876,-0.06576618552207947,0.1275075525045395,0.12784840166568756,-0.42255011200904846,0.10330315679311752,-0.5383597612380981,-0.16497504711151123,0.02122330106794834,-0.1249351054430008,-0.17243629693984985,-0.2331390529870987,0.3374615013599396,0.25106334686279297,-0.04030800610780716,0.033132731914520264,0.7081331014633179,0.2202833592891693,0.14027033746242523,-0.3087930977344513,0.054534200578927994
495.0,0.37614792585372925,0.14853917062282562,0.20457491278648376,0.013373264111578465,-0.2762216329574585,0.2173963189125061,0.15712998807430267,0.5423372983932495,0.3302265703678131,-0.18589088320732117,-0.3017251789569855,-0.6224237084388733,0.12633219361305237,0.08002776652574539,0.05468597635626793,-0.28297343850135803,-0.4761078655719757,-0.27476802468299866,0.8439541459083557,0.08975882828235626,0.5870814919471741,0.03370816260576248,-0.2501460015773773,0.32659295201301575,-0.4409862756729126,0.3893320560455322,-0.03674226999282837,0.4737784266471863,0.14041170477867126,0.5518885850906372,-0.2577614486217499,0.42736294865608215,0.04041455313563347,0.07037188112735748,0.03706488385796547,-0.12370338290929794,-0.10593527555465698,0.5006353259086609,-0.08510160446166992,0.4832659363746643,0.7824296355247498,0.2702423930168152,-0.7678578495979309,-0.19467586278915405,0.2865087687969208,0.0626739114522934,-0.3846745789051056,-0.05846519395709038,-0.03678777441382408,-0.23410767316818237,-0.11660315841436386,0.3739190101623535,0.4780474305152893,0.018584150820970535,-0.07146947085857391,-0.4494607150554657,-0.07918253540992737,-0.4088560938835144,-0.00568012148141861,-0.4220946729183197,-0.7552226185798645,-0.43085354566574097,0.03798031061887741,0.023032840341329575
496.0,-0.0023448022548109293,-0.1337694525718689,-0.49760639667510986,0.3371760845184326,-0.19090601801872253,0.3368619382381439,-0.07900099456310272,0.14327511191368103,0.0659734383225441,-0.14277584850788116,-0.15568219125270844,-0.4781340956687927,0.10118447244167328,-0.07939500361680984,-0.29404470324516296,-0.19353680312633514,-0.6275358200073242,-0.05053774267435074,0.24984686076641083,-0.23360975086688995,0.37263983488082886,0.34988024830818176,-0.5701140761375427,0.33886510133743286,-0.28436240553855896,0.046207644045352936,-0.14560112357139587,-0.0936700850725174,0.208368718624115,0.5191226005554199,-0.29825133085250854,0.4946417212486267,-0.16779831051826477,-0.36183714866638184,0.14975637197494507,-0.44028881192207336,-0.6018757820129395,-0.03991076722741127,-0.535648763179779,0.3405401408672333,0.25171852111816406,0.2926182746887207,-0.29539141058921814,-0.29070422053337097,-0.12782545387744904,0.09432000666856766,-0.40281495451927185,-0.3338381350040436,0.4457302987575531,-0.7005195021629333,-0.4310570955276489,0.5139800906181335,0.09034384787082672,-0.1113099530339241,0.13918229937553406,-0.478390634059906,0.1127435714006424,-0.051522865891456604,0.015944819897413254,0.47838476300239563,-0.63379967212677,-0.20074452459812164,0.36028996109962463,-0.3724597692489624
497.0,-0.06716669350862503,-0.1607559323310852,-0.2922894060611725,0.6935354471206665,-0.2288069725036621,0.4268818497657776,-0.3322737514972687,0.3364991247653961,0.06191309168934822,-0.14582335948944092,-0.2744452655315399,-0.6401696801185608,-0.11429949104785919,0.1315145045518875,-0.22074617445468903,-0.3075215816497803,-0.8882861137390137,0.08348212391138077,0.3634963631629944,-0.3886338770389557,0.4128232002258301,0.32769662141799927,-0.6509655117988586,0.4630108177661896,-0.27458932995796204,-0.0972309410572052,-0.4350759983062744,-0.11024612188339233,0.2579796016216278,0.5370283126831055,-0.1160929873585701,0.6801199913024902,-0.07294543087482452,-0.2730070650577545,0.16762897372245789,-0.4235326945781708,-0.5917779207229614,0.07287712395191193,-0.48718634247779846,0.532231867313385,0.38041746616363525,0.054895415902137756,-0.32693055272102356,-0.5045849084854126,0.15949885547161102,0.050476573407649994,-0.20602655410766602,-0.17878465354442596,0.4381950795650482,-0.579879879951477,-0.30578798055648804,0.4388778805732727,0.0019636647775769234,-0.19084206223487854,0.1391620635986328,-0.1945757418870926,-0.04274624213576317,-0.20574194192886353,-0.2183411866426468,0.22343045473098755,-0.4554155766963959,-0.025055140256881714,0.3627007305622101,-0.40537530183792114
498.0,-0.06673191487789154,-0.13193558156490326,-0.41245126724243164,0.5487979054450989,0.005589451175183058,0.33170753717422485,-0.1638055443763733,0.1313038468360901,0.19667333364486694,-0.1487227976322174,-0.03416043519973755,-0.35745495557785034,-0.10198795050382614,0.12663286924362183,-0.20330245792865753,-0.21234796941280365,-0.751205563545227,0.143845334649086,0.452053964138031,-0.33810871839523315,0.4559396803379059,0.3781168460845947,-0.5005322098731995,0.45046913623809814,-0.19472365081310272,-0.23176591098308563,-0.43474075198173523,-0.19834233820438385,0.34338054060935974,0.5314331650733948,-0.2208138257265091,0.4396221339702606,-0.10401103645563126,-0.2840120494365692,0.05606414005160332,-0.4721183180809021,-0.4533724784851074,0.05416448414325714,-0.6996691823005676,0.3097200393676758,0.2501694858074188,0.17825476825237274,-0.1460275948047638,-0.44456374645233154,0.06391452997922897,-0.05948495492339134,-0.31221258640289307,-0.2169947624206543,0.41700494289398193,-0.6099107265472412,-0.30435237288475037,0.33236271142959595,0.14303578436374664,0.04552067816257477,0.023358874022960663,-0.11011359095573425,0.026338212192058563,-0.00996449589729309,-0.049652837216854095,0.25154349207878113,-0.48772647976875305,-0.0010372931137681007,0.24298636615276337,-0.3581615090370178
499.0,-0.019792940467596054,-0.13292506337165833,-0.2539341449737549,0.31933972239494324,-0.20412835478782654,0.3978308439254761,-0.07947613298892975,0.16417282819747925,0.07280368357896805,-0.1001690998673439,-0.13731835782527924,-0.4171779453754425,0.059663962572813034,0.1941181719303131,-0.11795394867658615,-0.3194057047367096,-0.6017289161682129,-0.023523081094026566,0.30838751792907715,-0.06342930346727371,0.3302159607410431,-0.029720505699515343,-0.4838472306728363,0.3353259265422821,-0.33841273188591003,-0.25010359287261963,-0.20409457385540009,-0.10526334494352341,0.28246060013771057,0.34401488304138184,-0.30105897784233093,0.5741090178489685,-0.06875943392515182,-0.3824704885482788,0.21844984591007233,-0.31356900930404663,-0.5826252698898315,0.02138812653720379,-0.7626500725746155,0.27313655614852905,0.3046870529651642,0.3945043087005615,-0.13811670243740082,-0.2883678674697876,0.20458757877349854,0.11116727441549301,-0.41737204790115356,-0.14305393397808075,0.4368360638618469,-0.6903730034828186,-0.42715346813201904,0.42110171914100647,-0.003535780357196927,-0.08896923065185547,0.07517758756875992,-0.22770097851753235,0.08997662365436554,-0.06057986244559288,0.006722015328705311,0.42520394921302795,-0.5297901034355164,-0.23779568076133728,0.3044239282608032,-0.4466538727283478
500.0,-0.35506471991539,0.18053090572357178,-0.9901390075683594,0.330231249332428,-0.19012154638767242,-0.20824012160301208,-0.624393880367279,-0.3746330142021179,-0.7706316709518433,0.32552510499954224,0.10721177607774734,0.28746873140335083,0.10161059349775314,0.1585022658109665,-0.49228808283805847,-0.2901739180088043,-0.08588474243879318,-0.21290843188762665,-0.5872846245765686,0.24386560916900635,-0.3397456109523773,0.14650075137615204,-0.27695852518081665,0.2504390776157379,-0.07382653653621674,-0.05897944048047066,-0.43105700612068176,-0.030802538618445396,0.04349910467863083,-0.23988297581672668,0.15924201905727386,0.3883778750896454,-0.09030326455831528,-0.25201869010925293,0.5652033090591431,0.29913127422332764,-0.18806584179401398,0.19482198357582092,-0.4814833700656891,-0.21864727139472961,0.3205712139606476,-0.4227083623409271,-0.49105435609817505,-0.2638338506221771,-0.11607173830270767,-0.17812463641166687,0.38137295842170715,-0.11097759753465652,0.3004625737667084,0.24466989934444427,-0.4615812301635742,0.31349799036979675,-0.12272556126117706,-0.45037969946861267,-0.2695678174495697,0.46078982949256897,-0.3038940727710724,-0.7040389180183411,-0.2759734094142914,-0.27935656905174255,-0.3137131333351135,-0.21786031126976013,-0.2400452345609665,-0.10785643756389618
501.0,-0.2736814320087433,0.12213945388793945,-0.8978983163833618,0.3398516774177551,-0.3179507255554199,-0.2593097388744354,-0.6700844764709473,-0.28833749890327454,-0.6602896451950073,0.3273850679397583,0.009439573623239994,0.1259237825870514,-0.013695725239813328,0.08199319243431091,-0.3341458737850189,-0.3617245554924011,-0.08606448769569397,-0.15150904655456543,-0.38892170786857605,-0.03795667365193367,-0.35994529724121094,0.05119485408067703,-0.0748688131570816,0.2812434434890747,-0.11951690912246704,-0.016290541738271713,-0.5443704724311829,0.021169845014810562,0.08444112539291382,-0.1400279402732849,0.36164888739585876,0.627231776714325,0.033241190016269684,-0.32218101620674133,0.5282671451568604,0.4655954837799072,-0.102748341858387,0.1301334798336029,-0.40282538533210754,-0.0954241156578064,0.4411669969558716,-0.6383525729179382,-0.555648922920227,-0.45714128017425537,0.019342685118317604,-0.24999408423900604,0.3800964653491974,-0.21983258426189423,0.4225381016731262,0.08163821697235107,-0.33787569403648376,0.3513350188732147,-0.2443801909685135,-0.5874526500701904,-0.24221444129943848,0.5120582580566406,-0.34701812267303467,-0.39737558364868164,-0.3674378991127014,-0.14737685024738312,-0.29927706718444824,-0.0694921612739563,-0.07133860886096954,-0.1361745297908783
502.0,-0.5153241753578186,-0.04372817277908325,-0.8653841018676758,0.5397421717643738,-0.22638605535030365,-0.28208470344543457,-0.4395834505558014,-0.2877105474472046,-0.6643451452255249,0.15035586059093475,-0.02600962668657303,0.15041375160217285,-0.16441863775253296,0.17008653283119202,-0.2633568048477173,-0.27984508872032166,-0.04698941111564636,-0.09829068183898926,-0.6871004700660706,-0.1265547275543213,-0.31865885853767395,0.11279331147670746,-0.10715740919113159,0.40741851925849915,-0.09453903138637543,0.03178197890520096,-0.39479804039001465,-0.07892274856567383,0.04471778869628906,0.10209541022777557,0.11752281337976456,0.48758742213249207,0.12328401952981949,-0.15924808382987976,0.48060324788093567,0.38155487179756165,-0.14323237538337708,0.05583348870277405,-0.49732261896133423,-0.18782298266887665,0.21868062019348145,-0.3588525950908661,-0.20813658833503723,-0.2803972661495209,-0.08197619020938873,-0.08965348452329636,0.253169447183609,-0.04989809915423393,0.40351343154907227,0.09956619143486023,-0.24901092052459717,0.32595932483673096,-0.31471943855285645,-0.3472157418727875,-0.2252405732870102,0.30327123403549194,-0.4291203022003174,-0.2850562632083893,-0.3689571022987366,-0.15041255950927734,-0.18244287371635437,-0.019704168662428856,-0.03239342197775841,-0.33513668179512024
503.0,-0.046582285314798355,0.4550170600414276,-0.31078821420669556,-0.04064830392599106,-0.6175341010093689,-0.43315982818603516,-0.40404582023620605,-0.057052627205848694,-0.4498867094516754,0.13202136754989624,-0.13665033876895905,-0.06459372490644455,-0.0694132149219513,0.04623619467020035,-0.06832976639270782,-0.22411562502384186,0.04394105076789856,-0.4535311162471771,-0.20873820781707764,-0.020284125581383705,-0.08750716596841812,0.13313785195350647,0.049099892377853394,0.16043871641159058,-0.1314392387866974,0.5149296522140503,-0.002634855918586254,0.3602356016635895,-0.2265692949295044,-0.13938520848751068,0.5062277317047119,0.3328351676464081,0.06859076768159866,0.032545771449804306,0.3031879663467407,0.4287881553173065,-0.06986421346664429,0.5574860572814941,0.3961581289768219,0.11939505487680435,0.6074060201644897,-0.39512550830841064,-0.7496932744979858,-0.25703442096710205,-0.10526801645755768,0.1418423056602478,0.10385173559188843,0.016175402328372,0.010690921917557716,0.30322587490081787,-0.1064666286110878,0.14819489419460297,0.21602454781532288,-0.34568852186203003,-0.08271399140357971,0.11216098070144653,-0.2658975124359131,-0.651132345199585,-0.2573239505290985,-0.6422685384750366,-0.39485135674476624,-0.5309574007987976,-0.2179182469844818,0.04230217635631561
504.0,-0.30816590785980225,-0.07216640561819077,-1.128309726715088,0.5334959626197815,-0.23594418168067932,-0.2734237015247345,-0.6471224427223206,-0.138997420668602,-0.6871373057365417,0.24743853509426117,0.2445821762084961,0.0223605427891016,-0.018245689570903778,-0.020359013229608536,-0.21404477953910828,-0.2656451165676117,-0.1732017546892166,0.024387983605265617,-0.5062903165817261,-0.08531714975833893,-0.25479283928871155,0.14268110692501068,-0.13027338683605194,0.3228273391723633,-0.06126062199473381,-0.08320128917694092,-0.6896044611930847,-0.20973023772239685,0.13295398652553558,-0.10289041697978973,0.44560810923576355,0.4541991949081421,-0.03707955405116081,-0.28416091203689575,0.2721107006072998,0.3892424702644348,-0.1690257340669632,0.2716842293739319,-0.391396164894104,0.10381485521793365,0.3805927634239197,-0.5254078507423401,-0.4847010374069214,-0.34090349078178406,-0.05917752534151077,-0.4106028974056244,0.34737974405288696,-0.0684160441160202,0.4645545780658722,-0.10131790488958359,-0.29547950625419617,0.5757306814193726,-0.015522732399404049,-0.5269929766654968,-0.1963878720998764,0.44482848048210144,-0.3715551495552063,-0.5142375826835632,-0.25027453899383545,-0.25138217210769653,-0.37617620825767517,0.2242419421672821,-0.08840973675251007,-0.3519348204135895
505.0,-0.08583039790391922,-0.003920712508261204,-0.5469905138015747,0.22377829253673553,0.023640792816877365,-0.1088155061006546,-0.5815531015396118,-0.2599213719367981,-0.3151961863040924,0.17157059907913208,-0.24651877582073212,0.07100541144609451,-0.19555909931659698,-0.12851053476333618,-0.2557026445865631,-0.3597102463245392,-0.4365101754665375,-0.22570857405662537,-0.4187535047531128,0.2946297526359558,-0.17446564137935638,0.5974501967430115,-0.8018773198127747,0.3393481373786926,0.14825430512428284,-0.2641763985157013,-0.5030056834220886,-0.496714323759079,0.18480698764324188,0.11180251091718674,0.7068071961402893,-0.025693394243717194,-0.758910596370697,0.0029338113963603973,-0.08815354853868484,-0.06818819046020508,-0.41587960720062256,-0.07379265874624252,0.35814329981803894,0.3148297071456909,0.23368296027183533,-0.3039812743663788,-0.00939944852143526,-0.6962935328483582,-0.0014678402803838253,-0.040635593235492706,0.36807093024253845,-0.009794634766876698,0.25942477583885193,-0.2451416254043579,-0.48014315962791443,-0.3150077164173126,0.22207103669643402,-0.25720518827438354,0.3415278196334839,0.09508083015680313,-0.027633657678961754,-0.49794474244117737,-0.5228654742240906,-0.04753228276968002,-0.2569940686225891,0.06003306806087494,0.07053768634796143,-0.23296818137168884
506.0,0.03750642389059067,0.015476361848413944,-0.6294689178466797,0.18009576201438904,0.13133054971694946,-0.22723375260829926,-0.5036724209785461,-0.19218024611473083,-0.07084183394908905,0.07009376585483551,-0.25669997930526733,0.06293998658657074,-0.26676976680755615,-0.26131680607795715,-0.20162545144557953,-0.22881492972373962,-0.5012571215629578,-0.14074085652828217,-0.4101129174232483,0.30544328689575195,-0.14840303361415863,0.6271755695343018,-0.7108625173568726,0.3418829143047333,0.06714215874671936,-0.24550269544124603,-0.29726335406303406,-0.4197843074798584,0.3001164495944977,-0.060913264751434326,0.5168523192405701,0.08345644176006317,-0.751765787601471,0.01389287319034338,-0.16053630411624908,-0.20670819282531738,-0.3681708872318268,-0.13334447145462036,0.24651479721069336,0.1869625747203827,0.15360037982463837,-0.09966607391834259,0.17519602179527283,-0.6683098077774048,-0.08653628826141357,-0.01642220839858055,0.11728174239397049,0.0939096137881279,0.07084684073925018,-0.3109099864959717,-0.3210240304470062,-0.14208835363388062,0.22165201604366302,-0.07111343741416931,0.23785848915576935,0.043324507772922516,-0.10961508750915527,-0.2562633454799652,-0.4787760078907013,0.07281491905450821,-0.1879355013370514,0.054475728422403336,0.1522090882062912,-0.3187462091445923
507.0,-0.1051124855875969,-0.13825258612632751,-0.4912533462047577,0.16588279604911804,0.07336421310901642,-0.025092603638768196,-0.4922519028186798,-0.06010133773088455,-0.3062095046043396,0.06653813272714615,-0.20790399610996246,-0.039098478853702545,-0.29211756587028503,-0.18913941085338593,-0.27068689465522766,-0.43393614888191223,-0.6618841886520386,-0.11706708371639252,-0.28893163800239563,0.022698013111948967,-0.1195511519908905,0.7388800978660583,-0.7220200896263123,0.3081758916378021,0.122312031686306,-0.20417548716068268,-0.5724126100540161,-0.5655808448791504,0.2781679332256317,0.14584627747535706,0.5820873975753784,0.22856833040714264,-0.6845247745513916,0.002829288598150015,-0.08222842961549759,-0.2039402276277542,-0.5139248967170715,-0.13147926330566406,0.3673107624053955,0.4856950640678406,0.3784123659133911,-0.2897427976131439,-0.09860868752002716,-0.7970180511474609,0.07433515787124634,-0.2394917607307434,0.22310422360897064,-0.054887764155864716,0.25681060552597046,-0.4095921516418457,-0.3407706916332245,-0.2033502757549286,0.17753492295742035,-0.416625052690506,0.3307960331439972,0.03584104776382446,0.050604891031980515,-0.3339260518550873,-0.5031625032424927,0.01758684404194355,-0.33088600635528564,0.11598805338144302,0.2468896359205246,-0.3397018313407898
508.0,-0.10565148293972015,-0.10711080580949783,-0.5432878732681274,0.14155030250549316,-0.10159085690975189,-0.16049616038799286,-0.5410279631614685,-0.09039124846458435,-0.4149269461631775,0.15755407512187958,-0.1870567947626114,-0.06580603122711182,-0.2536921799182892,-0.21660655736923218,-0.373704195022583,-0.4478037655353546,-0.6079586744308472,-0.03774089366197586,-0.3422650098800659,0.02674025110900402,-0.015358075499534607,0.6093329191207886,-0.6899332404136658,0.35495513677597046,0.20478755235671997,-0.18341752886772156,-0.5958942174911499,-0.3958478569984436,0.16978397965431213,0.07586004585027695,0.7875053882598877,0.3815343379974365,-0.5604932308197021,-0.1438339650630951,-0.16253089904785156,-0.20677156746387482,-0.5214394927024841,-0.14384889602661133,0.29575955867767334,0.4108838737010956,0.2933509051799774,-0.2284577339887619,-0.16963109374046326,-0.8057827353477478,-0.020951997488737106,-0.11618967354297638,0.2345239520072937,0.02011188678443432,0.3431483805179596,-0.43497180938720703,-0.4533447027206421,-0.1506885439157486,0.189922034740448,-0.3944784998893738,0.11643189936876297,0.11540292948484421,-0.09596353769302368,-0.42067182064056396,-0.5504980683326721,0.039544641971588135,-0.33871039748191833,0.16533060371875763,0.18407784402370453,-0.4390483796596527
509.0,0.11561908572912216,0.36512866616249084,-0.08172480762004852,-0.2523753046989441,-0.15218985080718994,-0.3280332088470459,-0.27202311158180237,0.15069754421710968,0.017052236944437027,-0.01153455302119255,-0.23247851431369781,-0.09247270226478577,-0.1970553696155548,0.013954512774944305,0.15398761630058289,-0.08074190467596054,-0.506679892539978,-0.5386866331100464,-0.15989843010902405,0.2673903703689575,0.06475111842155457,0.40117794275283813,-0.43614187836647034,0.30372726917266846,-0.04014583304524422,0.2211737334728241,-0.16152505576610565,-0.08839594572782516,0.01240413449704647,0.16712914407253265,0.6077990531921387,-0.10614263266324997,-0.5592283010482788,0.28216585516929626,-0.20311318337917328,-0.19792912900447845,-0.4015462398529053,0.44124600291252136,0.6329390406608582,0.3730955719947815,0.3376525342464447,-0.1251562386751175,-0.3960549831390381,-0.44391903281211853,-0.01883184351027012,-0.04780065640807152,0.3681311309337616,0.18389958143234253,-0.0888180136680603,0.04532327130436897,-0.09822870045900345,-0.20759862661361694,0.5839015245437622,-0.22476036846637726,0.36091238260269165,-0.11933688074350357,-0.019774775952100754,-0.6676210761070251,-0.36793339252471924,-0.6223294734954834,-0.3205525279045105,-0.345268577337265,-0.05541038140654564,-0.16267721354961395
510.0,-0.18757236003875732,0.07538707554340363,-0.1794373095035553,-0.10142392665147781,-0.14772704243659973,-0.17854389548301697,-0.36080265045166016,0.18439707159996033,-0.12234774231910706,-0.11334969848394394,-0.19536754488945007,0.14165209233760834,-0.33051276206970215,-0.060575276613235474,0.1361405849456787,0.14540186524391174,-0.15222689509391785,-0.04495853930711746,0.016101974993944168,-0.2458975464105606,-0.2262682169675827,-0.08936238288879395,0.33996251225471497,-0.06665319949388504,-0.2760503888130188,0.032521046698093414,-0.15891771018505096,-0.08369910717010498,0.2646385431289673,-0.4469812214374542,0.01567523553967476,0.7894757986068726,-0.3235352635383606,-0.35630252957344055,0.20808438956737518,0.33701014518737793,-0.33932211995124817,-0.16551576554775238,0.019831253215670586,0.16227981448173523,0.23561999201774597,-0.5225741863250732,-0.22130998969078064,-0.21611011028289795,0.29709747433662415,-0.4643115997314453,0.10039431601762772,-0.34534862637519836,-0.09017440676689148,-0.11235751956701279,0.2528134882450104,0.1495613306760788,-0.497472882270813,-0.8094677329063416,0.0972561240196228,0.3936161398887634,0.17776986956596375,-0.005632479675114155,-0.21686430275440216,0.14804352819919586,-0.09966935217380524,-0.09895610809326172,0.19522996246814728,-0.3012358546257019
511.0,-0.2496231496334076,0.0649145096540451,-0.3216164708137512,0.019993791356682777,-0.19398318231105804,-0.09554968774318695,-0.5804954767227173,0.16021685302257538,-0.1218283474445343,0.028423504903912544,-0.24355578422546387,0.28934401273727417,-0.4765982925891876,-0.040789201855659485,0.09511668235063553,0.16560877859592438,-0.15839043259620667,0.030512331053614616,0.30611199140548706,-0.32499340176582336,-0.22388504445552826,0.0842830017209053,0.36399418115615845,-0.12816394865512848,-0.3981010317802429,-0.05073990300297737,-0.15310896933078766,-0.23680385947227478,0.3764623701572418,-0.49651819467544556,0.10163130611181259,0.9542629718780518,-0.5325519442558289,-0.40787941217422485,0.36261892318725586,0.28658559918403625,-0.38378408551216125,-0.042235367000103,-0.054987549781799316,0.23820888996124268,0.30358943343162537,-0.7925103902816772,-0.16519823670387268,-0.5064809918403625,0.3651871383190155,-0.5199073553085327,0.06619589030742645,-0.3253992199897766,0.015533968806266785,-0.14715252816677094,0.26624149084091187,0.23337331414222717,-0.5664139986038208,-0.8663814067840576,0.10325854271650314,0.4792327582836151,0.2036980241537094,0.15160033106803894,-0.2976449131965637,-0.025246303528547287,-0.18459729850292206,-0.22923535108566284,0.30570775270462036,-0.21234360337257385
512.0,-0.3693681061267853,-0.04156762361526489,-0.11048644781112671,0.3633893132209778,-0.008353025652468204,0.07559818774461746,-0.42256054282188416,0.14710089564323425,-0.2891651690006256,-0.18518765270709991,-0.10889950394630432,0.3110049366950989,-0.5763759016990662,-0.047583840787410736,-0.11931238323450089,0.1619091033935547,0.06817295402288437,0.15456101298332214,-0.10734987258911133,-0.3491342067718506,-0.16605141758918762,0.22320620715618134,0.02437475509941578,-0.15182612836360931,-0.479003369808197,0.11261935532093048,-0.13422663509845734,-0.37382760643959045,0.18439611792564392,-0.35669708251953125,-0.04880262166261673,0.8343075513839722,-0.3647104799747467,-0.3445720672607422,0.25349095463752747,0.14334890246391296,-0.45318448543548584,0.01875525712966919,-0.23432528972625732,0.2946079671382904,0.3100737929344177,-0.41867518424987793,0.04952569305896759,-0.2626933157444,0.3509373664855957,-0.4093676507472992,-0.07122090458869934,-0.3488120138645172,-0.005743756890296936,-0.163765549659729,0.17506393790245056,0.12871569395065308,-0.7408694624900818,-0.8092458844184875,0.20912955701351166,0.3850574493408203,0.2594630718231201,0.11544710397720337,-0.12428712099790573,0.12664128839969635,-0.17117814719676971,-0.11078299582004547,0.2392074465751648,-0.015250327996909618
513.0,-0.12997537851333618,0.14425355195999146,0.4778670072555542,-0.01532401517033577,-0.13007646799087524,0.11900588870048523,-0.21757017076015472,0.4406794309616089,0.0330752357840538,-0.20168812572956085,-0.36415645480155945,0.11612749099731445,-0.44790127873420715,0.011759890243411064,-0.13673856854438782,0.3565603494644165,-0.14405973255634308,0.02860858291387558,0.4710792303085327,-0.3953093886375427,-0.08539015054702759,0.19074757397174835,0.21563459932804108,-0.3252224922180176,-0.5956665277481079,0.3398599624633789,0.05750499665737152,0.023090099915862083,-0.034356847405433655,-0.3358808159828186,-0.24271683394908905,0.7733739018440247,-0.17806634306907654,-0.20005285739898682,0.45529046654701233,-0.22181230783462524,-0.38022711873054504,0.014446916989982128,0.0640842542052269,0.33338239789009094,0.3315744400024414,-0.5452799797058105,-0.3988156318664551,-0.22186562418937683,0.37134838104248047,-0.2635713517665863,0.07382187247276306,-0.31926730275154114,-0.32812702655792236,0.251908540725708,0.4202030599117279,0.033798374235630035,-0.6689302921295166,-0.6838024854660034,0.2726131081581116,0.10345282405614853,0.286245197057724,0.028424767777323723,-0.019352596253156662,-0.18149346113204956,0.08303136378526688,-0.40922969579696655,0.18558356165885925,0.28640252351760864
514.0,-0.30324769020080566,-0.005453759804368019,-0.22588272392749786,0.034383177757263184,-0.1594899594783783,-0.02657775953412056,-0.48362016677856445,0.1931600272655487,-0.13475756347179413,-0.14100253582000732,-0.1585274636745453,0.208446204662323,-0.4146059453487396,-0.05852030962705612,0.005519207566976547,-0.008756871335208416,-0.11364147812128067,0.08248139917850494,0.12823490798473358,-0.3161499798297882,0.015094408765435219,0.10771268606185913,0.25947105884552,0.022910311818122864,-0.25660449266433716,0.05383161082863808,-0.2988596558570862,-0.1194438487291336,0.3915379047393799,-0.5012457370758057,0.09574420005083084,0.9717254638671875,-0.40122535824775696,-0.4935339093208313,0.18248488008975983,0.47105899453163147,-0.39368394017219543,-0.04539598152041435,-0.07044100761413574,0.3966030776500702,0.43557196855545044,-0.5957539081573486,-0.2652696371078491,-0.36178353428840637,0.4413906931877136,-0.5178868770599365,-0.10993121564388275,-0.4566992223262787,-0.09598884731531143,-0.26889359951019287,0.1783745288848877,0.2056521475315094,-0.4872001111507416,-1.0136208534240723,0.014813009649515152,0.42447128891944885,0.3237692713737488,-0.016361402347683907,-0.16538569331169128,0.13220207393169403,-0.15944327414035797,-0.13136211037635803,0.03300981968641281,-0.19376732409000397
515.0,0.1262069195508957,0.07834145426750183,-0.7023748755455017,0.6295952796936035,-0.20811212062835693,0.0030345122795552015,-0.48961499333381653,0.030656587332487106,-0.2593413293361664,0.12567293643951416,-0.0377858504652977,-0.1757858246564865,0.11714441329240799,-0.2257927805185318,-0.4295650124549866,-0.33430272340774536,-0.3512793183326721,0.3528437912464142,0.00905631948262453,-0.4617393910884857,0.12808334827423096,0.22383172810077667,-0.5020371079444885,0.0947364941239357,0.17427226901054382,-0.28210294246673584,-0.2899197041988373,-0.19899067282676697,0.4086078405380249,-0.09147275984287262,0.20898936688899994,0.5387925505638123,-0.3475067913532257,-0.17166218161582947,0.15768808126449585,0.0041776313446462154,-0.18057741224765778,-0.21242216229438782,-0.020525110885500908,0.19053682684898376,0.21769192814826965,-0.4220641553401947,-0.11798211932182312,-0.47936683893203735,0.20424295961856842,-0.24322424829006195,-0.2800372838973999,-0.16816066205501556,0.24421212077140808,-0.26581642031669617,-0.23292723298072815,0.37940406799316406,-0.11626172065734863,-0.28044313192367554,-0.22796612977981567,0.07000432163476944,-0.1924724578857422,0.052620284259319305,-0.44527238607406616,0.09841418266296387,-0.6403952836990356,0.2137761414051056,0.5040572881698608,-0.30842599272727966
516.0,0.2279818058013916,0.13306033611297607,-0.5099411606788635,0.6197149753570557,-0.2241087108850479,0.0520608089864254,-0.4278113543987274,0.11878584325313568,-0.21220627427101135,0.028092581778764725,-0.14273318648338318,-0.1638845056295395,0.34523147344589233,-0.1953650563955307,-0.4512774646282196,-0.3040902018547058,-0.20460912585258484,0.3391532301902771,-0.030153419822454453,-0.4247502386569977,0.30485817790031433,0.21448342502117157,-0.6134231686592102,0.048145588487386703,0.17615646123886108,-0.18446467816829681,-0.19614019989967346,-0.16532285511493683,0.3595936894416809,-0.2853790819644928,0.0929904356598854,0.4772587716579437,-0.3899769186973572,-0.11836997419595718,0.18935741484165192,-0.07200862467288971,-0.24170999228954315,-0.12936335802078247,0.021532641723752022,0.23603761196136475,0.17914198338985443,-0.31649813055992126,-0.32813411951065063,-0.08680447936058044,0.25763413310050964,-0.15890754759311676,-0.3670341968536377,-0.30204764008522034,0.10889498889446259,-0.05012955516576767,-0.2292225956916809,0.39082252979278564,-0.18398766219615936,-0.33174994587898254,-0.02886361815035343,-0.15112239122390747,-0.09973525255918503,-0.04430065304040909,-0.3829239308834076,0.09743708372116089,-0.7034921050071716,0.19956530630588531,0.508203387260437,-0.13040335476398468
517.0,0.10981155186891556,0.10845991969108582,-0.5400597453117371,0.8193027377128601,-0.3979908525943756,0.06959979236125946,-0.6128945350646973,0.22260452806949615,-0.25386562943458557,0.13555608689785004,-0.14531877636909485,-0.2998574674129486,0.1645798683166504,-0.1169005036354065,-0.39357614517211914,-0.32434913516044617,-0.4601620137691498,0.39483317732810974,-0.1264025866985321,-0.6843658685684204,0.2009573131799698,0.17468374967575073,-0.6691218614578247,0.09782209992408752,0.162057563662529,-0.2490673065185547,-0.2759368419647217,-0.2546033561229706,0.38791754841804504,-0.2394251674413681,0.2728036046028137,0.676423192024231,-0.35122784972190857,-0.2230658233165741,0.16314801573753357,-0.06625478714704514,-0.39131033420562744,0.09395303577184677,-0.0018314055632799864,0.4628013074398041,0.26741623878479004,-0.4196380376815796,-0.28553086519241333,-0.3840602934360504,0.36707136034965515,-0.12306290864944458,-0.4075372815132141,-0.1408272683620453,0.18091009557247162,-0.13233952224254608,-0.15877453982830048,0.5636540651321411,-0.31153056025505066,-0.4568861722946167,0.10524243116378784,-0.06270232796669006,-0.06253433227539062,-0.12090377509593964,-0.4107799828052521,0.042109858244657516,-0.5690485835075378,0.12902571260929108,0.5701448321342468,-0.26359426975250244
518.0,0.06800906360149384,0.055729638785123825,-0.6122140288352966,0.6069884896278381,-0.35830172896385193,0.0785147100687027,-0.5980081558227539,0.028825078159570694,-0.22245478630065918,0.07752210646867752,-0.11591605842113495,-0.28112277388572693,0.2729575037956238,-0.21974365413188934,-0.34082701802253723,-0.3552311062812805,-0.456861674785614,0.2745074927806854,-0.3791012465953827,-0.6128295660018921,0.17133761942386627,0.2466827929019928,-0.6564661264419556,0.18418823182582855,0.32717958092689514,-0.1079455241560936,-0.35068386793136597,-0.2813115119934082,0.4605351388454437,-0.09743071347475052,0.30528050661087036,0.6367881298065186,-0.40722131729125977,-0.303799033164978,0.2247866690158844,0.05315233767032623,-0.32170456647872925,-0.013552894815802574,0.059609025716781616,0.4935964047908783,0.32087743282318115,-0.44002565741539,-0.29607123136520386,-0.3830469846725464,0.183804452419281,-0.20510080456733704,-0.3847738206386566,-0.1361207365989685,0.2578023672103882,-0.2124238759279251,-0.23802517354488373,0.6085447072982788,-0.22498010098934174,-0.5860700011253357,0.012747467495501041,-0.13024669885635376,-0.1345350742340088,0.022276215255260468,-0.31345677375793457,0.15236520767211914,-0.4866970479488373,0.026787741109728813,0.5494530200958252,-0.24288327991962433
519.0,0.4995490312576294,0.3611806035041809,-0.21261346340179443,0.18486329913139343,-0.3767441511154175,-0.21871718764305115,-0.07598058134317398,0.3181414306163788,-0.010953298769891262,-0.006993431132286787,-0.13674332201480865,-0.33566269278526306,0.31356126070022583,-0.24316368997097015,-0.22094498574733734,-0.14138121902942657,-0.3253440856933594,-0.05332553759217262,0.32064834237098694,-0.4458819031715393,0.2740509808063507,0.2098959982395172,-0.2128961980342865,-0.1687575727701187,0.07861793041229248,0.06062624603509903,-0.029673507437109947,0.11735422909259796,0.15797068178653717,0.018051238730549812,0.1505526751279831,0.3573553264141083,-0.16767294704914093,0.17792843282222748,0.21405626833438873,0.03975018113851547,0.02031520940363407,0.23998191952705383,0.4573490619659424,0.2436903566122055,0.5649716854095459,-0.2465304732322693,-0.6882383823394775,0.01676563359797001,0.1608400046825409,-0.13851027190685272,-0.4123385548591614,-0.12729211151599884,-0.08041097223758698,0.24326485395431519,-0.003089949954301119,0.2693136930465698,0.10713627934455872,-0.050724275410175323,-0.011010327376425266,-0.2802238166332245,-0.17699570953845978,-0.24350619316101074,-0.28428393602371216,-0.3308797776699066,-0.9993098378181458,-0.07690966874361038,0.5483757257461548,-0.13460882008075714
520.0,-0.5378435254096985,-0.15800942480564117,-0.7693127393722534,0.5743846297264099,-0.2108548879623413,-0.2395441234111786,-0.19143906235694885,-0.3099875748157501,-0.1940038800239563,0.0998305007815361,-0.19716009497642517,0.0687301978468895,-0.3014567792415619,0.05407954379916191,-0.013946419581770897,-0.2075890451669693,-0.2352500557899475,0.03360742703080177,-0.4140778183937073,-0.374824583530426,-0.2846226692199707,0.1065160483121872,0.2975669503211975,0.14862340688705444,-0.03657648339867592,-0.4261222779750824,-0.08225519210100174,-0.14288192987442017,0.033753521740436554,-0.5613804459571838,0.15823473036289215,0.05718406289815903,-0.1149781197309494,-0.1716548502445221,0.028708983212709427,0.7753890156745911,0.02973322942852974,0.14385391771793365,-0.10168621689081192,0.28850844502449036,0.4296864867210388,-0.21665209531784058,0.14923880994319916,-0.45705747604370117,0.19861622154712677,0.40805676579475403,-0.4741765856742859,-0.2145155519247055,-0.14204557240009308,-0.24524140357971191,0.21809589862823486,0.29108673334121704,-0.16935493052005768,0.24255478382110596,0.4458220601081848,-0.11774899065494537,0.5358099341392517,-0.31277403235435486,-0.2487519532442093,0.17198945581912994,0.4334116280078888,0.10453341901302338,-0.12666819989681244,-0.46297797560691833
521.0,-0.4829533100128174,-0.08078411221504211,-0.7263076901435852,0.5928658843040466,-0.34880512952804565,-0.20531216263771057,-0.3517542779445648,-0.29315465688705444,-0.0904090404510498,0.13096319139003754,0.045627474784851074,-0.08389627933502197,-0.3029499053955078,0.10115651786327362,0.18562832474708557,-0.2794923782348633,-0.31021779775619507,0.0849800631403923,-0.32361429929733276,-0.4864504337310791,-0.13836398720741272,-0.15041334927082062,0.2828753590583801,0.09000122547149658,0.03778977692127228,-0.671405553817749,-0.19793614745140076,-0.1383228302001953,0.09144943952560425,-0.535170316696167,0.5099071860313416,0.12160152196884155,-0.13119608163833618,-0.32290127873420715,-0.032167401164770126,0.8712014555931091,0.10524345934391022,0.2980717420578003,-0.21878556907176971,0.36601296067237854,0.5746966600418091,-0.33720093965530396,0.05433538928627968,-0.5702902674674988,0.34187307953834534,0.3785398602485657,-0.5120764374732971,-0.0911262109875679,-0.04292532429099083,-0.2740921080112457,0.20919427275657654,0.3210722506046295,-0.17807626724243164,0.2625510096549988,0.4377915561199188,0.11805643141269684,0.5506973266601562,-0.3426195979118347,-0.225166916847229,0.26250335574150085,0.4009999930858612,0.0697631686925888,0.02880006656050682,-0.5203316807746887
522.0,-0.45886901021003723,-0.2889201045036316,-0.7800017595291138,0.7003571391105652,-0.33263635635375977,-0.1259400099515915,-0.3834241032600403,-0.17864087224006653,-0.20019982755184174,0.12592512369155884,-0.18509289622306824,-0.06268439441919327,-0.2579156160354614,0.022053657099604607,0.07514338940382004,-0.36682289838790894,-0.33067718148231506,0.12347490340471268,-0.2710130512714386,-0.4630593955516815,-0.17219123244285583,0.03584397956728935,0.23491649329662323,0.19722124934196472,-0.033665161579847336,-0.6014972925186157,-0.3044310212135315,-0.27632206678390503,0.12933385372161865,-0.5815702080726624,0.4428243339061737,0.2261873483657837,-0.1337859034538269,-0.2879127264022827,0.057912759482860565,0.8531680703163147,-0.08265189081430435,0.23468340933322906,-0.1574593037366867,0.5270078778266907,0.6064223051071167,-0.35841116309165955,-0.01348026655614376,-0.5478951930999756,0.3652406930923462,0.3293769657611847,-0.48731881380081177,-0.2581765949726105,0.06666964292526245,-0.4226914346218109,0.14835219085216522,0.381379634141922,-0.18185079097747803,0.09593077003955841,0.583544909954071,-0.06430843472480774,0.5477970242500305,-0.3709180951118469,-0.2654849588871002,0.21515968441963196,0.3059411644935608,0.20136675238609314,-0.03940939903259277,-0.5226963758468628
523.0,-0.615375816822052,-0.18373268842697144,-0.7921015024185181,0.7646301984786987,-0.31839174032211304,-0.27507439255714417,-0.41941341757774353,-0.4128431975841522,-0.2897723913192749,0.16812939941883087,-0.2196260541677475,0.13769398629665375,-0.2767714262008667,0.060950372368097305,-0.12363197654485703,-0.2152809500694275,-0.3022992014884949,0.24381014704704285,-0.34282413125038147,-0.47952014207839966,-0.1487298160791397,0.3015137314796448,0.03909509256482124,0.10094857215881348,0.04055781662464142,-0.5274044275283813,-0.3995412588119507,-0.3175908625125885,0.08672656118869781,-0.5021489262580872,0.3119756281375885,0.17804230749607086,-0.31226423382759094,-0.35118183493614197,0.11287393420934677,0.6387207508087158,-0.05907070264220238,0.17033931612968445,-0.15240229666233063,0.5636550188064575,0.47231176495552063,-0.3585911691188812,-0.09075616300106049,-0.4280076324939728,0.24376027286052704,0.39039748907089233,-0.5876494646072388,-0.2404676228761673,-0.13126499950885773,-0.17904174327850342,0.09229729324579239,0.3234582543373108,-0.28940874338150024,0.14148275554180145,0.5157603025436401,-0.0782044529914856,0.5141572952270508,-0.46298453211784363,-0.14637205004692078,0.20439530909061432,0.3925502300262451,0.1696733832359314,-0.16816361248493195,-0.4138415455818176
524.0,-0.16056431829929352,0.05734159052371979,-0.5444801449775696,0.45869550108909607,-0.3800799250602722,-0.13552188873291016,0.18030571937561035,0.21847668290138245,0.016693178564310074,0.030448447912931442,0.03385697305202484,-0.3172144889831543,-0.13578464090824127,0.005199105013161898,0.16738277673721313,-0.22209587693214417,-0.262839674949646,-0.27880263328552246,-0.0969611331820488,-0.45170578360557556,-0.04635491222143173,-0.028363879770040512,0.42885226011276245,-0.12264520674943924,-0.16022446751594543,-0.04234934598207474,0.2621845602989197,0.18812473118305206,-0.08112788945436478,-0.27256327867507935,0.07059481739997864,-0.07936349511146545,0.03707233816385269,0.17757216095924377,-0.0029560280963778496,0.9048597812652588,0.36673370003700256,0.8015016317367554,0.11299359053373337,0.6000750660896301,0.886717677116394,-0.2624904215335846,-0.464472234249115,-0.3150496780872345,0.32318732142448425,0.39974769949913025,-0.62752366065979,-0.009453668259084225,-0.3218889534473419,0.028042027726769447,0.3322566747665405,0.5667411088943481,0.0815582424402237,0.2941678762435913,0.5318269729614258,-0.6074435710906982,0.6470135450363159,-0.6577277183532715,-0.0998515710234642,-0.2570810317993164,-0.025709493085741997,-0.20110557973384857,0.12002541869878769,-0.30616748332977295
525.0,0.1484910100698471,0.18979640305042267,0.05293998494744301,0.17636241018772125,-0.08933600038290024,0.17768964171409607,-0.03743773698806763,-0.016529753804206848,0.4705663025379181,-0.04029115289449692,-0.255180686712265,-0.5904818177223206,-0.19750303030014038,0.1357111632823944,0.1031680479645729,0.03019915334880352,-0.26314860582351685,-0.7451773881912231,0.29853931069374084,-0.14358747005462646,0.022589750587940216,0.34064680337905884,-0.5951906442642212,0.44634589552879333,-0.7751913666725159,0.1797143816947937,-0.30364683270454407,0.08997447043657303,0.12960556149482727,0.9849880337715149,-0.09284146130084991,0.2561941146850586,-0.10440532863140106,-0.17490340769290924,0.14552536606788635,0.11089231073856354,-0.3216569125652313,0.3063642680644989,-0.22776660323143005,0.4530180096626282,0.749030351638794,0.21141402423381805,-0.16431039571762085,-0.20519249141216278,0.12335158884525299,-0.22420096397399902,-0.1368621438741684,-0.35986483097076416,0.1120493933558464,-0.5298959016799927,-0.3465336561203003,-0.24578826129436493,0.128513902425766,-0.24191394448280334,0.2333485633134842,0.11196109652519226,0.14471277594566345,-0.22291545569896698,0.35785895586013794,0.4708324074745178,-0.27097752690315247,-0.3251202404499054,-0.5062960982322693,0.2832885980606079
526.0,0.0945046916604042,0.3766145706176758,-0.15672409534454346,-0.029929935932159424,-0.20078794658184052,-0.2060169279575348,-0.16860635578632355,-0.012523291632533073,0.5122546553611755,0.2156570851802826,-0.09954841434955597,-0.4946115016937256,-0.027264727279543877,0.027296394109725952,0.08995087444782257,0.1071690171957016,-0.15157601237297058,-0.5124610066413879,0.23283986747264862,-0.48283612728118896,0.13630829751491547,0.3801032602787018,-0.5935221314430237,0.28019362688064575,-0.5590791702270508,-0.11646507680416107,-0.2992449998855591,0.07567815482616425,0.21729229390621185,0.6787512898445129,0.05061990022659302,0.10498407483100891,-0.2799049913883209,0.046516939997673035,0.09465296566486359,-0.19847381114959717,-0.36926382780075073,0.278000146150589,-0.051700565963983536,0.35721027851104736,0.366470068693161,0.06548803299665451,-0.2752965986728668,-0.09707535803318024,0.20493033528327942,-0.48570889234542847,-0.20378683507442474,-0.3559936583042145,-0.15751591324806213,-0.28384435176849365,-0.022699538618326187,-0.2177300602197647,0.2240750938653946,-0.16263262927532196,0.08540448546409607,-0.016593264415860176,0.2343178242444992,0.051385246217250824,0.3400934636592865,0.5530024170875549,-0.1672942191362381,-0.07522406429052353,-0.45614388585090637,0.27820032835006714
527.0,0.08231930434703827,0.1696011871099472,-0.12434165179729462,0.3012218773365021,-0.14256106317043304,0.011570394970476627,0.018246017396450043,-0.17519690096378326,0.28542235493659973,0.13745349645614624,-0.2505386471748352,-0.33270877599716187,-0.09304183721542358,0.10339857637882233,0.07655976712703705,0.09513474255800247,-0.2478577345609665,-0.6409491896629333,-0.12333638221025467,-0.29770275950431824,-0.2865135967731476,0.23660899698734283,-0.49636387825012207,0.3472486138343811,-0.39517784118652344,-0.10542488843202591,-0.21149343252182007,-0.1664586365222931,0.09981129318475723,0.6960492134094238,-0.0335334837436676,0.10601378977298737,-0.16960754990577698,-0.052518755197525024,0.28358107805252075,0.25388944149017334,-0.3033825159072876,0.26561418175697327,-0.1025836244225502,0.47839877009391785,0.5088756084442139,0.03883951157331467,0.09685558080673218,-0.17704391479492188,0.12483932822942734,-0.09580890834331512,-0.22371651232242584,-0.16464780271053314,0.11388092488050461,-0.47353917360305786,-0.3782118856906891,-0.17187753319740295,-0.015966037288308144,-0.17692799866199493,0.3001329302787781,0.03874288126826286,0.14690333604812622,-0.32121050357818604,0.3398309350013733,0.41363751888275146,-0.013191157020628452,-0.2500002086162567,-0.4993972182273865,-0.005921739619225264
528.0,0.12060793489217758,0.3384007513523102,0.1462656408548355,0.21460434794425964,-0.08127260953187943,0.004528263583779335,0.07983513921499252,-0.16971027851104736,0.2558881342411041,0.14152389764785767,-0.15138304233551025,-0.32498371601104736,-0.1981993466615677,0.3417985439300537,0.07595351338386536,-0.0405365526676178,-0.2268042266368866,-0.6283369660377502,0.2395373433828354,-0.34464001655578613,-0.06741166114807129,0.07470342516899109,-0.5343726277351379,0.4491441547870636,-0.57362300157547,-0.12598633766174316,-0.3385440409183502,-0.017630327492952347,-0.004095084965229034,0.7304633259773254,0.13175013661384583,0.2170417606830597,-0.13584952056407928,-0.10847362875938416,0.16623440384864807,0.1346140056848526,-0.26703891158103943,0.282396525144577,-0.2828247547149658,0.42960503697395325,0.6605076193809509,0.05580112338066101,-0.13984963297843933,-0.32966408133506775,0.32620134949684143,-0.09247341006994247,-0.1548336297273636,-0.18785762786865234,0.15926320850849152,-0.47681334614753723,-0.3964647352695465,-0.38708049058914185,0.005074669606983662,-0.15551571547985077,0.21729658544063568,0.2284632921218872,0.2276819348335266,-0.4426370859146118,0.2557397186756134,0.3805214762687683,-0.15274539589881897,-0.22702762484550476,-0.4158882796764374,0.04463176429271698
529.0,0.0705995112657547,0.20657090842723846,0.08333928883075714,0.21528437733650208,-0.03735605627298355,0.1046280637383461,-0.03402744233608246,-0.02443266473710537,0.3343726694583893,0.011694230139255524,-0.2278898060321808,-0.4625628590583801,-0.2063017040491104,0.25303828716278076,0.048144206404685974,-0.01993207074701786,-0.35365813970565796,-0.5679269433021545,0.1797562837600708,-0.2896229326725006,-0.08466940373182297,0.2352110743522644,-0.5174097418785095,0.37066254019737244,-0.6760169267654419,0.14882326126098633,-0.3824252486228943,0.06420394778251648,0.15366148948669434,0.7543649673461914,-0.15248794853687286,0.3705666661262512,-0.0382506363093853,-0.20547567307949066,0.14589135348796844,0.11923648416996002,-0.2529762089252472,0.2147212028503418,-0.3104358911514282,0.4699367582798004,0.7046364545822144,0.14306266605854034,-0.14785724878311157,-0.3125971853733063,0.2653103470802307,-0.31552979350090027,-0.1569432020187378,-0.27823397517204285,0.02325417846441269,-0.4489465355873108,-0.21715247631072998,-0.13252988457679749,-0.07180380076169968,-0.37728801369667053,0.14671258628368378,0.18291768431663513,0.1482463777065277,-0.12414219230413437,0.2086070328950882,0.4471757411956787,-0.09423261135816574,-0.1461036056280136,-0.3355864882469177,0.16789287328720093
530.0,0.22787845134735107,-0.11656602472066879,0.12234274297952652,0.39571765065193176,0.17325232923030853,0.3972351551055908,-0.14047202467918396,-0.036822471767663956,-0.13547295331954956,0.07578541338443756,-0.4411022365093231,-0.337506502866745,-0.028067942708730698,0.42831429839134216,-0.20407694578170776,-0.4608382284641266,-0.5930364727973938,-0.6131950616836548,0.18043164908885956,-0.02057107910513878,-0.13068923354148865,-0.020177805796265602,-0.5566374063491821,0.46420031785964966,-0.49149125814437866,-0.6435625553131104,-0.5437309741973877,-0.27041780948638916,-0.07196701318025589,0.10759691894054413,0.1846284568309784,0.2774098515510559,0.14611877501010895,0.05844153091311455,0.4478921890258789,-0.20059220492839813,-0.4437143802642822,0.2266460806131363,-0.5734811425209045,0.16201865673065186,0.6999230980873108,0.18210747838020325,-0.410050630569458,-0.428286075592041,0.48641058802604675,0.2976888418197632,0.2036343365907669,-0.358174592256546,0.5596610307693481,-0.2895519435405731,-0.40224215388298035,-0.4310447871685028,-0.17940469086170197,0.16059814393520355,0.766860842704773,0.10490509122610092,0.34225234389305115,-0.6202967166900635,-0.1975257247686386,0.43394044041633606,-0.2512392997741699,0.0777837485074997,0.2250029593706131,-0.10005642473697662
531.0,0.24752861261367798,-0.0016940757632255554,0.434643030166626,0.01029971893876791,-0.033731039613485336,0.1248457282781601,0.06560886651277542,0.21945646405220032,-0.12415444850921631,-0.07029552757740021,-0.2827225923538208,-0.501603901386261,-0.03446163982152939,0.2869124114513397,-0.1632881462574005,-0.5524068474769592,-0.5918481349945068,-0.4909464716911316,0.3476589024066925,-0.05451991781592369,0.02605140022933483,0.017434703186154366,-0.5897126793861389,0.3249043822288513,-0.614286482334137,-0.4663957953453064,-0.42674335837364197,-0.0721828043460846,-0.24311845004558563,0.3388872444629669,0.5320457816123962,0.002711485605686903,0.16309162974357605,0.1842343658208847,0.10994774103164673,-0.3654243052005768,-0.588851809501648,0.20785017311573029,0.07640985399484634,0.10363295674324036,0.8503504395484924,0.3783354163169861,-0.5885154604911804,-0.36693626642227173,0.5552269220352173,0.2034025341272354,0.17259834706783295,-0.3635111153125763,0.22988095879554749,-0.10211481153964996,-0.12839001417160034,-0.6396097540855408,0.18915866315364838,0.3078667223453522,0.9744480848312378,-0.14594167470932007,0.30382680892944336,-0.7154454588890076,-0.19377543032169342,-0.06392565369606018,-0.5223702788352966,-0.15172137320041656,0.0119613753631711,0.007100609131157398
532.0,-0.040018271654844284,-0.13784024119377136,0.10584495961666107,0.5140500664710999,0.1018654853105545,0.2899794280529022,-0.18471179902553558,0.12027013301849365,-0.05803415924310684,0.013594592921435833,-0.17734315991401672,-0.3204942047595978,-0.19053125381469727,0.42837563157081604,-0.05941307917237282,-0.5699014067649841,-0.6247524619102478,-0.11461150646209717,0.24251480400562286,-0.15479746460914612,-0.07840820401906967,0.08857959508895874,-0.6794500350952148,0.5477030277252197,-0.4074292480945587,-0.5929009318351746,-0.5156611800193787,-0.2350558191537857,0.09016691893339157,0.3185447156429291,0.20834249258041382,0.20776720345020294,0.0666792094707489,0.08577406406402588,0.27478286623954773,-0.21767887473106384,-0.4849281311035156,0.0598454624414444,-0.47153621912002563,0.20144712924957275,0.5389442443847656,0.04147132486104965,-0.15042686462402344,-0.4875527322292328,0.5235326886177063,0.14011706411838531,0.17793086171150208,-0.21136198937892914,0.34186291694641113,-0.2715396285057068,-0.28798192739486694,-0.30556774139404297,-0.15873558819293976,0.05209833011031151,0.6285548210144043,0.06707338988780975,0.13727255165576935,-0.4765882194042206,-0.24956561625003815,0.2245793640613556,-0.039523813873529434,0.08761467039585114,0.06371054798364639,-0.22720551490783691
533.0,-0.016949038952589035,-0.03840632736682892,0.09105983376502991,0.378684401512146,0.09688402712345123,0.21207821369171143,-0.21216300129890442,0.013028443790972233,-0.07438197731971741,-0.041745368391275406,-0.40728068351745605,-0.22704492509365082,-0.20226462185382843,0.33449533581733704,-0.37518396973609924,-0.3184082508087158,-0.7145307660102844,-0.3332565724849701,0.16084986925125122,-0.18754729628562927,0.001644114381633699,0.25676342844963074,-0.546933650970459,0.4421197474002838,-0.24988192319869995,-0.5685403943061829,-0.6967220306396484,-0.2796569764614105,0.0214633010327816,0.16249403357505798,0.29313501715660095,0.26980358362197876,0.062366876751184464,-0.02682098187506199,0.22991102933883667,-0.4148464798927307,-0.5403979420661926,0.15935519337654114,-0.3315967619419098,0.12126458436250687,0.4814058542251587,0.08654413372278214,-0.35785040259361267,-0.5443382859230042,0.4571467936038971,0.14503213763237,0.2184140533208847,-0.4137938320636749,0.3944399058818817,-0.12700149416923523,-0.22539404034614563,-0.4727136492729187,-0.08926950395107269,0.11820521205663681,0.671985387802124,0.1279422640800476,0.2768571078777313,-0.48862212896347046,-0.24974654614925385,0.16109570860862732,-0.2578156888484955,0.03339645639061928,0.060633569955825806,-0.04823097214102745
534.0,0.2210063338279724,-0.02379641681909561,0.3229142129421234,0.36623090505599976,0.2112375646829605,0.38686931133270264,-0.041285425424575806,-0.009511306881904602,-0.13771472871303558,-0.10344899445772171,-0.2121039479970932,-0.18285463750362396,-0.10068429261445999,0.36997872591018677,-0.19110678136348724,-0.3958877921104431,-0.5880971550941467,-0.36166369915008545,0.1667126566171646,-0.07874090224504471,-0.24645516276359558,-0.006869034841656685,-0.5506543517112732,0.29889294505119324,-0.3462713956832886,-0.6085538864135742,-0.48074203729629517,-0.34584054350852966,-0.05632944032549858,0.1276867836713791,0.1286490261554718,0.24370916187763214,0.1257074773311615,0.07226290553808212,0.4466533064842224,-0.2812899649143219,-0.4721408486366272,0.05003635957837105,-0.5012608766555786,0.10268798470497131,0.5930750370025635,0.08913058787584305,-0.16823260486125946,-0.42909982800483704,0.46292904019355774,0.19483569264411926,0.2285674512386322,-0.28330785036087036,0.48911261558532715,-0.26669958233833313,-0.39142167568206787,-0.4624779522418976,-0.31328022480010986,0.06952186673879623,0.7003630995750427,0.19669349491596222,0.23092110455036163,-0.47923722863197327,-0.1533949077129364,0.3522452116012573,-0.19305799901485443,-0.027102714404463768,0.2855125069618225,-0.15940235555171967
535.0,0.11051223427057266,0.0748060867190361,-0.5539296269416809,0.33107632398605347,-0.01962726190686226,-0.3096408247947693,-0.4678047299385071,-0.08250635862350464,0.5444667935371399,-0.06798005104064941,-0.3367184102535248,-0.10636850446462631,0.24886535108089447,0.06372596323490143,0.15335717797279358,-0.16461631655693054,-0.28842294216156006,-0.036283351480960846,-0.8023839592933655,-0.3655821979045868,0.4850541055202484,-0.060613710433244705,-0.41939210891723633,0.9874185919761658,0.16527339816093445,0.02608315274119377,-0.3274884521961212,0.0168834887444973,0.7685544490814209,-0.23678618669509888,0.6225454211235046,0.4579831063747406,-0.4338539242744446,-0.3132127523422241,-0.044645044952631,0.5172823071479797,-0.12902472913265228,0.06434810161590576,-0.1802218109369278,0.26257237792015076,0.2543383538722992,-0.15545429289340973,-0.08121237903833389,-0.10429627448320389,0.2630757987499237,-0.2403361201286316,-0.40075764060020447,0.07375142723321915,-0.09033460915088654,0.08281321823596954,0.059109851717948914,0.5375848412513733,-0.14725066721439362,-0.6197025179862976,0.07924427092075348,-0.10033866763114929,-0.26491501927375793,0.13349290192127228,-0.26067060232162476,0.1833949089050293,0.17480486631393433,0.18088866770267487,0.1296951323747635,-0.1559150069952011
536.0,0.06963934004306793,0.019952446222305298,-0.4902307093143463,0.2023249715566635,-0.12398090958595276,-0.23195134103298187,-0.540016770362854,-0.18735021352767944,0.3149711489677429,0.07768375426530838,-0.2805439531803131,-0.08578619360923767,0.41641390323638916,0.1957072764635086,0.23106923699378967,-0.3967123031616211,-0.2782987654209137,-0.0007986886193975806,-0.45769038796424866,-0.3015582859516144,0.35617828369140625,-0.05592309311032295,-0.4226814806461334,0.9102402925491333,-0.009670964442193508,0.014007586985826492,-0.4514749348163605,-0.018300380557775497,0.6410314440727234,-0.15411067008972168,0.6647040247917175,0.4239751696586609,-0.45453429222106934,-0.38011232018470764,0.21461603045463562,0.48876845836639404,-0.2549692392349243,-0.04656113311648369,-0.24061192572116852,0.38054358959198,0.3838570713996887,-0.34708717465400696,-0.29608258605003357,-0.18566249310970306,0.2460874319076538,-0.20647720992565155,-0.2315540611743927,-0.06694062054157257,0.10795693844556808,-0.038714468479156494,-0.10084306448698044,0.5426490902900696,-0.18599015474319458,-0.7370073199272156,0.20715156197547913,-0.12474814802408218,-0.2156132161617279,0.13856390118598938,-0.2596961557865143,0.20891036093235016,0.239678755402565,0.16073137521743774,0.14772166311740875,-0.13351525366306305
537.0,0.06458701193332672,0.08604433387517929,-0.5215694904327393,0.2605578303337097,-0.013271431438624859,-0.15158483386039734,-0.3600333034992218,-0.19581995904445648,0.3186972141265869,0.019419964402914047,-0.07243862003087997,0.011706626042723656,0.23541508615016937,-0.01612100377678871,0.014602414332330227,-0.1549471616744995,-0.1181085854768753,-0.0366857647895813,-0.5742689967155457,-0.3557029366493225,0.2106267213821411,-0.05326642468571663,-0.38027381896972656,0.7036818265914917,0.16402684152126312,-0.053463246673345566,-0.3766780495643616,-0.0008036363869905472,0.5718078017234802,-0.020921366289258003,0.5488882064819336,0.36039233207702637,-0.3714165985584259,-0.2783278226852417,0.15370389819145203,0.5299540162086487,-0.08356107026338577,-0.10359495878219604,-0.2422037124633789,0.23684389889240265,0.24190053343772888,-0.4321375787258148,-0.06900378316640854,-0.21520809829235077,0.20050762593746185,-0.29169341921806335,-0.12752673029899597,-0.07328418642282486,0.15266546607017517,-0.056897588074207306,-0.18329331278800964,0.36036553978919983,-0.2782953083515167,-0.6785780787467957,-0.07077154517173767,0.016728883609175682,-0.15165063738822937,0.06513635814189911,-0.09105491638183594,0.333671510219574,0.19087539613246918,0.18080681562423706,0.07738061249256134,-0.09730615466833115
538.0,0.5229701995849609,0.39223289489746094,-0.2612357437610626,-0.049556080251932144,-0.14536407589912415,-0.397891640663147,-0.14474284648895264,-0.14485718309879303,0.5463516116142273,0.04087328910827637,-0.22838634252548218,-0.07334918528795242,0.4704817533493042,-0.0980038270354271,0.14581714570522308,-0.18672965466976166,-0.06869500130414963,-0.3084486424922943,-0.40245407819747925,-0.3727116882801056,0.22595447301864624,0.0724179595708847,-0.2297593653202057,0.5349248051643372,0.16632917523384094,0.1655942052602768,0.005867199040949345,0.22666752338409424,0.38392770290374756,-0.3907810151576996,0.5641587376594543,0.12377674877643585,-0.3162457048892975,0.09820713847875595,0.25896894931793213,0.5453060865402222,0.08523281663656235,0.3152484595775604,0.18283234536647797,0.5047165155410767,0.5688464641571045,-0.350759357213974,-0.4333163797855377,-0.12369165569543839,0.19145384430885315,0.01896527223289013,-0.5302246809005737,-0.004403198137879372,-0.2391255497932434,0.04755792021751404,-0.022543316707015038,0.41806498169898987,0.0472894124686718,-0.3832646608352661,0.1472005993127823,-0.45374107360839844,0.0013590482994914055,0.006932958960533142,0.024416901171207428,0.14289730787277222,0.24474072456359863,-0.06707015633583069,0.00968601368367672,0.10211988538503647
539.0,-0.19665728509426117,0.0034633467439562082,-0.6564741730690002,0.4256153702735901,-0.11741207540035248,-0.23421268165111542,-0.6114117503166199,-0.1885010004043579,0.23916880786418915,0.01566747948527336,-0.2415740191936493,0.005449940916150808,0.10911741107702255,0.16858002543449402,0.082248255610466,-0.3156571686267853,-0.22416284680366516,0.05046624690294266,-0.6144968271255493,-0.28131234645843506,0.49305471777915955,0.06259015947580338,-0.4705032706260681,0.7695519328117371,-0.024005156010389328,0.015201318077743053,-0.40079984068870544,-0.09466947615146637,0.7430846095085144,-0.19271771609783173,0.5494962334632874,0.5848886966705322,-0.5799196362495422,-0.4974530041217804,0.03445286303758621,0.6178261637687683,-0.13698022067546844,0.11795632541179657,-0.3158426284790039,0.2995036840438843,0.44748154282569885,-0.19693554937839508,-0.22723276913166046,-0.14397259056568146,0.33410391211509705,-0.23936854302883148,-0.49721911549568176,-0.01128879003226757,-0.0932912826538086,0.13841941952705383,0.009042743593454361,0.5187010765075684,-0.3083629608154297,-0.6958316564559937,0.14914962649345398,0.0028467602096498013,-0.10898682475090027,0.014284530654549599,-0.3065308630466461,0.12945500016212463,-0.06347814947366714,0.03303675353527069,0.17836716771125793,-0.10893341898918152
540.0,-0.6177913546562195,0.3312188386917114,-0.33017832040786743,0.46215251088142395,-0.21142210066318512,-0.03526940941810608,-0.5410749912261963,-0.2510698139667511,-0.4948011040687561,-0.12618926167488098,-0.08478297293186188,0.022823408246040344,-0.411122590303421,0.16151539981365204,-0.10688697546720505,-0.572084367275238,0.13486731052398682,-0.027393748983740807,-0.7244796752929688,-0.13149574398994446,-0.05465265363454819,0.21492649614810944,-0.6618807911872864,-0.02800554595887661,0.0365942008793354,0.11127322912216187,0.07530879974365234,-0.22146248817443848,0.3721606135368347,-0.2271306812763214,-0.32598987221717834,0.5226173400878906,-0.6385425925254822,-0.2575843036174774,-0.11135047674179077,0.5750154256820679,-0.16567130386829376,-0.11356784403324127,0.2547362744808197,0.17916594445705414,0.3843722343444824,-0.06020177900791168,0.029330521821975708,-0.1921326220035553,0.3570549488067627,-0.16939476132392883,-0.5844083428382874,-0.2800857424736023,-0.5066806674003601,-0.003082275390625,0.014855804853141308,-0.18448664247989655,-0.32809576392173767,-0.620082676410675,0.00800473801791668,0.31488656997680664,0.20841574668884277,-0.146765798330307,-0.5129821300506592,0.3249381184577942,-0.4556386470794678,-0.5006441473960876,-0.044344961643218994,-0.04349486157298088
541.0,-0.5705638527870178,0.13399706780910492,-0.5072265863418579,0.5155519843101501,-0.14910174906253815,-0.11150603741407394,-0.6054365038871765,-0.17910470068454742,-0.7011334896087646,0.013644622638821602,-0.04951456934213638,-0.014835439622402191,-0.42821204662323,0.10822802037000656,-0.1308857500553131,-0.50126051902771,-0.028450755402445793,0.07159796357154846,-0.717748761177063,-0.16129963099956512,-0.2981601059436798,0.33044707775115967,-0.531222403049469,-0.14723476767539978,-0.2118929624557495,0.009746028110384941,-0.0611918680369854,-0.3560052812099457,0.32436370849609375,-0.3780054450035095,-0.3632335364818573,0.6114659309387207,-0.4815863072872162,-0.22389012575149536,0.02228555642068386,0.41935354471206665,-0.2386462241411209,-0.02654331363737583,0.1825276017189026,0.2350216954946518,0.4818872809410095,0.017015615478157997,0.0001765199122019112,-0.23477137088775635,0.27492034435272217,-0.33522671461105347,-0.5441945791244507,-0.11928916722536087,-0.4788688123226166,-0.08598211407661438,0.1255210041999817,0.05207418277859688,-0.2953735589981079,-0.5452434420585632,0.014540757983922958,0.43063628673553467,0.09702049195766449,-0.13883104920387268,-0.45720556378364563,0.1784743070602417,-0.3947739601135254,-0.27096545696258545,-0.014600354246795177,-0.15264441072940826
542.0,-0.3352646231651306,0.4479040205478668,-0.10673234611749649,0.10416148602962494,-0.3591477572917938,-0.21633848547935486,-0.41794711351394653,0.044093478471040726,-0.20943598449230194,-0.01808975636959076,-0.22005097568035126,-0.24438662827014923,-0.2038383036851883,0.2366296947002411,0.09111358225345612,-0.41309258341789246,-0.005889363586902618,-0.24524685740470886,-0.30786949396133423,-0.18042396008968353,0.06706942617893219,0.025761142373085022,-0.39172592759132385,-0.1422746777534485,-0.3290344774723053,0.14007523655891418,0.34659746289253235,0.051513854414224625,0.2617928981781006,-0.10157893598079681,-0.16459159553050995,0.33042022585868835,-0.43290960788726807,-0.021066740155220032,0.03353642299771309,0.2679412066936493,-0.12170986086130142,0.15084581077098846,0.47529691457748413,-0.17426498234272003,0.4900580942630768,0.08088664710521698,-0.2419765293598175,-0.0847499743103981,0.36395034193992615,-0.1318826526403427,-0.49592894315719604,-0.08940530568361282,-0.6554421186447144,0.4956451654434204,0.46104696393013,-0.10366611182689667,-0.07134087383747101,-0.1327139139175415,0.2078516036272049,0.06272507458925247,0.019232232123613358,0.04803813621401787,-0.6098623275756836,-0.2536087930202484,-0.6335424780845642,-0.7468849420547485,0.23302027583122253,0.16202305257320404
543.0,-0.455242395401001,0.338457316160202,-0.3183249831199646,0.48241257667541504,-0.04803921654820442,0.026711618527770042,-0.334101140499115,-0.3516994118690491,-0.36885884404182434,-0.12991401553153992,-0.08879344910383224,-0.015840472653508186,-0.23562151193618774,0.26610803604125977,0.03073081560432911,-0.4229520261287689,0.15357811748981476,-0.19571836292743683,-0.5516036152839661,-0.02882503718137741,-0.2351323813199997,-0.01505956519395113,-0.47579628229141235,-0.023841284215450287,-0.2253682017326355,0.05412735044956207,0.0570303350687027,-0.2637230455875397,0.27574315667152405,-0.11210963129997253,-0.5318986177444458,0.3516884744167328,-0.48019033670425415,-0.2853545844554901,-0.007361967582255602,0.4755743741989136,-0.11537162959575653,-0.07951004058122635,-0.13268721103668213,0.024825606495141983,0.37801453471183777,0.10017471760511398,0.10459253191947937,-0.14723648130893707,0.2866368591785431,-0.17233972251415253,-0.4904254972934723,-0.36228975653648376,-0.26407700777053833,-0.16474087536334991,0.008131376467645168,-0.0643310397863388,-0.27803030610084534,-0.33868664503097534,0.09645454585552216,0.34890174865722656,0.16807600855827332,0.08469734340906143,-0.3964029848575592,0.33684998750686646,-0.44908827543258667,-0.4491507112979889,0.07094581425189972,0.008013607934117317
544.0,-0.582371711730957,0.33903369307518005,-0.44272565841674805,0.6005182266235352,-0.2682775557041168,-0.13189764320850372,-0.6951351761817932,-0.2916060984134674,-0.5966284871101379,-0.03193448483943939,-0.17400793731212616,-0.018237274140119553,-0.47859424352645874,0.1718554049730301,-0.20446960628032684,-0.4992867112159729,0.11916593462228775,-0.08441782742738724,-0.9645277857780457,-0.15265214443206787,-0.1907060444355011,0.2736269533634186,-0.7317476868629456,0.04059324041008949,-0.031840454787015915,0.13918837904930115,-0.07438252121210098,-0.23527991771697998,0.24837267398834229,-0.26392072439193726,-0.2589752674102783,0.6648886203765869,-0.4282058775424957,-0.22359634935855865,0.00042509008198976517,0.37957432866096497,-0.24887444078922272,-0.026940789073705673,0.04863601550459862,0.1507655680179596,0.2919231057167053,-0.02477131225168705,0.042245667427778244,-0.26221713423728943,0.2531846761703491,-0.11824210733175278,-0.44041013717651367,-0.18757371604442596,-0.33035317063331604,-0.051813285797834396,-0.07219662517309189,-0.06599331647157669,-0.40937113761901855,-0.6356143355369568,-0.10643818229436874,0.39859896898269653,0.03302804008126259,-0.04215406998991966,-0.5610498189926147,0.4040980935096741,-0.31967106461524963,-0.32358112931251526,-0.010947011411190033,-0.06784940510988235
545.0,-0.4416622221469879,-0.24944956600666046,-0.5375263690948486,0.13180170953273773,-0.014462945982813835,0.17138120532035828,-0.7776557207107544,-0.19002623856067657,-0.22956529259681702,-0.15926861763000488,-0.3715754449367523,-0.02927878499031067,-0.3076448440551758,-0.07270745187997818,-0.18343693017959595,-0.19917736947536469,-0.5791994333267212,-0.08392813801765442,-0.410997211933136,0.354130357503891,0.3344011902809143,0.47767773270606995,-0.28461307287216187,0.31031420826911926,-0.032283417880535126,0.3212854266166687,-0.44890713691711426,-0.13258907198905945,0.365408718585968,-0.20412777364253998,0.30086731910705566,0.6233286261558533,-0.613439679145813,-0.6852372884750366,-0.06103697791695595,0.27321407198905945,-0.26446813344955444,-0.1542816162109375,-0.029051436111330986,0.39226505160331726,0.3826711177825928,-0.13376501202583313,-0.29633015394210815,-0.38418179750442505,-0.1979837417602539,-0.012772675603628159,0.06440737098455429,-0.07181613892316818,-0.03745977580547333,-0.04594321548938751,-0.17629271745681763,0.22763130068778992,-0.12438913434743881,-0.6901980042457581,0.03904260694980621,0.2153039127588272,0.135620579123497,-0.2928171753883362,-0.44892555475234985,0.21216055750846863,-0.05549882352352142,-0.04923882707953453,0.2561871409416199,-0.2282189428806305
546.0,-0.6749603152275085,-0.31950363516807556,-0.5607940554618835,-0.034942977130413055,-0.03462547808885574,0.10477534681558609,-0.8135443329811096,-0.3342646658420563,-0.4663965106010437,0.02001677267253399,-0.3428560197353363,0.07559514045715332,-0.41744720935821533,0.10581164062023163,-0.17290520668029785,-0.2727421820163727,-0.45803096890449524,-0.061288982629776,-0.32485657930374146,0.3657326102256775,0.3049817383289337,0.5140372514724731,-0.1870202124118805,0.12711475789546967,-0.30607447028160095,0.36490896344184875,-0.3836393654346466,-0.1969316452741623,0.36779043078422546,-0.20756420493125916,0.17279192805290222,0.7245132923126221,-0.6048862338066101,-0.8353731632232666,-0.08022449910640717,0.274856835603714,-0.2560054361820221,-0.1866208165884018,-0.08785276114940643,0.2447003573179245,0.39220166206359863,0.08618123829364777,-0.22936686873435974,-0.3691432774066925,-0.20548728108406067,-0.10231805592775345,-0.1080479845404625,-0.008998213335871696,-0.14895857870578766,-0.02027772180736065,-0.07645170390605927,0.1503622829914093,-0.2020931839942932,-0.6917765140533447,-0.020084315910935402,0.3674958348274231,0.24327704310417175,-0.062416523694992065,-0.532980740070343,0.2760075628757477,-0.15977850556373596,-0.06126948073506355,0.3352895677089691,-0.19346992671489716
547.0,-0.26443707942962646,0.023798920214176178,-0.2961525022983551,-0.42485111951828003,-0.20872746407985687,-0.09679031372070312,-0.4654497802257538,-0.10227791219949722,-0.05896637588739395,-0.14164461195468903,-0.5489831566810608,-0.10346198081970215,-0.2370196133852005,0.004734267480671406,0.06698217988014221,-0.15008044242858887,-0.23133797943592072,-0.5714978575706482,-0.10700254142284393,0.4938666522502899,0.390404611825943,0.33328118920326233,0.1130843237042427,0.21095378696918488,-0.3423445224761963,0.7093310952186584,0.14062194526195526,0.2522973120212555,0.16544359922409058,-0.13367968797683716,0.2168979048728943,0.4255813956260681,-0.4890174865722656,-0.3775932192802429,-0.026357226073741913,0.40431320667266846,-0.13715404272079468,-0.0065629007294774055,0.3730699121952057,0.09228689968585968,0.4549122452735901,0.024868236854672432,-0.5418924689292908,-0.1505805402994156,-0.2663101553916931,0.16453926265239716,-0.024302590638399124,-0.09635312110185623,-0.26481959223747253,0.20765168964862823,0.059493910521268845,0.009704863652586937,0.16419494152069092,-0.4357152283191681,0.10215167701244354,-0.13504599034786224,0.1981315016746521,-0.23194938898086548,-0.5127846598625183,-0.033277206122875214,-0.34961292147636414,-0.4461437463760376,0.2466251254081726,-0.05617076903581619
548.0,-0.46353429555892944,-0.25593897700309753,-0.65346360206604,0.26633477210998535,0.13109461963176727,0.14583441615104675,-0.7247189879417419,-0.376426637172699,-0.3883836269378662,-0.10973299294710159,-0.4020528495311737,0.042386494576931,-0.2037760317325592,-0.008478022180497646,-0.2319485992193222,-0.16193754971027374,-0.25780484080314636,-0.14163999259471893,-0.4456983208656311,0.17325416207313538,0.20464150607585907,0.5573182106018066,-0.1144077330827713,0.24770039319992065,-0.17574775218963623,0.5856122374534607,-0.32455116510391235,-0.18552812933921814,0.3366251587867737,-0.2767847180366516,0.06964036822319031,0.5005524754524231,-0.45713043212890625,-0.6265355348587036,-0.05837036296725273,0.40047430992126465,-0.09018314629793167,-0.1936250478029251,0.024402962997555733,0.2425873726606369,0.31469881534576416,-0.07579128444194794,-0.20713958144187927,-0.24736420810222626,-0.3329726457595825,-0.09907671064138412,-0.025262579321861267,-0.2602528929710388,0.012774743139743805,-0.03700472414493561,-0.04070137441158295,0.25750234723091125,-0.1510293334722519,-0.6676870584487915,0.017596708610653877,0.22807957231998444,0.15459220111370087,0.09811816364526749,-0.5546031594276428,0.23255373537540436,-0.12634676694869995,0.16347722709178925,0.3685306906700134,0.01161106675863266
549.0,-0.537659227848053,-0.4456845223903656,-0.740545392036438,0.12646353244781494,-0.09044072777032852,0.05364003777503967,-0.9035035967826843,-0.07236447930335999,-0.4070045053958893,-0.08802257478237152,-0.3390142321586609,0.05404073745012283,-0.31518855690956116,-0.2036072462797165,-0.16347499191761017,-0.2759086489677429,-0.3017832338809967,0.15023452043533325,-0.44840767979621887,0.23853984475135803,0.283724844455719,0.5937009453773499,-0.13220341503620148,0.29395970702171326,-0.09150128811597824,0.3832949101924896,-0.49675920605659485,-0.17690713703632355,0.4572007954120636,-0.33283835649490356,0.28086718916893005,0.8109825253486633,-0.5426069498062134,-0.6195727586746216,0.004229229409247637,0.36648353934288025,-0.34374234080314636,-0.23266664147377014,0.052541665732860565,0.41690245270729065,0.31738168001174927,-0.28515684604644775,-0.3114670515060425,-0.3140353560447693,-0.16487441956996918,-0.302111953496933,0.030557919293642044,-0.1266065239906311,-0.018984686583280563,-0.13200858235359192,-0.019411368295550346,0.41695481538772583,-0.16431114077568054,-0.9458363652229309,-0.156710684299469,0.22706164419651031,-0.011570798233151436,-0.03118520975112915,-0.4604247212409973,0.16647236049175262,-0.04458894580602646,0.15075194835662842,0.15955208241939545,-0.20020616054534912
550.0,0.3012615740299225,0.14992474019527435,0.08252410590648651,-0.0573401153087616,-0.010863692499697208,0.18198880553245544,-0.0437636636197567,0.05305688455700874,0.15592676401138306,-0.02951151691377163,-0.08747178316116333,-0.23085308074951172,0.12645314633846283,0.2740313410758972,0.175810769200325,-0.008759242482483387,-0.5816798806190491,-0.4437609314918518,0.22939692437648773,0.12181994318962097,0.11410687118768692,-0.10280877351760864,-0.23524783551692963,0.34797364473342896,-0.34381136298179626,-0.27858272194862366,-0.27774134278297424,-0.17868465185165405,0.036144524812698364,-0.025750689208507538,0.17907066643238068,0.11640666425228119,-0.13911746442317963,-0.05845951288938522,0.26443952322006226,-0.24776780605316162,-0.50376957654953,0.4513744115829468,-0.35259923338890076,0.46578100323677063,0.4501841068267822,0.16113218665122986,-0.41861492395401,-0.1574440449476242,0.1799408495426178,0.09372234344482422,0.0279775969684124,0.046534933149814606,0.259874552488327,-0.395608514547348,-0.3273213803768158,0.08331054449081421,0.271759033203125,-0.10201975703239441,0.4282112419605255,0.012038499116897583,0.2843945622444153,-0.6808816194534302,0.2663573920726776,0.03366401791572571,-0.10729729384183884,-0.22049970924854279,-0.06901686638593674,-0.2656312584877014
551.0,0.35047218203544617,0.11581005901098251,0.06380333751440048,0.0722394585609436,0.012985735200345516,0.17467983067035675,-0.23746250569820404,-0.35690510272979736,0.04452301189303398,0.33877384662628174,-0.28292691707611084,-0.06925889849662781,0.15402978658676147,0.531237781047821,0.22683584690093994,0.13588422536849976,-0.5265816450119019,-0.5920437574386597,0.19188447296619415,0.08501498401165009,-0.06898414343595505,-0.1861831694841385,-0.21516536176204681,0.3537448048591614,-0.2744375467300415,-0.4053610563278198,-0.52858966588974,-0.367891401052475,0.017471833154559135,-0.0501430444419384,0.23412927985191345,0.3533928692340851,-0.09060142934322357,-0.2658894658088684,0.5338655710220337,-0.1590070277452469,-0.3129231333732605,0.5372068285942078,-0.7348264455795288,0.5403684973716736,0.37640535831451416,0.08893709629774094,-0.3033582270145416,-0.2702847421169281,0.05974208936095238,0.16766028106212616,0.013837859965860844,0.25266900658607483,0.5665953159332275,-0.48368269205093384,-0.5829476714134216,0.07720313221216202,-0.010896540246903896,-0.13898777961730957,0.19862903654575348,0.4507575035095215,0.08385784924030304,-0.4788471460342407,0.25423189997673035,0.2853375971317291,0.14239127933979034,-0.022769320756196976,0.06242961809039116,-0.24967829883098602
552.0,0.08301416784524918,-0.0736539214849472,-0.04734053090214729,0.34792742133140564,0.04339079558849335,0.18137988448143005,-0.3671817481517792,0.011347178369760513,0.18215888738632202,0.09765931963920593,-0.3456818759441376,-0.15900318324565887,-0.07267764955759048,0.44566410779953003,0.22695189714431763,-0.1328701674938202,-0.6739755272865295,-0.20635828375816345,0.27122268080711365,0.04719570279121399,0.1479538381099701,0.15376995503902435,-0.4480300545692444,0.4667953550815582,-0.40050143003463745,-0.405718594789505,-0.5516215562820435,-0.34511810541152954,0.2609843313694,0.0052855731919407845,0.0615016333758831,0.40596306324005127,-0.26454758644104004,-0.12717507779598236,0.3178722858428955,-0.2222924828529358,-0.4385785758495331,0.4399212598800659,-0.5997468829154968,0.5415621995925903,0.46678343415260315,0.11083464324474335,-0.3223302662372589,-0.2260339856147766,0.3153761029243469,0.04602256417274475,-0.09856624901294708,0.048787590116262436,0.19708548486232758,-0.2707899212837219,-0.22162988781929016,0.13114918768405914,-0.0152170704677701,-0.1405080407857895,0.46119004487991333,0.1432657092809677,0.11523327231407166,-0.42532655596733093,0.030558066442608833,0.12990620732307434,0.012105567380785942,0.008455193601548672,0.01657731831073761,-0.23460085690021515
553.0,0.3105303645133972,-0.06664276868104935,0.05207731947302818,0.3113154172897339,0.12371871620416641,0.3588874340057373,-0.25968751311302185,-0.12943507730960846,0.3155098259449005,0.09060472995042801,-0.5191755890846252,-0.14436621963977814,0.043570224195718765,0.2981168031692505,0.12730075418949127,0.09506437182426453,-0.5286774635314941,-0.5196875333786011,0.1206352487206459,0.18186068534851074,0.018992114812135696,-0.13568606972694397,-0.35671237111091614,0.44714608788490295,-0.3142516314983368,-0.6288244128227234,-0.4031234681606293,-0.4281493127346039,0.14838942885398865,-0.0775013267993927,0.17603550851345062,0.2574867904186249,-0.24917379021644592,-0.17257195711135864,0.41245460510253906,-0.2354046255350113,-0.4690339267253876,0.40117916464805603,-0.6585889458656311,0.3643876314163208,0.3320116400718689,0.1459701657295227,-0.04919211566448212,-0.3175787031650543,0.26879212260246277,0.2546672224998474,0.03125977888703346,0.02310355007648468,0.48773419857025146,-0.4318944811820984,-0.3605876863002777,-0.022614486515522003,-0.01578955352306366,0.13496270775794983,0.5491296648979187,0.19692914187908173,0.12189888209104538,-0.3618139922618866,0.1034497395157814,0.20745567977428436,0.0736314207315445,-0.12133868783712387,0.057998958975076675,-0.10020791739225388
554.0,0.08488990366458893,-0.12328081578016281,-0.007321564480662346,0.02553400583565235,-0.037910521030426025,0.2412395030260086,-0.06830190867185593,-0.15782392024993896,0.14179857075214386,0.1402389109134674,-0.1929340809583664,-0.20217205584049225,-0.0929262638092041,0.2786502242088318,0.1674562692642212,0.21220700442790985,-0.6157811880111694,-0.525205671787262,0.23888133466243744,-0.1823328137397766,-0.1219189316034317,0.01181212067604065,-0.13232025504112244,0.26613086462020874,-0.45533329248428345,-0.4832850992679596,-0.47428515553474426,-0.40455934405326843,0.02840081974864006,0.3822982609272003,0.05378696694970131,0.3653358221054077,-0.03463428467512131,-0.25597327947616577,0.6037726998329163,-0.3089250326156616,-0.47790494561195374,0.3340182304382324,-0.6891953945159912,0.39978891611099243,0.3799792528152466,0.06277018785476685,-0.20341238379478455,-0.30321231484413147,0.07517648488283157,0.03441956639289856,0.003191756084561348,0.06950512528419495,0.550666332244873,-0.4993932247161865,-0.31646841764450073,0.06193416193127632,-0.1139022558927536,-0.039610590785741806,0.3953832685947418,0.1924373358488083,0.2109239101409912,-0.3104103207588196,0.4401035010814667,0.39893990755081177,0.09981187433004379,-0.24935753643512726,0.06317903101444244,-0.26215991377830505
555.0,-0.4661431908607483,0.06321244686841965,-0.36925506591796875,0.407309889793396,-0.1571609228849411,-0.25538817048072815,-0.56855309009552,-0.012737121433019638,-0.04583807662129402,0.06172294169664383,0.21708565950393677,0.33388152718544006,-0.5201752185821533,0.10738947987556458,0.123531773686409,-0.08374355733394623,0.18251386284828186,0.651431143283844,0.6501181721687317,-0.19549483060836792,0.17995940148830414,0.42811623215675354,-0.06755231320858002,0.060354750603437424,-0.6065828800201416,0.2643098831176758,-0.15169194340705872,0.006673170253634453,0.04692872241139412,-0.27152159810066223,0.45074278116226196,0.4470036029815674,-0.6090331673622131,-0.517156183719635,-0.15222316980361938,0.25328317284584045,-0.30927106738090515,-0.11924373358488083,-0.40570417046546936,0.5347004532814026,0.19649872183799744,-0.6254846453666687,-0.03901714086532593,-0.423219233751297,0.0682256892323494,-0.05878552421927452,-0.077158123254776,-0.3521299958229065,-0.07911435514688492,-0.3870634436607361,-0.09924943745136261,0.3141326308250427,-0.4803730547428131,-0.6211573481559753,0.08771375566720963,0.21174412965774536,0.2474333494901657,0.07108471542596817,-0.23260433971881866,0.2543991506099701,0.30607664585113525,0.3435775637626648,0.002734139561653137,-0.1483483612537384
556.0,-0.5041455626487732,0.014553175307810307,-0.2873649299144745,0.44792690873146057,-0.33449786901474,-0.30950483679771423,-0.737446129322052,0.10769937932491302,-0.08579414337873459,0.021500930190086365,-0.056009724736213684,0.14068235456943512,-0.5070183277130127,0.15855802595615387,0.17267216742038727,-0.28703588247299194,0.023668216541409492,0.639870822429657,0.4279319941997528,-0.3400200307369232,0.22643625736236572,0.46949532628059387,-0.12613408267498016,0.25416669249534607,-0.4496632218360901,0.15157650411128998,-0.2438877373933792,0.025233501568436623,0.13845175504684448,-0.5144813656806946,0.5082007646560669,0.5483150482177734,-0.4581027030944824,-0.36400511860847473,-0.11869397759437561,0.23896250128746033,-0.49519070982933044,-0.11765581369400024,-0.10292703658342361,0.5802002549171448,0.1694881170988083,-0.550671398639679,-0.1395425796508789,-0.3339636027812958,0.2348528951406479,0.026085058227181435,-0.1307571530342102,-0.41988322138786316,-0.24172404408454895,-0.27526041865348816,0.07198625057935715,0.19721433520317078,-0.4241040050983429,-0.684658944606781,0.2490370124578476,0.12297283113002777,0.25896257162094116,0.0455498993396759,-0.3611154556274414,0.2957647442817688,0.4134920537471771,0.4080829918384552,-0.11993753910064697,-0.21992799639701843
557.0,-0.5111931562423706,-0.06313493102788925,-0.2961943447589874,0.41225090622901917,-0.17699456214904785,-0.1861116588115692,-0.818376898765564,0.03211506828665733,-0.14170335233211517,-0.16350920498371124,0.24981045722961426,0.2180483490228653,-0.5284700989723206,0.12887296080589294,0.172046959400177,-0.20523220300674438,0.2513407766819,0.6690347194671631,0.35372206568717957,-0.25069212913513184,0.2495514154434204,0.48169028759002686,-0.033974289894104004,0.3165109157562256,-0.38187673687934875,0.19152875244617462,-0.37047746777534485,-0.056922342628240585,0.2035643607378006,-0.4521566927433014,0.5473601818084717,0.5327221155166626,-0.19203895330429077,-0.4655480980873108,-0.07093410193920135,0.266544371843338,-0.4671766757965088,-0.13648149371147156,-0.30457571148872375,0.3056441843509674,0.07131511718034744,-0.565074622631073,-0.017068013548851013,-0.17648325860500336,0.053795069456100464,-0.23186618089675903,0.07096875458955765,-0.4326646625995636,0.023065876215696335,-0.297899067401886,-0.011092130094766617,0.1290496438741684,-0.40033790469169617,-0.805862545967102,0.04146227240562439,0.5088756680488586,0.0004712621448561549,0.1997472643852234,-0.17372994124889374,0.30272606015205383,0.31982043385505676,0.4203117787837982,-0.24693700671195984,-0.03592757508158684
558.0,-0.40414485335350037,0.06855417788028717,-0.007348164450377226,-0.4465765357017517,-0.5095528960227966,-0.23438988626003265,-0.30706068873405457,0.2256530076265335,0.17951957881450653,-0.18138250708580017,-0.2862948179244995,0.23056979477405548,-0.39164844155311584,-0.10712320357561111,0.2592160403728485,0.15059062838554382,0.18895991146564484,-0.03955898433923721,0.57095867395401,-0.10398388653993607,0.3611465394496918,0.4102650284767151,0.6359670162200928,-0.1196841225028038,-0.34940236806869507,0.6166688799858093,0.010679930448532104,0.311469167470932,-0.025147324427962303,-0.4481942355632782,0.26645177602767944,0.5481297969818115,-0.402133971452713,-0.39695048332214355,0.0486907958984375,0.5826796293258667,-0.20985783636569977,0.20028571784496307,0.24604859948158264,0.6180939674377441,0.44762223958969116,-0.664226770401001,-0.6318384408950806,-0.09137753397226334,0.08411115407943726,-0.09099023789167404,-0.0924677923321724,-0.5209746360778809,-0.3029828667640686,-0.024013036862015724,0.23000642657279968,0.21066914498806,-0.1482195258140564,-0.8379811644554138,0.15068481862545013,-0.192689910531044,0.5747818350791931,-0.0282447449862957,-0.047698259353637695,-0.10389570891857147,0.13296407461166382,-0.24579831957817078,-0.14843037724494934,0.11015396565198898
559.0,-0.5532925724983215,-0.030219564214348793,-0.5195105075836182,0.43357470631599426,-0.1370469033718109,-0.12715379893779755,-0.7241135239601135,0.06982793658971786,-0.0985768735408783,-0.05880117788910866,0.036355987191200256,0.21065548062324524,-0.4221516251564026,-0.008854791522026062,0.05910903960466385,-0.20961296558380127,0.07725541293621063,0.6048955321311951,0.26561790704727173,-0.4597751796245575,0.2894730865955353,0.3262953758239746,-0.003882037941366434,0.19937239587306976,-0.33473244309425354,0.15479779243469238,-0.27333009243011475,-0.08505425602197647,0.37890028953552246,-0.5495918393135071,0.34641486406326294,0.6345173120498657,-0.671320378780365,-0.5296154618263245,-0.1982596516609192,0.48768478631973267,-0.33356863260269165,-0.20084837079048157,-0.09681488573551178,0.6176362633705139,0.29428830742836,-0.7463957071304321,-0.10844608396291733,-0.5815631151199341,0.3575102388858795,-0.4307154715061188,-0.21789264678955078,-0.44453707337379456,-0.235688716173172,-0.4459020495414734,0.24394488334655762,0.41537266969680786,-0.343830943107605,-0.933371901512146,-0.05019528791308403,0.26772692799568176,0.3202764093875885,0.21666797995567322,-0.38071298599243164,0.145755797624588,0.25805869698524475,0.29096007347106934,-0.03835715353488922,-0.08572297543287277
560.0,-0.06221293658018112,-0.022533591836690903,-0.7348660230636597,0.44517767429351807,-0.14410348236560822,0.02173631265759468,-0.5357815623283386,0.1009937971830368,0.20879779756069183,0.00132462359033525,-0.34622201323509216,-0.2891383171081543,-0.01350210327655077,-0.09788308292627335,0.39163950085639954,0.1940336525440216,-0.4798058569431305,-0.1760062724351883,-0.3745187819004059,0.1781059056520462,-0.01941242441534996,-0.18732896447181702,-0.003831992857158184,0.37806272506713867,0.08041734248399734,0.01665145717561245,-0.24372272193431854,-0.23373019695281982,0.5732007622718811,0.056292202323675156,0.11970799416303635,0.25837960839271545,-0.5966551303863525,-0.2816621959209442,-0.21848560869693756,0.5065402388572693,-0.12211958318948746,0.12235859036445618,0.12729977071285248,0.3809514045715332,0.01016144547611475,-0.3212409019470215,0.1778552383184433,-0.2857852280139923,-0.006682821549475193,-0.31337133049964905,0.16843606531620026,0.16143925487995148,0.18219344317913055,-0.29784852266311646,0.04251068830490112,0.6466710567474365,0.20729181170463562,-0.4636186957359314,-0.039051469415426254,0.1984044462442398,-0.2626180946826935,-0.1264411360025406,-0.4005413055419922,-0.29392343759536743,-0.18081070482730865,0.05393005907535553,0.1998564898967743,-0.49431297183036804
561.0,-0.03945459425449371,0.07816698402166367,-0.8012248277664185,0.43571045994758606,-0.08164498209953308,-0.09250800311565399,-0.48045045137405396,0.02595299482345581,0.13924318552017212,0.11129038780927658,-0.2549175024032593,-0.20751377940177917,0.04765836149454117,0.039627235382795334,0.3426675498485565,0.1317027062177658,-0.6345454454421997,-0.17535892128944397,-0.2723539471626282,0.00487141590565443,-0.13665196299552917,-0.10570647567510605,-0.00983500201255083,0.4066939949989319,0.07767941057682037,-0.05713402479887009,-0.4006098806858063,-0.290152370929718,0.6447940468788147,0.1503112018108368,0.0958896353840828,0.26089543104171753,-0.5346385836601257,-0.21125495433807373,-0.09962613880634308,0.4374018907546997,-0.08449354022741318,0.14837205410003662,0.0385749451816082,0.3585965037345886,0.08882933855056763,-0.43898385763168335,0.08733334392309189,-0.4095771312713623,0.05823253095149994,-0.47816768288612366,0.1873321384191513,0.18025118112564087,0.20214994251728058,-0.22325177490711212,0.018768174573779106,0.6368861794471741,0.1747177243232727,-0.48367297649383545,-0.0393974594771862,0.25764429569244385,-0.26081928610801697,-0.13710196316242218,-0.4451155662536621,-0.35951435565948486,-0.22725670039653778,0.1270003616809845,0.24850696325302124,-0.5420982241630554
562.0,-0.18158508837223053,0.014305678196251392,-0.8460100889205933,0.4675860106945038,-0.23411689698696136,-0.025412555783987045,-0.6891199946403503,0.04954459145665169,0.0730421394109726,0.1736188530921936,-0.3268001675605774,-0.21540823578834534,-0.12377304583787918,0.03612978383898735,0.36156800389289856,-0.08891389518976212,-0.4026104211807251,-0.16613847017288208,-0.3654419183731079,0.2077808678150177,-0.091578409075737,-0.11664240062236786,-0.2142038643360138,0.37093088030815125,-0.12111324071884155,-0.12413424998521805,-0.17936284840106964,-0.25172799825668335,0.561987578868866,0.027839185670018196,0.06046518310904503,0.4337494969367981,-0.5959174633026123,-0.22292280197143555,-0.05131171643733978,0.3687807321548462,-0.2455347776412964,0.18043336272239685,-0.1596645712852478,0.2679515779018402,0.08815313875675201,-0.2734876871109009,0.2171473354101181,-0.49202075600624084,0.15349002182483673,-0.2739083468914032,0.061420757323503494,0.19135092198848724,0.17741627991199493,-0.35231253504753113,-0.0239113736897707,0.6240535974502563,0.10265491902828217,-0.42579418420791626,-0.048838578164577484,0.19604504108428955,-0.2717200219631195,0.025014029815793037,-0.5581853985786438,-0.18122977018356323,-0.23094597458839417,-0.11530427634716034,0.21071788668632507,-0.4490024745464325
563.0,-0.15279150009155273,-0.06681687384843826,-0.521838903427124,0.5258359909057617,-0.1283973902463913,0.05578146129846573,-0.6006984114646912,0.0838174819946289,0.0673496276140213,0.07764331996440887,-0.22487051784992218,-0.1991773247718811,0.04856926202774048,0.12459848821163177,0.34934496879577637,-0.25984618067741394,-0.46007388830184937,0.013329261913895607,-0.38375958800315857,0.10341846942901611,0.21250218152999878,-0.10247503221035004,-0.3500748574733734,0.4029034972190857,0.2451419085264206,-0.26220035552978516,-0.4887039363384247,-0.32492804527282715,0.5286137461662292,-0.0332438126206398,0.26057565212249756,0.19965149462223053,-0.5875720381736755,-0.09796874970197678,-0.1142796203494072,0.3800579309463501,-0.11075928062200546,0.31083300709724426,-0.015197624452412128,0.5836071372032166,0.20871350169181824,-0.3035927414894104,-0.1390063762664795,-0.21274858713150024,0.31679219007492065,-0.17701350152492523,0.03059634007513523,0.19980484247207642,0.0663975179195404,-0.09442239999771118,-0.030762361362576485,0.4490397870540619,0.17557132244110107,-0.39792129397392273,0.14724737405776978,0.07892603427171707,-0.10494036972522736,-0.38316577672958374,-0.36892980337142944,-0.25534242391586304,-0.06800217181444168,0.12732015550136566,0.06692663580179214,-0.3773302435874939
564.0,0.22443516552448273,0.272880882024765,-0.4253913164138794,-0.010610667988657951,-0.2032909244298935,-0.11810433119535446,-0.4749075174331665,0.14099553227424622,0.3843238055706024,0.0038936007767915726,-0.2575242519378662,-0.2532292604446411,0.2470371276140213,0.05460415035486221,0.48895543813705444,0.06901977211236954,-0.6388692855834961,-0.27123403549194336,-0.06396669894456863,0.30759522318840027,-0.007086650468409061,-0.3429391086101532,0.14709430932998657,0.40646690130233765,0.09266594052314758,-0.002223112154752016,-0.2065381109714508,0.050815094262361526,0.5069988965988159,-0.1986181139945984,0.3749096095561981,0.0886559784412384,-0.3950769901275635,-0.16248854994773865,-0.0375237874686718,0.4441979229450226,-0.12424588948488235,0.3005084991455078,0.1925719827413559,0.27788588404655457,0.2289707362651825,-0.3743133842945099,-0.14064955711364746,-0.329310804605484,0.08615390956401825,-0.1805991530418396,0.2741226255893707,0.2065606266260147,0.05646581947803497,-0.042516253888607025,0.051691021770238876,0.5892035365104675,0.396752268075943,-0.3550306558609009,0.07638280093669891,0.1205437183380127,-0.24966834485530853,-0.22042608261108398,-0.38499003648757935,-0.5665203928947449,-0.025158027186989784,-0.17767059803009033,0.13416825234889984,-0.366853266954422
565.0,-0.1864650547504425,0.056060586124658585,-0.26205843687057495,0.19107356667518616,0.053390007466077805,-0.17822255194187164,-0.31645169854164124,-0.09208586066961288,-0.7731256484985352,0.6353715658187866,-0.11816490441560745,0.08376944810152054,-0.32795843482017517,0.11709070205688477,-0.5987131595611572,-0.29314976930618286,-0.20888392627239227,-0.053534723818302155,-0.18891103565692902,-0.3063727915287018,-0.410878449678421,0.46635115146636963,-0.44904905557632446,-0.013600998558104038,-0.26424640417099,0.03820950537919998,-0.5922182202339172,-0.2914743721485138,-0.08146794885396957,-0.037191055715084076,0.3556506335735321,0.35575035214424133,-0.12449583411216736,0.07060620933771133,-0.21715134382247925,-0.1378111094236374,-0.2658178210258484,0.12757916748523712,0.2244139313697815,0.5453625917434692,0.3404906988143921,-0.19838976860046387,-0.13494829833507538,-0.837279736995697,0.3238958716392517,-0.4983208179473877,0.23470409214496613,-0.03187563270330429,0.08005088567733765,-0.4240058660507202,-0.24874790012836456,-0.24834328889846802,-0.045102622359991074,-0.6546056866645813,-0.1737411767244339,0.3267233073711395,0.291313111782074,-0.18370233476161957,-0.4925583302974701,-0.009917069226503372,-0.15076249837875366,0.6724416017532349,-0.02487557753920555,-0.06300023198127747
566.0,-0.10161177814006805,0.013019734062254429,-0.3959321677684784,0.255401611328125,0.22355392575263977,-0.005493984092026949,-0.26485806703567505,0.012674549594521523,-0.7029910087585449,0.5736090540885925,-0.05124535411596298,0.14836187660694122,-0.16719765961170197,0.07475434243679047,-0.5985278487205505,-0.14647214114665985,-0.14600355923175812,0.05025922507047653,-0.011573923751711845,-0.20992504060268402,-0.5247803926467896,0.3937321603298187,-0.3510211706161499,-0.029780209064483643,-0.5342731475830078,0.20829589664936066,-0.3205387592315674,-0.1995655745267868,-0.03378535062074661,-0.2013159990310669,0.14117829501628876,0.2830394506454468,-0.1892431527376175,0.005387291312217712,-0.14724992215633392,0.01818024180829525,-0.2877737283706665,-0.046248141676187515,0.15271633863449097,0.4646228849887848,0.3401840925216675,-0.31379619240760803,0.027702342718839645,-0.7996360659599304,0.24166521430015564,-0.5991590619087219,0.2970816493034363,-0.12965300679206848,0.019372858107089996,-0.49235987663269043,-0.24119620025157928,0.06136614456772804,-0.13052953779697418,-0.814398467540741,-0.14685283601284027,0.2825562357902527,0.2832184135913849,-0.14347898960113525,-0.46393144130706787,-0.11134294420480728,-0.051132846623659134,0.6682235598564148,-0.04950917139649391,-0.0038656876422464848
567.0,0.13725101947784424,0.2503659725189209,0.13777035474777222,-0.22641560435295105,-0.16585436463356018,-0.14400598406791687,-0.14021869003772736,0.28041979670524597,-0.40947169065475464,0.46319323778152466,-0.4916638731956482,-0.07638906687498093,-0.17406149208545685,0.18492627143859863,-0.44822150468826294,0.045605018734931946,-0.542986273765564,-0.48533105850219727,0.08143895864486694,-0.19900169968605042,-0.2974546551704407,0.4162016808986664,-0.15331193804740906,-0.14914052188396454,-0.3111690878868103,0.38961130380630493,-0.2678479552268982,0.11026143282651901,-0.13253062963485718,-0.03985574468970299,0.19183330237865448,0.29936134815216064,0.0946594849228859,0.24041436612606049,-0.04888828471302986,-0.10072126984596252,-0.2812991142272949,0.4444451630115509,0.6359488368034363,0.5093904137611389,0.46075811982154846,-0.07248476147651672,-0.39941638708114624,-0.5338653922080994,0.2529437243938446,-0.29550981521606445,0.23565873503684998,0.02901613712310791,-0.22965124249458313,0.11032605916261673,-0.06434348225593567,-0.19164492189884186,0.026789655908942223,-0.6721387505531311,0.088352732360363,-0.019544566050171852,0.40935537219047546,-0.3889719545841217,-0.45778191089630127,-0.4139866828918457,-0.24484701454639435,0.27805373072624207,0.04641769826412201,0.027358470484614372
568.0,-0.1590575873851776,0.12033447623252869,-0.28608790040016174,0.21022693812847137,0.13245049118995667,-0.1804903745651245,-0.07192166149616241,-0.19098520278930664,-0.6707246899604797,0.5008283853530884,-0.06519202888011932,0.2564549744129181,-0.2548811137676239,0.16557157039642334,-0.5487249493598938,-0.1089402511715889,-0.1424771547317505,-0.03814193606376648,-0.02207396924495697,-0.4158448576927185,-0.49291861057281494,0.43157804012298584,-0.15483957529067993,0.037471793591976166,-0.23536907136440277,0.19920429587364197,-0.38932400941848755,-0.15758490562438965,-0.027849461883306503,-0.041383519768714905,0.17853589355945587,0.29967182874679565,-0.023337744176387787,0.006440108176320791,-0.09993734210729599,0.25363537669181824,-0.10000928491353989,-0.05330654978752136,0.1208074539899826,0.45019978284835815,0.31195685267448425,-0.36285400390625,0.029454974457621574,-0.6779834032058716,0.21557417511940002,-0.40581178665161133,0.12973208725452423,-0.167843759059906,0.08163311332464218,-0.42304757237434387,-0.3706625699996948,-0.1672285944223404,-0.2945457696914673,-0.7766620516777039,-0.19912008941173553,0.2977507710456848,0.38390982151031494,-0.18084783852100372,-0.37258490920066833,0.11817486584186554,-0.04410477727651596,0.7156943082809448,-0.021085277199745178,-0.18782463669776917
569.0,-0.14633703231811523,0.1378834992647171,-0.3814520239830017,0.3127461075782776,0.0045234812423586845,-0.2165670096874237,-0.3818154036998749,-0.11690303683280945,-0.6656951904296875,0.43649211525917053,-0.17389702796936035,0.1572607308626175,-0.43224626779556274,-0.020890716463327408,-0.5068399310112,-0.26908692717552185,-0.12217923253774643,-0.016539210453629494,-0.2758800983428955,-0.3952629566192627,-0.4078860580921173,0.5584185123443604,-0.44628041982650757,0.13336530327796936,-0.10688577592372894,0.06710977107286453,-0.3453938961029053,-0.3472929298877716,0.010370131582021713,-0.2064772993326187,0.4521182179450989,0.40768250823020935,-0.303813636302948,0.08986996114253998,-0.17066621780395508,0.011772007681429386,-0.3583390414714813,-0.05401524901390076,0.3538180887699127,0.5367301106452942,0.2283838391304016,-0.4165000319480896,0.09155937284231186,-0.9242609143257141,0.2179863303899765,-0.3199367821216583,0.14303505420684814,-0.07673222571611404,0.16936571896076202,-0.6244530081748962,-0.32851406931877136,-0.21688444912433624,-0.11783614754676819,-0.7255042791366577,-0.15923678874969482,0.2740597128868103,0.22398033738136292,-0.12249112874269485,-0.572178065776825,0.09342238306999207,-0.1264345794916153,0.5428658723831177,0.06524868309497833,-0.23898464441299438
570.0,-0.12536567449569702,-0.3168133795261383,-0.5313102602958679,0.6337931156158447,0.12505921721458435,0.16562330722808838,-0.3700571656227112,0.08687020093202591,-0.13469278812408447,0.28218603134155273,-0.16290231049060822,-0.16972437500953674,0.26108986139297485,0.046065155416727066,0.06430111080408096,0.13603533804416656,-0.4186704754829407,0.20781147480010986,-0.44819849729537964,-0.13649192452430725,-0.21141059696674347,-0.2778528928756714,-0.331905335187912,0.1854441612958908,-0.4701070785522461,-0.04670251905918121,-0.2677575945854187,-0.394532710313797,0.3490540385246277,0.10594041645526886,0.1353139579296112,0.19943705201148987,-0.5333307981491089,-0.3600066602230072,0.09653837978839874,0.24898065626621246,-0.19849351048469543,0.016227997839450836,-0.19775305688381195,0.4825415313243866,0.30238616466522217,-0.25677841901779175,0.17329145967960358,-0.3255646228790283,0.201596200466156,-0.4748151898384094,0.0562267042696476,0.3674749433994293,0.07348416745662689,-0.13300876319408417,0.12224166095256805,0.9097485542297363,-0.22484703361988068,-0.48024725914001465,0.19220688939094543,0.04798612743616104,-0.23528899252414703,-0.12152406573295593,-0.2037390172481537,-0.45278918743133545,0.24259041249752045,0.20926369726657867,0.2793846130371094,-0.15797244012355804
571.0,-0.32708075642585754,-0.48438113927841187,-0.6359192132949829,0.6595885753631592,0.26524123549461365,0.19861403107643127,-0.2958003580570221,0.1304394006729126,-0.23182269930839539,0.07147954404354095,0.06937568634748459,-0.03756255656480789,0.00010931398719549179,0.06223032996058464,-0.0021869917400181293,0.01632993295788765,-0.31462252140045166,0.1854374259710312,-0.4625844657421112,-0.10551559180021286,0.07078962028026581,0.13518275320529938,-0.3618742823600769,0.32206714153289795,-0.4242059588432312,0.023555787280201912,-0.2646639943122864,-0.47155284881591797,0.3661811649799347,0.29378625750541687,0.17484067380428314,0.1403595358133316,-0.5054099559783936,-0.20568929612636566,0.09654830396175385,0.25632283091545105,-0.21168291568756104,0.06263618916273117,-0.25433188676834106,0.33698296546936035,0.3101334273815155,-0.1720096468925476,0.051461298018693924,-0.04426994547247887,0.04066319018602371,-0.4123454988002777,0.07944720983505249,0.2764664888381958,0.11464458703994751,0.08143389225006104,0.026967154815793037,0.626605212688446,-0.2504107356071472,-0.483349472284317,0.30191856622695923,-0.05339403823018074,-0.13710297644138336,-0.3780725300312042,-0.12478385120630264,-0.32310405373573303,-0.07355166971683502,0.24161390960216522,0.3300938904285431,-0.2484886199235916
572.0,-0.22262199223041534,-0.3157663941383362,-0.6381221413612366,0.5836309790611267,0.18276464939117432,0.10459122806787491,-0.4715966284275055,0.02227090485394001,-0.2720179259777069,0.24719272553920746,-0.02631734125316143,-0.16790719330310822,-0.03515122830867767,0.19458140432834625,0.12576019763946533,-0.1017145961523056,-0.49147725105285645,0.03802948445081711,-0.39494404196739197,-0.12679021060466766,-0.054955124855041504,0.16931721568107605,-0.35221222043037415,0.22949720919132233,-0.3846772313117981,0.10992980003356934,-0.4512098729610443,-0.47625932097435,0.3701523244380951,0.16843761503696442,0.2288549542427063,0.25072985887527466,-0.4332547187805176,-0.27635708451271057,-0.03661009669303894,0.2547428011894226,-0.044905249029397964,0.26844969391822815,-0.19488273561000824,0.5007368922233582,0.40240979194641113,-0.13713228702545166,-0.13768531382083893,-0.20490030944347382,0.03577293083071709,-0.4415331780910492,0.06060972809791565,0.2771848142147064,0.10500800609588623,-0.00040245987474918365,0.02856849692761898,0.602317214012146,-0.182893767952919,-0.5641247034072876,0.2954499125480652,0.16896139085292816,-0.027513878419995308,-0.253333181142807,-0.2793792188167572,-0.1489754170179367,-0.10401565581560135,0.4129374623298645,0.4468856751918793,-0.236270472407341
573.0,-0.10159607231616974,-0.4318084716796875,-0.7140769362449646,0.625516951084137,0.0575607605278492,0.1099906638264656,-0.5532616972923279,0.11943063139915466,-0.16813874244689941,0.3193250596523285,-0.27019208669662476,-0.214406356215477,0.14583942294120789,-0.03148818016052246,-0.003904393408447504,-0.038174137473106384,-0.5546819567680359,0.12249301373958588,-0.5284854769706726,-0.20810285210609436,-0.10070893168449402,0.14879374206066132,-0.421099454164505,0.32773497700691223,-0.2771414518356323,-0.035439908504486084,-0.4425162374973297,-0.4753800332546234,0.5162382125854492,0.04443773254752159,0.2378767728805542,0.3622739315032959,-0.5170461535453796,-0.22662191092967987,0.1814553141593933,0.225983664393425,-0.24416311085224152,0.12656186521053314,-0.027573291212320328,0.6329787373542786,0.3671424388885498,-0.30317407846450806,-0.07670027017593384,-0.2816847264766693,0.1356247514486313,-0.4754773676395416,-0.011648726649582386,0.3278981149196625,0.07270446419715881,-0.050199128687381744,0.05381355062127113,0.7979713678359985,-0.1794774979352951,-0.6353644132614136,0.22337447106838226,-0.033033933490514755,-0.17691347002983093,-0.255572110414505,-0.19769835472106934,-0.2586812674999237,0.0988370031118393,0.3516310751438141,0.2781789302825928,-0.21897411346435547
574.0,-0.2647281885147095,-0.12129127234220505,-0.542790412902832,0.16554759442806244,0.047870028764009476,-0.05802006274461746,-0.14203330874443054,0.19917741417884827,0.11417863517999649,0.11593474447727203,-0.26675134897232056,-0.03160083293914795,0.2156796008348465,0.11496849358081818,-0.047328002750873566,0.20306262373924255,-0.6706833243370056,-0.10776592046022415,-0.21440091729164124,-0.018413498997688293,0.3067598342895508,0.00294478633441031,-0.028147486969828606,0.37816810607910156,-0.16998369991779327,0.1686634123325348,-0.3426911532878876,-0.09483103454113007,0.34123045206069946,0.3145139813423157,0.2211146503686905,0.005291944369673729,-0.508328914642334,-0.1799243837594986,0.027038846164941788,0.08678624033927917,-0.10316543281078339,0.2362164705991745,-0.05592429265379906,0.35298019647598267,0.27026182413101196,-0.30428439378738403,-0.39397916197776794,-0.29726240038871765,0.0961352288722992,-0.3444073498249054,0.22447322309017181,0.28479593992233276,-0.06458960473537445,0.3988342583179474,0.2048943191766739,0.7008036971092224,0.18627740442752838,-0.3133399486541748,0.15179383754730225,-0.3938616216182709,-0.027208732441067696,-0.4109286665916443,-0.3015539348125458,-0.877178430557251,-0.05307440087199211,-0.04838251322507858,0.23990440368652344,-0.1694907397031784
575.0,-0.3343501389026642,-0.1805894672870636,-0.5980246067047119,0.763544499874115,0.0768430158495903,-0.01948283612728119,-0.3241223692893982,-0.3330800235271454,-0.4032362699508667,0.11302033066749573,-0.19846396148204803,-0.11833026260137558,-0.11632941663265228,0.2204332798719406,0.3346441984176636,-0.4365864098072052,0.15014465153217316,0.07462295144796371,-0.06631916016340256,-0.2515033185482025,-0.016498783603310585,-0.23933106660842896,-0.06726278364658356,0.28560447692871094,-0.5107543468475342,0.10581140220165253,-0.10974624007940292,-0.4788743853569031,0.08304619789123535,0.12639343738555908,0.050444185733795166,0.2718192934989929,-0.6068979501724243,-0.2730763256549835,-0.07154367119073868,0.28370729088783264,0.0527525469660759,-0.15880325436592102,-0.35653266310691833,0.2656276226043701,0.3669544756412506,-0.23893709480762482,0.029567811638116837,-0.7525563836097717,0.11959075182676315,-0.09512346237897873,-0.16706471145153046,-0.029379941523075104,0.47910982370376587,-0.6741421222686768,0.22693705558776855,0.524081289768219,0.05109623819589615,0.00700855627655983,-0.0021669622510671616,0.1526639461517334,-0.34153908491134644,0.5368329286575317,-0.7860810160636902,-0.25001975893974304,-0.26686006784439087,0.056643616408109665,0.6766610741615295,-0.18150024116039276
576.0,-0.2278858721256256,-0.0978011041879654,-0.6417112946510315,0.7229941487312317,-0.02778344415128231,0.07423085719347,-0.502203643321991,-0.12135031074285507,-0.26967138051986694,0.11828496307134628,-0.21252454817295074,-0.3288402557373047,-0.1540628969669342,0.16828835010528564,0.437198668718338,-0.3857285976409912,0.001522977720014751,-0.03770449012517929,-0.08324841409921646,-0.20000191032886505,0.010690279304981232,-0.2453380823135376,-0.17961527407169342,0.24275794625282288,-0.6291924715042114,0.0970361977815628,0.03841868042945862,-0.43724918365478516,0.2041487991809845,-0.050351183861494064,0.06950648874044418,0.414888858795166,-0.7547951936721802,-0.3305761516094208,-0.1382608860731125,0.3697272539138794,-0.11567386239767075,0.027224142104387283,-0.1642620712518692,0.40731891989707947,0.4763104021549225,-0.15410111844539642,0.04012497887015343,-0.7023085951805115,0.15445101261138916,-0.1725931614637375,-0.2961902618408203,0.03279516100883484,0.28790950775146484,-0.7610725164413452,0.2425903081893921,0.6068031787872314,0.10509122908115387,-0.1584157943725586,0.09933196008205414,0.20959241688251495,-0.21869392693042755,0.29417484998703003,-0.7232930660247803,-0.17270831763744354,-0.34523895382881165,-0.08251047879457474,0.5656111240386963,-0.22729766368865967
577.0,-0.20871099829673767,-0.21944259107112885,-0.4892922639846802,0.5985326170921326,-0.10135473310947418,0.061548538506031036,-0.3219909071922302,-0.12129838019609451,-0.3029353618621826,-0.026407167315483093,-0.18546529114246368,-0.3017176687717438,-0.08917590975761414,0.021762510761618614,0.500562310218811,-0.32439547777175903,0.26841649413108826,-0.040427982807159424,-0.23656126856803894,-0.18963126838207245,-0.15271256864070892,-0.31918835639953613,0.10254954546689987,0.18640629947185516,-0.4474106729030609,-0.07577819377183914,-0.03974122554063797,-0.5161989331245422,0.09800392389297485,-0.06736090779304504,-0.051982443779706955,0.2507533133029938,-0.3489271402359009,-0.16620348393917084,-0.019620414823293686,0.4358711242675781,-0.18204715847969055,-0.06512872874736786,-0.1502646803855896,0.3119324743747711,0.2711232006549835,-0.1081247627735138,0.17446738481521606,-0.3839844763278961,0.16203168034553528,-0.19106373190879822,-0.21677352488040924,-0.11423197388648987,0.4728841483592987,-0.8876058459281921,0.20637458562850952,0.4380197823047638,0.15845130383968353,-0.10344833880662918,0.1051081046462059,0.14565637707710266,-0.22270597517490387,0.5027069449424744,-0.4360302686691284,-0.028280768543481827,-0.26220908761024475,0.02047981135547161,0.277261346578598,-0.19922421872615814
578.0,-0.038324493914842606,0.023997163400053978,-0.24920138716697693,0.40251249074935913,-0.3249092996120453,-0.21770350635051727,-0.06356480717658997,0.11254040151834488,-0.06964036822319031,0.08735267072916031,-0.29155245423316956,-0.2440790832042694,0.038278039544820786,0.17635324597358704,0.5590277910232544,-0.23442226648330688,0.16987018287181854,-0.032828159630298615,0.23257122933864594,-0.04926295951008797,0.260898232460022,-0.3059391379356384,0.13825124502182007,0.2070682793855667,-0.38423842191696167,0.36147400736808777,0.0923081561923027,-0.056115418672561646,-0.029849570244550705,0.24814310669898987,0.08022486418485641,0.116087406873703,-0.35705697536468506,0.05407257750630379,-0.14379708468914032,0.38648754358291626,0.15050551295280457,0.3600684702396393,0.018134724348783493,0.45806780457496643,0.4083014130592346,-0.11877631396055222,-0.2847091555595398,-0.2860231101512909,0.17872028052806854,0.08104357123374939,-0.3108518421649933,0.23500694334506989,0.17091462016105652,-0.33604758977890015,0.20973381400108337,0.6428799033164978,0.3901563286781311,0.07342595607042313,-0.03614017739892006,-0.29089075326919556,-0.36610397696495056,0.10440871119499207,-0.48995187878608704,-0.7853049039840698,-0.40683722496032715,-0.13348723948001862,0.329698771238327,-0.16381454467773438
579.0,-0.40675121545791626,-0.20848143100738525,-0.7956179976463318,0.8543972969055176,0.10921836644411087,0.11478707939386368,-0.5200803279876709,-0.15752822160720825,-0.46523186564445496,0.07828887552022934,-0.07398303598165512,-0.1873779296875,-0.33867454528808594,0.17515935003757477,0.33489370346069336,-0.5229068398475647,0.13410478830337524,-0.019370922818779945,-0.2861584722995758,-0.07516069710254669,0.052904583513736725,-0.08387727290391922,-0.2597789168357849,0.20592010021209717,-0.606502115726471,0.09422669559717178,-0.04544326290488243,-0.5409868955612183,0.18792599439620972,-0.013563401065766811,0.04365167394280434,0.40609219670295715,-0.7421206831932068,-0.2800065577030182,-0.22585003077983856,0.49557992815971375,0.0011059442767873406,-0.005465392488986254,-0.38314706087112427,0.3509364724159241,0.4866245985031128,-0.1726740151643753,0.024608714506030083,-0.6466687917709351,0.14577937126159668,-0.18140916526317596,-0.1956293284893036,-0.007594522088766098,0.3650631010532379,-0.7112339735031128,0.083378367125988,0.48093485832214355,-0.08342929929494858,-0.27159783244132996,0.09730008989572525,0.20769095420837402,-0.055058885365724564,0.2192438840866089,-0.8272600769996643,0.06025988608598709,-0.47866466641426086,0.13124914467334747,0.737276554107666,-0.30113935470581055
580.0,-0.2717731297016144,-0.10500799119472504,-0.6254385113716125,0.2999884784221649,-0.36731889843940735,-0.38489705324172974,-0.3923475444316864,-0.2270229309797287,-0.39890187978744507,-0.1458035111427307,0.05153502896428108,0.06895503401756287,-0.19093801081180573,-0.10814432054758072,0.06994680315256119,-0.3246321678161621,-0.5053595304489136,0.1844755858182907,-0.3906995356082916,-0.199200838804245,-0.1324300915002823,0.6507667899131775,-0.12289581447839737,0.041040971875190735,0.3043132722377777,-0.19490717351436615,-0.6708196997642517,-0.5231634974479675,0.2015514373779297,-0.0797903835773468,0.2468663454055786,0.2993772327899933,-0.16664259135723114,-0.20997671782970428,0.20836129784584045,0.16512009501457214,-0.2853695750236511,0.27886202931404114,-0.033217862248420715,0.5032065510749817,0.45247194170951843,-0.14127670228481293,-0.30931317806243896,-0.10096714645624161,-0.04884686321020126,-0.0579950287938118,-0.38981592655181885,-0.03990759328007698,0.1440320760011673,-0.19234029948711395,-0.1940324455499649,0.31875646114349365,0.0688467025756836,-0.18535573780536652,0.31558355689048767,0.0526481457054615,-0.07668557018041611,-0.2631858289241791,-0.006683884188532829,-0.038340192288160324,-0.29558485746383667,-0.04626603424549103,-0.007514431141316891,-0.5360150337219238
581.0,-0.18112996220588684,-0.12439967691898346,-0.5637277960777283,0.232021301984787,-0.34302619099617004,-0.24469119310379028,-0.4296801686286926,-0.2608060836791992,-0.34358975291252136,-0.05338404327630997,0.09148402512073517,-0.03041388839483261,-0.10130004584789276,0.009791390970349312,0.19765183329582214,-0.2536858022212982,-0.6239954233169556,0.22958727180957794,-0.27707597613334656,-0.2692297101020813,0.029764845967292786,0.5395262241363525,0.019073855131864548,0.020719008520245552,0.37700924277305603,-0.017197977751493454,-0.6264789700508118,-0.47621509432792664,0.37481293082237244,-0.040430523455142975,0.23624035716056824,0.41262686252593994,-0.03283568471670151,-0.3189413249492645,0.14606285095214844,0.24118460714817047,-0.08713285624980927,0.3124769330024719,-0.06334154307842255,0.5644587874412537,0.36412712931632996,-0.05596578121185303,-0.2669214904308319,0.0031581763178110123,-0.17942127585411072,-0.07006468623876572,-0.4891091585159302,0.1812075525522232,0.20062968134880066,-0.1701202094554901,-0.2139640599489212,0.49352073669433594,-0.013602428138256073,-0.34530267119407654,0.13944628834724426,0.13383765518665314,-0.042163580656051636,-0.04202990233898163,0.0021601421758532524,0.12011253088712692,-0.31635230779647827,0.1681934893131256,0.33019423484802246,-0.651498019695282
582.0,-0.2418731451034546,-0.17262160778045654,-0.5443195700645447,0.2745768427848816,-0.2580012083053589,-0.31585225462913513,-0.391879141330719,-0.22983142733573914,-0.33028820157051086,0.01656517945230007,0.046821366995573044,0.04705892130732536,-0.22967930138111115,0.14569362998008728,0.23425033688545227,-0.28917384147644043,-0.6831453442573547,0.12145267426967621,-0.23699189722537994,-0.44879859685897827,-0.048653047531843185,0.5920732021331787,0.13014273345470428,0.2148662954568863,0.3184509575366974,-0.09287344664335251,-0.8213288187980652,-0.5255958437919617,0.39822477102279663,-0.04312955588102341,0.3759693205356598,0.3947340250015259,-0.008642659522593021,-0.1955931931734085,0.15617278218269348,0.4018956124782562,-0.08811123669147491,0.457780659198761,-0.0072880336083471775,0.7096419930458069,0.5495560765266418,-0.23529691994190216,-0.36278143525123596,-0.1597740203142166,0.0159679614007473,-0.22269068658351898,-0.38553136587142944,0.1394253671169281,0.18734905123710632,-0.18047182261943817,-0.1189945712685585,0.3367062211036682,0.012114154174923897,-0.47260671854019165,0.2863391637802124,0.1888701319694519,0.09939877688884735,-0.24643999338150024,0.0186986792832613,-0.01714256964623928,-0.18628861010074615,0.29760870337486267,0.13782912492752075,-0.6418624520301819
583.0,-0.2803879678249359,-0.16095873713493347,-0.579200029373169,0.3322054445743561,-0.41598716378211975,-0.3067678213119507,-0.47962841391563416,-0.2531512677669525,-0.4316520094871521,0.017692705616354942,0.041047077625989914,-0.03555571287870407,-0.1825322061777115,-0.018050087615847588,0.12818291783332825,-0.44048893451690674,-0.5058823823928833,0.1796230971813202,-0.4158007800579071,-0.40336060523986816,-0.037733811885118484,0.5633851289749146,-0.12281234562397003,0.06294213235378265,0.41092365980148315,-0.14780493080615997,-0.7334223985671997,-0.4513048827648163,0.24111810326576233,-0.06025485321879387,0.34409308433532715,0.4483501613140106,-0.08575522899627686,-0.20578713715076447,0.21440547704696655,0.3000258505344391,-0.10745181888341904,0.35924339294433594,-0.005482784938067198,0.674604058265686,0.5375073552131653,-0.2368752360343933,-0.4374880790710449,-0.19226403534412384,0.01727154850959778,-0.045517124235630035,-0.43940141797065735,0.08248812705278397,0.15491490066051483,-0.17732973396778107,-0.1497870236635208,0.3647039532661438,-0.01173566747456789,-0.3324170708656311,0.18421266973018646,0.08893368393182755,-0.017961613833904266,-0.22021640837192535,-0.0314340703189373,0.10099033266305923,-0.17778638005256653,0.0930463895201683,0.1109476163983345,-0.539539635181427
584.0,-0.06773469597101212,0.19344806671142578,-0.3594818711280823,-0.4230874478816986,-0.5404922366142273,-0.6510738134384155,-0.002952499082311988,-0.10699323564767838,-0.1276739537715912,-0.07309436053037643,0.05834021791815758,-0.011191098019480705,0.022656230255961418,-0.053789544850587845,0.23664748668670654,-0.047383010387420654,-0.5961582064628601,-0.3083104193210602,-0.3375541865825653,-0.2624635696411133,0.2095426619052887,0.3657686710357666,0.4216151535511017,-0.061188191175460815,0.2645843029022217,0.2501990795135498,-0.41720691323280334,-0.1444520354270935,0.14255785942077637,0.0970284566283226,0.47935250401496887,0.24296438694000244,-0.023785699158906937,-0.1459946483373642,0.20680026710033417,0.22095903754234314,-0.02517533116042614,0.7778883576393127,0.19719353318214417,0.4998413920402527,0.6439330577850342,0.046650052070617676,-0.8361441493034363,0.11781951040029526,-0.1499483585357666,-0.10904841125011444,-0.47218942642211914,0.3222886919975281,-0.027478741481900215,0.28395965695381165,0.042461097240448,0.4097527265548706,0.3686967194080353,-0.15797159075737,0.22493751347064972,-0.2716047167778015,0.024526048451662064,-0.3680597245693207,0.17672625184059143,-0.5358006358146667,-0.6007593274116516,-0.40933918952941895,0.194724902510643,-0.49924349784851074
585.0,-0.11998642981052399,0.16336973011493683,0.17958194017410278,0.5306180715560913,-0.07194779068231583,0.26732325553894043,-0.226990208029747,0.10659004747867584,-0.1243073046207428,-0.14509205520153046,-0.5018659830093384,-0.2698800265789032,-0.461814820766449,0.26430705189704895,0.025880130007863045,-0.17753876745700836,-0.2257969230413437,-0.32340139150619507,-0.20426449179649353,-0.21614240109920502,-0.2831662893295288,0.2838735282421112,-0.49420076608657837,-0.07501273602247238,-0.4459525942802429,-0.23142316937446594,-0.10857956111431122,-0.37295156717300415,0.0422559455037117,-0.029587730765342712,-1.068215250968933,0.7886797785758972,0.06809994578361511,0.2847088873386383,0.5769535303115845,-0.4377467632293701,-0.515038013458252,0.334931343793869,-0.5501663684844971,0.38164135813713074,0.3169942796230316,0.3237060606479645,-0.030650684610009193,-0.14451228082180023,0.489193856716156,-0.05220824107527733,-0.447113037109375,-0.20288823544979095,-0.10980440676212311,-0.450195848941803,0.0720599964261055,-0.03646015375852585,-0.28250589966773987,-0.08242303878068924,0.08775506168603897,0.12697020173072815,0.15287655591964722,0.16733722388744354,-0.015331057831645012,0.5024281144142151,-0.1468040645122528,-0.37034130096435547,-0.06835278868675232,-0.03798261284828186
586.0,-0.001882839249446988,0.4069318175315857,0.47447317838668823,0.1684044897556305,-0.3042951822280884,0.18412354588508606,-0.1311781108379364,0.4141339659690857,0.12486901879310608,-0.15985846519470215,-0.4562411606311798,-0.32007214426994324,-0.32272636890411377,0.3539171516895294,0.32670748233795166,-0.07081902027130127,-0.08638384938240051,-0.6158641576766968,-0.13912443816661835,0.013091342523694038,0.03137442469596863,-0.13839825987815857,-0.37175092101097107,-0.1466100960969925,-0.3685484826564789,0.10716762393712997,0.08134925365447998,-0.05601685494184494,-0.008047497831285,0.1252172440290451,-0.6500648856163025,0.4820259213447571,-0.03168828412890434,0.2812332510948181,0.14451617002487183,-0.2222348004579544,-0.28416720032691956,0.8291054964065552,-0.21842359006404877,0.3664446771144867,0.3601171374320984,0.2918941080570221,-0.3399544060230255,-0.043553754687309265,0.5927108526229858,0.021412625908851624,-0.2464675009250641,-0.07900214940309525,-0.2208525389432907,0.015910327434539795,0.19528897106647491,0.013637397438287735,-0.11975111067295074,-0.20527230203151703,0.3095337152481079,-0.08922033756971359,0.1970369964838028,0.04255714640021324,-0.17288918793201447,-0.07948532700538635,-0.4159199893474579,-0.6978298425674438,0.10970304906368256,0.25021886825561523
587.0,-0.09164731949567795,-0.06134432554244995,0.011453697457909584,0.42974042892456055,-0.10928359627723694,0.3606274425983429,-0.18300536274909973,-0.016955535858869553,-0.22075054049491882,0.029971910640597343,-0.5165188312530518,-0.19910116493701935,-0.31643104553222656,0.14169442653656006,-0.023811887949705124,-0.2966705560684204,-0.15114149451255798,-0.3221721947193146,-0.13117100298404694,-0.10216297954320908,-0.36377742886543274,0.12582997977733612,-0.28566616773605347,-0.08902081847190857,-0.3994196355342865,-0.4061683714389801,-0.11636696010828018,-0.420207679271698,0.0018463906599208713,-0.06703276932239532,-0.8708349466323853,0.688652515411377,0.09662676602602005,0.23305322229862213,0.6544293761253357,-0.31753405928611755,-0.4773503243923187,0.28668472170829773,-0.5725077390670776,0.35654109716415405,0.36717531085014343,0.23171183466911316,0.06713417172431946,-0.42934250831604004,0.5009755492210388,0.05972084775567055,-0.4034479856491089,-0.1517566740512848,0.18848666548728943,-0.6875039935112,-0.02341933362185955,0.06961993873119354,-0.1299007385969162,0.06505519896745682,0.041375063359737396,0.018834438174962997,0.140934020280838,0.29425108432769775,-0.03310006111860275,0.3671664893627167,-0.12104616314172745,-0.4036829471588135,-0.04953332245349884,-0.05948453024029732
588.0,-0.10532665997743607,0.18819886445999146,0.29208114743232727,0.40222057700157166,-0.2709169387817383,0.2623480260372162,-0.0803750678896904,0.11794082075357437,-0.2045685201883316,0.06514996290206909,-0.531762421131134,-0.3059758245944977,-0.3122955560684204,0.41573238372802734,-0.08146493136882782,-0.21789713203907013,-0.26434046030044556,-0.276391863822937,-0.07997023314237595,-0.26576563715934753,-0.348705917596817,0.004960355348885059,-0.4865836501121521,-0.060790665447711945,-0.42996394634246826,-0.3973127007484436,-0.07285840809345245,-0.2821764349937439,0.01028477679938078,-0.04281964525580406,-0.97954922914505,0.7610061764717102,0.2666226923465729,0.13058018684387207,0.48598554730415344,-0.4599151313304901,-0.6616548299789429,0.317594051361084,-0.5601744055747986,0.3238595426082611,0.20451480150222778,0.5186100006103516,0.07700709253549576,-0.20386093854904175,0.6387832164764404,0.06216518208384514,-0.5754924416542053,-0.1914762258529663,-0.03272302821278572,-0.6044235825538635,-0.10390026122331619,-0.07056210190057755,-0.28219184279441833,-0.05675509572029114,0.13442547619342804,0.08558272570371628,0.2825251519680023,0.11331356316804886,0.03175731748342514,0.5330552458763123,-0.1921527087688446,-0.3762216567993164,-0.19991658627986908,-0.14967654645442963
589.0,-0.18469828367233276,0.15900056064128876,0.17290352284908295,0.42751041054725647,-0.09588237851858139,0.2612605392932892,-0.12346441298723221,0.1505182385444641,-0.14145000278949738,-0.17432059347629547,-0.4784696698188782,-0.10857482254505157,-0.4240598678588867,0.39475250244140625,0.10441946238279343,-0.3582316040992737,-0.13593612611293793,-0.32327523827552795,-0.10383688658475876,-0.08553493767976761,-0.19369281828403473,0.06594590097665787,-0.3315888047218323,0.016448093578219414,-0.30197373032569885,-0.2683330774307251,-0.1684587448835373,-0.34777113795280457,0.11906611919403076,0.03435175120830536,-1.0121004581451416,0.7662907838821411,0.1237621083855629,0.31899145245552063,0.5405057072639465,-0.2590596079826355,-0.43980464339256287,0.340009868144989,-0.7579306364059448,0.33311349153518677,0.26784685254096985,0.17854171991348267,-0.09535194933414459,-0.22949330508708954,0.6444936394691467,-0.018473118543624878,-0.3338986337184906,-0.2223719358444214,0.14255954325199127,-0.5090884566307068,-0.08179988712072372,-0.01687387004494667,-0.32082054018974304,-0.21993134915828705,0.035049233585596085,-9.883614256978035e-05,0.18625915050506592,0.25087970495224,-0.17951320111751556,0.4195728898048401,-0.32288846373558044,-0.35191401839256287,0.11332673579454422,-0.16214841604232788
590.0,-0.07169043272733688,0.2594276964664459,-0.4708832800388336,0.5189686417579651,0.2537810206413269,0.15892276167869568,-0.4492049813270569,-0.21223850548267365,-0.19057384133338928,0.21847222745418549,0.08891075849533081,0.15483680367469788,0.012411718256771564,0.20279066264629364,-0.02017015404999256,-0.2046322524547577,-0.10175136476755142,-0.06546647101640701,-0.00942207407206297,0.12847058475017548,-0.11501871049404144,-0.13034150004386902,-0.5295752882957458,0.13528425991535187,-0.23864012956619263,-0.48025989532470703,-0.3513340950012207,-0.4879973530769348,0.21727536618709564,-0.3006422519683838,0.06368998438119888,-0.0010728786000981927,-0.8793412446975708,-0.14831309020519257,-0.048614803701639175,0.05800178647041321,-0.20074373483657837,0.19255852699279785,-0.28377047181129456,0.41830676794052124,0.38691630959510803,-0.38938260078430176,-0.08751217275857925,-0.6739484667778015,0.398395299911499,-0.40803197026252747,0.10757599025964737,-0.10695857554674149,0.11426164209842682,-0.4539404511451721,-0.1579531729221344,0.1321786344051361,0.20891033113002777,-0.2406776249408722,0.05910968780517578,0.46151039004325867,0.1382555365562439,-0.40711498260498047,-0.321635365486145,-0.29603105783462524,-0.16623230278491974,-0.10151741653680801,-0.09791409224271774,0.04709799215197563
591.0,-0.07033348828554153,0.0495341457426548,-0.42029985785484314,0.5463734865188599,0.30174487829208374,0.2950867712497711,-0.3493407070636749,-0.11552367359399796,-0.19083425402641296,0.19545365869998932,-0.022709336131811142,0.01536911353468895,-0.05935441330075264,0.10454689711332321,-0.08394838869571686,-0.16539090871810913,-0.28728270530700684,-0.18172121047973633,-0.06847214698791504,0.03578685596585274,-0.1596185714006424,-0.05423162505030632,-0.5922874212265015,0.14642634987831116,-0.39499902725219727,-0.40279483795166016,-0.4068898558616638,-0.572947084903717,0.2007843554019928,-0.0892917662858963,0.11146969348192215,0.1631072610616684,-0.9318973422050476,-0.2259478121995926,0.009168410673737526,0.10925952345132828,-0.2833576202392578,0.14120255410671234,-0.2613808214664459,0.6583563089370728,0.6072261333465576,-0.36204007267951965,-0.08074244856834412,-0.7863054275512695,0.42247697710990906,-0.4175602197647095,0.08358288556337357,-0.07720348238945007,0.1698191612958908,-0.6094202995300293,-0.20078125596046448,0.15481872856616974,0.07863081991672516,-0.3506828844547272,0.21320152282714844,0.3441076874732971,0.24103567004203796,-0.52924644947052,-0.24516411125659943,-0.17926344275474548,-0.12807705998420715,-0.08310932666063309,0.03286197781562805,-0.048316508531570435
592.0,-0.08886692672967911,0.1548691987991333,-0.4353378415107727,0.4057086408138275,0.2732659876346588,0.08994806557893753,-0.35094571113586426,-0.16874651610851288,-0.1254597157239914,0.22293825447559357,0.09911857545375824,0.21291567385196686,-0.15445835888385773,0.12071488797664642,-0.030425572767853737,-0.03600350022315979,-0.11062738299369812,-0.08682047575712204,0.08011681586503983,-0.012621486559510231,-0.292902410030365,-0.039108697324991226,-0.3907490074634552,0.16941094398498535,-0.4019305109977722,-0.43606701493263245,-0.2842561900615692,-0.546140193939209,0.22928056120872498,-0.10380405187606812,0.31181031465530396,0.04765952751040459,-0.8364161849021912,-0.22039112448692322,-0.04440341144800186,0.09543251991271973,-0.35450276732444763,0.04371985048055649,-0.22635802626609802,0.33927690982818604,0.34886685013771057,-0.4875287711620331,0.213406503200531,-0.8386930227279663,0.3360430598258972,-0.47887879610061646,0.22648845613002777,-0.14447647333145142,0.28491470217704773,-0.6045359969139099,-0.17992408573627472,0.03512590751051903,0.040331583470106125,-0.3365025222301483,0.2062089443206787,0.4908990263938904,0.10770732164382935,-0.23980960249900818,-0.27108317613601685,-0.2571767270565033,-0.11726867407560349,-0.10918286442756653,-0.029410801827907562,-0.020577222108840942
593.0,-0.025124292820692062,0.5878821015357971,-0.06041737645864487,0.38314732909202576,-0.057574957609176636,0.0382615327835083,-0.2597521245479584,-0.01269110944122076,0.14927256107330322,0.18627095222473145,-0.14537151157855988,0.03252016380429268,0.0794583261013031,0.42876988649368286,0.15172845125198364,0.15396206080913544,-0.10214648395776749,-0.43232643604278564,0.11950971931219101,0.14138580858707428,-0.08758872747421265,-0.4267547130584717,-0.14198820292949677,0.11866223067045212,-0.28447744250297546,-0.13071519136428833,-0.258674681186676,-0.03882773220539093,-0.03372352570295334,-0.16691084206104279,0.16063176095485687,-0.2431163787841797,-0.48344215750694275,-0.06800207495689392,-0.18415330350399017,0.29575687646865845,-0.05931210145354271,0.7564963698387146,-0.09774605929851532,0.3550625741481781,0.4579937756061554,-0.3769727647304535,-0.23696546256542206,-0.514316201210022,0.5309072732925415,-0.1781478077173233,0.3137669563293457,-0.19385980069637299,-0.03220747411251068,0.04358319193124771,0.07679293304681778,0.1335197538137436,0.3413620889186859,-0.12338031083345413,0.25768518447875977,0.3366343080997467,0.19133327901363373,-0.4808577001094818,-0.3166971802711487,-0.9056759476661682,-0.05812691152095795,-0.36183038353919983,-0.3265053927898407,0.37897005677223206
594.0,-0.3190430998802185,0.14225170016288757,-0.6795930862426758,0.6665012836456299,0.21468567848205566,0.21654380857944489,-0.4986259341239929,-0.28131869435310364,-0.2448635697364807,0.17930613458156586,0.17363104224205017,0.09099173545837402,-0.10586494952440262,0.15594831109046936,-0.1470768302679062,-0.17145581543445587,-0.13244037330150604,-0.05894126743078232,-0.1590927392244339,0.011829727329313755,-0.034294065088033676,-0.10034532845020294,-0.5565274953842163,0.17406895756721497,-0.28811562061309814,-0.3857342600822449,-0.23288176953792572,-0.4348403811454773,0.19053952395915985,-0.17259883880615234,0.2594693601131439,0.008080118335783482,-0.9382680654525757,-0.45553991198539734,-0.21061646938323975,0.37361660599708557,-0.19369234144687653,0.005892784334719181,-0.2704958915710449,0.4022681415081024,0.424685001373291,-0.4124948978424072,0.0678265318274498,-0.7567311525344849,0.23165775835514069,-0.2531576156616211,0.05099916458129883,-0.12683279812335968,0.14205799996852875,-0.5228844881057739,-0.25947967171669006,0.1373455822467804,0.00483119348064065,-0.3022739589214325,0.12900663912296295,0.42853689193725586,0.2843775153160095,-0.5520328879356384,-0.41427212953567505,-0.06882957369089127,-0.09797844290733337,-0.05693678930401802,0.019197994843125343,-0.07033217698335648
595.0,-0.38420185446739197,0.32535940408706665,-0.36646994948387146,0.43566659092903137,-0.5171176791191101,-0.39744603633880615,-0.5903165936470032,0.18814752995967865,-0.3470814824104309,-0.06365080922842026,-0.09000938385725021,-0.014659441076219082,-0.5524749755859375,-0.0455453097820282,0.18521076440811157,-0.16689397394657135,-0.0051422989927232265,0.1355903148651123,-0.6782981157302856,-0.09825584292411804,-0.27183693647384644,-0.06847019493579865,-0.1560305804014206,-0.046586327254772186,0.19822484254837036,-0.12909892201423645,-0.17292700707912445,-0.124020054936409,0.2466079443693161,-0.47025856375694275,0.061292145401239395,0.6971567273139954,-0.2583182156085968,-0.14909878373146057,-0.26550695300102234,0.5230043530464172,-0.28289395570755005,0.17764806747436523,0.19709615409374237,0.22975611686706543,0.07731219381093979,-0.22101230919361115,0.15318313241004944,-0.13364987075328827,0.40545445680618286,-0.2725406289100647,-0.17184339463710785,-0.043918319046497345,-0.27013131976127625,-0.1438417136669159,0.06143449246883392,0.08662912249565125,-0.2861509323120117,-0.63933926820755,-0.10212060064077377,0.5624566674232483,-0.08027370274066925,-0.27325379848480225,-0.4354596436023712,0.020457636564970016,-0.2953488230705261,-0.061502017080783844,-0.1872524917125702,-0.4911975860595703
596.0,-0.4580613076686859,0.35624778270721436,-0.32568079233169556,0.6520128846168518,-0.46956920623779297,-0.21841078996658325,-0.6066576838493347,0.004199534188956022,-0.3683057725429535,-0.11935965716838837,-0.24289953708648682,-0.23022587597370148,-0.48544344305992126,0.25198742747306824,0.2189604490995407,-0.4511599540710449,-0.19866231083869934,-0.01622108183801174,-0.6042914390563965,-0.19409452378749847,-0.200497105717659,0.02389686182141304,-0.33587950468063354,0.18039046227931976,0.10597123950719833,0.06681545823812485,-0.2445579469203949,-0.07871966809034348,0.30721545219421387,-0.14362531900405884,-0.24222774803638458,0.691072940826416,-0.18772421777248383,-0.1289222538471222,-0.06767041981220245,0.5631532073020935,-0.18502305448055267,0.15372391045093536,0.11062803864479065,0.33713996410369873,0.31495630741119385,-0.1784261018037796,-0.04636042192578316,-0.23306751251220703,0.3896820843219757,-0.13078224658966064,-0.2724776566028595,-0.09385694563388824,-0.2654253840446472,-0.13382652401924133,0.05151749402284622,0.10166043788194656,-0.19304779171943665,-0.5859268307685852,-0.10272189229726791,0.4552747905254364,-0.1068975105881691,-0.25101447105407715,-0.5507993102073669,0.0816122516989708,-0.27656033635139465,-0.1806785613298416,-0.13132862746715546,-0.4373217225074768
597.0,-0.30625849962234497,0.28690478205680847,-0.13698405027389526,0.30111709237098694,-0.30144599080085754,-0.3157789409160614,-0.463316947221756,-0.029128113761544228,-0.3130417764186859,-0.3103499412536621,-0.1554664522409439,-0.12040693312883377,-0.38819199800491333,0.14233721792697906,0.34904664754867554,-0.5332667827606201,-0.07172444462776184,-0.012612128630280495,-0.7210924029350281,-0.005882741417735815,-0.2236621379852295,-0.0864427387714386,-0.27953261137008667,0.3060642182826996,0.21341733634471893,-0.09034744650125504,-0.32863321900367737,-0.2022475004196167,0.323440283536911,-0.2597885727882385,0.04533417895436287,0.5298653244972229,-0.18114373087882996,-0.09637776017189026,-0.21486468613147736,0.49796947836875916,-0.32982856035232544,-0.08197467029094696,0.15886911749839783,0.14515213668346405,0.18435636162757874,-0.0014347461983561516,0.10045760124921799,-0.13796916604042053,0.4027206301689148,-0.208073228597641,-0.1162809506058693,-0.15771301090717316,-0.10053861141204834,-0.26885247230529785,0.006421093828976154,-0.15927916765213013,-0.11659935861825943,-0.5750908255577087,0.07884160429239273,0.5138112306594849,-0.16858839988708496,-0.07777345180511475,-0.5418768525123596,0.1915467530488968,-0.2753562331199646,-0.06556842476129532,-0.11503095179796219,-0.4996444880962372
598.0,-0.18494200706481934,0.5973880290985107,0.08283163607120514,-0.00140423234552145,-0.6803207397460938,-0.40400153398513794,-0.5266907215118408,0.2893466353416443,-0.05318083241581917,-0.13489468395709991,-0.3332531154155731,-0.29899826645851135,-0.4197213649749756,0.13506904244422913,0.47209805250167847,-0.15270060300827026,0.03392854705452919,-0.35813677310943604,-0.1945926547050476,-0.11108154058456421,0.05987785756587982,-0.03953135386109352,-0.018751414492726326,-0.10445266962051392,0.1660308837890625,0.28856101632118225,-0.049425821751356125,0.16602182388305664,0.11799086630344391,-0.033740557730197906,0.08718498796224594,0.4257061183452606,-0.1918754279613495,0.13930591940879822,-0.28572362661361694,0.4521365165710449,-0.16683275997638702,0.36885643005371094,0.6947760581970215,0.197346031665802,0.15695878863334656,-0.26305025815963745,-0.3052690327167511,-0.04098930582404137,0.3361404538154602,-0.21163159608840942,0.027462441474199295,-0.21248461306095123,-0.3352382779121399,0.1784893423318863,0.2707834243774414,-0.2111247330904007,0.13156448304653168,-0.5372602343559265,-0.06148407608270645,0.30869153141975403,-0.09341097623109818,0.009676756337285042,-0.6840674877166748,-0.2538934350013733,-0.5751340389251709,-0.32610225677490234,-0.024956125766038895,-0.13754919171333313
599.0,-0.39166319370269775,0.2492014765739441,-0.44916749000549316,0.5214489102363586,-0.45372340083122253,-0.22959977388381958,-0.611753523349762,0.05671900510787964,-0.3242323398590088,0.011251145973801613,-0.2644236385822296,-0.10612408071756363,-0.38201451301574707,0.10605072975158691,0.15647071599960327,-0.4233047068119049,-0.065102219581604,0.021851200610399246,-0.5126174688339233,-0.1579931676387787,-0.20381173491477966,-0.09698647260665894,-0.24685612320899963,0.16139712929725647,-0.025451863184571266,-0.16331836581230164,-0.17587774991989136,-0.1716567575931549,0.42962411046028137,-0.3579563498497009,0.013155557215213776,0.6538361310958862,-0.37093740701675415,-0.22711294889450073,-0.1061147004365921,0.684812605381012,-0.30740925669670105,0.0877750962972641,0.17619280517101288,0.3163202702999115,0.3682500422000885,-0.238795667886734,0.08795986324548721,-0.38483473658561707,0.5321029424667358,-0.2599758207798004,-0.36079856753349304,-0.1080256849527359,-0.22686651349067688,-0.305170476436615,0.04732159152626991,0.12257469445466995,-0.170983225107193,-0.6335051655769348,-0.05312545225024223,0.44513583183288574,-0.04392090439796448,-0.18780790269374847,-0.5286334753036499,-0.03099476546049118,-0.3242945075035095,-0.17189618945121765,-0.19019335508346558,-0.35921236872673035
600.0,-0.1855621635913849,-0.001734174438752234,-0.30387642979621887,0.770925760269165,0.05946820601820946,0.18398216366767883,-0.38226813077926636,0.09847886115312576,-0.11020110547542572,-0.07864735275506973,0.14573854207992554,-0.06334888190031052,-0.4769159257411957,0.031189659610390663,0.02921810932457447,-0.24256841838359833,-0.2822299897670746,0.34946078062057495,0.13954834640026093,0.24776311218738556,0.17438608407974243,0.03413686156272888,-0.5253881216049194,0.06244874745607376,-0.33418288826942444,-0.17946083843708038,-0.2556239664554596,-0.17873480916023254,0.06938353925943375,-0.15533673763275146,0.20734699070453644,0.41149279475212097,-0.7733508348464966,-0.44926294684410095,-0.40515992045402527,0.3181995451450348,-0.128474161028862,0.034332625567913055,-0.40737783908843994,0.741508424282074,0.5737219452857971,-0.17437972128391266,0.08380508422851562,-0.6129003763198853,0.27941545844078064,0.020319025963544846,-0.16486628353595734,0.12333203852176666,-0.05790914595127106,-0.6884951591491699,-0.33256518840789795,0.2730051875114441,-0.10315002501010895,-0.2525678277015686,-0.06802008301019669,0.3941352665424347,0.14806972444057465,-0.7067777514457703,-0.33684852719306946,0.07302747666835785,-0.04405481740832329,0.13619694113731384,0.07283692061901093,-0.438494473695755
601.0,-0.24120521545410156,0.08262884616851807,-0.6629814505577087,0.672512412071228,-0.16446998715400696,0.027686920017004013,-0.4355372488498688,0.08829771727323532,-0.00039450544863939285,0.17184996604919434,0.020406927913427353,-0.0886123776435852,-0.3582272231578827,-0.026660241186618805,-0.019136328250169754,-0.19526039063930511,-0.07437919825315475,0.16097620129585266,0.04632820188999176,0.08606787025928497,0.2496330440044403,0.09088417142629623,-0.5585105419158936,0.14875775575637817,-0.4369884431362152,-0.12431351840496063,-0.03883770480751991,-0.09664610773324966,0.2495119869709015,-0.07647056877613068,0.19268861413002014,0.4778744876384735,-0.8570942878723145,-0.4468497633934021,-0.3455314338207245,0.4445321559906006,-0.1912641078233719,0.12533387541770935,-0.3647928237915039,0.652571439743042,0.4595676362514496,-0.18120262026786804,0.06390447914600372,-0.5554729700088501,0.28684669733047485,-0.06363969296216965,-0.40399253368377686,0.01902022771537304,-0.13173261284828186,-0.6488503217697144,-0.3289344906806946,0.40067222714424133,-0.10482537746429443,-0.3718084394931793,-0.08870118856430054,0.1161702573299408,0.237608402967453,-0.496246337890625,-0.34155818819999695,0.21961435675621033,-0.24434253573417664,0.022512031719088554,-0.00046301871770992875,-0.35534530878067017
602.0,-0.3310329020023346,-0.0029635224491357803,-0.47689586877822876,0.6178203225135803,-0.06312932819128036,0.1417926847934723,-0.2995208203792572,-0.06327168643474579,-0.19828936457633972,0.028015771880745888,0.24190740287303925,-0.061389561742544174,-0.34098750352859497,0.07178064435720444,-0.11003096401691437,-0.24406304955482483,0.009351309388875961,0.2308342158794403,0.01764936000108719,0.20177491009235382,0.20163090527057648,-0.06839866936206818,-0.3825415074825287,0.20140676200389862,-0.3254720866680145,-0.036278124898672104,-0.12318375706672668,0.025472883135080338,0.06469020992517471,-0.04007088392972946,0.252509206533432,0.33335617184638977,-0.49911198019981384,-0.6021565198898315,-0.45235756039619446,0.5841405987739563,-0.14014498889446259,-0.01655331812798977,-0.44601836800575256,0.4580729901790619,0.4516824185848236,0.014293208718299866,0.24079066514968872,-0.504051923751831,0.12398120015859604,0.0026320507749915123,-0.2371046245098114,0.011652842164039612,0.06564650684595108,-0.7765581607818604,-0.46368566155433655,0.21958427131175995,-0.01985258422791958,-0.30214422941207886,-0.31721359491348267,0.4338013529777527,0.12053761631250381,-0.5494416952133179,-0.2451820969581604,0.16228614747524261,-0.13697218894958496,0.08882653713226318,-0.2588799297809601,-0.3205232322216034
603.0,0.03172226995229721,0.337862491607666,0.06168615072965622,0.28720730543136597,-0.17812949419021606,-0.16500283777713776,-0.09173686802387238,0.2856031358242035,0.20972763001918793,-0.03127078711986542,0.06095927953720093,-0.10187289863824844,-0.3947679102420807,0.012762486934661865,0.22573652863502502,0.11499437689781189,0.038164954632520676,-0.04684673994779587,0.34688594937324524,0.21736037731170654,0.39522430300712585,-0.11639715731143951,-0.2371930330991745,-0.0270577110350132,-0.42981794476509094,0.15934284031391144,-0.0859006941318512,0.21031135320663452,-0.09305775910615921,0.0848684161901474,0.36544090509414673,0.24007141590118408,-0.6670683026313782,-0.25256770849227905,-0.5889134407043457,0.444004625082016,0.07725873589515686,0.492110013961792,-0.027102231979370117,0.6826300621032715,0.658216118812561,-0.05814163014292717,-0.26637181639671326,-0.21686270833015442,0.28725141286849976,-0.071017786860466,-0.20543785393238068,0.10510554164648056,-0.3395135998725891,-0.22777481377124786,-0.12422332167625427,0.0960628092288971,0.13127769529819489,-0.21016347408294678,-0.1007605791091919,0.2606576383113861,0.15017935633659363,-0.8198539018630981,-0.11785315722227097,-0.33536145091056824,-0.3120007812976837,-0.07824769616127014,-0.2034744918346405,-0.09506141394376755
604.0,-0.21685749292373657,0.06127749755978584,-0.5660218000411987,0.6940140724182129,-0.04795422777533531,0.1315409243106842,-0.6167502403259277,-0.05091308057308197,-0.1480979472398758,0.06202850490808487,0.12278570234775543,-0.1798447072505951,-0.4519941210746765,-0.008731282316148281,0.08821525424718857,-0.3046075701713562,-0.1737811267375946,0.21771317720413208,0.04637020081281662,0.22194448113441467,0.24682191014289856,0.07918235659599304,-0.6412303447723389,0.1642228066921234,-0.32292646169662476,-0.02438758872449398,-0.20314635336399078,-0.16693878173828125,0.20782746374607086,-0.05046132579445839,0.33461499214172363,0.4576316177845001,-0.8862839937210083,-0.5534948706626892,-0.5183687806129456,0.3856794238090515,-0.11830800026655197,-0.009555603377521038,-0.28850364685058594,0.6800718307495117,0.4500846564769745,-0.17566469311714172,0.13091906905174255,-0.7289295792579651,0.11242678016424179,-0.07550676167011261,-0.2239454686641693,0.13705193996429443,0.03235135227441788,-0.8320422172546387,-0.4032532572746277,0.30004364252090454,0.011549146845936775,-0.4188360273838043,-0.26349541544914246,0.4687540531158447,0.06473501771688461,-0.4119144678115845,-0.4839041233062744,0.2827203571796417,-0.18780268728733063,0.1340331882238388,0.1301702857017517,-0.3897382318973541
605.0,-0.33982235193252563,0.05631355941295624,-0.5674293041229248,0.8771066665649414,-0.23483280837535858,-0.06274312734603882,-0.16905374825000763,-0.027997948229312897,0.09759726375341415,0.15324614942073822,-0.1549942046403885,-0.05727871134877205,-0.08605463057756424,-0.08176960051059723,-0.3698894679546356,-0.31514886021614075,-0.08521241694688797,0.23576165735721588,-0.38583335280418396,-0.9550820589065552,0.13164803385734558,0.07749468088150024,-0.3514515459537506,0.45820286870002747,0.27313700318336487,-0.3483541011810303,-0.31984028220176697,0.022096069529652596,0.37469080090522766,0.3405987322330475,0.10690731555223465,0.3881317675113678,-0.23658818006515503,0.14556625485420227,0.32178255915641785,0.5693659782409668,0.13280098140239716,-0.0012300009839236736,-0.10181093215942383,0.5235956311225891,0.4649750292301178,-0.8412198424339294,-0.027673447504639626,-0.7117066383361816,0.6743525862693787,-0.19590438902378082,-0.4059213697910309,-0.07704159617424011,-0.05011025071144104,-0.06502210348844528,0.07105886191129684,0.33010685443878174,-0.2599553167819977,-0.2694368362426758,-0.3382321000099182,-0.28949078917503357,0.01823263429105282,-0.13269343972206116,-0.16420090198516846,-0.07842569053173065,0.17265500128269196,0.008718809112906456,-0.19708549976348877,-0.08463170379400253
606.0,-0.41857412457466125,-0.11224330961704254,-0.4946119785308838,0.7191449999809265,-0.32216766476631165,-0.09299719333648682,-0.23248308897018433,-0.23049834370613098,-0.011129707098007202,0.09531842917203903,0.019263803958892822,-0.02381611242890358,-0.17267435789108276,-0.15177245438098907,-0.11871548742055893,-0.3949415683746338,0.16355177760124207,0.3767167925834656,-0.24743890762329102,-0.7990765571594238,0.2307213842868805,0.34014561772346497,-0.20207253098487854,0.26655709743499756,0.32618510723114014,-0.18425481021404266,-0.35021066665649414,-0.10519585013389587,0.22071141004562378,0.3708229660987854,0.251847505569458,0.21823714673519135,-0.19653750956058502,0.08350658416748047,0.22834622859954834,0.6022780537605286,0.20249399542808533,0.013212351128458977,-0.036024998873472214,0.6750884652137756,0.41327977180480957,-0.7387110590934753,0.040076665580272675,-0.5428510904312134,0.38846123218536377,-0.06970380246639252,-0.5203655958175659,-0.010373245924711227,0.05384516716003418,-0.28276118636131287,-0.024631446227431297,0.2710728645324707,-0.06860696524381638,-0.2007950395345688,-0.39729809761047363,-0.26706409454345703,0.001423023408278823,0.18491044640541077,-0.028208784759044647,0.05583495646715164,0.25668394565582275,0.09603725373744965,-0.23976784944534302,-0.031428270041942596
607.0,-0.3886643946170807,-0.11008308827877045,-0.381862074136734,0.5844126343727112,-0.3507455885410309,-0.16708599030971527,-0.055960655212402344,-0.002110326662659645,0.06638791412115097,0.015096764080226421,-0.13140010833740234,-0.15903931856155396,-0.13419154286384583,-0.19904959201812744,-0.09280025213956833,-0.18152324855327606,0.10066109150648117,0.11792097985744476,-0.20577889680862427,-0.8018015623092651,0.3730054497718811,0.2731369733810425,-0.07445179671049118,0.16771823167800903,0.2235638052225113,-0.22349433600902557,-0.3357878625392914,-0.09871263056993484,0.053437188267707825,0.38499510288238525,0.2198287397623062,0.08969589322805405,-0.23770205676555634,0.1639416366815567,0.11427456885576248,0.38606908917427063,0.1229294091463089,0.23688864707946777,0.11799784004688263,0.650628387928009,0.43447864055633545,-0.5443300008773804,-0.30251550674438477,-0.37526124715805054,0.37960168719291687,-0.04957190901041031,-0.47249674797058105,-0.10167578607797623,-0.030349325388669968,-0.10249292850494385,0.23809167742729187,0.21945896744728088,0.13191771507263184,0.11300592869520187,-0.12748323380947113,-0.4467666745185852,0.08125993609428406,-0.07008641213178635,0.00646332697942853,-0.2198329120874405,0.052412837743759155,-0.02885213866829872,-0.2394619882106781,0.04060082510113716
608.0,-0.4317176938056946,-0.20722079277038574,-0.5549113154411316,0.8910712003707886,-0.11254367232322693,0.08791279792785645,-0.14526839554309845,-0.2197183519601822,-0.09650595486164093,0.03846219927072525,-0.14073579013347626,-0.11106565594673157,-0.10286533087491989,-0.1801147758960724,-0.29108402132987976,-0.3959246277809143,0.16321364045143127,0.23863330483436584,-0.5405208468437195,-0.7641786932945251,0.028028704226017,0.14084912836551666,-0.2597392201423645,0.2628415524959564,0.24861206114292145,-0.3252555727958679,-0.22447192668914795,-0.16865582764148712,0.2054363489151001,0.26969635486602783,-0.015373410657048225,0.1306290626525879,-0.15498784184455872,0.14791981875896454,0.28347331285476685,0.6368215680122375,0.23058736324310303,-0.22535394132137299,-0.05222523212432861,0.42988690733909607,0.34449660778045654,-0.6562649011611938,0.16969183087348938,-0.5466802716255188,0.4381951689720154,0.0149602135643363,-0.4049035608768463,-0.09602873772382736,0.0655134916305542,-0.19893485307693481,0.08638616651296616,0.20942102372646332,-0.2806093394756317,-0.048562031239271164,-0.23676171898841858,-0.31491178274154663,0.057108331471681595,0.13707490265369415,-0.15756730735301971,0.18852032721042633,0.2951597273349762,0.1284293681383133,-0.04054614529013634,0.00973503664135933
609.0,-0.417988657951355,-0.09487532824277878,-0.5959709286689758,0.8680826425552368,-0.22482000291347504,-0.11606135964393616,-0.20445770025253296,-0.13843823969364166,-0.13046441972255707,0.1128123328089714,-0.2255147248506546,-0.09065396338701248,-0.27347439527511597,-0.12281736731529236,-0.32404977083206177,-0.36316561698913574,-0.06429103016853333,0.21149033308029175,-0.45348289608955383,-0.7523102164268494,0.04560265317559242,0.14391040802001953,-0.21492207050323486,0.3260951340198517,0.24371954798698425,-0.3291633725166321,-0.3893696665763855,-0.10831751674413681,0.23718087375164032,0.16747868061065674,0.1794169396162033,0.35985293984413147,-0.20194388926029205,0.017047559842467308,0.0461275689303875,0.608334481716156,0.1861184686422348,-0.03561783209443092,0.022008895874023438,0.5163116455078125,0.4901192784309387,-0.602953314781189,0.022567300125956535,-0.7253092527389526,0.5306171178817749,-0.0756840631365776,-0.43744879961013794,-0.08381737768650055,-0.004099533427506685,-0.26402008533477783,0.09478621929883957,0.18221700191497803,-0.14134155213832855,-0.10483472794294357,-0.2584465742111206,-0.12348466366529465,0.07289989292621613,-0.130878284573555,-0.31506073474884033,-0.06953179091215134,0.07040669023990631,0.13332980871200562,-0.16269902884960175,-0.17497172951698303
610.0,0.018670404329895973,0.3987966775894165,0.2596537172794342,-0.053667306900024414,-0.29437410831451416,-0.042126335203647614,-0.16919302940368652,0.33704403042793274,0.3968300521373749,-0.09784568846225739,0.08289279788732529,-0.014770042151212692,-0.30820536613464355,0.5021477341651917,0.3621405065059662,-0.026406893506646156,-0.3179616630077362,-0.1849389374256134,0.8401920199394226,-0.2782979905605316,0.23248818516731262,0.5570770502090454,-0.01899336650967598,0.15884792804718018,-0.19036772847175598,0.28778114914894104,-0.36717066168785095,0.13708563148975372,0.3306768536567688,0.5523313283920288,-0.19729149341583252,0.36311280727386475,0.3151807188987732,0.22352297604084015,0.3216250538825989,0.06476610153913498,-0.1543969213962555,0.7619403600692749,-0.29186925292015076,0.4171667695045471,0.3679136037826538,-0.32126182317733765,-0.5207809209823608,0.18576276302337646,0.2814704179763794,-0.334677129983902,-0.025172142311930656,-0.2112208753824234,-0.06735213100910187,0.23839375376701355,-0.22031234204769135,-0.06812696903944016,-0.10072357952594757,-0.6643607020378113,0.14201036095619202,0.06459202617406845,0.17671595513820648,-0.12445133924484253,0.2309362292289734,-0.07704869657754898,-0.39936918020248413,-0.16467711329460144,-0.2508319914340973,0.042712219059467316
611.0,-0.1953466683626175,0.1718885600566864,0.14838634431362152,0.3142074644565582,-0.2702592611312866,0.23822098970413208,-0.2512773275375366,0.24508824944496155,0.2431287318468094,-0.0009706569835543633,0.09721393138170242,-0.1338866800069809,-0.3343684673309326,0.5425388813018799,0.2909914553165436,0.036694418638944626,-0.4792444407939911,-0.11922505497932434,0.6575404405593872,-0.31748881936073303,-0.10241849720478058,0.2909775972366333,-0.02100280113518238,0.26614853739738464,-0.23470136523246765,0.03478705883026123,-0.5243045687675476,0.07644911855459213,0.3747611939907074,0.8051748275756836,-0.2978564202785492,0.48158740997314453,0.42177361249923706,0.06924411654472351,0.5722305178642273,0.2849878668785095,-0.22433148324489594,0.5085303783416748,-0.5279728174209595,0.4277457594871521,0.3048810064792633,-0.5008434653282166,-0.19993272423744202,0.055619016289711,0.3378807604312897,-0.2927331030368805,0.24869205057621002,-0.17901842296123505,0.20015957951545715,0.10746797919273376,-0.3382738530635834,-0.005623373668640852,-0.45512253046035767,-0.7755579352378845,0.07330822944641113,0.30522069334983826,0.13657110929489136,-0.31054991483688354,0.36015230417251587,0.21595826745033264,-0.023755330592393875,-0.037318382412195206,-0.3232000768184662,-0.19576454162597656
612.0,-0.22979901731014252,0.14938591420650482,0.06740417331457138,0.4838530421257019,-0.36124688386917114,0.2114526778459549,-0.4070071876049042,0.2771255671977997,0.09997756779193878,-0.001213276176713407,-0.10668212920427322,-0.18727333843708038,-0.4233369529247284,0.46321532130241394,0.23915760219097137,0.004753129556775093,-0.3970188796520233,-0.10454276949167252,0.4943627119064331,-0.45409128069877625,-0.0694388598203659,0.34403151273727417,-0.18497781455516815,0.2821902334690094,-0.2696605622768402,-0.0940990298986435,-0.4742778539657593,-0.1068836972117424,0.2849559485912323,0.5215960144996643,-0.26919853687286377,0.6146905422210693,0.2430696338415146,0.09254125505685806,0.5430096983909607,0.1288776844739914,-0.5020286440849304,0.4520365297794342,-0.4547317922115326,0.5983102321624756,0.21542738378047943,-0.4644683599472046,-0.17459021508693695,-0.06898540258407593,0.39560872316360474,-0.19919158518314362,0.10199771076440811,-0.2714295983314514,0.23580728471279144,-0.19540295004844666,-0.2948618233203888,0.019873453304171562,-0.4526548981666565,-0.7690711617469788,0.17355570197105408,0.21524643898010254,0.2072129100561142,-0.268215149641037,0.2138904333114624,0.3380214273929596,-0.03264756500720978,0.0037015078123658895,-0.288446843624115,-0.26492905616760254
613.0,-0.11150454729795456,0.19484318792819977,0.1017041951417923,0.2638252079486847,-0.26271411776542664,0.2665850818157196,-0.24263198673725128,0.3263339102268219,0.18032561242580414,0.0210469551384449,0.16969507932662964,-0.09084849059581757,-0.423574298620224,0.45637068152427673,0.2632374167442322,0.11708343029022217,-0.27636685967445374,-0.24369843304157257,0.5782195329666138,-0.37681880593299866,-0.1814890205860138,0.3923773169517517,-0.02675112895667553,0.2489965558052063,-0.2748069763183594,0.04074912518262863,-0.43588972091674805,-0.01254386454820633,0.31747695803642273,0.7490026950836182,-0.299087792634964,0.5717513561248779,0.5105586051940918,0.23957596719264984,0.7042599320411682,0.18358531594276428,-0.3580964505672455,0.6258981823921204,-0.5822010636329651,0.41237279772758484,0.20766666531562805,-0.5533380508422852,-0.19341814517974854,0.15947146713733673,0.3038078844547272,-0.3647923767566681,0.33210521936416626,-0.24004507064819336,0.3323318064212799,0.01541056390851736,-0.4289446771144867,-0.06634719669818878,-0.49268561601638794,-0.9266439080238342,0.04879733920097351,0.3030790686607361,0.18279540538787842,-0.32995525002479553,0.5174816846847534,0.38348498940467834,-0.1237001046538353,-0.0130385160446167,-0.403389573097229,-0.18456976115703583
614.0,-0.24896344542503357,0.1913626492023468,0.06466513127088547,0.4764970541000366,-0.1890087127685547,0.11473757028579712,-0.2232205718755722,0.10042066872119904,0.24085880815982819,-0.14765791594982147,0.01649143360555172,0.007622892037034035,-0.4657485783100128,0.49642273783683777,0.23232895135879517,-0.004926514346152544,-0.31167179346084595,-0.08636868000030518,0.7414661049842834,-0.41703173518180847,-0.04085392877459526,0.47417837381362915,-0.12946473062038422,0.342994749546051,-0.24574321508407593,-0.12384258210659027,-0.5046119093894958,-0.08982812613248825,0.3266904950141907,0.729746401309967,-0.24578839540481567,0.4344804286956787,0.2189141809940338,0.08225489407777786,0.5788589715957642,0.27151843905448914,-0.291743665933609,0.2879678010940552,-0.5557345747947693,0.37877869606018066,0.26331087946891785,-0.5653349161148071,-0.1682702600955963,0.05474802851676941,0.33570337295532227,-0.13407517969608307,0.09898367524147034,-0.42779889702796936,0.26820987462997437,-0.012183144688606262,-0.39183053374290466,-0.2509269118309021,-0.5579933524131775,-0.5734000205993652,0.26518234610557556,0.22913412749767303,0.20966988801956177,-0.3130941390991211,0.29108208417892456,0.41708871722221375,-0.1262381374835968,0.007235261145979166,-0.2671506404876709,-0.23370148241519928
615.0,-0.41174450516700745,-0.5502133369445801,-0.40118643641471863,0.20276087522506714,-0.06655754148960114,0.41837364435195923,-0.5698633193969727,0.18889889121055603,-0.16497014462947845,-0.04392964392900467,-0.2761576771736145,-0.16644923388957977,-0.07988018542528152,-0.17015445232391357,-0.0058222427032887936,-0.5074350237846375,-0.26854655146598816,0.1537255048751831,-0.34878918528556824,0.2434338629245758,0.3305181860923767,0.2133520394563675,-0.25316888093948364,0.19728295505046844,0.11708544194698334,-0.06750993430614471,-0.5350686311721802,-0.3417568504810333,0.6040471196174622,0.22173839807510376,0.06380201876163483,0.4536157548427582,-0.39440464973449707,-0.19617223739624023,-0.044627368450164795,0.3339339792728424,-0.22035354375839233,-0.00860194768756628,0.05444636568427086,0.4866521656513214,0.3170565068721771,-0.16718855500221252,-0.026843618601560593,-0.3535667359828949,0.3572879433631897,-0.45893409848213196,-0.00976851861923933,0.053286172449588776,0.13930422067642212,-0.20439587533473969,0.0030998499132692814,0.3198834955692291,0.0986824706196785,-0.6347246766090393,-0.12581391632556915,-0.057863324880599976,-0.05161833018064499,0.23418821394443512,-0.3664011061191559,-0.17501388490200043,-0.2768610119819641,0.03047258034348488,0.13265588879585266,-0.06401360780000687
616.0,-0.4947494864463806,-0.5908029675483704,-0.6636360883712769,0.15107524394989014,-0.11198132485151291,0.24592331051826477,-0.4687226712703705,0.06532793492078781,-0.23680007457733154,0.028731336817145348,-0.2727718949317932,-0.010965241119265556,-0.09719868749380112,-0.23756246268749237,-0.2622531056404114,-0.4854748845100403,-0.30282607674598694,0.21024644374847412,-0.39926421642303467,0.10019199550151825,0.2575339078903198,0.3078767657279968,-0.17107799649238586,0.28952401876449585,0.08873554319143295,-0.13505351543426514,-0.4186376631259918,-0.27343738079071045,0.5632631182670593,0.11689229309558868,0.10993831604719162,0.4922272562980652,-0.34948351979255676,-0.2585626244544983,0.08157151192426682,0.2877386510372162,-0.2909221053123474,-0.1224183663725853,-0.03061937913298607,0.33825021982192993,0.33340027928352356,-0.1825975775718689,0.04728575050830841,-0.5831762552261353,0.2611372470855713,-0.3600527048110962,-0.19213199615478516,0.102426677942276,0.13632726669311523,-0.3122407793998718,-0.01871083304286003,0.4317774772644043,0.133461132645607,-0.450497567653656,-0.2467019408941269,-0.18192589282989502,-0.08034136146306992,0.2109559327363968,-0.34029534459114075,-0.2563307285308838,-0.1983281373977661,-0.1178123727440834,0.008502344600856304,-0.1366787552833557
617.0,-0.32744571566581726,-0.4319543242454529,-0.6437353491783142,0.5686764121055603,-0.025318767875432968,0.3149561882019043,-0.6422373652458191,0.1758279949426651,-0.10161805897951126,0.0055452072992920876,-0.29915866255760193,-0.13165244460105896,0.050883613526821136,-0.09355631470680237,-0.046857357025146484,-0.2377578169107437,-0.35709017515182495,0.2055496722459793,-0.31151628494262695,-0.06484761834144592,0.2503829896450043,0.27087005972862244,-0.2246166467666626,0.2557254135608673,0.05736548453569412,-0.1773117631673813,-0.5498868823051453,-0.4253755807876587,0.6142441630363464,-0.08935216814279556,-0.025503825396299362,0.3939748704433441,-0.4054051339626312,-0.16470840573310852,0.09167874604463577,0.17881113290786743,-0.2743081748485565,0.20092925429344177,-0.11834908276796341,0.5145708918571472,0.23020553588867188,-0.3078360855579376,-0.18790003657341003,-0.19780407845973969,0.3249346911907196,-0.4000091254711151,-0.07121472805738449,-0.1384456604719162,0.11333806067705154,-0.053344957530498505,0.13143083453178406,0.5949838757514954,-0.012553471140563488,-0.5315487384796143,0.14938569068908691,-0.10780644416809082,0.04053114727139473,0.05179915577173233,-0.2548902630805969,-0.18764880299568176,-0.1853012591600418,0.20088796317577362,0.14220817387104034,-0.052807994186878204
618.0,-0.32850658893585205,-0.4204547703266144,-0.5515191555023193,0.38165992498397827,-0.05727993696928024,0.31994885206222534,-0.6313101053237915,0.15656283497810364,-0.019248221069574356,-0.03485624119639397,-0.2897465229034424,-0.1302497386932373,-0.036743029952049255,-0.1574532836675644,-0.025964437052607536,-0.29458314180374146,-0.31705331802368164,0.2009892761707306,-0.3160100281238556,0.08440866321325302,0.4075053930282593,0.28900837898254395,-0.3201768398284912,0.3220598101615906,0.14068807661533356,-0.03492427244782448,-0.49940958619117737,-0.2768268585205078,0.6582514643669128,0.058977458626031876,0.09327857196331024,0.4267914891242981,-0.49456915259361267,-0.28010261058807373,-0.03554273396730423,0.3380465507507324,-0.16865365207195282,0.020668426528573036,-0.003939165733754635,0.49567562341690063,0.26590144634246826,-0.28476834297180176,-0.14490315318107605,-0.21482551097869873,0.2584291696548462,-0.3556399643421173,-0.10500326752662659,-0.03546709567308426,0.033037569373846054,-0.05394041910767555,0.02008485235273838,0.4539143443107605,-0.003043451579287648,-0.6338058114051819,-0.017687764018774033,-0.08653154224157333,0.005765286274254322,0.024192122742533684,-0.2773972749710083,-0.05820406973361969,-0.17946337163448334,0.12366089969873428,0.11121132224798203,-0.0679207444190979
619.0,-0.33385705947875977,-0.2418154776096344,-0.24291381239891052,-0.3670039176940918,-0.26405060291290283,0.2445203810930252,-0.2764243483543396,0.056477997452020645,0.115427665412426,-0.16046319901943207,-0.1872687190771103,-0.2960771322250366,0.026873944327235222,-0.20595094561576843,0.049212172627449036,-0.37810781598091125,-0.2531525194644928,-0.42322248220443726,-0.5254194736480713,0.22409316897392273,0.7302150726318359,0.12615613639354706,0.18546681106090546,0.08213912695646286,0.4390423595905304,0.30356597900390625,-0.2477211058139801,0.06651347875595093,0.4462425112724304,0.2529231607913971,0.3272743821144104,0.10057298839092255,-0.2532294988632202,-0.19492748379707336,-0.2505601942539215,0.6425654888153076,0.15103834867477417,0.5260690450668335,0.45314082503318787,0.4982134997844696,0.6373448967933655,0.04491390660405159,-0.42132315039634705,-0.300811767578125,0.17865481972694397,-0.2621971368789673,-0.2691882252693176,0.17126521468162537,-0.09226790815591812,0.06654400378465652,0.18301062285900116,0.17299425601959229,0.6719878911972046,-0.3249205946922302,-0.24695496261119843,-0.3245348036289215,0.19121791422367096,0.09484157711267471,-0.25316399335861206,-0.4799700081348419,-0.44439586997032166,-0.4988866448402405,0.006027684547007084,0.19778235256671906
620.0,-0.08774980902671814,0.313743531703949,-0.19508594274520874,0.5293857455253601,0.01752367988228798,0.14156459271907806,0.10408633947372437,-0.041900135576725006,0.3365953862667084,-0.2258048802614212,-0.3769874572753906,-0.3372915983200073,-0.29719558358192444,0.35332274436950684,-0.0012249159626662731,0.310864120721817,-0.5158566236495972,-0.6348180174827576,0.30047234892845154,-0.19711093604564667,-0.10723062604665756,0.05616398900747299,-0.07015156745910645,0.5153346657752991,-0.6224766373634338,0.33682623505592346,-0.14400707185268402,0.26979753375053406,0.07774019986391068,0.660622775554657,-0.5796418190002441,0.4268675446510315,0.003431016579270363,-0.32599756121635437,0.1277284026145935,0.3367246687412262,-0.17125853896141052,0.11612332612276077,-0.5297014117240906,0.16810141503810883,0.46786409616470337,0.06358444690704346,-0.08147609233856201,-0.17982254922389984,0.013933559879660606,0.025560757145285606,0.027960127219557762,-0.5451546907424927,0.10816138237714767,-0.3280288577079773,-0.18908175826072693,0.09364146739244461,-0.15905199944972992,-0.20223288238048553,0.12470745295286179,0.17797115445137024,0.23218312859535217,-0.4729761481285095,-0.008717755787074566,0.3110349476337433,-0.203371062874794,-0.20096144080162048,-0.2279018759727478,-0.24365849792957306
621.0,-0.00644255056977272,0.41359513998031616,-0.013405674137175083,0.3075125217437744,-0.22532965242862701,0.09574493020772934,0.048830337822437286,0.14037087559700012,0.5480024814605713,-0.06450893729925156,-0.509575605392456,-0.4509980380535126,-0.20938071608543396,0.47930625081062317,0.35512393712997437,0.36264026165008545,-0.44098949432373047,-0.8185393810272217,0.4898117780685425,-0.02540796622633934,-0.07785473018884659,-0.01858646795153618,0.05622804909944534,0.41916486620903015,-0.5836073756217957,0.42132315039634705,0.08374519646167755,0.41991952061653137,0.14021308720111847,0.6563705801963806,-0.617007851600647,0.19993697106838226,0.0578557625412941,-0.026572780683636665,0.06923391669988632,0.4085862338542938,-0.08272115141153336,0.5804663300514221,-0.21828192472457886,0.2426772266626358,0.38194021582603455,0.11519544571638107,-0.12190303206443787,-0.052494488656520844,0.052174072712659836,0.09735187888145447,-0.024728789925575256,-0.324421763420105,-0.0994788333773613,-0.1351868361234665,-0.024359827861189842,0.15637704730033875,0.07395726442337036,-0.11604137718677521,0.16950415074825287,0.03185282275080681,0.16527922451496124,-0.36602073907852173,-0.020573994144797325,-0.032966844737529755,-0.16191554069519043,-0.4005481004714966,-0.3294995427131653,-0.07177715003490448
622.0,-0.17570096254348755,0.1639416515827179,-0.2946968376636505,0.4167111814022064,-0.19118261337280273,0.14252828061580658,-0.0222543403506279,-0.046063780784606934,0.2413196712732315,-0.09987945854663849,-0.3408464789390564,-0.3956596255302429,-0.3118094801902771,0.31609779596328735,0.2387939691543579,0.0933404192328453,-0.44350099563598633,-0.5989193916320801,0.18960553407669067,-0.1127081885933876,-0.33523768186569214,-0.12316581606864929,0.08039991557598114,0.3480564057826996,-0.6433101296424866,0.07992792874574661,-0.03630976378917694,0.1577230989933014,-0.023917894810438156,0.44111475348472595,-0.4482348561286926,0.36020174622535706,0.09896824508905411,-0.29517900943756104,0.1831679791212082,0.41090458631515503,-0.2497768998146057,0.18878187239170074,-0.5106409788131714,0.14902453124523163,0.46221670508384705,0.0548991821706295,0.026355180889368057,-0.34119412302970886,0.07668009400367737,0.19546107947826385,-0.003267180174589157,-0.4847332835197449,0.22117191553115845,-0.5130544304847717,-0.09109480679035187,0.17628604173660278,-0.1512526124715805,-0.054738614708185196,0.34417349100112915,0.1142813116312027,0.31090855598449707,-0.2560572028160095,-0.06796255707740784,0.4194122552871704,-0.04049962759017944,-0.3049568235874176,-0.19190263748168945,-0.32350218296051025
623.0,-0.1653892695903778,0.2852415442466736,-0.173356294631958,0.44132739305496216,-0.15444901585578918,0.05912506580352783,-0.023878635838627815,0.02314199134707451,0.26699385046958923,-0.3123280704021454,-0.4308377206325531,-0.26675695180892944,-0.4291212558746338,0.31018248200416565,0.10672081261873245,0.0838310644030571,-0.51058429479599,-0.5614551901817322,0.2661670744419098,-0.08066536486148834,-0.17274637520313263,0.0448310561478138,0.0032713175751268864,0.42846953868865967,-0.47781726717948914,0.19135494530200958,-0.1916302889585495,0.23161381483078003,0.11302545666694641,0.3914145529270172,-0.5330848693847656,0.5861523151397705,0.015026440843939781,-0.3383084237575531,0.14515002071857452,0.4017557203769684,-0.23812651634216309,0.12294495105743408,-0.4993993937969208,0.1853734254837036,0.4985945224761963,-0.0018820594996213913,-0.15364333987236023,-0.26054930686950684,0.14394064247608185,0.12074216455221176,-0.04074649512767792,-0.5916012525558472,0.10028080642223358,-0.3727482259273529,-0.16785767674446106,0.03689867630600929,-0.27012988924980164,-0.24457168579101562,0.24883367121219635,0.19929438829421997,0.23098185658454895,-0.42958763241767883,-0.12306256592273712,0.3725193738937378,-0.2348484992980957,-0.3305148780345917,-0.18777430057525635,-0.3631543219089508
624.0,-0.037294790148735046,0.18928587436676025,-0.21008114516735077,0.47324424982070923,0.17639312148094177,0.2833716571331024,0.049675483256578445,-0.0866488590836525,0.20643587410449982,-0.30980736017227173,-0.3679478168487549,-0.23219186067581177,-0.31051909923553467,0.24441906809806824,-0.12680986523628235,0.17566131055355072,-0.43825480341911316,-0.5982276797294617,0.37983185052871704,-0.09072679281234741,-0.2912385165691376,0.3676542341709137,-0.138716921210289,0.38712435960769653,-0.6269057989120483,0.38622504472732544,-0.004248596727848053,0.11076688766479492,0.17801493406295776,0.5605316162109375,-0.7352680563926697,0.3342791199684143,0.002380894497036934,-0.1853981912136078,0.2763199210166931,0.3583754301071167,-0.17836368083953857,-0.11223561316728592,-0.27276238799095154,0.04958120360970497,0.4673464000225067,-0.013827607035636902,0.03184937313199043,-0.16268739104270935,-0.09720353037118912,-0.022750725969672203,0.008297367952764034,-0.634507417678833,0.10335904359817505,-0.33840370178222656,-0.2541070282459259,-0.10949315875768661,-0.24389097094535828,-0.27151384949684143,0.2467155158519745,0.15911629796028137,0.2132309079170227,-0.3282753527164459,0.0007681221468374133,0.3944637179374695,-0.330905020236969,-0.25313520431518555,-0.16360148787498474,-0.10632997751235962
625.0,-0.009407790377736092,-0.007359216921031475,-0.09828419983386993,0.35860100388526917,0.20915575325489044,0.20623262226581573,-0.026517536491155624,0.09206067025661469,-0.10673785954713821,-0.18404223024845123,0.12692652642726898,0.06366438418626785,-0.5217219591140747,0.10531732439994812,-0.2881857454776764,0.18112336099147797,-0.42649176716804504,-0.16538263857364655,0.3661256432533264,-0.38471025228500366,-0.10687055438756943,0.20078644156455994,0.301702082157135,0.060267236083745956,-0.24257943034172058,0.034737009555101395,-0.5764325857162476,0.022979851812124252,-0.06098991632461548,0.3040146231651306,-0.1776026338338852,0.7412528395652771,0.5100651383399963,-0.09657540917396545,0.4338667094707489,-0.044458188116550446,0.1156407967209816,0.26355886459350586,-0.8997715711593628,0.09445628523826599,0.47182050347328186,-0.3963252007961273,-0.4357299208641052,-0.39017099142074585,0.11123883724212646,-0.21322673559188843,0.37225374579429626,-0.27921897172927856,0.5003636479377747,-0.06664202362298965,-0.16258148849010468,0.05736790969967842,-0.5516747832298279,-0.31076788902282715,-0.19598160684108734,0.46674951910972595,0.1385093778371811,-0.22060978412628174,0.07642649859189987,0.29113882780075073,-0.24808251857757568,0.20373576879501343,0.3613581955432892,-0.20490463078022003
626.0,0.29801321029663086,0.27765876054763794,0.28837451338768005,-0.07434679567813873,-0.26959100365638733,0.06859174370765686,0.13852868974208832,0.5189890265464783,0.3365267515182495,-0.14088599383831024,-0.2524813413619995,-0.47415217757225037,-0.3406853675842285,0.009865568950772285,-0.009323938749730587,0.19085989892482758,-0.47532790899276733,-0.7442194223403931,0.39293113350868225,-0.27361777424812317,0.09436171501874924,0.004884103778749704,0.4039316773414612,0.062367260456085205,-0.3892895579338074,0.48600637912750244,-0.18190284073352814,0.6064304113388062,-0.08185967057943344,0.35652875900268555,-0.00646883063018322,0.6610510945320129,0.4759100675582886,0.05678742378950119,0.23758213222026825,0.2574262022972107,0.23395386338233948,0.827789306640625,-0.11755967140197754,0.35030966997146606,0.8659995794296265,-0.17775091528892517,-0.8448567986488342,-0.27651822566986084,0.2514261305332184,-0.07922426611185074,0.1353251039981842,-0.10705076903104782,0.024136528372764587,0.22980725765228271,0.16109336912631989,0.07891106605529785,-0.12125339359045029,-0.2575148940086365,-0.004800609312951565,0.05368654429912567,0.14093689620494843,-0.5144374370574951,0.12590546905994415,-0.20168651640415192,-0.3370637595653534,-0.3179829716682434,0.11792454123497009,0.15263338387012482
627.0,-0.24171629548072815,-0.23916664719581604,-0.262639582157135,0.4136407673358917,0.226045161485672,0.2772592604160309,-0.10355798900127411,-0.01148902252316475,-0.17392092943191528,-0.020859533920884132,-0.16867971420288086,-0.17117422819137573,-0.4833008646965027,0.2428000420331955,-0.02190084010362625,-0.06271001696586609,-0.2952297627925873,-0.48525649309158325,-0.04842158779501915,-0.1906687468290329,-0.24496367573738098,0.15104611217975616,0.14925748109817505,0.17556586861610413,-0.5076390504837036,-0.12530459463596344,-0.5732313394546509,-0.17467299103736877,-0.08386636525392532,0.3889499008655548,-0.4134177565574646,0.5593475103378296,0.41257476806640625,0.10504644364118576,0.48117104172706604,0.06188133358955383,-0.011877911165356636,0.3253868818283081,-0.9002045392990112,0.18762576580047607,0.5133314728736877,-0.1491834670305252,-0.32614827156066895,-0.4094243347644806,0.2394425868988037,-0.21392588317394257,0.3427642583847046,-0.24896776676177979,0.46639102697372437,-0.27087274193763733,-0.0022096424363553524,0.041162192821502686,-0.30788710713386536,-0.19074812531471252,-0.01090948935598135,0.2648903429508209,0.22387835383415222,-0.04237895831465721,-0.04579460248351097,0.412804514169693,-0.03066972643136978,0.1811908483505249,0.12278788536787033,-0.12188725173473358
628.0,-0.1721227616071701,-0.22918443381786346,-0.20521146059036255,0.44512930512428284,0.1270710825920105,0.2751397490501404,-0.1408746838569641,0.16806064546108246,-0.26370084285736084,-0.11718786507844925,-0.09076692909002304,-0.09446658939123154,-0.36699092388153076,0.05699784681200981,-0.13764849305152893,-0.11219782382249832,-0.27711525559425354,-0.13038110733032227,0.1850149929523468,-0.32487860321998596,-0.15313977003097534,0.13523100316524506,0.06456703692674637,0.12722519040107727,-0.4355628192424774,-0.02015404775738716,-0.5110896825790405,-0.12287050485610962,-4.1794031858444214e-05,0.21525222063064575,-0.19866666197776794,0.6393918991088867,0.1936880350112915,-0.06359066069126129,0.37587592005729675,0.16795547306537628,-0.09583859145641327,0.13513030111789703,-0.5991364121437073,0.3658597469329834,0.5898407697677612,-0.3959258794784546,-0.41360801458358765,-0.41387689113616943,0.3036867678165436,-0.23481731116771698,0.24043458700180054,-0.35582637786865234,0.38346967101097107,-0.2906646430492401,-0.06196190416812897,0.17896971106529236,-0.45178651809692383,-0.45060423016548157,0.09043869376182556,0.1794726550579071,0.24738290905952454,-0.21919135749340057,-0.04915203899145126,0.2449353039264679,-0.1579444706439972,0.20042790472507477,0.23703736066818237,-0.14903540909290314
629.0,-0.0997450053691864,-0.11327286809682846,-0.2537135183811188,0.32065582275390625,0.21430641412734985,0.2474314272403717,0.011814787983894348,0.052241940051317215,-0.11652061343193054,-0.03765677288174629,0.055953238159418106,-0.011271202005445957,-0.4490560293197632,0.040051307529211044,-0.2803409695625305,-0.008640749379992485,-0.24641303718090057,-0.18281397223472595,0.42402327060699463,-0.05369163677096367,-0.1624075472354889,0.034669890999794006,0.19007344543933868,-0.009263758547604084,-0.545252799987793,-0.21356220543384552,-0.49548712372779846,0.05601385235786438,-0.06631214916706085,0.2891309857368469,-0.2830947935581207,0.5859560370445251,0.3563748002052307,-0.1476280838251114,0.26879021525382996,0.09710690379142761,0.09827860444784164,0.1629568636417389,-0.9506046175956726,0.00640056561678648,0.587035596370697,-0.14499811828136444,-0.2602897584438324,-0.46616002917289734,0.28854528069496155,-0.22697189450263977,0.251090943813324,-0.3540121912956238,0.40149033069610596,-0.3114550709724426,-0.1670728623867035,0.021852687001228333,-0.3562050759792328,-0.06625325232744217,-0.1681516021490097,0.4102724492549896,0.25819534063339233,-0.18484853208065033,0.02883196994662285,0.32027414441108704,-0.28423944115638733,0.15844126045703888,0.12478231638669968,-0.10311055183410645
630.0,-0.5439544916152954,-0.03535814583301544,-0.3153837025165558,0.17493213713169098,-0.3038347363471985,-0.2728079855442047,-0.19647176563739777,0.1990182250738144,-0.2654072344303131,-0.20237353444099426,0.45023950934410095,0.07809280604124069,-0.15072700381278992,0.24535620212554932,-0.007575765252113342,-0.9921420812606812,-0.060853369534015656,0.5684074759483337,-0.293670117855072,-0.45938998460769653,0.253988653421402,0.017267337068915367,-0.6235609650611877,0.7520297169685364,0.021792136132717133,-0.13936904072761536,-0.11156566441059113,0.03818638250231743,0.41948726773262024,0.1606951653957367,0.6121326684951782,0.40122175216674805,-0.2075708508491516,-0.17039120197296143,-0.02398005686700344,0.370752215385437,-0.6230607032775879,-0.4234246015548706,-0.13392817974090576,-0.05578586086630821,0.3284832537174225,-0.2367151826620102,-0.014640788547694683,-0.34523701667785645,0.48170438408851624,-0.17817604541778564,-0.27055901288986206,-0.1565748006105423,0.037341684103012085,-0.20324453711509705,-0.24053959548473358,0.038831423968076706,-0.24336449801921844,-0.6800445914268494,0.15995828807353973,-0.18587331473827362,-0.166923388838768,-0.22344833612442017,-0.36477574706077576,0.04105104133486748,-0.22491471469402313,-0.23829598724842072,-0.1118081733584404,-0.5497422218322754
631.0,-0.5349922776222229,0.10758882015943527,-0.4843509793281555,0.30017781257629395,-0.2566154897212982,-0.24037401378154755,-0.5014835596084595,-0.06585652381181717,-0.2585725486278534,-0.1698855310678482,0.3235294222831726,0.02084825560450554,-0.021550847217440605,0.3277144730091095,-0.017223559319972992,-0.9533169269561768,-0.17148694396018982,0.4315088987350464,-0.371563196182251,-0.40953561663627625,0.26827552914619446,0.06553159654140472,-0.6486946940422058,0.8203892111778259,0.10145977884531021,0.016395824030041695,-0.29445186257362366,0.06988323479890823,0.5540001392364502,0.05425264686346054,0.5751948952674866,0.4035932719707489,-0.3269437253475189,-0.3496139347553253,-0.01135739590972662,0.5434543490409851,-0.43428003787994385,-0.3610388934612274,-0.07212900370359421,-0.007302796468138695,0.40254607796669006,-0.37792760133743286,-0.16268204152584076,-0.3666679859161377,0.3648701608181,-0.22719958424568176,-0.1881626695394516,-0.277354896068573,-0.01574564538896084,-0.008892086334526539,-0.18590164184570312,0.12810485064983368,-0.21331234276294708,-0.8016601800918579,0.11101703345775604,0.059853777289390564,-0.19350948929786682,-0.2028782218694687,-0.47421279549598694,0.04220385104417801,-0.17059460282325745,-0.18787389993667603,-0.08208197355270386,-0.370042085647583
632.0,-0.5322042107582092,0.09622085094451904,-0.4732934832572937,0.3002340495586395,-0.19921907782554626,-0.23472456634044647,-0.2663000226020813,-0.0337512381374836,-0.1706998348236084,-0.16832327842712402,0.3650175631046295,0.11696299910545349,-0.1357281655073166,0.16982299089431763,-0.208709254860878,-0.7186068296432495,-0.17835083603858948,0.4403310716152191,-0.5314252376556396,-0.4241056442260742,0.0748404711484909,0.021093806251883507,-0.5765066742897034,0.6716688871383667,0.11566538363695145,-0.09944166243076324,-0.22196243703365326,0.10838150978088379,0.4009754955768585,0.13566631078720093,0.44697412848472595,0.3792243003845215,-0.13247020542621613,-0.3203970789909363,0.0216504093259573,0.34992095828056335,-0.4106930196285248,-0.3618263006210327,-0.2929297089576721,-0.11178310215473175,0.28458282351493835,-0.2798338234424591,0.11784197390079498,-0.5070475339889526,0.3248162269592285,-0.1763475090265274,-0.1798274964094162,-0.17598673701286316,0.04474843293428421,-0.11018848419189453,-0.20726841688156128,0.16022464632987976,-0.3096388578414917,-0.5709168314933777,-0.012044894509017467,0.014284953474998474,-0.20242083072662354,-0.10835038870573044,-0.3112020194530487,0.0801110714673996,0.012407947331666946,-0.2566237449645996,-0.1441921591758728,-0.3719349801540375
633.0,-0.3199833631515503,0.4323640763759613,0.019611433148384094,-0.218504399061203,-0.6030457019805908,-0.3807646334171295,0.06462783366441727,0.37900805473327637,0.23129379749298096,-0.27132293581962585,0.48573511838912964,-0.07488039135932922,-0.12085805833339691,0.2434001863002777,0.19868162274360657,-0.5864511728286743,-0.0862908735871315,0.06247982755303383,0.07029063254594803,-0.5436667799949646,0.3049895465373993,-0.024876495823264122,-0.2520518898963928,0.4446127414703369,0.17596551775932312,0.2722474932670593,0.19953453540802002,0.5786214470863342,0.31735289096832275,0.6552283763885498,0.5640572905540466,0.21789532899856567,-0.012286489829421043,-0.006992162670940161,-0.0719955712556839,0.7344285845756531,-0.21935705840587616,0.01856868341565132,0.31294554471969604,-0.14826558530330658,0.4940580129623413,-0.43779197335243225,-0.20660050213336945,-0.13105572760105133,0.3289129436016083,-0.18550699949264526,-0.16037525236606598,-0.2303723692893982,-0.20447170734405518,0.34274935722351074,-0.11882533133029938,-0.06586078554391861,-0.18025115132331848,-0.6698598265647888,0.0962662547826767,-0.2721935510635376,-0.12359821796417236,-0.25290367007255554,-0.3123311698436737,-0.2367432564496994,-0.4708287715911865,-0.6847531199455261,-0.07913003116846085,-0.30167731642723083
634.0,-0.4803702235221863,0.06075386330485344,-0.4544495642185211,0.324876606464386,-0.3161510229110718,-0.20877301692962646,-0.44429323077201843,0.02174924872815609,-0.29579514265060425,-0.035305801779031754,0.2579132616519928,0.06788723170757294,-0.06781835108995438,0.14516803622245789,-0.26454392075538635,-0.83326655626297,-0.00938150379806757,0.45507562160491943,-0.43683934211730957,-0.4956580698490143,0.25573328137397766,0.054764632135629654,-0.7437552213668823,0.7043386101722717,0.06183458864688873,-0.18441995978355408,-0.19895897805690765,-0.005038654897361994,0.4073803126811981,0.06348475813865662,0.6755256056785583,0.48750174045562744,-0.33695027232170105,-0.2498403936624527,0.14532436430454254,0.28235557675361633,-0.5719204545021057,-0.35132911801338196,-0.15339656174182892,0.011326255276799202,0.3028051257133484,-0.4422406852245331,-0.09713882952928543,-0.500860869884491,0.4351004958152771,-0.18341873586177826,-0.21376611292362213,-0.1397106945514679,0.1451946198940277,-0.13143685460090637,-0.26733458042144775,0.08487381786108017,-0.30136245489120483,-0.6913113594055176,0.010997735895216465,-0.060278501361608505,-0.21621498465538025,-0.19231605529785156,-0.3699687123298645,0.03924034535884857,-0.18263956904411316,-0.26484841108322144,-0.06869783997535706,-0.28410643339157104
635.0,0.16850978136062622,-0.14943048357963562,-0.39433687925338745,-0.15475516021251678,0.15601512789726257,-0.1484641283750534,-0.339019775390625,0.02601885050535202,-0.1635769158601761,-0.04358535632491112,-0.15879425406455994,0.1255914270877838,-0.010346496477723122,-0.15540768206119537,0.2764703035354614,-0.2950623333454132,-0.08346432447433472,-0.21960075199604034,-0.6144947409629822,-0.2543136775493622,-0.20421059429645538,0.08745015412569046,0.02368875779211521,0.17157778143882751,-0.12713226675987244,-0.04522699490189552,-0.16097639501094818,-0.47479477524757385,0.37188640236854553,-0.8045612573623657,0.28921735286712646,0.5689554214477539,-0.4232030510902405,-0.009248246438801289,0.23188436031341553,0.3102321922779083,-0.3115960359573364,0.06892809271812439,0.013837024569511414,0.4053952693939209,0.4489646852016449,-0.2722032070159912,-0.2807543873786926,-0.2286081463098526,0.2751581072807312,-0.4102983772754669,-0.17998722195625305,-0.17196284234523773,0.06848722696304321,-0.3691464960575104,0.1915508657693863,0.3417084515094757,-0.3129161596298218,-0.8246753811836243,0.4495837092399597,-0.025198830291628838,0.28053852915763855,0.27565062046051025,-0.24587291479110718,0.4566746652126312,-0.011465882882475853,0.1838180124759674,0.5702434182167053,-0.26476535201072693
636.0,-0.046042367815971375,-0.2857391834259033,-0.39455604553222656,-0.29071274399757385,0.28717684745788574,0.059915781021118164,-0.2514675259590149,0.05578579753637314,-0.19047486782073975,-0.12417546659708023,-0.12690000236034393,0.1278906613588333,-0.16939608752727509,-0.18485362827777863,0.28112900257110596,-0.36753830313682556,-0.13808108866214752,-0.3835647702217102,-0.8082618117332458,0.03481219708919525,-0.33174651861190796,-0.03953605517745018,0.07988408952951431,0.05716700851917267,-0.11333741992712021,-0.16272735595703125,-0.17098963260650635,-0.5449925065040588,0.33749520778656006,-0.5111691951751709,0.07284658402204514,0.4854321777820587,-0.3902241885662079,0.11760012060403824,0.24667228758335114,0.2780664265155792,-0.24660730361938477,-0.03782429173588753,-0.1456913948059082,0.2710931897163391,0.4163998067378998,-0.2579761743545532,-0.11988119781017303,-0.45441216230392456,0.31991586089134216,-0.47994357347488403,0.11602850258350372,-0.07247594743967056,0.19928427040576935,-0.40377533435821533,0.2044571191072464,0.2502993047237396,-0.2725276052951813,-0.731431782245636,0.3282340168952942,-0.07429631054401398,0.34194454550743103,0.4003404676914215,-0.37659963965415955,0.4415569007396698,-0.01390599925071001,0.008205536752939224,0.6882441639900208,-0.3318077325820923
637.0,0.011502359062433243,0.057633478194475174,-0.30780741572380066,-0.329480916261673,0.17905190587043762,-0.09400783479213715,-0.1366901993751526,0.1670985370874405,0.046637315303087234,-0.03950688987970352,-0.15470090508460999,0.013305725529789925,-0.08009687066078186,-0.02746521681547165,0.37231045961380005,-0.23437385261058807,-0.06622634828090668,-0.45200952887535095,-0.4065074622631073,-0.03861536085605621,-0.006953700445592403,-0.0010861732298508286,0.044138457626104355,0.04037661850452423,-0.3468402028083801,0.10321550816297531,0.18094700574874878,-0.27362269163131714,0.20923422276973724,-0.3810977339744568,0.036689020693302155,0.2222631573677063,-0.5542677044868469,0.2863057553768158,0.11614333093166351,0.12774236500263214,-0.1538306325674057,0.1055024117231369,0.04106554016470909,0.2598179280757904,0.37515294551849365,-0.26208239793777466,-0.3253898024559021,-0.3484026789665222,0.27549099922180176,-0.32963111996650696,0.022119231522083282,-0.011918465606868267,-0.07506053894758224,-0.160361647605896,0.33882519602775574,0.2600456774234772,-0.019225995987653732,-0.5255892872810364,0.3307587206363678,-0.3670882284641266,0.40251001715660095,0.29375457763671875,-0.451668918132782,0.1621420979499817,-0.10316874831914902,-0.09560151398181915,0.7092556953430176,-0.16683213412761688
638.0,-0.021136293187737465,-0.41128942370414734,-0.500369668006897,-0.14138656854629517,0.24779625236988068,0.048870861530303955,-0.26686331629753113,0.022843608632683754,-0.3399197459220886,-0.1895638108253479,-0.06480715423822403,0.1547587662935257,0.02347654476761818,-0.30604586005210876,0.13846254348754883,-0.3568198084831238,-0.18891337513923645,-0.043470390141010284,-0.6483837962150574,-0.10379994660615921,-0.3101256787776947,0.14684337377548218,-0.04958699271082878,0.005293588154017925,-0.1253412663936615,-0.175059974193573,-0.08057719469070435,-0.650213897228241,0.3706481456756592,-0.5682474970817566,0.034807685762643814,0.41999873518943787,-0.5332004427909851,-0.019458014518022537,0.3800918459892273,0.1845669448375702,-0.3890330493450165,-0.30584943294525146,0.03697914630174637,0.21264782547950745,0.393258273601532,-0.24492619931697845,-0.059493403881788254,-0.27173885703086853,0.1245507150888443,-0.47475454211235046,-0.1269463300704956,-0.06920549273490906,0.1567203402519226,-0.4062288999557495,0.1696970909833908,0.39097893238067627,-0.26855358481407166,-0.6085642576217651,0.4042609632015228,-0.1264423280954361,0.07778794318437576,0.3253157436847687,-0.2691017985343933,0.23897656798362732,-0.0931665226817131,-0.05735598877072334,0.677084743976593,-0.3456399142742157
639.0,0.04588163271546364,-0.32379457354545593,-0.5486421585083008,-0.03209598734974861,0.1709115207195282,-0.2319975346326828,-0.3987492024898529,-0.008850086480379105,-0.32541632652282715,0.10696251690387726,-0.2138795256614685,0.11186492443084717,-0.09310486167669296,-0.20048467814922333,0.09633727371692657,-0.24020937085151672,-0.11656049638986588,-0.2257155478000641,-0.7641512751579285,-0.22709408402442932,-0.15835268795490265,0.14836637675762177,-0.10598234087228775,0.14359882473945618,-0.1724509298801422,-0.2196410745382309,-0.3193988502025604,-0.6118089556694031,0.3531649112701416,-0.6910707950592041,0.5572929382324219,0.5425882339477539,-0.5658109784126282,-0.08525529503822327,0.12675732374191284,0.29449325799942017,-0.29218947887420654,0.06163134053349495,0.0943680927157402,0.37365150451660156,0.483169287443161,-0.18484681844711304,-0.2922351360321045,-0.2482357770204544,0.2753244936466217,-0.4817626476287842,-0.15475673973560333,0.007642989046871662,0.07869536429643631,-0.22079643607139587,0.17603933811187744,0.20855212211608887,-0.3167901337146759,-0.6565247178077698,0.46493473649024963,0.0975080206990242,0.1813725233078003,-0.005658215377479792,-0.3158729374408722,0.2862003445625305,-0.17371445894241333,0.31917691230773926,0.5723186731338501,-0.2801065444946289
640.0,-0.053188566118478775,-0.25759342312812805,-0.5026616454124451,0.45481953024864197,-0.07775108516216278,-0.32212239503860474,-0.3916567862033844,0.06526411324739456,-0.17367897927761078,-0.04520045965909958,-0.7027749419212341,-0.08648623526096344,-0.36073264479637146,-0.28447166085243225,-0.266730397939682,-0.1767236441373825,-0.6201133728027344,0.08611094951629639,-0.2735466957092285,-0.19813470542430878,0.005473364144563675,0.35937434434890747,-0.09564334899187088,0.4504605531692505,0.1437658816576004,-0.2556278705596924,-0.5128188729286194,-0.18441376090049744,0.28732380270957947,-0.2638310492038727,0.3211880922317505,0.7356255054473877,-0.3590165972709656,-0.06967732310295105,0.04448944330215454,0.057467855513095856,-0.22291867434978485,-0.3450864255428314,0.2515522241592407,0.24471355974674225,0.24719452857971191,-0.24876292049884796,-0.11042039096355438,-0.5570993423461914,0.18836937844753265,-0.05784448981285095,-0.03255179151892662,0.016569526866078377,0.04598851129412651,-0.20959016680717468,0.10012118518352509,0.050117090344429016,-0.04664810746908188,-0.08998624980449677,-0.09394435584545135,0.13038334250450134,-0.27943822741508484,-0.2902757525444031,-0.6252890825271606,-0.10117248445749283,-0.16207578778266907,0.36426377296447754,0.24170731008052826,-0.6273872256278992
641.0,0.008256504312157631,-0.1395820826292038,-0.5650030374526978,0.42182302474975586,-0.16367340087890625,-0.3985447287559509,-0.5004863739013672,-0.061703238636255264,-0.07210899144411087,0.17815066874027252,-0.5067439675331116,-0.08268241584300995,-0.18387600779533386,-0.13541287183761597,-0.1134442463517189,-0.05167924612760544,-0.6684317588806152,0.06411571800708771,-0.2939188778400421,-0.3093782663345337,0.007375865243375301,0.548067033290863,-0.24883514642715454,0.3877602815628052,0.09254537522792816,-0.13556991517543793,-0.6136484146118164,-0.20611722767353058,0.37173524498939514,-0.15669424831867218,0.4327884018421173,0.5992223620414734,-0.38867801427841187,-0.12357993423938751,0.16188877820968628,0.14677250385284424,-0.13930192589759827,0.017056802287697792,0.2101925164461136,0.5469935536384583,0.35780924558639526,-0.2944740653038025,-0.25218334794044495,-0.30585384368896484,0.07357598841190338,-0.1132478192448616,-0.22438184916973114,0.16372430324554443,-0.13564766943454742,-0.016287121921777725,-0.009945007972419262,0.2511425316333771,-0.10861638188362122,-0.2889532744884491,0.03342222422361374,0.10080428421497345,-0.1690877079963684,-0.41464346647262573,-0.2579984664916992,0.018656130880117416,0.07095838338136673,0.4359172284603119,0.09274813532829285,-0.49797409772872925
642.0,0.08324301242828369,-0.19734252989292145,-0.4699406325817108,0.5397850871086121,-0.00630580447614193,-0.18706831336021423,-0.4089823365211487,-0.3076837658882141,-0.13056738674640656,-0.003980012610554695,-0.4901666045188904,-0.10209017246961594,-0.004952185787260532,-0.24970044195652008,-0.18921993672847748,-0.07189356535673141,-0.3295868933200836,0.016147421672940254,-0.2817690670490265,-0.3722399175167084,0.1722140610218048,0.12883260846138,-0.07614432275295258,0.4907362461090088,0.304792582988739,-0.3208094537258148,-0.6706582307815552,-0.2674410343170166,0.20517340302467346,-0.2365133911371231,0.527618408203125,0.49724480509757996,-0.4874332547187805,-0.2683171331882477,0.1940910667181015,0.322956919670105,0.030824868008494377,-0.3624565601348877,0.15015587210655212,0.4593764543533325,0.35692518949508667,-0.5058547258377075,-0.2519526481628418,-0.4667298197746277,0.034998901188373566,-0.08503835648298264,-0.09426682442426682,0.010971674695611,0.2820233106613159,-0.33577895164489746,-0.06499012559652328,0.09089455753564835,0.04862150177359581,-0.12396610528230667,-0.29614317417144775,0.34626513719558716,-0.3638545870780945,-0.2897617220878601,-0.3219795823097229,0.030544757843017578,0.04836534708738327,0.38915911316871643,0.15081621706485748,-0.341028094291687
643.0,0.1845477819442749,0.028679698705673218,-0.09295767545700073,-0.1560797393321991,-0.4051912724971771,-0.26201796531677246,-0.17412914335727692,0.3207849860191345,0.154445618391037,-0.021372372284531593,-0.47182026505470276,-0.2643011808395386,-0.1446254402399063,-0.244466170668602,0.23609887063503265,0.17182902991771698,-0.4592483937740326,-0.38788604736328125,-0.0868685245513916,-0.06018313765525818,0.1522989720106125,-0.09061136841773987,0.30434563755989075,0.1160568818449974,0.23498719930648804,-0.1614837795495987,-0.2891136705875397,0.070352703332901,0.1616271287202835,0.05994343012571335,0.40858033299446106,0.45252349972724915,-0.2861419916152954,0.18152619898319244,0.3108484745025635,0.37227728962898254,0.013062519952654839,0.1993437260389328,0.49223968386650085,0.49047255516052246,0.37580686807632446,-0.5758417844772339,-0.5821361541748047,-0.17988011240959167,0.20094014704227448,-0.1086834967136383,0.12833192944526672,0.37719228863716125,-0.09298506379127502,0.15463335812091827,0.12960296869277954,0.06435205042362213,0.1955733299255371,-0.20031067728996277,-0.19597740471363068,-0.01830299198627472,-0.19179366528987885,-0.74012690782547,-0.08600202947854996,-0.42829015851020813,-0.12827670574188232,-0.17818574607372284,0.008224587887525558,-0.4573648273944855
644.0,-0.20383381843566895,-0.16045290231704712,-0.5914841294288635,0.42826491594314575,-0.11083583533763885,-0.31279346346855164,-0.5617302656173706,-0.04491567239165306,-0.2670993506908417,-0.10401539504528046,-0.27947109937667847,-0.022944003343582153,-0.2839863896369934,-0.2564537227153778,-0.11185237020254135,-0.21493403613567352,-0.5639707446098328,0.26013773679733276,-0.5284039974212646,-0.24747706949710846,-0.009571461006999016,0.38820698857307434,-0.2976612150669098,0.35525450110435486,0.33354508876800537,-0.20070461928844452,-0.6158026456832886,-0.3919108510017395,0.3607982099056244,-0.25423985719680786,0.4425361454486847,0.5411235094070435,-0.5465609431266785,-0.23419195413589478,-0.06952230632305145,0.09480950236320496,-0.2968035042285919,-0.2767108082771301,0.2314731627702713,0.4438764154911041,0.18357886373996735,-0.37817755341529846,-0.11198607087135315,-0.48194921016693115,0.04401358217000961,-0.22348693013191223,-0.04528369382023811,0.02037009596824646,0.06377077102661133,-0.25463300943374634,-0.00415556225925684,0.19447429478168488,-0.09609334170818329,-0.41601765155792236,0.023030873388051987,0.20982640981674194,-0.22398866713047028,-0.2336014062166214,-0.4776862561702728,0.04486628994345665,-0.050482407212257385,0.3049951195716858,0.2615683972835541,-0.5936297178268433
645.0,-0.4263409972190857,-0.40750202536582947,-0.45584824681282043,0.46918970346450806,-0.3703027665615082,0.1771668940782547,-0.36230963468551636,0.12897361814975739,0.21839052438735962,-0.20480355620384216,-0.44925349950790405,-0.06651163101196289,-0.33491605520248413,-0.13330964744091034,0.13600029051303864,0.3062037527561188,-0.32845616340637207,-0.19945305585861206,-0.0817670002579689,-0.21028168499469757,-0.06538291275501251,0.4524500072002411,0.1902545541524887,0.28972721099853516,-0.08933300524950027,-0.2556990385055542,-0.3827098608016968,-0.3514823317527771,0.012073097750544548,0.301972359418869,-0.0002216501161456108,0.25145500898361206,0.09486197680234909,0.0317021869122982,0.6018204689025879,-0.06862860172986984,-0.6201987266540527,0.37250226736068726,-0.4660697281360626,0.4392167031764984,-0.09386599063873291,-0.45333749055862427,-0.04648933559656143,-0.12221845984458923,-0.028067193925380707,0.3010268211364746,0.2969141900539398,-0.39985573291778564,0.5906036496162415,-0.21404334902763367,-0.02571609988808632,0.3676675856113434,-0.2223416119813919,-0.11070743203163147,0.6096289753913879,-0.42844921350479126,0.21017123758792877,-0.022710392251610756,0.26362109184265137,0.21143357455730438,0.36213505268096924,-0.133350670337677,-0.16852380335330963,-0.22485138475894928
646.0,-0.019397741183638573,-0.06989731639623642,-0.3037141263484955,0.15937989950180054,-0.2263452261686325,0.2853093445301056,-0.023880857974290848,0.4615657329559326,0.7171975374221802,-0.38962608575820923,-0.09436680376529694,-0.4165242314338684,-0.12058907002210617,-0.09679309278726578,0.34050053358078003,0.274612158536911,-0.5246567726135254,-0.6811743378639221,0.07030922174453735,-0.13039161264896393,0.11621855199337006,0.16287769377231598,0.22247157990932465,0.2590421736240387,-0.18215104937553406,-0.06713991612195969,-0.1656557321548462,0.12089299410581589,0.06377532333135605,0.42916083335876465,0.05658428370952606,-0.03950157016515732,0.10913515090942383,0.16405190527439117,0.42589014768600464,0.2444067746400833,-0.20077648758888245,0.7084652781486511,-0.43554043769836426,0.45428815484046936,0.40978261828422546,-0.5112020373344421,-0.5976226329803467,-0.028221316635608673,0.0928606167435646,0.2158144861459732,0.3892689049243927,-0.4367012083530426,0.28629249334335327,0.13336537778377533,0.061537932604551315,0.3723776936531067,-0.1115114614367485,-0.11369314789772034,0.8427445888519287,-0.6472476124763489,0.5293554067611694,-0.47100794315338135,0.34823858737945557,0.26167622208595276,0.18399041891098022,-0.33894938230514526,0.05724991112947464,-0.07956018298864365
647.0,-0.07692950963973999,0.0011127421166747808,-0.2798612415790558,0.3394072353839874,-0.14503122866153717,0.2457854151725769,-0.22450879216194153,0.047053080052137375,0.29973509907722473,-0.05169106274843216,-0.23940476775169373,-0.07283143699169159,-0.25155824422836304,-0.005616474896669388,-0.023703105747699738,0.4235454201698303,-0.5174402594566345,-0.4647950530052185,-0.019747518002986908,-0.17104646563529968,-0.26044759154319763,0.22803319990634918,-0.04767199605703354,0.11099039763212204,-0.3482171297073364,-0.23780620098114014,-0.39508795738220215,-0.18657828867435455,-0.030360054224729538,0.21998457610607147,-0.09729405492544174,0.3969077467918396,0.03927411139011383,-0.15150944888591766,0.556021511554718,-0.10001774877309799,-0.42483052611351013,0.5531210899353027,-0.7268732786178589,0.4299056828022003,0.32281172275543213,-0.3297528028488159,-0.19480843842029572,-0.30107542872428894,0.11891849339008331,0.07473292201757431,0.2593636214733124,-0.36595427989959717,0.39458197355270386,-0.2173159122467041,-0.1735212206840515,0.32913917303085327,-0.3819831907749176,-0.2259300947189331,0.5150306224822998,-0.051798444241285324,0.4147941768169403,-0.27245059609413147,0.3558345437049866,0.3696082532405853,0.2546136975288391,-0.254518985748291,-0.09235236048698425,-0.07135645300149918
648.0,-0.23832514882087708,-0.25731390714645386,-0.3167216181755066,0.3531353175640106,-0.2684781849384308,0.24193648993968964,-0.3776836097240448,0.1813918501138687,0.38935160636901855,-0.16774863004684448,-0.49364587664604187,-0.1544475555419922,-0.3158233165740967,-0.0032874466851353645,0.14685684442520142,0.5132947564125061,-0.6177036166191101,-0.3382161259651184,0.1651177853345871,-0.23581598699092865,-0.05927591025829315,0.40751487016677856,0.1315094232559204,0.2692122161388397,-0.3286549150943756,-0.2714900076389313,-0.37365391850471497,-0.27866607904434204,0.14478132128715515,0.19063322246074677,-0.13010765612125397,0.44158080220222473,-0.04397595673799515,-0.16048510372638702,0.6364128589630127,-0.14763741195201874,-0.6642243266105652,0.3822234570980072,-0.5071840882301331,0.507952868938446,0.06887286901473999,-0.3664618134498596,-0.1617671400308609,-0.08548711240291595,0.006563925184309483,0.1511431783437729,0.20525884628295898,-0.37608736753463745,0.3857010304927826,-0.19735874235630035,-0.004602642264217138,0.3425067365169525,-0.32944169640541077,-0.2502383887767792,0.6577284932136536,-0.2079036682844162,0.36346763372421265,-0.2584748864173889,0.39421164989471436,0.3483460247516632,0.32997050881385803,-0.17583641409873962,-0.12792953848838806,-0.2628331780433655
649.0,-0.30787163972854614,-0.3006587624549866,-0.41652828454971313,0.35356536507606506,-0.3624235987663269,0.1617901772260666,-0.34674161672592163,0.2002987116575241,0.16606247425079346,-0.1918489933013916,-0.29791033267974854,-0.10101422667503357,-0.3102876842021942,-0.18415328860282898,0.15754234790802002,0.26042863726615906,-0.18462753295898438,-0.25702208280563354,0.04549497365951538,-0.23590388894081116,-0.13580027222633362,0.33628109097480774,0.1709248423576355,0.1487800031900406,-0.2095312923192978,-0.316723108291626,-0.3067225515842438,-0.27086499333381653,-0.04263611137866974,0.2558164596557617,-0.059320807456970215,0.35163116455078125,0.044522013515233994,0.09480838477611542,0.7534362077713013,0.0004265350289642811,-0.5801597833633423,0.2661343514919281,-0.5398032069206238,0.4115593731403351,0.011802992783486843,-0.6164422631263733,-0.27084001898765564,-0.03632486239075661,0.03586118295788765,0.19519959390163422,0.3533932864665985,-0.5126045346260071,0.5771515369415283,-0.21655233204364777,-0.07968489080667496,0.2784859836101532,-0.42527979612350464,-0.2396104633808136,0.5361606478691101,-0.36073413491249084,0.28449857234954834,-0.14252613484859467,0.32216504216194153,0.4921419620513916,0.24413272738456726,-0.114751435816288,-0.032077763229608536,-0.25548577308654785
650.0,0.1532890349626541,0.10685263574123383,-0.48453590273857117,0.3651503324508667,-0.05174056813120842,-0.12044759839773178,-0.3551467955112457,-0.08001256734132767,0.058302734047174454,0.22000248730182648,-0.454341322183609,-0.06833429634571075,-0.39167970418930054,-0.006614504847675562,-0.011726494878530502,-0.29584577679634094,-0.3245014250278473,-0.18502557277679443,-0.1874101758003235,-0.15139810740947723,-0.251972496509552,0.20211105048656464,-0.06799224764108658,0.45847171545028687,0.04748966172337532,0.005384331103414297,0.09674964845180511,0.04062090814113617,0.5192306041717529,-0.30737876892089844,0.10840252041816711,0.6364222168922424,-0.15466651320457458,0.10860858857631683,-0.015439128503203392,0.7081019878387451,0.10515126585960388,-0.017990216612815857,0.24614526331424713,0.2822600305080414,0.35318413376808167,-0.2804093360900879,0.4249722361564636,-0.7252711057662964,0.24257929623126984,0.007245378568768501,-0.36987733840942383,0.2352001667022705,-0.09951470047235489,-0.5060232281684875,-0.1537489891052246,0.09191511571407318,-0.09921890497207642,-0.4077610373497009,-0.34223687648773193,0.243289515376091,-0.024688147008419037,-0.00992029532790184,-0.5363113284111023,0.2248959094285965,-0.017988162115216255,0.19482024013996124,0.08810407668352127,-0.49210089445114136
651.0,0.008194820955395699,0.16773802042007446,-0.4459958076477051,0.3517337143421173,-0.05049429088830948,-0.17155113816261292,-0.33258652687072754,-0.27994272112846375,-0.031725093722343445,-0.006782549899071455,-0.31433331966400146,-0.031739264726638794,-0.40211260318756104,-0.035131242126226425,-0.0007940154755488038,-0.2627022862434387,-0.17941096425056458,-0.16423816978931427,-0.3121454119682312,-0.2656448483467102,-0.22986257076263428,0.2822290360927582,0.043783094733953476,0.39328113198280334,0.14651590585708618,0.17324133217334747,0.02374403551220894,0.07983801513910294,0.40401482582092285,-0.32032158970832825,0.004526830278337002,0.5499419569969177,-0.06502315402030945,-0.02750089392066002,0.0010174056515097618,0.7992749810218811,0.17955143749713898,-0.08538326621055603,0.2859616279602051,0.24166686832904816,0.4336034059524536,-0.27141818404197693,0.31627151370048523,-0.5748981237411499,0.07869996130466461,-0.020607104524970055,-0.4410654306411743,0.03533808887004852,-0.17533861100673676,-0.4583781659603119,-0.06890048086643219,0.04316654056310654,-0.03971990942955017,-0.39490553736686707,-0.38891685009002686,0.38345927000045776,-0.05024871975183487,0.04120079055428505,-0.4041890799999237,0.2466576099395752,0.03571108728647232,0.06632864475250244,-0.11059253662824631,-0.33660072088241577
652.0,-0.13648763298988342,0.1173393726348877,-0.6101896166801453,0.541334331035614,-0.09883484244346619,-0.15149353444576263,-0.3595608174800873,-0.15461106598377228,-0.2929871082305908,0.3101765513420105,-0.2699262499809265,-0.0644783154129982,-0.45205697417259216,0.009407352656126022,-0.27126914262771606,-0.3572976291179657,-0.2386227548122406,-0.11904215067625046,-0.5430917739868164,-0.33858615159988403,-0.34050440788269043,0.20539450645446777,-0.18328285217285156,0.3060964345932007,0.14970605075359344,-0.13103313744068146,-0.008395334705710411,0.00572673324495554,0.34133365750312805,-0.3310736119747162,0.11133641004562378,0.5325391888618469,-0.06761668622493744,0.12263226509094238,-0.07513461261987686,0.6996988654136658,0.13095805048942566,0.009809214621782303,0.2913956940174103,0.2749539911746979,0.380948543548584,-0.3208892345428467,0.33143070340156555,-0.8090953826904297,0.3185427486896515,-0.06046530604362488,-0.3557065725326538,0.20784977078437805,-0.2078300565481186,-0.3979952037334442,-0.08217771351337433,-0.008094031363725662,-0.08873582631349564,-0.333770215511322,-0.4126558303833008,0.33174633979797363,0.08212541043758392,-0.24792760610580444,-0.5461899042129517,0.1585080772638321,0.05008383467793465,0.19733519852161407,-0.15715378522872925,-0.4063807725906372
653.0,-0.06523559242486954,-0.0002281164488522336,-0.6624775528907776,0.4649815559387207,-0.20855282247066498,-0.1315525770187378,-0.5047585964202881,-0.06763843446969986,-0.18180567026138306,0.34098702669143677,-0.3585206866264343,-0.09515038877725601,-0.4693966507911682,-0.022329112514853477,-0.0509888119995594,-0.41995784640312195,-0.2926480174064636,0.03025152161717415,-0.11284144222736359,-0.2386332005262375,-0.23443008959293365,0.3285652697086334,-0.04728030413389206,0.3293052315711975,0.07461322844028473,-0.0037422319874167442,-0.07575492560863495,0.060247331857681274,0.5456680059432983,-0.23636575043201447,0.08585541695356369,0.7619239687919617,-0.15510877966880798,0.04687972739338875,0.02007303759455681,0.8489508032798767,0.16350200772285461,-0.06241266429424286,0.30752381682395935,0.47004812955856323,0.4417209327220917,-0.45836785435676575,0.30723893642425537,-0.7861112952232361,0.2799800634384155,-0.13930588960647583,-0.4293813407421112,0.3012712895870209,-0.1944078505039215,-0.5560718774795532,-0.16068023443222046,0.19351071119308472,-0.09127401560544968,-0.5347117185592651,-0.5932321548461914,0.35757437348365784,-0.06011120602488518,-0.12135586887598038,-0.5428088903427124,0.1645786315202713,-0.03252561390399933,0.2907852232456207,-0.07729183882474899,-0.5405469536781311
654.0,0.16292203962802887,0.244388610124588,-0.45525532960891724,0.13700728118419647,-0.12963518500328064,-0.2774710953235626,-0.33055126667022705,0.15055714547634125,0.35476231575012207,0.05126437172293663,-0.3041105270385742,-0.15470317006111145,-0.5769718289375305,-0.1311347484588623,0.1957464963197708,0.05085694044828415,-0.2414919137954712,-0.3300997018814087,-0.05070137605071068,-0.1314150094985962,0.11686458438634872,0.2535671889781952,0.1017177402973175,0.3772994875907898,-0.0808582454919815,0.2785842716693878,0.38751572370529175,0.34340599179267883,0.44344204664230347,-0.19078049063682556,0.24414001405239105,0.6726992130279541,-0.3157373070716858,0.13113975524902344,-0.056849949061870575,0.7157868146896362,0.22603479027748108,0.16700056195259094,0.36192771792411804,0.22008928656578064,0.4074731767177582,-0.3440351188182831,0.13838382065296173,-0.4806846082210541,-0.010631587356328964,0.023610873147845268,-0.35156527161598206,0.3924514949321747,-0.384152889251709,-0.15389257669448853,0.06154034659266472,0.12651044130325317,-0.028345730155706406,-0.3130015730857849,-0.46539774537086487,0.20133987069129944,-0.096763014793396,-0.27708983421325684,-0.385192334651947,0.11341344565153122,-0.07114826142787933,-0.07477586716413498,0.09955333173274994,-0.46932658553123474
655.0,-0.028290826827287674,-0.10007225722074509,-0.1331193596124649,0.5320958495140076,-0.1528058499097824,0.1753482222557068,-0.3206610381603241,0.17533695697784424,0.0889362320303917,-0.20243918895721436,-0.38374844193458557,-0.47793644666671753,-0.4134867191314697,0.1616264134645462,0.0380023717880249,0.01219190750271082,-0.2900210916996002,-0.6443068385124207,-0.3839225172996521,-0.0517251156270504,-0.22990457713603973,-0.0896829292178154,-0.11282874643802643,0.6138938665390015,-0.4580067992210388,0.029204625636339188,-0.4788849353790283,0.16769346594810486,-0.09305904060602188,0.36370038986206055,-0.017155125737190247,0.706944465637207,0.6432219743728638,-0.12260039150714874,0.3943101465702057,0.16577109694480896,-0.30188167095184326,0.3954218626022339,-0.7605251669883728,-0.01930682547390461,0.3922235369682312,0.059372033923864365,-0.26102733612060547,-0.17984141409397125,0.1253942996263504,0.10475435853004456,0.46576327085494995,-0.3195800483226776,0.5352119207382202,-0.17835910618305206,-0.15208256244659424,0.0553901344537735,-0.3641670346260071,-0.2549721598625183,0.1894776076078415,0.36439624428749084,-0.21983005106449127,-0.296655535697937,0.006531205959618092,0.44486844539642334,0.03498482331633568,-0.07470357418060303,-0.20728632807731628,-0.056376442313194275
656.0,0.266918420791626,0.23119191825389862,-0.08782721310853958,0.27238065004348755,-0.14439798891544342,0.11987554281949997,-0.15001894533634186,0.44749489426612854,0.3051046133041382,-0.40983983874320984,-0.24168819189071655,-0.5332728028297424,-0.1543268859386444,-0.024060416966676712,-0.024776268750429153,-0.03688569739460945,-0.3776348829269409,-0.691157341003418,-0.30210813879966736,0.3445608913898468,-0.021304963156580925,-0.22979636490345,-0.1610884666442871,0.5712518692016602,-0.40377143025398254,0.2697516977787018,-0.2952859699726105,0.49268820881843567,-0.06069808453321457,0.1933944970369339,0.026042724028229713,0.45195770263671875,0.4386771619319916,-0.05643624812364578,0.08348309993743896,0.17629006505012512,-0.18087786436080933,0.6070418953895569,-0.485026091337204,-0.014659236185252666,0.6730656027793884,0.1318383812904358,-0.5557618737220764,-0.2064708024263382,0.18335188925266266,0.04216460511088371,0.464513897895813,-0.30517521500587463,0.24930748343467712,-0.0008827238343656063,-0.105818010866642,0.26630333065986633,0.10622648894786835,-0.20320498943328857,0.14674268662929535,0.12348579615354538,-0.27383843064308167,-0.5843306183815002,-0.05921044200658798,-0.18527847528457642,-0.28429684042930603,-0.434407502412796,-0.27328798174858093,0.14231374859809875
657.0,-0.26963794231414795,-0.42573586106300354,-0.35512876510620117,0.41690540313720703,-0.12473560124635696,0.25410035252571106,-0.4315091371536255,0.14887478947639465,-0.19803787767887115,-0.08377557247877121,-0.3647679388523102,-0.2859172224998474,-0.48392152786254883,0.07575051486492157,-0.17971964180469513,-0.13329820334911346,-0.30445972084999084,-0.49143484234809875,-0.42095571756362915,0.23271064460277557,-0.027842432260513306,0.1728038340806961,-0.23591025173664093,0.6115008592605591,-0.4586467146873474,-0.08753694593906403,-0.5305177569389343,-0.01187975611537695,-0.11698554456233978,0.3396347165107727,0.16460222005844116,0.724185585975647,0.43656107783317566,-0.1614733636379242,0.3770067095756531,-0.0293798316270113,-0.5093159079551697,0.3183164596557617,-0.7847893238067627,0.007776757702231407,0.34358537197113037,0.13204744458198547,-0.25152820348739624,-0.272992879152298,0.07073674350976944,0.1406882256269455,0.5136919617652893,-0.161921888589859,0.5926535129547119,-0.23042699694633484,-0.3118654787540436,0.024679431691765785,-0.22078250348567963,-0.2697412967681885,0.13305683434009552,0.22319604456424713,-0.12873214483261108,-0.4743497371673584,-0.045498207211494446,0.3105640113353729,-0.06420004367828369,-0.05291827395558357,-0.26301491260528564,-0.15710660815238953
658.0,-0.18809419870376587,-0.24968840181827545,-0.2400967925786972,0.4077734053134918,-0.19839301705360413,0.12282703071832657,-0.28469419479370117,0.10505764186382294,-0.1474253088235855,-0.14886707067489624,-0.3127835988998413,-0.418558806180954,-0.2533828616142273,0.21478885412216187,-0.020305123180150986,-0.08079157024621964,-0.45170825719833374,-0.5031139850616455,-0.39664870500564575,-0.07208450138568878,0.0032222415320575237,0.037149470299482346,-0.12462601810693741,0.5791938900947571,-0.30432048439979553,0.013966702856123447,-0.6032925844192505,-0.004366592969745398,-0.059058960527181625,0.3836648166179657,0.05615102872252464,0.6240600943565369,0.4852891266345978,-0.22137174010276794,0.3463509976863861,-0.009423034265637398,-0.35596394538879395,0.44198301434516907,-0.6455035209655762,0.09681947529315948,0.40072101354599,0.19779159128665924,-0.47908490896224976,-0.09070278704166412,0.01712183654308319,0.07052202522754669,0.28766441345214844,-0.1598299741744995,0.5247349143028259,-0.09245798736810684,-0.15062913298606873,0.16707640886306763,-0.13408620655536652,-0.17414036393165588,0.20847199857234955,0.22798055410385132,-0.20922333002090454,-0.4622400104999542,0.03758157417178154,0.15853677690029144,-0.152512788772583,-0.09920845180749893,-0.14690883457660675,-0.18119828402996063
659.0,0.016521204262971878,0.0988791212439537,-0.19326701760292053,0.2393397092819214,-0.047672368586063385,0.07378129661083221,-0.4018506109714508,0.018487581983208656,0.19019712507724762,-0.22573302686214447,-0.4325447976589203,-0.1431087702512741,-0.21884232759475708,0.10796623677015305,-0.17786329984664917,0.08437816053628922,-0.3604663908481598,-0.510189414024353,-0.26801103353500366,0.06652756035327911,-0.06901010125875473,0.08173154294490814,-0.22004272043704987,0.6729644536972046,-0.33532899618148804,0.04344163462519646,-0.5047539472579956,0.15955887734889984,0.058607153594493866,0.00634408975020051,0.08016502857208252,0.6289662718772888,0.2424439787864685,-0.30540594458580017,0.3390945494174957,-0.056108832359313965,-0.4960029125213623,0.17759273946285248,-0.6819170713424683,-0.004520850256085396,0.2770218849182129,-0.010784517973661423,-0.2585117220878601,-0.3194594085216522,0.053381405770778656,0.01234324648976326,0.41225844621658325,-0.4292563199996948,0.40877339243888855,-0.22780202329158783,-0.2608385980129242,0.05705194175243378,-0.22763216495513916,-0.41614750027656555,0.12441356480121613,0.31015920639038086,-0.13088126480579376,-0.17001798748970032,-0.04921642690896988,0.334468811750412,0.10364000499248505,-0.1369137167930603,-0.24802599847316742,0.031292691826820374
660.0,0.29667404294013977,0.14356230199337006,0.42735809087753296,0.03324004262685776,-0.012146592140197754,0.12705330550670624,0.14052972197532654,0.13165175914764404,0.1998390257358551,-0.24737752974033356,-0.7376408576965332,-0.5098049640655518,-0.03795010596513748,0.28593751788139343,0.2955667972564697,-0.003946049138903618,-0.5608589053153992,-0.6067303419113159,0.5955598950386047,-0.13356323540210724,-0.3607586622238159,0.2521343231201172,0.09870390594005585,0.24603186547756195,-0.7572057247161865,0.5536118745803833,-0.1318710893392563,0.10541139543056488,-0.0801696926355362,0.23971086740493774,-0.7281087040901184,0.2757487893104553,0.21954281628131866,0.10237548500299454,0.3397532105445862,-0.13738007843494415,-0.3130025565624237,0.18560335040092468,0.13340504467487335,0.5704354047775269,0.6801655888557434,0.2042568475008011,-0.4039471447467804,-0.29467475414276123,0.11503392457962036,-0.019292637705802917,-0.10348300635814667,-0.4164503812789917,-0.04689044877886772,-0.5537005066871643,0.21717801690101624,0.1407729685306549,0.263060063123703,-0.12012675404548645,0.4341766834259033,-0.1735396534204483,0.08788399398326874,0.11914268136024475,-0.023246558383107185,-0.1299864500761032,0.0355902761220932,-0.27494657039642334,-0.17000393569469452,0.1234411969780922
661.0,0.1084761843085289,-0.06738924235105515,0.30449172854423523,0.2284943014383316,0.16967780888080597,0.15277263522148132,0.11721789091825485,-0.19930918514728546,-0.24838832020759583,-0.16536346077919006,-0.7669049501419067,-0.1297893524169922,-0.22439338266849518,0.3096005320549011,0.06275034695863724,-0.20637142658233643,-0.31038275361061096,-0.3853377103805542,0.52033531665802,-0.367225706577301,-0.28257179260253906,0.47532668709754944,0.15285785496234894,0.2800661027431488,-0.43370842933654785,0.24440962076187134,-0.38258668780326843,-0.38863733410835266,-0.08246022462844849,-0.061290301382541656,-0.7069209218025208,0.5517961382865906,0.026967743411660194,0.07449164241552353,0.39430728554725647,-0.17405803501605988,-0.4238029420375824,-0.13005602359771729,-0.021596530452370644,0.688298225402832,0.4739367663860321,0.10305029153823853,-0.2396649420261383,-0.44689488410949707,0.15790611505508423,-0.03970924764871597,-0.2800079584121704,-0.5424817800521851,0.30928799510002136,-1.0534367561340332,-0.027171144261956215,-0.16764149069786072,0.12984208762645721,-0.24734438955783844,0.11832232773303986,0.0823109969496727,0.18760500848293304,0.30482345819473267,-0.16143617033958435,0.262573778629303,-0.07116135954856873,0.16707637906074524,-0.03613783419132233,-0.14033043384552002
662.0,0.020497016608715057,0.0578732043504715,0.19361869990825653,0.26188167929649353,0.0037537598982453346,0.210880845785141,-0.18693861365318298,-0.03436536341905594,-0.17613396048545837,-0.31932908296585083,-0.5886898636817932,-0.3594055473804474,-0.24543997645378113,0.03494077920913696,0.062348175793886185,-0.2199377715587616,-0.2627878487110138,-0.2659105658531189,0.4217481315135956,-0.201198011636734,-0.1670209765434265,0.3939187526702881,-0.1849437952041626,0.10898763686418533,-0.3718319237232208,0.22701303660869598,-0.2510629892349243,-0.2504933774471283,-0.023348893970251083,-0.0230157058686018,-0.5909242033958435,0.5010084509849548,-0.26975664496421814,-0.14004701375961304,0.12129838764667511,-0.2479005753993988,-0.5167006254196167,-0.37652334570884705,0.15509788691997528,0.5167372226715088,0.29317575693130493,0.004709951113909483,-0.22312454879283905,-0.41287660598754883,0.056656938046216965,-0.0441710501909256,-0.10774074494838715,-0.701231062412262,0.17222699522972107,-0.9173572063446045,0.014071470126509666,-0.19779203832149506,0.08697687834501266,-0.2749844491481781,0.16255851089954376,0.1382444053888321,0.13505910336971283,0.29531753063201904,-0.30945199728012085,0.4813086986541748,-0.20653361082077026,-0.02327464148402214,0.08546152710914612,-0.03756784647703171
663.0,0.008902192115783691,-0.014548299834132195,0.1695816069841385,0.32378727197647095,-0.1687401831150055,0.17522500455379486,-0.060899604111909866,-0.13570536673069,-0.061349768191576004,-0.2863423824310303,-0.7843815684318542,-0.3279423713684082,-0.18433505296707153,0.04962858557701111,-0.0597391240298748,-0.1576235592365265,-0.34187397360801697,-0.34902289509773254,0.2954842746257782,-0.34153029322624207,-0.28100016713142395,0.425081342458725,-0.12140832841396332,0.20188765227794647,-0.325356125831604,0.08400217443704605,-0.28786179423332214,-0.17172189056873322,-0.09185247123241425,0.10202688723802567,-0.7089508175849915,0.5745816826820374,0.08187829703092575,-0.06617732346057892,0.5005149245262146,-0.2011655569076538,-0.5705658197402954,-0.2579262852668762,-0.05717559903860092,0.49963507056236267,0.3167244493961334,0.07673858106136322,-0.19026361405849457,-0.3323102295398712,0.12677760422229767,0.17806237936019897,-0.2656623125076294,-0.7347425818443298,0.21932031214237213,-0.8358755707740784,-0.051430217921733856,-0.12418508529663086,-0.048392586410045624,-0.13296404480934143,0.21982769668102264,-0.08403461426496506,0.14934378862380981,0.27730101346969604,-0.068477101624012,0.5837948322296143,0.005573633126914501,-0.13848672807216644,-0.20513778924942017,-0.06587967276573181
664.0,0.058330029249191284,-0.06377916783094406,0.34376898407936096,0.2514859139919281,-0.016729015856981277,0.10404790937900543,-0.03723867982625961,-0.1728489249944687,-0.3200902044773102,-0.11076762527227402,-0.6509966254234314,-0.36400139331817627,-0.1700318455696106,0.3539104461669922,0.16370613873004913,-0.26886284351348877,-0.37553244829177856,-0.24404437839984894,0.526996374130249,-0.5176821351051331,-0.4150505065917969,0.4579012095928192,0.016859693452715874,0.14262211322784424,-0.47632119059562683,0.25474798679351807,-0.3755708932876587,-0.3663458526134491,-0.0790364071726799,0.10332340747117996,-0.7042472958564758,0.5119026303291321,0.2063770294189453,0.029676681384444237,0.4524921178817749,-0.25222867727279663,-0.4190705120563507,-0.20522773265838623,0.04237319529056549,0.6423165798187256,0.40193018317222595,0.1285639852285385,-0.22261285781860352,-0.3536915183067322,0.05178040266036987,-0.017004506662487984,-0.32181257009506226,-0.4431705176830292,0.2706752419471741,-0.9358778595924377,0.02230069227516651,-0.09823694825172424,0.0031458777375519276,-0.19685891270637512,0.19526657462120056,0.1328301876783371,0.024516616016626358,0.504766583442688,-0.1379786878824234,0.39273813366889954,-0.0018925981130450964,0.15581463277339935,0.0921851247549057,-0.13741178810596466
665.0,-0.40883511304855347,-0.2258327454328537,-0.31218478083610535,0.6235675811767578,-0.12854936718940735,0.025641873478889465,-0.3509131371974945,-0.21529339253902435,-0.44358664751052856,0.12013455480337143,-0.14477258920669556,0.11975450068712234,-0.32710137963294983,-0.052604593336582184,0.027303343638777733,-0.40286487340927124,0.211025670170784,0.22236265242099762,-0.24248211085796356,-0.3463112711906433,-0.04118066281080246,0.05538244545459747,0.03704267740249634,-0.17574316263198853,0.027039192616939545,-0.3747372627258301,-0.45946434140205383,-0.6467763185501099,0.07075265794992447,-0.02730139158666134,0.07472279667854309,0.4037801921367645,-0.2919415831565857,-0.02310243993997574,0.1438450813293457,0.1846364289522171,0.11105242371559143,0.2539897561073303,-0.28415536880493164,0.4503321349620819,0.42563092708587646,-0.36889928579330444,-0.009647256694734097,-0.6379050612449646,0.5197457671165466,-0.19269844889640808,-0.3191421627998352,0.013981638476252556,0.35428521037101746,-0.3733614385128021,0.20581534504890442,0.19241900742053986,-0.0741901621222496,0.02870423160493374,-0.1045633852481842,0.1691124439239502,-0.06890051811933517,0.5273430347442627,-0.38328033685684204,-0.2766370177268982,-0.28211528062820435,-0.026398908346891403,0.32811304926872253,0.05833631008863449
666.0,-0.5283469557762146,-0.5306075215339661,-0.29054388403892517,0.7070966958999634,0.1035471260547638,0.27501964569091797,-0.26649630069732666,-0.004128993488848209,-0.6066689491271973,-0.02595348283648491,0.02466585487127304,-0.026649830862879753,-0.37694689631462097,-0.027283694595098495,0.01747414655983448,-0.8537305593490601,0.16231273114681244,0.3335008919239044,-0.4634874165058136,-0.3967563509941101,0.07058975845575333,0.13818535208702087,-0.17136967182159424,0.08785150200128555,0.13092680275440216,-0.3779669404029846,-0.45498231053352356,-0.7160823345184326,0.17620761692523956,0.09301494807004929,0.08907142281532288,0.2683519124984741,-0.17792335152626038,0.28036603331565857,0.02571854554116726,0.1556127965450287,0.0557645782828331,0.12340966612100601,-0.11898249387741089,0.4395512640476227,0.4623422622680664,-0.30605393648147583,0.0172771904617548,-0.72346031665802,0.6080595850944519,-0.2691548466682434,-0.2087610363960266,0.10905354470014572,0.3923366367816925,-0.43190059065818787,0.2733718752861023,0.09659327566623688,0.08484699577093124,-0.04809259995818138,-0.05590897798538208,-0.012174541130661964,-0.08967295289039612,0.3996576964855194,-0.5036008358001709,-0.3497229218482971,-0.27811217308044434,0.09291747212409973,0.35024598240852356,-0.0019706047605723143
667.0,-0.39270535111427307,-0.2651919424533844,-0.374620258808136,0.6065915822982788,0.06890817731618881,-0.009022217243909836,-0.28578245639801025,-0.13958707451820374,-0.39662379026412964,-0.016334600746631622,0.010647829622030258,0.14377278089523315,-0.1608748584985733,-0.014618821442127228,0.008707989007234573,-0.8297908306121826,0.37376677989959717,0.3392464518547058,-0.40995898842811584,-0.4627765715122223,0.10434676706790924,-0.006152222864329815,-0.18480876088142395,0.18324245512485504,0.09388953447341919,-0.5273177623748779,-0.4505726099014282,-0.6233497262001038,0.2974119782447815,-0.08519628643989563,0.1623653620481491,0.32922297716140747,-0.3511045575141907,0.16750474274158478,0.19604036211967468,0.24632778763771057,0.016145657747983932,0.012333541177213192,-0.2952219843864441,0.23080390691757202,0.482256144285202,-0.39396822452545166,-0.0869007483124733,-0.5786622166633606,0.7121046781539917,-0.3930593430995941,-0.3847012221813202,-0.11111588776111603,0.30068328976631165,-0.32779791951179504,0.27591681480407715,0.07000165432691574,-0.036001671105623245,-0.041210636496543884,-0.0988316759467125,0.04293385148048401,-0.23116856813430786,0.535879909992218,-0.43069130182266235,-0.24727457761764526,-0.30962443351745605,-0.01295832172036171,0.21054068207740784,0.11087056249380112
668.0,0.07047180086374283,0.00503032561391592,-0.07170409709215164,0.17364421486854553,-0.296278178691864,-0.18952645361423492,-0.26974985003471375,0.2261345088481903,-0.06487327069044113,-0.09460832178592682,-0.15554524958133698,-0.32947683334350586,-0.14186973869800568,-0.06298213452100754,0.3213793635368347,-0.4076622426509857,-0.20148658752441406,-0.12970364093780518,-0.09739314764738083,-0.44290703535079956,0.33842933177948,-0.054468460381031036,0.17803803086280823,0.11054476350545883,0.07259161025285721,0.013965596444904804,-0.33720695972442627,-0.13453182578086853,0.15303197503089905,0.05247967690229416,0.5415995121002197,0.30993422865867615,-0.10469722002744675,0.17955656349658966,-0.031064782291650772,0.2806503176689148,0.1885373443365097,0.5787453055381775,0.337600439786911,0.45374974608421326,0.7422550916671753,-0.29271355271339417,-0.6357278227806091,-0.47957703471183777,0.45364564657211304,-0.22910551726818085,-0.25443336367607117,0.21689504384994507,0.06063394621014595,0.028209779411554337,0.49452289938926697,0.2404947280883789,0.402140736579895,0.028653277084231377,0.09105051308870316,-0.04931649938225746,-0.2391752451658249,0.040489986538887024,-0.40043118596076965,-0.7917162775993347,-0.49961790442466736,-0.2261611670255661,0.3593537509441376,0.01663903333246708
669.0,-0.5965598821640015,-0.28612518310546875,-0.3570654094219208,0.7593464255332947,0.008595187216997147,0.022656098008155823,-0.3378284275531769,-0.16090519726276398,-0.7363584637641907,0.16527697443962097,0.04588993638753891,0.15795838832855225,-0.34140339493751526,0.1571628749370575,-0.011892135255038738,-0.6414262652397156,0.17582444846630096,0.4595922827720642,-0.3428111672401428,-0.5246483087539673,0.01971098594367504,-0.03607109189033508,-0.07963363826274872,0.015152092091739178,0.044569119811058044,-0.3542333245277405,-0.5188814401626587,-0.8028098940849304,0.14967262744903564,-0.034004587680101395,0.24652256071567535,0.30951255559921265,-0.3557758331298828,-0.013047951273620129,-0.10549997538328171,0.12921848893165588,-0.037132445722818375,0.1622113734483719,-0.20170338451862335,0.4432435929775238,0.357441782951355,-0.3167019188404083,0.09052736312150955,-0.8081293702125549,0.5974048972129822,-0.3494875133037567,-0.2904110550880432,0.14363262057304382,0.42272257804870605,-0.4691726863384247,0.262771874666214,0.19830934703350067,0.03871319815516472,-0.09382512420415878,-0.07801759243011475,0.20443731546401978,-0.12449833750724792,0.4479903280735016,-0.6034409403800964,-0.5867581367492676,-0.36745643615722656,0.14192306995391846,0.4067551791667938,-0.09718861430883408
670.0,0.07187313586473465,0.14407037198543549,-0.4545573592185974,0.5499588251113892,-0.12935970723628998,0.25644537806510925,-0.15617571771144867,-0.010259085334837437,-0.009331461042165756,-0.11446982622146606,-0.1473352313041687,-0.374482125043869,0.13584350049495697,0.088410884141922,-0.4595407545566559,-0.1342248171567917,-0.749567985534668,-0.11103995889425278,0.17472988367080688,-0.5545853972434998,-0.0622890368103981,0.41088104248046875,-0.34767261147499084,0.33298060297966003,-0.06747440248727798,0.1465209275484085,-0.36171960830688477,0.05440276488661766,0.13602134585380554,0.29603132605552673,-0.24115271866321564,0.3368220329284668,0.31987884640693665,-0.20316404104232788,0.20883679389953613,-0.2496904730796814,-0.3503701686859131,0.09978970885276794,-0.3745192289352417,0.172837495803833,0.27349039912223816,-0.07074689865112305,-0.2708876430988312,-0.4411237835884094,-0.04719073325395584,0.08333005756139755,-0.015830012038350105,-0.6686024069786072,0.468867689371109,-0.3255908489227295,-0.2908117473125458,0.4247032105922699,-0.08490058034658432,-0.22925956547260284,0.25660303235054016,-0.21749348938465118,0.22145947813987732,0.10898846387863159,-0.17921189963817596,0.35163408517837524,-0.3505183458328247,0.08411691337823868,0.32389819622039795,-0.15655966103076935
671.0,0.5554112195968628,0.6138634085655212,-0.12725317478179932,0.14561669528484344,-0.30662763118743896,-0.03762427717447281,0.15575054287910461,0.18986722826957703,0.5210639238357544,-0.47120243310928345,-0.3973446786403656,-0.6236963868141174,0.2976597547531128,-0.03656737133860588,-0.02464875392615795,0.040518566966056824,-0.6500354409217834,-0.706749439239502,0.47255438566207886,-0.4060174226760864,0.3614480495452881,0.3693981170654297,-0.16828733682632446,0.38506436347961426,-0.03825255110859871,0.7102828621864319,-0.04062831774353981,0.48419189453125,0.059145621955394745,0.49047380685806274,-0.42552971839904785,0.2865338921546936,0.1039375439286232,0.06433318555355072,0.19616079330444336,-0.12803694605827332,-0.050821416079998016,0.5041645765304565,0.02036062628030777,0.43478333950042725,0.6508683562278748,0.0033997241407632828,-0.9602606892585754,-0.1558263748884201,-0.17664894461631775,0.17643538117408752,-0.33938270807266235,-0.6230502724647522,0.08324848860502243,-0.1837751865386963,-0.07298070192337036,0.48053672909736633,0.4295555651187897,0.000975774135440588,0.16280031204223633,-0.5759356021881104,-0.01240973174571991,-0.11839485168457031,-0.08062996715307236,-0.031280145049095154,-0.7280548214912415,-0.49080896377563477,0.22772476077079773,0.024887308478355408
672.0,0.14626634120941162,0.1438273787498474,-0.6085432171821594,0.6026455163955688,-0.23226243257522583,0.2262924164533615,-0.27233538031578064,-0.09925137460231781,0.03753611072897911,-0.0873512551188469,-0.4688946604728699,-0.4570446014404297,0.15391919016838074,-0.12577655911445618,-0.49198731780052185,0.033796753734350204,-0.7687105536460876,-0.3329097628593445,-0.178738534450531,-0.5340455174446106,-0.22857117652893066,0.49734044075012207,-0.3872319459915161,0.2395583540201187,0.11722195893526077,0.05102002993226051,-0.30570101737976074,-0.046797145158052444,0.23099783062934875,0.1952005922794342,-0.4641777575016022,0.46128883957862854,0.2014090120792389,-0.1420687437057495,0.4148225486278534,-0.15603357553482056,-0.34731990098953247,0.014649886637926102,-0.15890558063983917,0.23760578036308289,0.1721591353416443,-0.11661318689584732,-0.18405874073505402,-0.32735157012939453,-0.12297859787940979,0.1178629919886589,-0.15627186000347137,-0.6222143173217773,0.3721553683280945,-0.3384723365306854,-0.2989775538444519,0.41839417815208435,-0.1528932750225067,-0.22230856120586395,0.17320233583450317,-0.23189587891101837,0.15457023680210114,0.10782511532306671,-0.12010084837675095,0.5821849703788757,-0.3058435916900635,0.007884816266596317,0.2711833715438843,-0.19182653725147247
673.0,0.13696543872356415,0.08309245109558105,-0.3958045542240143,0.5834563970565796,-0.28203916549682617,0.2735058069229126,-0.44268280267715454,0.07878094166517258,0.07166178524494171,-0.0800338014960289,-0.44386690855026245,-0.5585233569145203,0.0934043824672699,0.10105247050523758,-0.2964690923690796,-0.12523378431797028,-0.8541087508201599,-0.11354333907365799,0.1075655147433281,-0.4515663981437683,0.09265849739313126,0.3810947835445404,-0.37943923473358154,0.4416314661502838,0.04695386439561844,0.11321646720170975,-0.38181430101394653,0.07710627466440201,0.28833621740341187,0.13490161299705505,-0.21226869523525238,0.5390216708183289,0.2666394114494324,-0.20249435305595398,0.25778982043266296,-0.21717014908790588,-0.3736949563026428,0.07249142229557037,-0.20346477627754211,0.25437790155410767,0.12434115260839462,-0.06995395570993423,-0.30854082107543945,-0.29808399081230164,-0.0647680014371872,0.1657354086637497,-0.06246740370988846,-0.43555018305778503,0.3394320607185364,-0.22882869839668274,-0.23376275599002838,0.3989914357662201,-0.09074921905994415,-0.27145805954933167,0.16069220006465912,-0.10627805441617966,0.029819371178746223,0.024979909881949425,-0.2454739660024643,0.4032765030860901,-0.2423878163099289,0.16192476451396942,0.3199383020401001,-0.22507095336914062
674.0,0.2872897982597351,0.14060738682746887,-0.16463027894496918,0.44166189432144165,-0.1560927927494049,0.3593815863132477,-0.0578177310526371,-0.07385103404521942,0.15326327085494995,-0.12506864964962006,-0.21584925055503845,-0.3289385735988617,0.3245912790298462,0.11915861070156097,-0.3648691177368164,-0.16778923571109772,-0.557843029499054,-0.12338558584451675,0.4162597954273224,-0.6457995176315308,0.15219402313232422,0.33635661005973816,-0.2493738830089569,0.36442482471466064,0.21440352499485016,0.04962632805109024,-0.40751704573631287,-0.012621639296412468,0.24715329706668854,0.3518097400665283,-0.23348468542099,0.32736024260520935,0.3591875433921814,-0.10885297507047653,0.38164618611335754,-0.15877436101436615,-0.2537424862384796,0.12829679250717163,-0.3602365255355835,0.3546174466609955,0.2236728072166443,-0.16617758572101593,-0.28201618790626526,-0.2844439744949341,0.057523638010025024,0.10772426426410675,-0.24245145916938782,-0.6101065874099731,0.6327046155929565,-0.45355233550071716,-0.4499666392803192,0.2824697196483612,-0.06413553655147552,-0.24066497385501862,0.10205075889825821,-0.290153443813324,0.17073096334934235,0.3054963946342468,0.03471535071730614,0.4298422038555145,-0.40332356095314026,0.10228422284126282,0.3176535964012146,-0.06260912865400314
675.0,0.12044497579336166,0.07452816516160965,-0.09508620947599411,0.485064834356308,-0.13143113255500793,0.10545182228088379,-0.5074250102043152,-0.09685051441192627,-0.2551606595516205,0.21683956682682037,-0.22531487047672272,-0.37240856885910034,0.04801090806722641,0.7463950514793396,0.2112577259540558,-0.534156858921051,-0.5700743794441223,-0.18065118789672852,0.300943523645401,-0.143049955368042,-0.10211856663227081,0.31579139828681946,-0.4798945188522339,0.27154651284217834,-0.5573398470878601,-0.0525447353720665,-0.3194766342639923,-0.087862528860569,0.1608535796403885,0.07152824103832245,-0.28629985451698303,0.5772688984870911,0.44072264432907104,0.09986937046051025,0.7752739191055298,-0.13430410623550415,-0.2510760426521301,0.27715614438056946,-0.7770723700523376,0.10346778482198715,0.39044681191444397,0.17747721076011658,-0.4467225968837738,0.18863680958747864,0.07716883718967438,0.24813176691532135,-0.11675728857517242,-0.021831505000591278,0.24431726336479187,0.07475750893354416,-0.37910667061805725,0.18763765692710876,-0.5081462860107422,-0.22266452014446259,0.35062843561172485,0.14356818795204163,-0.05095895752310753,-0.03341037034988403,-0.2672205865383148,0.6956712007522583,-0.17934128642082214,0.33348482847213745,0.5741230249404907,-0.34478506445884705
676.0,0.2994886636734009,0.18892663717269897,-0.03292775899171829,0.01628933474421501,-0.295697420835495,-0.08885430544614792,-0.3278230130672455,-0.10468815267086029,-0.22081412374973297,0.1040075346827507,-0.21823476254940033,-0.4303537905216217,0.2691516578197479,0.75050288438797,0.5187225937843323,-0.6166238784790039,-0.5501596927642822,-0.35525909066200256,0.5387418270111084,0.09074419736862183,0.18429958820343018,0.09699848294258118,-0.17842206358909607,0.39221587777137756,-0.4576985836029053,0.22053705155849457,-0.28488507866859436,0.10884835571050644,-0.06606710702180862,0.18455401062965393,-0.026879753917455673,0.4208385944366455,0.4509234130382538,0.17267028987407684,0.7087241411209106,-0.22304345667362213,-0.12419918924570084,0.3848651349544525,-0.630848228931427,0.15566951036453247,0.4674322307109833,0.1536424309015274,-0.9498851299285889,0.09749950468540192,-0.12844964861869812,0.47191375494003296,-0.014295371249318123,0.1790512651205063,0.4526342749595642,0.032406389713287354,-0.3654986023902893,0.34143441915512085,0.026239417493343353,-0.0474395826458931,0.2660016417503357,-0.12054701149463654,-0.25025683641433716,-0.1129690408706665,-0.31838932633399963,0.2776595652103424,-0.32148247957229614,0.10937506705522537,0.7056318521499634,-0.4456138610839844
677.0,0.307655930519104,-0.11717869341373444,-0.2825715243816376,0.48730355501174927,-0.25522109866142273,0.1427723914384842,-0.43877479434013367,-0.0952310860157013,-0.1707165390253067,0.29364755749702454,-0.33540424704551697,-0.4399174749851227,0.12564760446548462,0.4682130515575409,0.3274209201335907,-0.40967240929603577,-0.4255402386188507,-0.2382354736328125,0.37803494930267334,-0.28271177411079407,-0.13297206163406372,0.23533698916435242,-0.32810428738594055,0.32155516743659973,-0.47057750821113586,-0.18398600816726685,-0.18893612921237946,-0.26135480403900146,0.16469621658325195,0.1410878300666809,-0.11859691888093948,0.6331374049186707,0.2573380768299103,0.1481979638338089,0.8883917927742004,-0.03978370130062103,-0.32648780941963196,0.16045475006103516,-0.603385865688324,0.2891885042190552,0.2889403998851776,-0.0679846853017807,-0.31948122382164,0.0215422585606575,0.02428063191473484,0.2944931983947754,-0.1680648773908615,0.01522272638976574,0.5869854688644409,-0.3707767426967621,-0.46425700187683105,0.3132658004760742,-0.37044990062713623,-0.1944260597229004,0.2629697322845459,-0.013021755963563919,-0.14138583838939667,0.056315869092941284,-0.14320620894432068,0.7753269076347351,-0.2016332596540451,0.33292412757873535,0.6061538457870483,-0.50304114818573
678.0,0.27432987093925476,0.017420673742890358,-0.1906771957874298,0.4796452522277832,-0.2225254476070404,0.122220978140831,-0.5666785836219788,0.0030247028917074203,-0.2324405163526535,0.3153938353061676,-0.23376666009426117,-0.5052005052566528,0.08578287065029144,0.6390724182128906,0.26661157608032227,-0.5005515217781067,-0.7518717646598816,-0.12619538605213165,0.3617035746574402,-0.279954195022583,-0.2509462237358093,0.26287224888801575,-0.4709550142288208,0.34601908922195435,-0.5012713670730591,-0.11195611953735352,-0.347572922706604,-0.1023690402507782,0.16431790590286255,0.058117132633924484,-0.14571842551231384,0.6175484657287598,0.4637264609336853,0.13647937774658203,0.8103636503219604,-0.23184843361377716,-0.3248389661312103,0.28704652190208435,-0.6658102869987488,0.24353066086769104,0.3408712148666382,-0.006539168767631054,-0.4232664704322815,-0.08103127032518387,0.06156187877058983,0.23202510178089142,-0.022815708070993423,0.09459218382835388,0.37265461683273315,-0.14517842233181,-0.3876807987689972,0.3649548292160034,-0.40945965051651,-0.25213199853897095,0.3459289073944092,0.11606421321630478,-0.12090067565441132,-0.06439759582281113,-0.2083495855331421,0.6357107162475586,-0.008712047711014748,0.36241501569747925,0.5534173846244812,-0.46133577823638916
679.0,0.11148542165756226,0.03600526228547096,-0.13393789529800415,0.5103657245635986,-0.17293480038642883,-0.04651989787817001,-0.4032941162586212,-0.1607176810503006,-0.23626260459423065,0.27555739879608154,-0.2114710658788681,-0.4151991307735443,0.0007629363099113107,0.6675606966018677,0.2808922529220581,-0.4690820276737213,-0.4875813126564026,-0.14638473093509674,0.37546393275260925,-0.2636655569076538,-0.12533435225486755,0.14622318744659424,-0.3545752465724945,0.34740790724754333,-0.4952826201915741,-0.12460577487945557,-0.43618422746658325,-0.17016932368278503,0.1162780374288559,0.321825236082077,-0.12466812133789062,0.5537500977516174,0.38119933009147644,0.02443464659154415,0.6294227242469788,-0.18387825787067413,-0.1521102339029312,0.2184818834066391,-0.7697668075561523,0.100887730717659,0.33253350853919983,0.15581342577934265,-0.39679184556007385,-0.01174971554428339,0.07080965489149094,0.1831686794757843,-0.12269799411296844,0.06770165264606476,0.44663122296333313,-0.13040004670619965,-0.31984367966651917,0.16798937320709229,-0.3599100410938263,-0.011486997827887535,0.20833227038383484,0.23194782435894012,-0.2960491478443146,0.11618058383464813,-0.26566898822784424,0.5227957367897034,-0.26572418212890625,0.3154708743095398,0.5780652761459351,-0.3935149610042572
680.0,-0.047703102231025696,0.04441457241773605,-0.4473530352115631,0.5468230247497559,0.05633944645524025,-0.18143917620182037,-0.5514387488365173,-0.22049328684806824,-0.46482032537460327,-0.1499679684638977,-0.44252848625183105,-0.0320155955851078,-0.10704602301120758,-0.2124929279088974,-0.19256268441677094,-0.26123690605163574,-0.21961109340190887,0.11998607218265533,-0.09587084501981735,-0.047845643013715744,-0.29629814624786377,0.4391767084598541,-0.20511935651302338,-0.00030121218878775835,-0.09648440778255463,0.1531343013048172,-0.3818072974681854,-0.3019945025444031,0.03877043351531029,-0.5643149018287659,0.04084041714668274,0.25380435585975647,-0.5829910635948181,-0.2533169686794281,-0.14567789435386658,0.12715770304203033,-0.16400395333766937,-0.4099646806716919,0.45014145970344543,0.2832435965538025,0.30531764030456543,-0.326943576335907,-0.22706305980682373,-0.40594443678855896,-0.03316117078065872,-0.09892384707927704,0.09139572829008102,-0.6021607518196106,-0.03597235307097435,-0.281547874212265,0.13351018726825714,0.0408247672021389,-0.026751838624477386,-0.22155101597309113,0.29072338342666626,0.2798908054828644,-0.06895706057548523,0.02092042565345764,-0.743259072303772,-0.005995673127472401,-0.21680676937103271,0.35957100987434387,0.29937154054641724,-0.04919605702161789
681.0,-0.052209336310625076,-0.03855803608894348,-0.4869583547115326,0.2496953010559082,-0.11812686175107956,-0.08479351550340652,-0.6652472615242004,-0.1440577507019043,-0.3435613512992859,-0.10832542181015015,-0.3926096558570862,0.10415909439325333,-0.16588033735752106,-0.35833030939102173,-0.17469549179077148,-0.17315834760665894,-0.14543642103672028,0.1270129382610321,-0.0740382969379425,-0.07400202006101608,-0.15261448919773102,0.47710496187210083,-0.024382274597883224,-0.1184639260172844,0.04602174833416939,0.03544246032834053,-0.20940673351287842,-0.3734535276889801,0.2133219987154007,-0.7826066613197327,0.22469913959503174,0.4699767827987671,-0.5877245664596558,-0.32073479890823364,0.05991069972515106,0.12468153238296509,-0.30574697256088257,-0.25297486782073975,0.3936632573604584,0.2919631004333496,0.22054672241210938,-0.44038212299346924,-0.1525704264640808,-0.39270052313804626,-0.0050489637069404125,-0.07337021082639694,-0.09404876083135605,-0.48745134472846985,0.05456387251615524,-0.28530052304267883,0.09132629632949829,0.1188255101442337,-0.1505507379770279,-0.4041095972061157,0.2767784595489502,0.18224741518497467,0.11354910582304001,0.23610512912273407,-0.5219112038612366,0.14496195316314697,-0.25561660528182983,0.10150182247161865,0.41361695528030396,-0.07740321010351181
682.0,-0.12879200279712677,0.015508754178881645,-0.4687013328075409,0.41035428643226624,-0.10487963259220123,-0.031141934916377068,-0.7458745837211609,-0.08253871649503708,-0.3789472281932831,-0.1550784558057785,-0.5213883519172668,-0.1567443311214447,-0.25734031200408936,-0.19755077362060547,-0.13665345311164856,-0.36528849601745605,-0.4530160129070282,0.053981099277734756,-0.09250436723232269,-0.004212500527501106,-0.20229671895503998,0.5629614591598511,-0.3272482454776764,0.21412302553653717,-0.04998543858528137,0.20458592474460602,-0.38560381531715393,-0.22259360551834106,0.3347604274749756,-0.47576168179512024,0.01380904484540224,0.5875285267829895,-0.6049256324768066,-0.3040127754211426,-0.05288277938961983,0.2201359122991562,-0.43507200479507446,-0.41527870297431946,0.5467175841331482,0.5120077133178711,0.3583318889141083,-0.3812246322631836,-0.13770557940006256,-0.5617541074752808,0.012364190071821213,-0.17448122799396515,0.0103671345859766,-0.49005112051963806,-0.09400109946727753,-0.5096409320831299,-0.03245524689555168,0.08183670043945312,0.021310990676283836,-0.6407133340835571,0.1122627705335617,0.3046794831752777,-0.014540273696184158,-0.0773504376411438,-0.6719306707382202,0.16523835062980652,-0.1517014056444168,0.1604471206665039,0.08562634885311127,-0.25132283568382263
683.0,-0.024740325286984444,0.0010074835736304522,-0.4976809322834015,0.5131275057792664,-0.05838770046830177,0.0012577667366713285,-0.7388262152671814,-0.17634569108486176,-0.45929059386253357,-0.059541817754507065,-0.4729134440422058,-0.18841581046581268,-0.0022323441226035357,-0.1401013731956482,-0.17868754267692566,-0.44816669821739197,-0.4327436089515686,0.09429696202278137,-0.13493427634239197,-0.15634140372276306,-0.1804552972316742,0.4764220416545868,-0.4168985188007355,0.18321889638900757,0.04561743512749672,0.08900811523199081,-0.3946523070335388,-0.3175201117992401,0.38537362217903137,-0.571103572845459,0.07902579754590988,0.46236440539360046,-0.6460124850273132,-0.3032464385032654,0.028853684663772583,0.2683105766773224,-0.29809650778770447,-0.3759749233722687,0.6121200323104858,0.494156152009964,0.4193112552165985,-0.4407868981361389,-0.29987841844558716,-0.4678247272968292,0.06912044435739517,-0.18319885432720184,-0.14250746369361877,-0.4593762755393982,-0.14229069650173187,-0.3035126328468323,0.027113916352391243,0.1334862858057022,-0.008022695779800415,-0.5496013164520264,0.24237993359565735,0.25903040170669556,-0.00640655355527997,-0.15017786622047424,-0.6139732599258423,0.08906117081642151,-0.20558984577655792,0.21031421422958374,0.1927008032798767,-0.11522769182920456
684.0,-0.0070815663784742355,0.3281794488430023,-0.047302138060331345,-0.1662839651107788,-0.18727201223373413,-0.18267354369163513,-0.28029027581214905,-0.1686193346977234,-0.21354207396507263,-0.27335384488105774,-0.5147165060043335,-0.05322669446468353,-0.00903390720486641,-0.12334179878234863,0.0036239083856344223,-0.01956188678741455,-0.3138679265975952,-0.3178960978984833,0.014267468824982643,0.17656821012496948,-0.03850751742720604,0.14772449433803558,0.24899354577064514,-0.17102588713169098,-0.16438280045986176,0.6606309413909912,0.027254994958639145,0.10232942551374435,-0.025256719440221786,-0.44298064708709717,0.09148985147476196,0.27598777413368225,-0.5391051769256592,-0.39699622988700867,-0.08595483005046844,0.4046243727207184,-0.05450829863548279,-0.12288694828748703,0.7236658334732056,0.3123725354671478,0.5955643653869629,-0.2097964882850647,-0.4957039952278137,-0.2526315748691559,-0.13412226736545563,0.05263315513730049,-0.0404849648475647,-0.3495047986507416,-0.2660168409347534,0.0830942839384079,0.22581009566783905,0.10048043727874756,0.1347779780626297,-0.3601267635822296,0.2527121603488922,0.051001500338315964,0.1837405264377594,-0.17550712823867798,-0.5694496035575867,-0.3772597312927246,-0.3717624843120575,-0.35364407300949097,0.37435176968574524,-0.05408318340778351
685.0,0.012865512631833553,-0.07107987254858017,-0.7937313318252563,0.5092594623565674,0.4196212887763977,0.04682847857475281,-0.1293947398662567,-0.10195509344339371,-0.38873592019081116,0.3127609193325043,0.18708176910877228,0.06719311326742172,-0.19087155163288116,-0.007165646646171808,-0.15695704519748688,-0.22024814784526825,0.07702258974313736,-0.061949487775564194,-0.033688101917505264,-0.15325872600078583,-0.23059363663196564,0.29135817289352417,-0.3494734466075897,0.11670725047588348,-0.7479420900344849,0.3037276864051819,0.22498144209384918,-0.3832579255104065,0.20432454347610474,-0.20564690232276917,0.13345879316329956,0.12867778539657593,-0.6882466673851013,-0.19780652225017548,-0.39642494916915894,0.52508944272995,-0.02457631193101406,0.04191569238901138,0.025626586750149727,0.4198370575904846,0.6188915371894836,-0.06966914981603622,0.2079184353351593,-0.6275708675384521,0.009051215834915638,-0.42840784788131714,-0.3504125773906708,-0.04145798832178116,0.008359910920262337,-0.7857485413551331,-0.17576323449611664,0.3387303054332733,-0.011820876970887184,-0.4723532497882843,0.14869141578674316,0.1131742000579834,0.3228241205215454,-0.18420158326625824,-0.3963087201118469,0.06684895604848862,-0.45230555534362793,0.36385348439216614,0.3155248463153839,-0.1552848517894745
686.0,0.1349804699420929,-0.08030638843774796,-0.6694036722183228,0.43816912174224854,0.4041658937931061,0.04185628890991211,-0.10997683554887772,-0.03940495476126671,-0.26207900047302246,0.2853970527648926,0.21612627804279327,0.15243782103061676,-0.17797423899173737,-0.05935660004615784,-0.05631614476442337,-0.31123167276382446,0.08698706328868866,0.07720576226711273,-0.02637234888970852,0.10168419033288956,-0.304950088262558,0.22287575900554657,-0.32037925720214844,0.025052446871995926,-0.6031508445739746,0.2508397698402405,0.21994754672050476,-0.29454588890075684,0.23974715173244476,-0.2668861150741577,0.13652360439300537,0.13661648333072662,-0.5184991955757141,-0.10952508449554443,-0.41289815306663513,0.5503228902816772,0.12540997564792633,0.0733523815870285,-0.09897148609161377,0.3545286953449249,0.5785174369812012,-0.034977372735738754,0.33141517639160156,-0.5588778853416443,0.1110529825091362,-0.285196453332901,-0.30662915110588074,0.03963741660118103,-0.017212729901075363,-0.6659866571426392,-0.23999635875225067,0.3828204274177551,-0.13315464556217194,-0.44718116521835327,0.14070454239845276,0.06799177080392838,0.25561487674713135,-0.013373627327382565,-0.4274243712425232,0.13108041882514954,-0.3518504798412323,0.4152660071849823,0.38976797461509705,-0.16731888055801392
687.0,0.26921212673187256,0.40500766038894653,0.07157114148139954,0.26975882053375244,0.18388624489307404,-0.163689985871315,0.09416124224662781,0.11594707518815994,-0.23450197279453278,0.22520163655281067,-0.10099998116493225,-0.07298825681209564,-0.11711912602186203,0.22055435180664062,0.25292783975601196,-0.03584987670183182,0.16444635391235352,-0.33300748467445374,0.38449567556381226,0.1742166429758072,-0.17731720209121704,-0.01804165169596672,-0.19254425168037415,-0.07124143838882446,-0.8798075914382935,0.8321885466575623,0.23701980710029602,0.05599670112133026,-0.21466076374053955,0.07212317734956741,-0.037015512585639954,-0.044985800981521606,-0.5751820802688599,0.1753072440624237,-0.42620277404785156,0.40467381477355957,0.2858893871307373,0.5536993741989136,0.367082804441452,0.6341338157653809,0.857577383518219,-0.03897155821323395,-0.33584165573120117,-0.37170010805130005,0.139352485537529,-0.21737459301948547,-0.10013595223426819,0.12295964360237122,-0.3024889826774597,-0.21015381813049316,0.08452724665403366,0.28695952892303467,0.26743966341018677,-0.28518250584602356,0.10714387148618698,0.082566998898983,0.0380975678563118,-0.43683239817619324,-0.42790791392326355,-0.8268642425537109,-0.4445642828941345,0.017527980729937553,0.1754661351442337,0.20383088290691376
688.0,0.013392169959843159,-0.1100464016199112,-0.603554904460907,0.2751349210739136,0.3526493012905121,0.05335351079702377,-0.18928106129169464,-0.3662279546260834,-0.4281851053237915,0.2438208907842636,0.09547159820795059,0.17115220427513123,-0.07145622372627258,-0.021289393305778503,-0.03805123642086983,-0.3740271031856537,0.2355947643518448,-0.045468494296073914,-0.017143888399004936,0.10571114718914032,-0.29835939407348633,0.27080202102661133,-0.21455316245555878,-0.01619255729019642,-0.5076161026954651,0.1699608564376831,0.1408517211675644,-0.4000470042228699,0.14469921588897705,-0.26882296800613403,0.021316803991794586,0.06454116106033325,-0.5703890919685364,-0.17493267357349396,-0.14806082844734192,0.5715476870536804,0.04867139086127281,-0.14523500204086304,-0.010574703104794025,0.32699477672576904,0.5531202554702759,-0.06371261924505234,0.23905697464942932,-0.5094224214553833,-0.03321785479784012,-0.25058043003082275,-0.3571537733078003,-0.11012402176856995,0.09594535827636719,-0.8261179327964783,-0.2565949261188507,0.1518257111310959,0.029888344928622246,-0.3374512493610382,0.022548774257302284,0.16859495639801025,0.20171292126178741,0.15585757791996002,-0.3700360357761383,0.2590060234069824,-0.31040850281715393,0.2506294846534729,0.21590876579284668,-0.07900256663560867
689.0,-0.07120934128761292,-0.11127274483442307,-0.8932825326919556,0.7179714441299438,0.4514883756637573,-0.018142947927117348,-0.2925359904766083,-0.08806250989437103,-0.48297029733657837,0.21671493351459503,0.32630956172943115,0.012388357892632484,-0.24832093715667725,0.02183499000966549,-0.04886820539832115,-0.4075586199760437,0.033472657203674316,0.08837393671274185,-0.24165214598178864,-0.15479528903961182,-0.3723985552787781,0.1755877584218979,-0.3486238121986389,0.14375557005405426,-0.7436487078666687,0.13251550495624542,0.13421083986759186,-0.40976372361183167,0.24066570401191711,-0.3956584334373474,0.22723785042762756,0.12680862843990326,-0.6203451156616211,-0.22016507387161255,-0.397514671087265,0.6204621195793152,0.027748722583055496,0.008515057153999805,-0.08840092271566391,0.29902106523513794,0.7159392237663269,-0.06987779587507248,0.257902055978775,-0.6403988599777222,0.08888071775436401,-0.41837313771247864,-0.2822175621986389,-0.024633675813674927,-0.03891471028327942,-0.7109992504119873,-0.029735688120126724,0.40226608514785767,-0.08739706128835678,-0.38530677556991577,0.2689823508262634,0.3259992003440857,0.18066056072711945,-0.20481224358081818,-0.5278530120849609,0.0404498390853405,-0.3183911442756653,0.4040139615535736,0.3360093832015991,-0.23993709683418274
690.0,-0.039894573390483856,0.07147414982318878,0.07284220308065414,0.2074536681175232,-0.10603813081979752,0.10807754099369049,-0.2470284402370453,-0.03503594174981117,0.0757659524679184,0.25461849570274353,-0.6556375026702881,-0.3735258877277374,-0.21494509279727936,0.1439637839794159,-0.44274118542671204,-0.0065295398235321045,-0.20410840213298798,-0.42054110765457153,0.31727105379104614,-0.5797668695449829,0.2236453741788864,0.2925317585468292,-0.4520738124847412,0.3699944019317627,-0.40858256816864014,-0.3358839154243469,-0.536245584487915,-0.07347144931554794,0.029958486557006836,0.17769061028957367,0.010888012126088142,0.5919360518455505,-0.1097407117486,-0.0846613198518753,0.22095705568790436,-0.3920409083366394,-0.5761426687240601,-0.148958221077919,-0.13678078353405,0.4513256549835205,0.18035651743412018,-0.05794258788228035,-0.34517472982406616,-0.5188286900520325,0.4023757874965668,-0.1455913782119751,-0.08231323957443237,-0.5253225564956665,0.16095496714115143,-0.5658326745033264,-0.1321973353624344,-0.5178835988044739,-0.05264633893966675,-0.2410828173160553,-0.08828361332416534,0.10608851909637451,0.4061812460422516,0.004023458808660507,-0.05791782960295677,0.7051918506622314,-0.0393347442150116,0.281836599111557,-0.26650112867355347,0.15277621150016785
691.0,0.3309589624404907,0.43157216906547546,0.14660519361495972,-0.1914335936307907,-0.28742238879203796,-0.27316123247146606,0.07518444955348969,0.2642505168914795,0.3968909978866577,0.140830397605896,-0.6154680848121643,-0.3666934370994568,-0.1836327612400055,0.182976633310318,-0.01923409476876259,-0.004924791865050793,-0.32496312260627747,-0.7247094511985779,0.5536507964134216,-0.5142545104026794,0.2198593020439148,0.3304588794708252,-0.06787209212779999,0.37943536043167114,-0.3447365462779999,0.014913257211446762,-0.10495629161596298,0.3580772876739502,0.018268022686243057,0.19621805846691132,0.025185909122228622,0.381865531206131,0.11248509585857391,0.4616734981536865,0.18383602797985077,-0.08854396641254425,-0.2805803716182709,0.4917586147785187,0.23594887554645538,0.4131021499633789,0.5142953395843506,-0.022138282656669617,-0.6014994382858276,-0.36184585094451904,0.4205470085144043,-0.028997547924518585,-0.23675701022148132,-0.3274907171726227,-0.16905617713928223,-0.2251400202512741,0.0725422278046608,-0.3384343981742859,0.29485249519348145,-0.07124871760606766,0.07094831764698029,-0.29732170701026917,0.3820572793483734,-0.24406395852565765,-0.09989608079195023,0.1297794133424759,-0.3066771626472473,-0.037027791142463684,-0.25193631649017334,-0.009280992671847343
692.0,-0.14361563324928284,0.03474058210849762,-0.1413310021162033,0.3627946972846985,-0.2118956595659256,-0.03665253147482872,-0.1168806254863739,-0.018558090552687645,-0.016996826976537704,0.2030833214521408,-0.6511369943618774,-0.13662949204444885,-0.3506232500076294,0.058625150471925735,-0.5431680083274841,-0.07170989364385605,-0.31244850158691406,-0.3092110753059387,0.05558527261018753,-0.5290124416351318,0.09863879531621933,0.4869999587535858,-0.4430466890335083,0.44213053584098816,-0.2178465873003006,-0.304002046585083,-0.455810546875,-0.014437692239880562,-0.05996755510568619,0.1816941797733307,-0.0548650398850441,0.7120001316070557,-0.0011587217450141907,0.11500582844018936,0.3614949584007263,-0.3812190890312195,-0.5443466305732727,-0.0010020062327384949,-0.296451210975647,0.45976200699806213,0.19887025654315948,-0.1388763189315796,-0.24255724251270294,-0.626889705657959,0.3872857093811035,0.13664910197257996,-0.12841780483722687,-0.35420510172843933,0.18533439934253693,-0.5006175637245178,-0.25888246297836304,-0.24797171354293823,-0.15544818341732025,-0.16011559963226318,-0.134243443608284,-0.17378784716129303,0.30047130584716797,-0.1991303712129593,-0.06215662881731987,0.5296680331230164,0.07269789278507233,0.14395977556705475,-0.2812979817390442,-0.1174527257680893
693.0,-0.05386637523770332,0.04828283190727234,0.139569953083992,0.1749269962310791,-0.13090696930885315,0.006094655953347683,-0.17285816371440887,-0.054727353155612946,-0.09048551321029663,0.2826685905456543,-0.7259328961372375,-0.21928907930850983,-0.3154521584510803,0.08854588121175766,-0.5801690816879272,-0.07588015496730804,-0.30965355038642883,-0.37229210138320923,0.16347436606884003,-0.4743238091468811,0.16431760787963867,0.4716637134552002,-0.5174180269241333,0.30458247661590576,-0.20270797610282898,-0.23864693939685822,-0.5456755757331848,-0.0888378694653511,-0.03485376387834549,0.21006594598293304,0.1494697481393814,0.5385702252388,-0.13381953537464142,-0.01026145089417696,0.11705069243907928,-0.39241552352905273,-0.45291703939437866,-0.033353060483932495,0.09687501192092896,0.5234185457229614,0.2820270359516144,-0.015406985767185688,-0.3212531805038452,-0.6200748085975647,0.42792922258377075,-0.03851819783449173,-0.11554431915283203,-0.32839348912239075,0.057620953768491745,-0.42251718044281006,-0.18343932926654816,-0.5899984240531921,-0.017528600990772247,-0.17703360319137573,-0.03295858949422836,0.019138379022479057,0.38197746872901917,-0.20553147792816162,-0.16950982809066772,0.39721450209617615,-0.08627691119909286,0.2359458953142166,-0.2613409459590912,0.11200498044490814
694.0,-0.10009390860795975,-0.07850032299757004,0.05994139984250069,0.05501542240381241,-0.1082463338971138,0.004454400856047869,-0.1630670428276062,-0.1594129502773285,0.09491657465696335,0.393727570772171,-0.7268128991127014,-0.34516245126724243,-0.1420137733221054,0.33231136202812195,-0.2154395878314972,-0.05225979909300804,-0.35785290598869324,-0.4454215168952942,0.2995206117630005,-0.5986946225166321,0.2394738793373108,0.14439590275287628,-0.2630142569541931,0.48153939843177795,-0.42494598031044006,-0.41630440950393677,-0.5382577776908875,-0.12362390011548996,0.11370041966438293,0.3118269741535187,0.0947839543223381,0.6092600226402283,-0.07828136533498764,-0.10403458774089813,0.41069111227989197,-0.3476284146308899,-0.42957305908203125,-0.16518299281597137,-0.2830851376056671,0.37119123339653015,0.20846562087535858,0.027305064722895622,-0.35171201825141907,-0.4858914911746979,0.3538046181201935,-0.0598120279610157,-0.1941712349653244,-0.16280803084373474,0.23204244673252106,-0.43120530247688293,-0.08130398392677307,-0.4056161642074585,-0.1140090674161911,-0.0780377984046936,-0.07446710020303726,0.04080362617969513,0.28501084446907043,0.08314875513315201,-0.0557490698993206,0.6488930583000183,0.05495587736368179,0.25023218989372253,0.01552631240338087,-0.08624189347028732
695.0,0.22011011838912964,-0.147257000207901,-0.7049492597579956,0.41767922043800354,0.038740355521440506,0.21291792392730713,-0.42067089676856995,-0.18286624550819397,-0.15790052711963654,-0.18277239799499512,0.04309985414147377,-0.0332392118871212,0.12801551818847656,-0.5302508473396301,-0.23172655701637268,-0.1838746815919876,-0.43956223130226135,0.20573201775550842,-0.36406710743904114,0.09205938875675201,-0.3483906388282776,0.46208545565605164,-0.37243327498435974,-0.10765187442302704,0.292380154132843,-0.14443768560886383,-0.24785177409648895,-0.4438258707523346,0.4150678217411041,-0.4179633855819702,-0.07171417027711868,0.1930961012840271,-0.3502398729324341,-0.332550972700119,0.060942862182855606,0.28148409724235535,-0.13861742615699768,-0.07571467012166977,0.11117665469646454,0.45333296060562134,0.42522016167640686,-0.16486956179141998,0.13747477531433105,-0.3058948516845703,-0.1613696962594986,-0.10210610926151276,-0.3728862702846527,-0.22979353368282318,0.10891108214855194,-0.5214224457740784,-0.3246613144874573,0.5307568907737732,-0.029981661587953568,-0.3116739094257355,0.24513931572437286,0.05301371589303017,0.017518190667033195,-0.02716144174337387,0.0306656863540411,0.2979224920272827,-0.19361057877540588,-0.021883539855480194,0.1394938975572586,-0.16930648684501648
696.0,0.1791190803050995,-0.17596039175987244,-0.6640748977661133,0.2807510197162628,0.15162935853004456,0.07127219438552856,-0.2114751636981964,-0.14185915887355804,-0.20566418766975403,-0.17532479763031006,-0.003233604598790407,0.09139231592416763,0.04931773990392685,-0.5038405060768127,-0.1390177458524704,-0.2909470498561859,-0.27209600806236267,0.12902648746967316,-0.48730403184890747,0.13880732655525208,-0.33183038234710693,0.4226401746273041,-0.3339921832084656,-0.08018511533737183,0.1406184583902359,0.039007361978292465,-0.12558740377426147,-0.4527773857116699,0.4601966142654419,-0.2911880910396576,-0.1319456696510315,0.28365275263786316,-0.4990091323852539,-0.202223002910614,0.04694458842277527,0.4313068687915802,-0.017364434897899628,-0.12220846861600876,0.12194682657718658,0.4541991949081421,0.5417778491973877,-0.13207867741584778,0.0889393538236618,-0.26837068796157837,-0.023593127727508545,-0.23258616030216217,-0.45852944254875183,-0.11966104060411453,-0.012394682504236698,-0.4591291546821594,-0.2553624212741852,0.4843981862068176,-0.1000538021326065,-0.42258113622665405,0.20507465302944183,-0.11450895667076111,0.022675616666674614,0.0002050725743174553,-0.08658945560455322,0.22267991304397583,-0.36852824687957764,-0.04654760658740997,0.2903984785079956,-0.23762652277946472
697.0,0.1462329775094986,-0.21201884746551514,-0.6607722043991089,0.3543034791946411,0.14074236154556274,0.279920756816864,-0.5260403752326965,-0.23961952328681946,-0.4018579423427582,-0.042018547654151917,0.002556095365434885,-0.02247435785830021,0.06471478939056396,-0.41238871216773987,-0.22920434176921844,-0.4201297461986542,-0.38268402218818665,0.18585743010044098,-0.41843512654304504,0.013258586637675762,-0.28107190132141113,0.4915507733821869,-0.3984772562980652,-0.12375196814537048,0.21058398485183716,-0.0017014176119118929,-0.17964224517345428,-0.4669508934020996,0.4174617528915405,-0.46985411643981934,-0.025941835716366768,0.30365023016929626,-0.48312363028526306,-0.22137241065502167,0.1254575550556183,0.34388023614883423,0.018482325598597527,-0.1413888782262802,0.26069849729537964,0.5279045104980469,0.5697425007820129,-0.2917477488517761,0.03949408978223801,-0.5296710729598999,-0.059448663145303726,-0.2107940912246704,-0.37713879346847534,-0.04478522017598152,0.0268096923828125,-0.4663439691066742,-0.19962988793849945,0.47800320386886597,-0.03658805787563324,-0.43064719438552856,0.0559907928109169,0.10405052453279495,0.049785688519477844,0.05788901448249817,-0.23718230426311493,0.19681857526302338,-0.18111486732959747,0.02601115219295025,0.3855022192001343,-0.09918909519910812
698.0,0.15878233313560486,-0.01487122755497694,-0.6943200826644897,0.3523319661617279,0.022963711991906166,0.3461523950099945,-0.6119640469551086,-0.2598629593849182,-0.2534641921520233,-0.12488633394241333,0.0762285366654396,-0.07822971045970917,0.05749707296490669,-0.4432280659675598,-0.1638316661119461,-0.4226509928703308,-0.4247417449951172,0.10105963796377182,-0.3851119577884674,0.06591067463159561,-0.3988918960094452,0.4662514626979828,-0.47219568490982056,-0.16136232018470764,0.3205997943878174,-0.026792975142598152,-0.09822414815425873,-0.4139629304409027,0.48633137345314026,-0.45094454288482666,-0.053653817623853683,0.2815209627151489,-0.5489718317985535,-0.2663474977016449,0.1641022264957428,0.47779062390327454,-0.05497784912586212,-0.14464685320854187,0.33583003282546997,0.5604340434074402,0.5918847918510437,-0.47546690702438354,0.11294259130954742,-0.6470776796340942,-0.06697051227092743,-0.1409040093421936,-0.33526480197906494,-0.15748755633831024,0.01511850394308567,-0.5496577024459839,-0.29962265491485596,0.4772212505340576,-0.02544526569545269,-0.5496342182159424,0.08215130865573883,0.16006286442279816,0.0957588329911232,0.002970273606479168,-0.18232393264770508,0.3120403289794922,-0.10006046295166016,-0.24713917076587677,0.25596949458122253,-0.08426681160926819
699.0,0.531607985496521,0.29237741231918335,-0.15051104128360748,0.04650823399424553,0.15301863849163055,-0.0018833258654922247,0.03968579322099686,0.10636044293642044,0.12213452160358429,-0.44831788539886475,-0.006992176175117493,-0.17081187665462494,0.03938673436641693,-0.42928996682167053,0.12224477529525757,0.00030163489282131195,-0.5434476137161255,-0.31541261076927185,-0.17583408951759338,0.25563374161720276,-0.441182017326355,0.3183058500289917,-0.08402878791093826,-0.15948651731014252,-0.1502278447151184,0.42020174860954285,0.11370465904474258,-0.18174006044864655,0.15968167781829834,-0.3687687814235687,-0.16546359658241272,0.03673754259943962,-0.4869743287563324,-0.049734681844711304,-0.08148066699504852,0.3027418553829193,-0.0663980022072792,0.3171418011188507,0.524544894695282,0.5925544500350952,0.9226702451705933,0.02239294908940792,-0.1517476588487625,-0.27582457661628723,-0.12749871611595154,-0.22408699989318848,-0.3002108037471771,-0.056795716285705566,-0.25856733322143555,-0.4055350720882416,0.009409693069756031,0.44327935576438904,0.38279449939727783,-0.20827646553516388,0.4001905620098114,-0.013950887136161327,-0.01367357186973095,-0.3918125331401825,0.03668028116226196,-0.45172828435897827,-0.38912755250930786,-0.5391641855239868,0.08608324080705643,-0.07334697246551514
