id,x_0,x_1,x_2,x_3,x_4,x_5,x_6,x_7,x_8,x_9,x_10,x_11,x_12,x_13,x_14,x_15,x_16,x_17,x_18,x_19,x_20,x_21,x_22,x_23,x_24,x_25,x_26,x_27,x_28,x_29,x_30,x_31,x_32,x_33,x_34,x_35,x_36,x_37,x_38,x_39,x_40,x_41,x_42,x_43,x_44,x_45,x_46,x_47,x_48,x_49,x_50,x_51,x_52,x_53,x_54,x_55,x_56,x_57,x_58,x_59,x_60,x_61,x_62,x_63
0.0,-0.0021138442680239677,-0.38482627272605896,-0.3483073115348816,0.2824907898902893,0.44110018014907837,0.05720636993646622,-0.22064177691936493,-0.10525471717119217,-0.054278116673231125,0.007110484875738621,-0.3785429298877716,-0.04174070432782173,-0.08906055241823196,0.02748638391494751,-0.16005975008010864,0.04803169518709183,-0.1385229527950287,0.18217571079730988,-0.27718842029571533,0.10467443615198135,0.12325652688741684,-0.1272040456533432,0.2942856550216675,0.24068580567836761,-0.07348421961069107,-0.33639541268348694,-0.07658029347658157,-0.0020520538091659546,0.4784609079360962,-1.0361840724945068,0.017549550160765648,-0.12758225202560425,-0.3090372085571289,-0.2911667823791504,-0.36828240752220154,-0.131439208984375,-0.04675792157649994,-0.09876610338687897,-0.2005389779806137,0.5042386054992676,0.14885355532169342,-0.2939985990524292,0.26635512709617615,-0.18127402663230896,-0.03963677957653999,0.20114003121852875,0.3565066158771515,-0.2112458050251007,0.07788300514221191,-0.2219720482826233,0.1169106736779213,-0.16913393139839172,-0.1402156949043274,-0.1578502357006073,0.11482217162847519,0.4478110074996948,0.11368022859096527,-0.04761353135108948,-0.08563923090696335,-0.0593763031065464,-0.15713778138160706,0.34437161684036255,0.06793259084224701,0.1114821657538414
1.0,0.024988526478409767,-0.43073737621307373,-0.19078801572322845,0.2427436262369156,0.2769334614276886,-0.14290814101696014,-0.011538146063685417,-0.1067163273692131,-0.19776394963264465,0.06988788396120071,-0.2640441656112671,0.07125351577997208,-0.2926260232925415,-0.2872920632362366,-0.23508764803409576,-0.06067345663905144,-0.0577668771147728,0.22861802577972412,-0.12900172173976898,-0.12580598890781403,0.3457024395465851,0.1019589900970459,0.3023161292076111,0.0501137338578701,0.2678329646587372,-0.07252799719572067,0.19532719254493713,-0.09317236393690109,0.2513789236545563,-0.802544355392456,0.1599043607711792,0.04867880791425705,-0.3223322927951813,-0.26388150453567505,-0.09970253705978394,-0.011103931814432144,-0.06772676855325699,-0.11533883959054947,-0.09793967753648758,0.4538215696811676,0.11852062493562698,-0.18319891393184662,0.10614237934350967,-0.07532334327697754,0.06519331783056259,0.0137252788990736,0.16429965198040009,-0.17217639088630676,0.11676004528999329,-0.09724593162536621,0.0879700556397438,-0.10778892785310745,-0.4083870053291321,-0.2549741566181183,0.031771350651979446,0.3383313715457916,0.1710348278284073,0.013902292586863041,-0.02223951742053032,0.11136581003665924,-0.3273257315158844,0.2730134129524231,0.15795257687568665,-0.025287538766860962
2.0,-0.1315614879131317,-0.1478155553340912,-0.21754449605941772,0.19449250400066376,0.11720990389585495,0.033370550721883774,-0.33893632888793945,-0.21834692358970642,-0.13656538724899292,0.18062005937099457,0.1100337952375412,0.03238213062286377,0.0456823892891407,-0.027055272832512856,-0.11942622065544128,-0.1554778814315796,0.0045323423109948635,0.22948728501796722,-0.12733663618564606,0.01904308795928955,-0.10292021930217743,-0.07595818489789963,-0.28933513164520264,0.09371164441108704,-0.03539387881755829,-0.2328011393547058,-0.12012726813554764,-0.20429547131061554,0.18995700776576996,-0.18320831656455994,0.21684332191944122,0.18246857821941376,-0.0011420452501624823,-0.163724884390831,-0.009922939352691174,-0.003477799938991666,-0.03548122197389603,-0.09563349932432175,-0.0790485143661499,-0.04405643418431282,-0.03908681869506836,-0.30237480998039246,0.10035523772239685,-0.3368609845638275,0.05175628140568733,-0.07422425597906113,-0.09973451495170593,-0.026209618896245956,0.21926812827587128,-0.18864496052265167,-0.1612887978553772,0.14168624579906464,-0.05948181077837944,-0.10743500292301178,-0.1710289567708969,0.18435604870319366,-0.06896989792585373,0.07199938595294952,-0.12682241201400757,0.2613339126110077,0.18345272541046143,0.14561516046524048,0.016732946038246155,0.035933077335357666
3.0,-0.25422415137290955,-0.2637423276901245,-0.2919948399066925,0.2282758504152298,0.3475798964500427,-0.028052426874637604,-0.2343560755252838,-0.16725344955921173,-0.1504071205854416,0.05669523403048515,-0.4087945222854614,0.12338586896657944,-0.2916319668292999,-0.1524410843849182,-0.20406293869018555,0.03487357497215271,0.029267648234963417,0.1053878590464592,-0.17166176438331604,0.16827191412448883,0.08971689641475677,-0.06781401485204697,0.32464873790740967,0.1753203570842743,-0.21169158816337585,-0.3158319592475891,-0.18932081758975983,-0.04887329414486885,0.2862374186515808,-0.8707830309867859,0.011996958404779434,-0.057845890522003174,-0.4230189025402069,-0.29837122559547424,-0.18865066766738892,-0.11431359499692917,0.053975995630025864,-0.2790164351463318,-0.14769598841667175,0.3986891508102417,0.057557880878448486,-0.375463604927063,0.2523858845233917,-0.07624132931232452,0.07615221291780472,0.14288170635700226,0.37959328293800354,-0.13969643414020538,0.1401979923248291,-0.1362859457731247,-0.00817821640521288,-0.0806814506649971,-0.1480409801006317,-0.2660555839538574,0.10155368596315384,0.2301298826932907,0.13530363142490387,0.10365883260965347,-0.1406346708536148,0.022600466385483742,-0.10561750829219818,0.34482359886169434,0.15806138515472412,-0.07589603960514069
4.0,-0.17959219217300415,-0.19204071164131165,-0.37851735949516296,0.17541542649269104,0.1814253032207489,-0.07018020749092102,-0.2830337584018707,-0.1050247773528099,-0.2598823606967926,0.1887175440788269,-0.04506155103445053,0.11221951991319656,-0.18380945920944214,0.11598410457372665,-0.09530173242092133,-0.09117859601974487,0.04398604482412338,0.06701626628637314,-0.22844330966472626,0.25011754035949707,-0.19815532863140106,-0.20155037939548492,0.07926531136035919,0.07736889272928238,-0.0891195610165596,-0.11459118127822876,-0.29934513568878174,-0.10963670164346695,0.18132124841213226,-0.3201458156108856,0.0921555757522583,-0.0186366718262434,-0.07038463652133942,-0.19976316392421722,-0.1872481256723404,0.2057083249092102,0.03449062630534172,-0.16773051023483276,-0.13441631197929382,0.06893931329250336,-0.047050680965185165,-0.034111954271793365,0.05470757186412811,-0.31850969791412354,0.09963874518871307,-0.08413169533014297,0.14131173491477966,0.0024679137859493494,0.26840221881866455,-0.18270593881607056,-0.07233220338821411,0.04737520217895508,-0.0028214214835315943,-0.025743281468749046,-0.06820309162139893,0.006656119599938393,0.13026204705238342,0.03625340014696121,-0.10325660556554794,0.031853001564741135,-0.02342142164707184,0.3146224915981293,0.002137326169759035,0.06673596799373627
5.0,-0.17060621082782745,-0.20600685477256775,-0.1821768879890442,0.2469222992658615,0.3820969760417938,-0.0977051705121994,-0.2302444726228714,-0.2053464651107788,-0.18341904878616333,0.06678590923547745,-0.24636048078536987,0.07937547564506531,-0.10160435736179352,-0.02477911487221718,-0.0999937355518341,0.020486371591687202,-0.016206607222557068,0.1445760428905487,-0.24424362182617188,0.049664564430713654,0.07055503875017166,-0.13915875554084778,0.16436778008937836,0.07018750160932541,-0.14608316123485565,-0.1742427498102188,-0.04829356074333191,-0.10665737837553024,0.35596615076065063,-0.605556070804596,0.10151815414428711,0.17830593883991241,-0.1873881220817566,-0.33202826976776123,-0.21855705976486206,-0.1311727613210678,-0.04767712205648422,-0.1375829428434372,-0.18185056746006012,0.20144224166870117,0.030082689598202705,-0.26219722628593445,0.15274576842784882,-0.004951911047101021,0.14582300186157227,-0.002337430603802204,0.16996879875659943,-0.07279995083808899,0.10713453590869904,-0.1441188007593155,0.0744965448975563,-0.013496844097971916,-0.16780436038970947,-0.2612302601337433,-0.0035788174718618393,0.30061855912208557,-0.020070567727088928,0.030930500477552414,-0.01079051848500967,0.11093545705080032,0.0003895331174135208,0.3480038344860077,0.057099271565675735,0.0031459182500839233
6.0,-0.03891095519065857,-0.08480371534824371,-0.2770337164402008,0.040556780993938446,0.11870269477367401,0.03392500802874565,-0.29067546129226685,-0.06300762295722961,-0.23858687281608582,0.06793709099292755,-0.1287054419517517,-0.010332701727747917,-0.19597755372524261,0.03492642194032669,-0.08049993216991425,-0.1581047922372818,0.080467090010643,0.12941551208496094,-0.0828588455915451,-0.12057359516620636,0.08719535917043686,0.12264995276927948,0.09122715145349503,0.1301041841506958,0.07370475679636002,-0.18528789281845093,-0.09852413833141327,-0.101035937666893,0.18139564990997314,-0.19655482470989227,0.15331314504146576,0.05242575332522392,-0.19336991012096405,-0.09641158580780029,-0.20257514715194702,-0.005696707405149937,-0.004261973313987255,-0.030137309804558754,-0.36617311835289,-0.051912400871515274,0.021826278418302536,-0.011206690222024918,0.30856794118881226,-0.030496546998620033,0.1686849743127823,0.05990680679678917,0.08476109057664871,0.030326297506690025,0.03434491530060768,-0.030511049553751945,0.3004489839076996,-0.13142620027065277,-0.005927858874201775,-0.1720263957977295,-0.15160083770751953,0.24523571133613586,-0.12980309128761292,0.06595469266176224,0.01963982917368412,0.07860226184129715,-0.0959140881896019,0.2824594974517822,0.12427037954330444,-0.023069461807608604
7.0,0.005820014979690313,-0.03513825312256813,-0.24428540468215942,0.17444929480552673,-0.058906190097332,-0.08462774753570557,-0.26298052072525024,-0.0651768147945404,-0.12478063255548477,-0.15151339769363403,-0.11982043832540512,-0.07087638229131699,-0.054167937487363815,0.062434323132038116,-0.01606762781739235,-0.06611531972885132,0.04572727158665657,0.1333550661802292,-0.03056463599205017,0.08635085076093674,0.12397702783346176,0.19781991839408875,-0.14369842410087585,0.17607703804969788,0.14170190691947937,-0.11566638201475143,-0.14183054864406586,-0.1531125158071518,0.08789727091789246,-0.32536569237709045,0.3514600992202759,0.18516837060451508,-0.13961325585842133,-0.19765891134738922,-0.01675444282591343,0.06443262845277786,-0.17599327862262726,0.11987494677305222,-0.36166080832481384,0.042894914746284485,-0.09335072338581085,-0.01205946784466505,0.03268091008067131,-0.11803258955478668,0.18783144652843475,-0.12775850296020508,-0.05816402658820152,-0.10562440007925034,0.15362849831581116,-0.2925492227077484,0.1482275277376175,-0.22165606915950775,-0.03405984118580818,-0.23185209929943085,-0.14416107535362244,0.35216024518013,0.028431633487343788,-0.048300448805093765,0.036577410995960236,0.2570614516735077,-0.10416379570960999,0.03300224244594574,-0.08255599439144135,0.12338642030954361
8.0,-0.062184933573007584,-0.2843455672264099,-0.23324435949325562,0.16227930784225464,0.23945081233978271,-0.24481794238090515,-0.12526334822177887,-0.020590702071785927,-0.17572805285453796,0.2464083731174469,-0.3025822639465332,0.2214905172586441,-0.30379119515419006,0.016643159091472626,-0.044992826879024506,0.09678276628255844,0.03082011267542839,0.046881552785634995,-0.20871926844120026,0.2656504809856415,-0.05036250501871109,-0.2621898651123047,0.20887431502342224,-0.0019508074037730694,-0.01380880642682314,-0.09085272252559662,-0.027216793969273567,-0.16609503328800201,0.2245737612247467,-0.5195065140724182,0.07805510610342026,0.09668910503387451,-0.23532426357269287,-0.24805541336536407,-0.1734413355588913,0.25013503432273865,0.028124110773205757,-0.15388484299182892,-0.11268137395381927,0.1965256780385971,-0.07895650714635849,-0.10779312252998352,0.054016467183828354,-0.17281746864318848,0.0005779934581369162,-0.04907909780740738,0.26212453842163086,-0.021805312484502792,0.2586641013622284,-0.16122400760650635,-0.07067859917879105,0.13826142251491547,-0.10330138355493546,-0.031381458044052124,-0.14486582577228546,0.11177249252796173,0.14187707006931305,0.13642913103103638,-0.09822120517492294,-0.09163841605186462,-0.036645129323005676,0.23866340517997742,0.06536361575126648,0.011027518659830093
9.0,-0.1022273376584053,-0.009862677194178104,-0.27758175134658813,0.3054218888282776,0.03769807144999504,-0.11245028674602509,-0.273828387260437,-0.19433096051216125,-0.08543504029512405,0.03160259127616882,-0.0012306654825806618,-0.023726437240839005,0.060576871037483215,0.0344068743288517,0.04688901826739311,-0.0502663180232048,-0.039072826504707336,0.10746876150369644,-0.24379955232143402,0.105046346783638,-0.13411970436573029,0.05671428516507149,-0.23598945140838623,0.34142282605171204,0.022766804322600365,-0.24088622629642487,-0.21735768020153046,-0.17898091673851013,0.045006368309259415,-0.3349624276161194,0.16003602743148804,0.05150826647877693,-0.19886933267116547,-0.19382987916469574,-0.06332875043153763,-0.08010374754667282,-0.10507422685623169,-0.1585817039012909,0.01493210718035698,0.09109099209308624,0.028585199266672134,-0.1768202930688858,0.0943576917052269,-0.19678211212158203,0.09986086934804916,-0.04939424246549606,-0.004079842008650303,-0.17333358526229858,-0.16605767607688904,-0.29194021224975586,-0.008938474580645561,-0.2287166565656662,-0.05946704000234604,-0.24389111995697021,-0.011887546628713608,0.2983832359313965,0.08557618409395218,-0.06990830600261688,-0.053606145083904266,0.2073184698820114,0.04260826110839844,-0.0034997034817934036,-0.021393580362200737,-0.003901984076946974
10.0,-0.22193875908851624,-0.2547547519207001,-0.050214581191539764,0.036224037408828735,0.26830175518989563,-0.04781172424554825,-0.31170064210891724,-0.34194743633270264,-0.26033854484558105,-0.0945766344666481,-0.21866899728775024,0.004487048368901014,-0.23735719919204712,-0.11036472767591476,-0.30921685695648193,0.14570924639701843,0.047685615718364716,0.259486585855484,-0.0673656165599823,-0.013584667816758156,0.24676676094532013,0.023683995008468628,0.18197724223136902,0.04042116925120354,-0.10961589217185974,-0.188140407204628,-0.026651771739125252,-0.1445484310388565,0.09365168958902359,-0.36120983958244324,0.16130296885967255,0.03155526518821716,-0.17172135412693024,-0.33509889245033264,-0.18603871762752533,-0.12532711029052734,0.07529505342245102,-0.05542019382119179,-0.2937029004096985,0.09717412292957306,-0.07510624080896378,-0.3157506585121155,0.07191183418035507,-0.02607298642396927,0.14934374392032623,0.11257170885801315,0.14582395553588867,-0.0952409878373146,-0.14353691041469574,-0.1199662908911705,0.038215719163417816,-0.2609098553657532,-0.12829336524009705,-0.3216000199317932,-0.06876248121261597,0.2800907492637634,0.08600087463855743,-0.08457957953214645,0.07544787228107452,0.1036512553691864,0.006092613562941551,0.302585244178772,0.10324618965387344,0.1701301783323288
11.0,0.21853812038898468,0.009435527957975864,-0.173676997423172,0.2322971224784851,0.1448935568332672,-0.3159630596637726,0.06735636293888092,0.1007370576262474,-0.1668250560760498,0.016928009688854218,-0.5479376316070557,0.19722136855125427,-0.13956484198570251,0.22468429803848267,0.21021243929862976,0.260555237531662,0.03883528336882591,-0.07669682800769806,-0.04896973818540573,0.35828879475593567,0.16805575788021088,-0.20268186926841736,0.14099933207035065,0.17245587706565857,-0.02332545630633831,-0.057159338146448135,-0.013098832219839096,-0.14868074655532837,0.17944079637527466,-0.34828925132751465,0.40566393733024597,0.39988911151885986,-0.18911218643188477,-0.2283991426229477,-0.2759377956390381,0.06569068133831024,-0.16975095868110657,0.24720731377601624,-0.4183643162250519,0.1180703267455101,-0.10895059257745743,0.12014913558959961,-0.04921776056289673,0.19343429803848267,0.1761608123779297,-0.18056271970272064,0.37989088892936707,0.12074938416481018,0.28832435607910156,-0.24271468818187714,0.2710466682910919,0.06354968994855881,-0.12198200821876526,-0.15499347448349,-0.24535143375396729,0.3758111894130707,0.2536191940307617,0.0982213020324707,0.017548175528645515,-0.019961420446634293,-0.07458581030368805,-0.06046533212065697,-0.11623114347457886,0.08590050041675568
12.0,-0.085540272295475,-0.07478239387273788,-0.01578408293426037,0.2421288788318634,0.16744990646839142,-0.17754283547401428,-0.314765989780426,-0.33380478620529175,-0.29084810614585876,-0.01619843766093254,-0.09566183388233185,-0.02670998126268387,0.008386660367250443,-0.07845716178417206,0.07102926075458527,-0.023966487497091293,-0.07409954071044922,-0.09539689868688583,-0.3154796361923218,0.04868705943226814,-0.2883225381374359,0.08042128384113312,0.005294326227158308,0.006251960527151823,0.015086900442838669,0.010134022682905197,-0.16569282114505768,-0.19859550893306732,0.21997809410095215,-0.37921157479286194,-0.09558021277189255,0.193624347448349,-0.18021643161773682,-0.2485947161912918,-0.0748845785856247,0.1655861884355545,-0.08107604086399078,-0.20339246094226837,-0.06818223744630814,0.08268027007579803,0.010230780579149723,-0.04263509437441826,0.07199934124946594,0.045231763273477554,0.09173140674829483,-0.020208511501550674,-0.07055392861366272,-0.21937905251979828,-0.10115443170070648,0.039482854306697845,-0.0153317516669631,-0.12604118883609772,-0.268885999917984,-0.3156602084636688,0.1808895319700241,0.1886785477399826,-0.1823938935995102,0.2168479710817337,0.0367322638630867,0.28617575764656067,0.03126552700996399,0.2655683755874634,0.20195022225379944,-0.14394909143447876
13.0,-0.14408913254737854,0.02899407409131527,-0.1837552785873413,-0.011022541671991348,0.1575464904308319,-0.05405931547284126,-0.1896265745162964,-0.08105132728815079,-0.3035634160041809,-0.07953470200300217,-0.2218203991651535,-0.09605398029088974,-0.21019414067268372,-0.06185496225953102,-0.09440422803163528,-0.040794748812913895,0.12648865580558777,0.04051944985985756,0.11012241244316101,0.09160998463630676,0.2803563177585602,0.15922285616397858,0.08780467510223389,0.09239862114191055,-0.0835009515285492,-0.1280297189950943,-0.10461746901273727,-0.0027789317537099123,0.1944701075553894,-0.14363513886928558,0.25884324312210083,0.057274263352155685,-0.21565748751163483,-0.08030074834823608,-0.06321476399898529,-0.10848596692085266,0.09834268689155579,0.1137947365641594,-0.5022897720336914,0.11760420352220535,-0.04563667252659798,0.03857889771461487,0.06320282071828842,0.1535489857196808,0.31136852502822876,-0.026335103437304497,0.3248034119606018,0.1023687869310379,0.14710399508476257,0.017887158319354057,0.3036045432090759,-0.17973779141902924,-0.12678921222686768,-0.19573114812374115,0.05387096479535103,0.2409479320049286,0.019357137382030487,-0.16475024819374084,0.039851441979408264,0.1477423459291458,-0.1042947843670845,0.24583800137043,0.009201077744364738,0.013532673940062523
14.0,-0.09029954671859741,-0.26179519295692444,-0.15858887135982513,0.09079530835151672,-0.020076552405953407,-0.050059035420417786,-0.23293134570121765,0.10758380591869354,-0.11010289192199707,0.15434204041957855,-0.2827214300632477,0.12074392288923264,-0.4422212839126587,-0.07170016318559647,-0.040774155408144,-0.031221024692058563,0.1864096224308014,0.23676849901676178,0.040700312703847885,0.27579984068870544,0.10368470102548599,0.09394653886556625,0.06117122992873192,-0.16302789747714996,0.26801756024360657,-0.1256696730852127,-0.0652584359049797,-0.11636855453252792,0.08449718356132507,-0.5322995781898499,0.07735171169042587,0.08696646988391876,-0.27477023005485535,-0.07186220586299896,0.013196399435400963,0.24698708951473236,0.06125456094741821,-0.16171343624591827,-0.2567349076271057,0.08786693215370178,-0.20830845832824707,0.13684017956256866,0.11597451567649841,-0.2035353034734726,0.07200123369693756,-0.10347216576337814,0.17663531005382538,-0.12126683443784714,0.2653447091579437,-0.15027974545955658,-0.0050757043063640594,-0.005564747378230095,-0.08759205788373947,0.05166123807430267,-0.248392716050148,0.13093896210193634,0.20306046307086945,0.009910520166158676,-0.01868457905948162,0.13663943111896515,-0.20280402898788452,0.046986229717731476,-0.10716674476861954,-0.014942317269742489
15.0,-0.17216575145721436,-0.11809812486171722,-0.21059346199035645,0.2051403671503067,0.2648240923881531,-0.0037864530459046364,-0.23654739558696747,-0.26331856846809387,-0.23124906420707703,0.0063109491020441055,-0.014835617505013943,0.14806076884269714,-0.010557700879871845,-0.010560544207692146,-0.1294092983007431,-0.09126035869121552,-0.027947455644607544,0.21163275837898254,-0.23404911160469055,0.10169753432273865,-0.053926292806863785,-0.0779968798160553,-0.033624373376369476,0.13062886893749237,-0.04865238815546036,-0.248625710606575,-0.19081133604049683,-0.1549104005098343,0.19374394416809082,-0.4838288426399231,0.1460481733083725,0.10790200531482697,-0.13924945890903473,-0.3565334677696228,-0.2506546378135681,0.046455711126327515,-0.023794516921043396,-0.10898482799530029,-0.15418465435504913,0.14690546691417694,-0.0031525997910648584,-0.29456451535224915,0.05508262291550636,-0.14827299118041992,0.10514930635690689,-0.04998558759689331,-0.0023259976878762245,-0.08014210313558578,0.051381126046180725,-0.16983847320079803,-0.01744953915476799,-0.18099884688854218,-0.272804856300354,-0.30975857377052307,-0.0701899379491806,0.27737852931022644,0.20226244628429413,-0.0052864826284348965,-0.0540599599480629,0.27207157015800476,0.008230196312069893,0.268400639295578,0.08675164729356766,-0.011970355175435543
16.0,0.0773032158613205,-0.1865355223417282,-0.040327370166778564,0.09676729142665863,0.14740686118602753,0.18657243251800537,-0.09924758970737457,-0.049329083412885666,-0.4000213146209717,-0.3297310173511505,-0.052109118551015854,0.026868633925914764,-0.3050485849380493,-0.34457826614379883,-0.1576889604330063,-0.2006736844778061,-0.0004524686955846846,0.25252074003219604,-0.2134055644273758,-0.1591300219297409,0.05870778113603592,0.12377803027629852,0.25699135661125183,-0.2863486707210541,0.4346507489681244,-0.05557592585682869,-0.0712265595793724,-0.2690986692905426,0.23273898661136627,-0.620512068271637,-0.0006471439264714718,-0.12893997132778168,-0.23479151725769043,-0.09190740436315536,-0.1424105167388916,0.1655888706445694,0.16910120844841003,-0.025897059589624405,-0.07720881700515747,0.4590483009815216,-0.010939613915979862,-0.0763351246714592,-0.10963784903287888,-0.04143187403678894,-0.08060851693153381,-0.03532000258564949,0.19289535284042358,-0.12294173240661621,0.2534675598144531,0.057072483003139496,0.11846388876438141,-0.27624234557151794,-0.5870364308357239,-0.015582668595016003,0.314949631690979,0.208359494805336,0.1253918558359146,-0.12568597495555878,-0.1930641084909439,0.017888128757476807,-0.38536861538887024,0.33286064863204956,0.23284482955932617,-0.24742040038108826
17.0,-0.020837511867284775,-0.18940216302871704,-0.22128702700138092,0.169127956032753,0.08039358258247375,-0.08937682211399078,-0.23309047520160675,-0.09664050489664078,-0.12572290003299713,-0.19746319949626923,-0.3241388201713562,-0.030788583680987358,-0.17436480522155762,0.04313577339053154,-0.161298468708992,0.06920269876718521,0.03434332087635994,-0.0006679908838123083,-0.013910670764744282,0.22348476946353912,0.1695757359266281,0.050718098878860474,0.2365160584449768,0.10470008105039597,-0.13618452847003937,-0.028687920421361923,-0.20974360406398773,-0.05274678394198418,0.13313861191272736,-0.5759408473968506,0.20743432641029358,0.08378587663173676,-0.10191477835178375,-0.25791823863983154,0.007578951306641102,0.02906002104282379,-0.1795356720685959,0.039303530007600784,-0.40690547227859497,0.199031263589859,-0.10752040147781372,-0.09889275580644608,0.013247638009488583,-0.17624931037425995,0.1485261768102646,-0.008190864697098732,0.06665283441543579,-0.20738784968852997,0.31973856687545776,-0.21348339319229126,-0.005452638491988182,-0.12621437013149261,0.02504541352391243,-0.18255063891410828,0.04525630548596382,0.14519575238227844,0.048725247383117676,0.13939453661441803,-0.041384052485227585,0.06353457272052765,-0.2013445347547531,0.14292889833450317,0.022448280826210976,0.23058177530765533
18.0,-0.18883173167705536,-0.15795378386974335,-0.3373543322086334,0.1767445206642151,0.12123192846775055,0.036202192306518555,-0.2691628038883209,-0.09077399224042892,-0.17400088906288147,0.08677321672439575,0.05431852862238884,0.04602837190032005,-0.09768062829971313,-0.09519489854574203,-0.09589933604001999,-0.22891850769519806,0.08148922771215439,0.2072729468345642,-0.13881489634513855,-0.08351096510887146,0.025970716029405594,0.1681673675775528,-0.05538493022322655,0.1438312828540802,0.09983935207128525,-0.21709267795085907,-0.2770909368991852,-0.1265028566122055,0.1256960928440094,-0.2874535322189331,0.1751970499753952,0.12288767844438553,-0.24395635724067688,-0.11436060816049576,-0.023695291951298714,-0.012666752561926842,-0.032291024923324585,-0.2516971826553345,-0.1913919597864151,0.0742497593164444,0.04812578856945038,-0.20562559366226196,0.19305510818958282,-0.17467299103736877,0.1691175103187561,-0.07104941457509995,0.05773741379380226,-0.08224509656429291,0.1335509866476059,-0.16264232993125916,0.014740892685949802,-0.05264994874596596,-0.1298590451478958,-0.23098668456077576,-0.029158074408769608,0.22709396481513977,-0.051998816430568695,0.060652777552604675,-0.11018377542495728,0.24917927384376526,-0.024237193167209625,0.2392444610595703,0.0789894089102745,-0.0969356819987297
19.0,0.015486152842640877,0.009691299870610237,-0.1994164139032364,0.14661239087581635,0.19799557328224182,-0.060248762369155884,-0.1902715414762497,-0.1630842536687851,-0.09795869886875153,0.005922038573771715,-0.1521451473236084,0.2390867918729782,-0.07455842941999435,-0.16692736744880676,-0.10841640084981918,-0.08059988170862198,-0.02409525215625763,0.08799964934587479,-0.1521705836057663,-0.02457074634730816,0.0847858339548111,-0.0836053416132927,-0.08097710460424423,0.18384429812431335,0.0323575958609581,-0.27980148792266846,0.09331659227609634,-0.30434006452560425,0.2023564577102661,-0.3532504439353943,0.2113857865333557,0.15721599757671356,-0.2678137719631195,-0.21922041475772858,-0.20249362289905548,-0.042255740612745285,-0.13848137855529785,-0.07366824895143509,-0.21330586075782776,0.1203363910317421,-0.011584275402128696,-0.346385657787323,0.1602037101984024,-0.15659773349761963,-0.050577085465192795,0.020008059218525887,-0.021382184699177742,0.005569913424551487,0.2800825536251068,-0.09020055830478668,0.03565498813986778,0.03069276176393032,-0.1389140784740448,-0.14877599477767944,-0.1845710724592209,0.2684245705604553,-0.027834082022309303,0.22302931547164917,-0.17760533094406128,0.062899649143219,0.06488090008497238,0.19394969940185547,0.18779486417770386,-0.09200121462345123
20.0,0.22075603902339935,-0.3156549334526062,0.010094922035932541,0.24922886490821838,-0.07207003980875015,-0.09930261224508286,-0.20343098044395447,-0.1712641716003418,-0.21508437395095825,-0.1418740153312683,-0.460660845041275,-0.04684581980109215,-0.42445307970046997,-0.3095835745334625,-0.1713934987783432,-0.012058580294251442,-0.050562068819999695,0.12913362681865692,-0.03214793652296066,-0.04607931151986122,0.16523438692092896,0.28636908531188965,0.05545511096715927,0.0379856638610363,0.33947113156318665,-0.14568644762039185,0.21791619062423706,-0.2811462879180908,0.1155790388584137,-0.6330145597457886,0.06502377986907959,-0.006976548582315445,-0.25898951292037964,-0.01734555885195732,0.14051781594753265,-0.061407845467329025,-0.13386619091033936,-0.023910049349069595,-0.11765395104885101,0.26539236307144165,-0.1690024882555008,0.05694638565182686,0.1667570173740387,-0.18458132445812225,-0.07626159489154816,0.15430302917957306,0.0855071097612381,-0.30814844369888306,-0.005670893006026745,-0.12105704843997955,0.029347427189350128,-0.17307469248771667,-0.18348947167396545,-0.07905711233615875,0.06717948615550995,0.2712366580963135,0.05881553515791893,0.2164110243320465,-0.0622929185628891,0.1397128850221634,-0.24447789788246155,-0.02582152560353279,0.14232367277145386,0.040122825652360916
21.0,-0.030497662723064423,-0.19486437737941742,-0.10451851785182953,0.15719367563724518,0.10819490253925323,-0.0035491553135216236,-0.2998960018157959,-0.044592659920454025,-0.15463045239448547,0.039956480264663696,-0.26828399300575256,0.044828686863183975,-0.17747916281223297,0.012759286910295486,0.03297135606408119,0.07764596492052078,0.008370952680706978,0.04351090267300606,-0.12532450258731842,0.20119264721870422,-0.13630837202072144,-0.09341486543416977,0.23427452147006989,-0.14028553664684296,-0.04065399616956711,-0.09326129406690598,-0.20771995186805725,-0.0938514992594719,0.31479743123054504,-0.5617800354957581,0.06152494624257088,0.21067611873149872,-0.06867414712905884,-0.1593376249074936,-0.17790740728378296,0.19388727843761444,0.04020082950592041,-0.04641367867588997,-0.13432326912879944,0.049036018550395966,-0.015221893787384033,-0.12371949851512909,0.12944652140140533,-0.022689230740070343,0.017534352838993073,0.04486877843737602,0.1422899067401886,-0.06357724219560623,0.30043190717697144,-0.06939765065908432,0.005960642360150814,0.14436933398246765,-0.024575717747211456,-0.025895779952406883,-0.023511813953518867,0.174563929438591,-0.11225508153438568,0.24441620707511902,-0.03355291113257408,0.046591781079769135,-0.0257567185908556,0.221739262342453,0.0634208396077156,-0.028415776789188385
22.0,-0.06778242439031601,-0.33054473996162415,-0.2869517207145691,0.14611026644706726,0.218598410487175,-0.005319359712302685,-0.3851042091846466,-0.25986191630363464,-0.3167465329170227,0.19363746047019958,0.007568725384771824,-0.05299576371908188,-0.022722817957401276,-0.07144836336374283,0.050668273121118546,-0.07129590958356857,-0.06704322248697281,0.10573752969503403,-0.300884872674942,0.06967838108539581,-0.2641553580760956,0.17284585535526276,-0.16791239380836487,0.13683488965034485,0.2457333654165268,-0.32665783166885376,-0.3752110004425049,-0.16019628942012787,0.25147682428359985,-0.172775000333786,-0.08154630661010742,0.0355856828391552,-0.3335897624492645,0.06573337316513062,-0.20658618211746216,0.241737499833107,0.09613911062479019,-0.3590194582939148,-0.2376779019832611,0.1306438446044922,0.03997145593166351,0.03165803849697113,0.19083014130592346,-0.20081600546836853,-0.0435742624104023,0.10480761528015137,0.33203503489494324,-0.15165968239307404,-0.14983847737312317,-0.00436319038271904,-0.0936179831624031,-0.06833794713020325,-0.2165353000164032,-0.09196090698242188,0.1790778636932373,0.3730790913105011,-0.04426579177379608,0.09643351286649704,-0.07800893485546112,0.28571179509162903,0.2232726812362671,0.37314239144325256,0.1518009752035141,-0.03939288109540939
23.0,-0.08160600811243057,-0.11823069304227829,-0.14199142158031464,0.36868953704833984,0.09797614812850952,-0.13203321397304535,-0.26163873076438904,-0.02111995406448841,-0.19645372033119202,0.20646385848522186,-0.1621573567390442,-0.03185160830616951,-0.18847601115703583,0.026734212413430214,0.04092109203338623,-0.14698189496994019,-0.012426459230482578,0.11825115233659744,-0.2502548098564148,0.07527963817119598,-0.16137824952602386,-0.08033064007759094,-0.009672891348600388,0.08005771040916443,-0.1572161167860031,-0.2191300392150879,-0.024590469896793365,-0.05613734573125839,0.3440597355365753,-0.5082147717475891,0.010064080357551575,0.12518121302127838,-0.018892310559749603,-0.011482004076242447,0.05962575599551201,-0.21300145983695984,0.04974520578980446,-0.05263631418347359,0.14233194291591644,0.04625437408685684,0.012606648728251457,-0.16302534937858582,0.28082072734832764,-0.0263824425637722,0.11913605779409409,0.05527174472808838,0.17327985167503357,0.006727817002683878,-0.03551170602440834,-0.18329736590385437,0.1675802320241928,0.10703867673873901,0.10030072927474976,-0.01661430485546589,-0.041583288460969925,0.30292758345603943,-0.2378445416688919,-0.0010175749193876982,-0.023631185293197632,0.08094502985477448,0.12582601606845856,0.1542997509241104,-0.03690602630376816,-0.13660603761672974
24.0,-0.16905364394187927,-0.2660446763038635,-0.22226619720458984,0.18334472179412842,0.39388930797576904,-0.11370313167572021,-0.16470392048358917,-0.2654719650745392,-0.25309884548187256,0.09431953728199005,-0.05306939780712128,0.14568236470222473,-0.11364445090293884,-0.15120400488376617,-0.11234550923109055,-0.07105597853660583,0.038025300949811935,0.19367115199565887,-0.30964505672454834,0.019300445914268494,0.14290621876716614,-0.11086603999137878,0.17303717136383057,0.011859457939863205,-0.1356605589389801,-0.2812371551990509,-0.09385956078767776,-0.12367173284292221,0.305982768535614,-0.49732837080955505,0.046173401176929474,0.1332082748413086,-0.23065786063671112,-0.1564609855413437,-0.1541919708251953,-0.17285922169685364,0.05629854276776314,-0.2506144642829895,-0.17398206889629364,0.23249788582324982,0.020655734464526176,-0.3434102237224579,0.07724769413471222,-0.12179536372423172,0.07867147773504257,0.009173599071800709,0.21507048606872559,-0.06164319068193436,0.08901140838861465,0.04178381338715553,-0.02218819037079811,0.022977104410529137,-0.20276151597499847,-0.10765879601240158,0.09318065643310547,0.3259468376636505,-0.06009106710553169,0.021565861999988556,-0.11499800533056259,0.07716362923383713,0.09318649023771286,0.4827306270599365,0.19288420677185059,0.00011138594709336758
25.0,0.08314134180545807,-0.23489175736904144,-0.11199061572551727,0.10647913068532944,0.13855530321598053,0.11870823055505753,-0.19354192912578583,0.012812652625143528,-0.08441982418298721,0.07741554826498032,-0.22110681235790253,0.12864145636558533,-0.24686308205127716,-0.27881577610969543,-0.15817752480506897,-0.1080828532576561,-0.050489626824855804,0.22542980313301086,0.016036637127399445,-0.0671641081571579,0.23313240706920624,0.010373260825872421,0.1197110190987587,-0.09640894830226898,0.21099598705768585,-0.2618226706981659,0.16417920589447021,-0.09336714446544647,0.34646403789520264,-0.5893182158470154,0.16448093950748444,0.13340094685554504,-0.14268290996551514,-0.022253897041082382,-0.2019168734550476,-0.003747724462300539,0.004228257108479738,0.04375460371375084,-0.1535084992647171,0.1316852867603302,0.07699932903051376,-0.23122389614582062,0.267902135848999,-0.12719371914863586,-0.09986002743244171,0.1514877825975418,0.08833552151918411,0.06474578380584717,0.4198209047317505,-0.0017672174144536257,0.14547990262508392,0.2101668417453766,-0.05102904140949249,0.09659053385257721,-0.2383485585451126,0.3639012575149536,-0.05924919992685318,0.13939639925956726,-0.06649074703454971,0.07630380243062973,-0.0333828367292881,0.20912732183933258,0.06010229140520096,-0.07798442244529724
26.0,-0.1289149969816208,-0.09267671406269073,-0.2972760498523712,0.10285958647727966,0.07270064204931259,-0.019864913076162338,-0.19460687041282654,0.042956989258527756,-0.09750233590602875,0.23939299583435059,0.009325341321527958,0.13640528917312622,-0.18474073708057404,-0.0414251945912838,-0.02898927591741085,-0.23358561098575592,0.11584309488534927,0.23430541157722473,-0.11137910932302475,-0.015035911463201046,0.03709402307868004,0.020682891830801964,-0.0366164930164814,0.06412668526172638,0.11176224797964096,-0.2737436294555664,-0.026896215975284576,-0.1006682813167572,0.1847776621580124,-0.36481428146362305,0.11929979920387268,0.07587169110774994,-0.2555367946624756,-0.06759767234325409,-0.10591763257980347,0.07092791795730591,0.05846063792705536,-0.14107680320739746,-0.09676613658666611,0.01489307265728712,0.04854055121541023,-0.16562190651893616,0.2635418474674225,-0.10265273600816727,0.0715874508023262,-0.02114729955792427,0.03495045006275177,0.03385882079601288,0.12471047788858414,-0.05994279310107231,0.14362892508506775,0.030460193753242493,-0.05348477512598038,-0.04139728844165802,-0.2711183428764343,0.25027328729629517,-0.07520201057195663,-0.01617705263197422,-0.047618746757507324,0.10448727756738663,-0.012236750684678555,0.22482608258724213,0.054051969200372696,-0.15617886185646057
27.0,-0.15415793657302856,-0.2585841715335846,-0.2802112102508545,0.13394883275032043,-0.014136945828795433,0.2706218957901001,-0.18810990452766418,0.2340484857559204,0.06678280979394913,0.004947058856487274,-0.06470870971679688,0.18790708482265472,-0.22132867574691772,-0.05549228936433792,-0.12805098295211792,-0.16951996088027954,0.021329736337065697,0.25138360261917114,0.04483041167259216,0.08669061213731766,0.05010032281279564,0.18863138556480408,0.1722002476453781,-0.0006950111128389835,0.22556713223457336,-0.22321286797523499,-0.4367392063140869,0.0754583552479744,0.035383593291044235,-0.6093694567680359,0.11298771947622299,0.079957515001297,-0.17063528299331665,-0.1014183834195137,-0.16711848974227905,0.20934395492076874,-0.05880584567785263,-0.17947348952293396,-0.14989899098873138,0.058765072375535965,0.0761449858546257,-0.2171182632446289,0.27774688601493835,-0.22091707587242126,0.08122342079877853,0.031899720430374146,0.029559209942817688,-0.06785803288221359,0.30990126729011536,-0.3361889719963074,0.0006822529248893261,-0.03892894834280014,0.07249391824007034,-0.132567897439003,-0.2969014644622803,0.228738933801651,0.2238684445619583,0.11334221065044403,-0.032093316316604614,0.26005712151527405,-0.12258321791887283,0.02998967468738556,-0.17044180631637573,-0.10262677073478699
28.0,-0.008271792903542519,-0.5626925826072693,-0.23673179745674133,0.0955895259976387,0.2526437044143677,0.0853257030248642,-0.15048903226852417,0.019146526232361794,-0.2399337887763977,0.20305302739143372,-0.09497960656881332,0.16202744841575623,-0.317180335521698,-0.10767602175474167,-0.14547252655029297,-0.11345035582780838,-0.005657220259308815,0.3082405924797058,-0.2100553661584854,0.0015878607518970966,0.1400153487920761,-0.07194000482559204,0.35506388545036316,-0.24968752264976501,0.20007812976837158,-0.2035009115934372,-0.1367196887731552,-0.019698359072208405,0.3453061878681183,-0.5170744061470032,0.04170799255371094,0.17202962934970856,-0.019009394571185112,0.048118166625499725,-0.25187256932258606,0.1632358282804489,0.11491077393293381,-0.13294093310832977,-0.2069968730211258,0.10187716782093048,0.01136647630482912,-0.12371016293764114,0.17074145376682281,-0.2395685613155365,-0.034947991371154785,0.10914845764636993,0.22548237442970276,0.026076240465044975,0.3336922526359558,-0.009650161489844322,0.009011578746140003,0.21630702912807465,-0.0019930351991206408,0.1665414422750473,-0.1377938985824585,0.30755630135536194,-0.031139174476265907,0.08308344334363937,-0.03391330689191818,0.007920647971332073,-0.002192926127463579,0.5075569152832031,0.04767491668462753,0.06660927087068558
29.0,-0.031148158013820648,0.04376040771603584,-0.07421419024467468,0.24722477793693542,-0.02847154438495636,-0.048864953219890594,-0.21374890208244324,-0.08637319505214691,-0.26259857416152954,-0.008040099404752254,-0.10859598964452744,0.1709291636943817,-0.2326769083738327,-0.053023967891931534,0.04268762469291687,-0.24054484069347382,0.04728340357542038,0.1360670030117035,-0.20818088948726654,0.03367311879992485,-0.16354522109031677,0.006975461263209581,-0.10668759793043137,-0.07274190336465836,0.17524507641792297,-0.1241273358464241,0.008476726710796356,-0.24627453088760376,0.16881883144378662,-0.3691743314266205,0.05125484615564346,0.17166811227798462,-0.07861068844795227,-0.10107439011335373,-0.0616060234606266,0.06802885234355927,-0.08279549330472946,-0.03611404076218605,-0.025346601381897926,-0.037695374339818954,-0.14162567257881165,0.09494467079639435,0.12546078860759735,-0.04393744841217995,0.083780936896801,-0.12291412800550461,-0.11540310829877853,-0.011794456280767918,0.12310241162776947,-0.0997772216796875,0.1615312695503235,-0.07072044163942337,-0.14155572652816772,-0.0798165425658226,-0.1575022041797638,0.17058958113193512,0.008803254924714565,0.06546734273433685,-0.002213551662862301,0.2540336549282074,-0.07461845129728317,0.14185433089733124,-0.0026895597111433744,-0.18672655522823334
30.0,-0.13839268684387207,-0.29616689682006836,-0.10989677906036377,0.13237357139587402,0.2706787884235382,0.07263865321874619,-0.33083152770996094,-0.25638988614082336,-0.21422022581100464,0.07390479743480682,-0.10419239103794098,0.14241178333759308,-0.14095650613307953,-0.03191234916448593,-0.12941758334636688,-0.06239158660173416,-0.0202430859208107,0.10442614555358887,-0.17307214438915253,0.183207705616951,-0.10410673171281815,-0.029507413506507874,0.14880530536174774,-0.060051582753658295,-0.10798098146915436,-0.2655528485774994,-0.2701639235019684,-0.03531961143016815,0.24007515609264374,-0.43667295575141907,-0.17142103612422943,0.05517904832959175,-0.08221040666103363,-0.07708543539047241,-0.19662779569625854,0.027454519644379616,-0.021873563528060913,-0.2886619567871094,-0.26220929622650146,0.03249344602227211,-0.05658496916294098,-0.08310168981552124,0.20214413106441498,-0.21702729165554047,0.02153944969177246,0.13650158047676086,0.0952945426106453,-0.16712479293346405,0.06642094999551773,0.05280457064509392,-0.12792007625102997,0.013151667080819607,-0.051169659942388535,-0.033212557435035706,0.014804886654019356,0.13719812035560608,0.022428633645176888,0.25082701444625854,-0.03230995312333107,0.236345112323761,0.12187165766954422,0.33753761649131775,0.08640550076961517,0.07455530017614365
31.0,-0.12247493863105774,-0.25613027811050415,0.044760242104530334,0.24172119796276093,0.16273267567157745,-0.034292072057724,-0.28520911931991577,-0.29321762919425964,-0.3589882254600525,-0.05181229114532471,-0.3638119399547577,0.1275233030319214,-0.3486495912075043,-0.15444844961166382,-0.30909547209739685,0.01757052168250084,0.021564217284321785,0.10845298320055008,-0.08770535886287689,0.03254358470439911,-0.0577390156686306,-0.09402243793010712,0.18910261988639832,-0.015444960445165634,-0.303867369890213,-0.17659786343574524,-0.06908668577671051,-0.1884198784828186,0.14653487503528595,-0.4960119426250458,0.0016844836063683033,0.10452864319086075,-0.031263306736946106,-0.22288213670253754,0.07929464429616928,-0.16354775428771973,-0.01643320545554161,-0.08726244419813156,-0.05998041480779648,0.09800764173269272,-0.16360758244991302,-0.3745283782482147,0.17180152237415314,-0.11191783100366592,0.0448576994240284,0.131647527217865,0.15473546087741852,-0.06773457676172256,0.14207549393177032,-0.13814550638198853,-0.13911597430706024,0.11940719187259674,-0.0794580951333046,-0.20953667163848877,0.020274603739380836,0.09560374170541763,-0.03433210775256157,0.3664220869541168,-0.15400005877017975,0.12119114398956299,0.10913059115409851,0.18586157262325287,0.21022972464561462,-0.010454919189214706
32.0,0.2688342332839966,-0.225030779838562,-0.4192274510860443,0.260929673910141,0.21954162418842316,-0.3225088119506836,0.11079830676317215,-0.04656577482819557,-0.12309905886650085,0.18347275257110596,-0.006618401501327753,0.2315056025981903,-0.04450341686606407,0.1082015410065651,0.07312418520450592,-0.14745482802391052,-0.021788232028484344,0.161017507314682,-0.4941105842590332,-0.10361770540475845,0.11650539934635162,-0.18237575888633728,0.08147978782653809,0.3015156388282776,0.1798534393310547,-0.22780616581439972,0.200516939163208,-0.2567344307899475,0.13670773804187775,-0.48410046100616455,0.10813633352518082,0.04219242185354233,-0.22710660099983215,-0.12342701107263565,-0.16756987571716309,-0.06092105805873871,-0.20690031349658966,-0.1379065066576004,-0.06298469752073288,0.27299100160598755,0.030427465215325356,-0.13086232542991638,0.07483643293380737,-0.3410530388355255,-0.09868233650922775,-0.1078966036438942,0.00438492139801383,-0.1514366865158081,-0.04649887606501579,-0.09506848454475403,0.10832510888576508,-0.0774553045630455,-0.1449134349822998,0.02901034615933895,-0.06677763909101486,0.3431912660598755,0.06348153948783875,0.07077226787805557,-0.17280355095863342,-0.2140960842370987,-0.13425441086292267,0.23436172306537628,0.2708231508731842,0.10455741733312607
33.0,-0.06004839763045311,-0.011004594154655933,-0.11663330346345901,0.2222403734922409,-0.08449119329452515,-0.17407427728176117,-0.3279173672199249,-0.03503096476197243,-0.2005888670682907,-0.012993661686778069,-0.24126660823822021,0.18415233492851257,-0.2935185134410858,0.01629866659641266,0.0436728298664093,-0.027598433196544647,0.06504848599433899,0.03493012115359306,-0.18196488916873932,0.1451191008090973,-0.21007730066776276,0.012326432392001152,-0.03360011428594589,0.018739307299256325,0.10649372637271881,-0.0726589784026146,-0.15170298516750336,-0.2965339124202728,0.049580227583646774,-0.33765724301338196,0.1261681616306305,0.2506847679615021,-0.16303618252277374,-0.19883039593696594,-0.03557370975613594,0.23647534847259521,-0.12727385759353638,-0.08066744357347488,-0.1235782727599144,-0.0993405282497406,-0.18079356849193573,-0.033455751836299896,0.13542349636554718,-0.08497987687587738,0.0716717541217804,-0.09036248177289963,-0.044452279806137085,-0.05554087087512016,0.14661014080047607,-0.2763793468475342,0.05395698547363281,-0.0220854040235281,0.04846450686454773,-0.17469356954097748,-0.24370379745960236,0.17862413823604584,-0.05205197259783745,0.2413254678249359,-0.012532205320894718,0.13716934621334076,0.03700217232108116,0.061618100851774216,0.019853614270687103,-0.10512467473745346
34.0,-0.1657673865556717,-0.18156017363071442,-0.2569991648197174,0.055910058319568634,0.05780181661248207,0.01001347042620182,-0.35257476568222046,-0.0683048740029335,-0.09890883415937424,0.0739898756146431,-0.03872988373041153,-0.018786359578371048,-0.15043558180332184,-0.14184442162513733,-0.0954943299293518,-0.1059013158082962,0.053852956742048264,0.08728619664907455,-0.0794907808303833,-0.009677458554506302,-0.06579281389713287,0.2452562153339386,0.040365200489759445,0.1162324994802475,0.12417931854724884,-0.1685352325439453,-0.2725583612918854,-0.11217370629310608,0.08441609889268875,-0.4023924171924591,0.0032098405063152313,-0.022030862048268318,-0.3942561447620392,-0.14916011691093445,-0.025736700743436813,0.24301542341709137,0.040807634592056274,-0.28760451078414917,-0.18219588696956635,0.12162353843450546,0.08193793147802353,-0.2460850328207016,0.23803186416625977,-0.15133704245090485,0.03450010344386101,0.0766516700387001,0.050320785492658615,-0.19337256252765656,0.04138486832380295,-0.06270728260278702,-0.04445615038275719,-0.12125442177057266,-0.11522707343101501,-0.22796675562858582,0.0030941274017095566,0.17323927581310272,-0.13655859231948853,0.1672632247209549,-0.09010417014360428,0.14218059182167053,-0.05660145357251167,0.20113059878349304,0.20273707807064056,-0.1512378305196762
35.0,0.030545471236109734,0.07358105480670929,-0.05695497617125511,0.23330506682395935,0.030179589986801147,-0.15082073211669922,-0.1739611029624939,-0.18765883147716522,-0.22933432459831238,-0.10100279003381729,-0.2750353217124939,0.41578593850135803,-0.24226149916648865,0.08546001464128494,0.05459265038371086,-0.045559775084257126,0.03572247177362442,-0.04178060218691826,-0.3869139552116394,0.05576258525252342,-0.2890457212924957,-0.19527186453342438,0.1066989153623581,0.03530453145503998,0.029162487015128136,-0.0971207395195961,-0.03336961939930916,-0.37735047936439514,0.03761924430727959,-0.3741118311882019,-0.058410923928022385,0.20450420677661896,-0.0913955569267273,-0.2732269763946533,-0.20369689166545868,0.1419888287782669,-0.2765324115753174,-0.17238226532936096,-0.09655323624610901,-0.08318814635276794,-0.22317008674144745,0.0048520988784730434,0.1651807576417923,-0.0675923153758049,-0.03014693595468998,-0.0632881447672844,-0.19769631326198578,-0.11379433423280716,0.06420969218015671,-0.1448957622051239,0.04269866272807121,-0.08118803054094315,-0.019358644261956215,-0.16632194817066193,-0.1594451516866684,0.044957950711250305,0.013947946950793266,0.4270589351654053,-0.062286920845508575,0.018407005816698074,-0.01492499839514494,0.20585249364376068,0.21644996106624603,-0.08826209604740143
36.0,-0.026732919737696648,-0.15736553072929382,-0.39920279383659363,0.19559118151664734,0.30570581555366516,-0.16134025156497955,-0.06025639921426773,-0.2000868320465088,-0.29053398966789246,0.10706353932619095,0.02490398660302162,0.1358611285686493,-0.02364053577184677,-0.07776974141597748,-0.03846191614866257,-0.1346842348575592,0.037373557686805725,0.17675529420375824,-0.32037487626075745,-0.0222235769033432,0.15247978270053864,-0.07663062959909439,0.04465235024690628,0.2282600700855255,-0.0037561752833426,-0.30584532022476196,-0.09981793165206909,-0.18579021096229553,0.21645064651966095,-0.35923704504966736,0.2356085330247879,0.10272999107837677,-0.26621386408805847,-0.1279098242521286,-0.18733225762844086,-0.09883669018745422,0.02428128570318222,-0.12797236442565918,-0.19089621305465698,0.2763603925704956,0.08471383154392242,-0.29574474692344666,0.018487682566046715,-0.14022815227508545,0.07694543153047562,-0.06768099218606949,0.20781849324703217,-0.005685409996658564,0.09190472960472107,-0.007260143291205168,0.08416689932346344,-0.06444548070430756,-0.26637232303619385,-0.1262197047472,0.062252189964056015,0.3827674388885498,0.04375699535012245,-0.07166626304388046,-0.16884206235408783,0.032363127917051315,-0.0029741995967924595,0.3986242711544037,0.22045190632343292,-0.01080851536244154
37.0,-0.06398145109415054,-0.039034221321344376,-0.2727065682411194,0.16430272161960602,0.030362524092197418,0.11782997846603394,-0.40665146708488464,0.022890247404575348,-0.20383450388908386,0.1251094937324524,-0.05303414165973663,-0.004853604361414909,-0.12440783530473709,0.14075690507888794,0.10590433329343796,-0.2935347855091095,0.09656967967748642,0.10652703046798706,-0.15438397228717804,0.11838133633136749,-0.23616021871566772,0.1503905951976776,-0.11010704934597015,0.018423015251755714,0.16315968334674835,-0.205577090382576,-0.29251939058303833,-0.06567709147930145,0.25271356105804443,-0.33517521619796753,-0.08875398337841034,0.06328778713941574,-0.16509222984313965,0.017349492758512497,-0.14878910779953003,0.17534370720386505,-0.03408042713999748,-0.17665451765060425,-0.32234326004981995,-0.0907401517033577,-0.05378114804625511,0.25513705611228943,0.33768802881240845,-0.13179676234722137,0.11874321103096008,-0.043651651591062546,0.02804071456193924,-0.07360153645277023,0.11518586426973343,-0.039333492517471313,0.20430345833301544,-0.07204798609018326,-0.011988827958703041,-0.005021232180297375,-0.1191016286611557,0.19245627522468567,-0.13050423562526703,0.08997827768325806,0.009492406621575356,0.28242167830467224,-0.04627043008804321,0.23185379803180695,-0.036742888391017914,-0.1252184957265854
38.0,-0.10553935915231705,-0.10123719274997711,-0.21355096995830536,0.44988787174224854,0.16120393574237823,0.04242991656064987,-0.22169755399227142,-0.20172715187072754,-0.23899351060390472,-0.12661753594875336,-0.23884020745754242,0.24824954569339752,-0.15264646708965302,-0.04320373013615608,-0.1782565414905548,-0.14141511917114258,-0.07651127129793167,0.14661704003810883,-0.40336230397224426,-0.15319061279296875,-0.16344434022903442,-0.16398298740386963,0.11216516047716141,0.16199487447738647,-0.10064171254634857,-0.13638627529144287,-0.18444667756557465,-0.3019746243953705,0.18900538980960846,-0.508117139339447,0.21496440470218658,0.2714047431945801,0.03216567635536194,-0.34587839245796204,-0.18407584726810455,-0.1670036017894745,-0.23073160648345947,-0.07647662609815598,0.10612224042415619,0.036908674985170364,-0.031811799854040146,-0.3864818215370178,0.2019742876291275,-0.10266976803541183,0.06646167486906052,0.014623155817389488,-0.08415836095809937,0.020328905433416367,0.23134377598762512,-0.449067622423172,0.028056500479578972,0.03300761803984642,0.01427549123764038,-0.35918566584587097,-0.09546730667352676,0.20200437307357788,-0.03400792181491852,0.25266730785369873,-0.11763019859790802,0.06791632622480392,0.02475808560848236,0.2909272015094757,0.09988252073526382,-0.11511585861444473
39.0,-0.13143448531627655,-0.1600845456123352,-0.11504724621772766,0.027111530303955078,0.15000750124454498,0.09748832881450653,-0.13777336478233337,0.027772894129157066,-0.4438900351524353,0.06036262586712837,-0.18786165118217468,0.17990900576114655,-0.47491157054901123,-0.03561476618051529,-0.3327166438102722,-0.13266928493976593,0.11726009845733643,0.2614137828350067,-0.04317818954586983,-0.14178434014320374,-0.008811460807919502,-0.07795622199773788,0.21572914719581604,-0.05063657835125923,0.1367112249135971,0.004984746221452951,-0.012600177899003029,-0.19220395386219025,0.023170068860054016,-0.14813734591007233,0.14222770929336548,-0.04318259283900261,-0.05996441841125488,-0.27646544575691223,-0.17226111888885498,0.1460256576538086,0.1297810673713684,-0.016066959127783775,-0.1239549070596695,0.04014104977250099,-0.12642282247543335,-0.04258262366056442,0.12426130473613739,-0.023228995501995087,0.12138256430625916,-0.0569070465862751,0.21838966012001038,0.1629837453365326,0.15055547654628754,-0.21266473829746246,0.14561516046524048,-0.07557854801416397,-0.2841510772705078,-0.24722400307655334,-0.1784716695547104,-0.06955887377262115,0.2859365940093994,0.04915390536189079,-0.08832250535488129,-0.050318095833063126,-0.20851042866706848,0.22602804005146027,0.16294977068901062,-0.1353205293416977
40.0,-0.01696196012198925,-0.05156046524643898,-0.3625423312187195,0.027279483154416084,-0.003753367345780134,-0.12042270600795746,-0.35603928565979004,0.06181411072611809,-0.09707149118185043,0.08169200271368027,0.08772045373916626,-0.16410242021083832,0.04038577526807785,0.04624004662036896,0.04343254119157791,-0.06547669321298599,0.032261140644550323,0.04391604661941528,-0.014557738788425922,0.010871552862226963,-0.0003309126477688551,0.24876409769058228,-0.23857782781124115,0.28133511543273926,0.18102425336837769,-0.13067692518234253,-0.2394646853208542,-0.13625521957874298,0.102152019739151,-0.022020559757947922,0.30291831493377686,0.11161226034164429,-0.2872278690338135,-0.0703524723649025,-0.008357775397598743,0.25064587593078613,-0.028005274012684822,-0.017768891528248787,-0.3795866072177887,0.010856661945581436,0.07437855005264282,-0.14873750507831573,0.11797886341810226,-0.1721304953098297,0.10145843774080276,-0.0756910964846611,0.10445169359445572,-0.02779291942715645,0.12930123507976532,-0.20640598237514496,0.10400151461362839,-0.04722204804420471,0.011007864028215408,-0.14705818891525269,-0.10418865084648132,0.35832998156547546,-0.22994865477085114,0.016590150073170662,-0.06275105476379395,0.1195320412516594,0.11660552769899368,0.07193029671907425,0.045997489243745804,0.009113240987062454
41.0,-0.21783344447612762,-0.12942691147327423,-0.24776257574558258,-0.1350146234035492,0.09966693073511124,0.12648384273052216,-0.4987473785877228,-0.040363993495702744,-0.23095719516277313,0.1376081258058548,0.03251408040523529,-0.007681932765990496,-0.2322920262813568,-0.059419259428977966,-0.20731087028980255,-0.1419353187084198,0.11779848486185074,0.10782648622989655,0.11956527084112167,-0.06597480922937393,-0.0206262469291687,0.21495753526687622,-0.029193036258220673,0.05710620433092117,0.08261757344007492,-0.18222849071025848,-0.27584847807884216,-0.0663224309682846,0.0923028439283371,0.10018036514520645,0.12133972346782684,0.0001957338536158204,-0.22443392872810364,-0.04919411987066269,-0.12351786345243454,0.1788843721151352,0.06545001268386841,-0.20911309123039246,-0.4686606526374817,-0.1666465848684311,0.0012477175332605839,-0.06394758075475693,0.32744768261909485,-0.17369791865348816,0.13964597880840302,0.07594656199216843,0.15171483159065247,0.060893464833498,0.1659880131483078,-0.024077799171209335,0.06765136867761612,0.018717316910624504,0.03388911858201027,-0.13644732534885406,-0.18860241770744324,0.07835904508829117,-0.14437569677829742,0.23719830811023712,-0.049768466502428055,0.19440047442913055,0.12436103075742722,0.2422761470079422,0.12130559980869293,-0.025904420763254166
42.0,-0.14212173223495483,-0.1636032611131668,-0.3067699372768402,0.09419550746679306,0.1676071584224701,-0.22668230533599854,-0.14544780552387238,-0.2135659158229828,-0.35726839303970337,0.04476424306631088,0.09904427826404572,-0.0014361694920808077,-0.18901069462299347,-0.15046201646327972,-0.18171635270118713,-0.21601544320583344,0.11569598317146301,0.15134042501449585,-0.2031116932630539,-0.08654282242059708,0.07025431841611862,0.14794710278511047,-0.09063870459794998,0.17341288924217224,0.14239798486232758,-0.10025865584611893,-0.016711318865418434,-0.24681079387664795,0.0687776505947113,-0.19951984286308289,0.13116678595542908,-0.1015666127204895,-0.35652247071266174,-0.1880616396665573,0.14653053879737854,0.045798201113939285,0.025495773181319237,-0.24424625933170319,-0.19356584548950195,0.3100591003894806,-0.08726395666599274,-0.07879915833473206,-0.05610429868102074,-0.23827342689037323,0.12973347306251526,-0.17717568576335907,0.1307447999715805,-0.16619864106178284,-0.008697755634784698,-0.058398451656103134,-0.049928802996873856,-0.254336416721344,-0.4263297915458679,-0.2359222024679184,0.22092141211032867,0.08380608260631561,0.08444146811962128,-0.055131666362285614,-0.1970154494047165,0.12323678284883499,-0.1581520140171051,0.28875333070755005,0.29185056686401367,-0.027402807027101517
43.0,-0.046188950538635254,-0.17381823062896729,-0.08602820336818695,0.07220911979675293,-0.04807473346590996,-0.15556859970092773,-0.34528622031211853,-0.10000954568386078,-0.24083468317985535,-0.0033484185114502907,0.00566898426041007,0.1002798080444336,-0.20085157454013824,-0.16666769981384277,-0.006301562767475843,0.02554197423160076,0.13292790949344635,0.23961448669433594,-0.19529969990253448,-0.22167588770389557,-0.054835621267557144,0.1737491637468338,-0.08698659390211105,-0.06046009436249733,0.3667501211166382,-0.033302534371614456,-0.12971027195453644,-0.4834023714065552,-0.09974822402000427,-0.06651584059000015,0.22736391425132751,0.33736833930015564,-0.3536542057991028,-0.22574937343597412,0.0252215676009655,0.33383798599243164,-0.00914811436086893,-0.18840302526950836,-0.14746099710464478,-0.05580126494169235,-0.08024853467941284,-0.3423614203929901,0.006997184827923775,-0.09198204427957535,0.007472049444913864,-0.1613920032978058,-0.013404681347310543,-0.08524736762046814,0.07032929360866547,-0.2119678109884262,-0.0928606241941452,0.014796740375459194,-0.20699171721935272,-0.26156944036483765,-0.19233796000480652,0.30547481775283813,-0.2440757304430008,0.20434866845607758,-0.11731315404176712,0.06481809914112091,0.11530658602714539,0.10791117697954178,0.23754344880580902,-0.17115290462970734
44.0,-0.01140324305742979,-0.2548570930957794,-0.1118830144405365,0.21164283156394958,0.1281680017709732,0.1641775369644165,-0.0738268569111824,-0.034068163484334946,-0.11621633917093277,-0.09999305009841919,-0.0385264977812767,0.2821691334247589,-0.18241383135318756,-0.22328299283981323,-0.10759949684143066,-0.25841206312179565,-0.028266413137316704,0.335034042596817,-0.19996173679828644,-0.14526453614234924,0.2031148076057434,0.0933612808585167,0.16305452585220337,-0.1815764307975769,0.3071401119232178,-0.2484014481306076,-0.051723986864089966,-0.11929529160261154,0.2566347122192383,-0.6081693768501282,0.12354515492916107,0.2989800274372101,-0.05250735580921173,-0.05396701395511627,-0.21429908275604248,-0.03582443296909332,-0.1274530291557312,-0.09748493134975433,-0.1440308541059494,0.08601325750350952,0.0060142893344163895,-0.16903692483901978,0.16723807156085968,-0.08865802735090256,0.028165804222226143,0.006719578057527542,-0.10057631880044937,-0.046698011457920074,0.3015539348125458,-0.09915435314178467,0.10474281013011932,0.0025376297999173403,-0.1352955400943756,-0.05832037702202797,-0.1700856238603592,0.3823070526123047,0.04057810455560684,0.09806866198778152,-0.0024968357756733894,0.272180438041687,-0.08882252126932144,0.334159791469574,0.002536521526053548,-0.08217823505401611
45.0,0.033271607011556625,-0.21226902306079865,-0.2817106544971466,0.19339516758918762,0.15608346462249756,-0.023671887814998627,-0.24796317517757416,-0.0673293024301529,-0.21196624636650085,0.17380811274051666,-0.08960674703121185,-0.18397144973278046,-0.03795890137553215,0.08001120388507843,-0.01932903751730919,-0.19166874885559082,0.05744664743542671,0.20710748434066772,-0.21304424107074738,-0.13431939482688904,0.011843295767903328,0.05117521062493324,-0.10809353739023209,0.10728158801794052,0.1539185494184494,-0.12870806455612183,0.057551100850105286,-0.1292601078748703,0.3341892957687378,-0.30778005719184875,0.07108569145202637,0.04103069007396698,-0.17298245429992676,-0.0659465417265892,-0.04953048378229141,-0.012851817533373833,-0.013732202351093292,-0.01972820796072483,-0.18013471364974976,0.12585154175758362,0.02494514361023903,0.0844205990433693,0.19974511861801147,-0.09148076176643372,0.05450926348567009,-0.026523379608988762,0.16287383437156677,-0.04790510982275009,0.060617413371801376,-0.0810193419456482,0.17753151059150696,0.03166205808520317,-0.14347964525222778,-0.031021736562252045,0.009843296371400356,0.28882503509521484,-0.2176491618156433,-0.10592246800661087,-0.029181020334362984,0.001261526020243764,-0.06243482232093811,0.2933168113231659,0.08621149510145187,0.010460922494530678
46.0,0.08096017688512802,-0.04468075558543205,-0.19589456915855408,-0.04818558692932129,-0.08353367447853088,-0.38419821858406067,-0.1012917160987854,0.09138782322406769,-0.2041892260313034,0.04835960641503334,0.02794666402041912,0.2386397123336792,-0.34263110160827637,-0.03564118593931198,0.08989189565181732,0.03361143171787262,0.2442408949136734,0.25283870100975037,-0.2851485013961792,-0.3113487958908081,0.1903986930847168,0.08889683336019516,0.1362808644771576,-0.022171631455421448,0.47886738181114197,0.028697146102786064,0.15148702263832092,-0.4782158434391022,-0.18077127635478973,-0.021612590178847313,0.3158987760543823,0.2621246576309204,-0.4090840816497803,-0.20927020907402039,-0.08658237010240555,0.35987547039985657,0.010754707269370556,-0.06219850480556488,-0.17621001601219177,-0.07616429775953293,-0.04615135118365288,-0.22697274386882782,-0.023553822189569473,0.03824593871831894,0.032337967306375504,-0.2515850067138672,-0.02116975374519825,0.01641620136797428,-0.04709947481751442,-0.12290843576192856,0.2535744607448578,-0.12236756086349487,-0.1381920427083969,-0.15314950048923492,-0.3373693823814392,0.3302533030509949,-0.22137033939361572,0.035375796258449554,-0.02621869370341301,-0.29835283756256104,-0.1161293014883995,0.17298559844493866,0.3248700201511383,-0.1401272416114807
47.0,-0.13292545080184937,-0.0921366959810257,-0.17657093703746796,0.10083890706300735,-0.04009851813316345,-0.03775975853204727,-0.36890140175819397,-0.08486972004175186,-0.25970709323883057,0.12935659289360046,0.04443264752626419,0.005681043490767479,-0.1536588817834854,-0.037422969937324524,-0.0533294714987278,-0.12367445230484009,0.07551854848861694,0.18583564460277557,-0.12013375014066696,0.05385318398475647,-0.22591036558151245,0.10458143800497055,-0.3504607081413269,0.07632315158843994,0.24038146436214447,-0.14095264673233032,-0.1826891154050827,-0.2849350571632385,0.005804094485938549,-0.02742910385131836,0.11113228648900986,0.050112515687942505,-0.22845682501792908,-0.11244451254606247,0.010867349803447723,0.332244873046875,0.08913692831993103,-0.11632740497589111,-0.12402238696813583,-0.028190087527036667,-0.12689457833766937,-0.06455608457326889,0.051841627806425095,-0.2179514765739441,0.020662987604737282,-0.09911054372787476,0.06396091729402542,-0.0022823880426585674,0.036650314927101135,-0.22423729300498962,-0.06457123905420303,-0.07380388677120209,-0.15500736236572266,-0.12965576350688934,-0.16295751929283142,0.1674225926399231,-0.015413563698530197,-0.03940765559673309,-0.10277677327394485,0.18310709297657013,0.12679728865623474,0.09673544019460678,0.044373005628585815,-0.13851219415664673
48.0,-0.2628057301044464,-0.014025086537003517,-0.3172382712364197,0.1384391188621521,0.24470651149749756,0.040490422397851944,-0.37215733528137207,-0.18921174108982086,-0.4144907295703888,0.17316389083862305,-0.029293056577444077,0.11207263171672821,-0.22832387685775757,0.033402856439352036,-0.20734038949012756,-0.29518505930900574,0.08111786097288132,0.06778687983751297,-0.22642502188682556,-0.021585620939731598,-0.29137229919433594,-0.18295463919639587,0.007916910573840141,0.09931285679340363,-0.21556539833545685,-0.13031767308712006,-0.20127077400684357,-0.17399360239505768,0.21713300049304962,-0.20149588584899902,0.018868308514356613,-0.06748402118682861,-0.04600300267338753,-0.2567775249481201,-0.14264637231826782,0.029400870203971863,0.07285118103027344,-0.1778041422367096,-0.11236902326345444,-0.030402090400457382,-0.07747115939855576,-0.14167891442775726,0.2519978880882263,-0.24830080568790436,0.15552659332752228,-0.05484400689601898,0.019679782912135124,0.11581303179264069,0.21965084969997406,-0.09002560377120972,0.07997626066207886,-0.001531612011604011,-0.07964695990085602,-0.187508225440979,-0.061066560447216034,-0.08956088125705719,-0.02721673995256424,0.1491318643093109,-0.16794821619987488,0.08843168616294861,-0.038389869034290314,0.40874549746513367,0.201112300157547,-0.16135577857494354
49.0,-0.1256755292415619,-0.08484229445457458,-0.12151966243982315,0.1805451512336731,0.06055179610848427,-0.1047019213438034,-0.19053754210472107,0.0332801416516304,-0.05518890172243118,-0.09118106216192245,-0.20327936112880707,0.17018510401248932,-0.1788918524980545,0.02344556339085102,-0.004244029987603426,-0.05373585224151611,0.1052689179778099,0.08381970971822739,-0.08116133511066437,0.23027539253234863,0.10052456706762314,0.02322978712618351,0.06878441572189331,-0.051633790135383606,-0.05956527963280678,-0.1602686047554016,-0.12163497507572174,-0.06792815029621124,0.24271583557128906,-0.47076743841171265,0.11686210334300995,0.2961873412132263,-0.14684532582759857,-0.10965628921985626,0.0009152814745903015,0.011942203156650066,-0.17295290529727936,-0.07847202569246292,-0.33886072039604187,0.0404609777033329,-0.14544932544231415,-0.032481420785188675,0.1072675958275795,0.030096540227532387,0.13741090893745422,-0.05622691288590431,0.07602687925100327,-0.08646206557750702,0.2926471531391144,-0.17614898085594177,0.05743300914764404,0.030870376154780388,0.0456085279583931,-0.0763120949268341,-0.14666202664375305,0.2634795010089874,-0.11276441067457199,0.12191225588321686,0.02999497391283512,0.19700191915035248,0.07497456669807434,0.21566425263881683,-0.0906217098236084,0.03702513501048088
50.0,0.035834092646837234,0.11955587565898895,-0.19390137493610382,0.1935368776321411,-0.04714494198560715,-0.29446783661842346,-0.07785999774932861,-0.03158167749643326,-0.30056971311569214,-0.027961958199739456,0.006274587009102106,0.07909603416919708,-0.08095904439687729,0.06641186028718948,0.19840896129608154,-0.11436294764280319,0.07886222004890442,-0.05512026697397232,-0.23466715216636658,0.19139431416988373,-0.1704636663198471,-0.024393489584326744,-0.08131424337625504,0.07086138427257538,0.04025576636195183,-0.04106762632727623,-0.18287211656570435,-0.2506769299507141,0.06769532710313797,-0.2296040803194046,0.2140406370162964,0.19356676936149597,-0.1330583542585373,-0.11957895755767822,0.053181517869234085,0.20941169559955597,-0.008390749804675579,0.07493609935045242,-0.07808507233858109,0.07426339387893677,-0.10342022776603699,-0.030258383601903915,-0.13009721040725708,-0.01839068904519081,0.14894583821296692,-0.25318580865859985,-0.011387920938432217,-0.007359487935900688,0.11231707781553268,-0.08824339509010315,0.13016505539417267,-0.11717025935649872,-0.17288996279239655,-0.11142666637897491,-0.006337700877338648,0.21195204555988312,-0.004343047272413969,-0.01316277775913477,-0.0859558954834938,0.11970876902341843,-0.04700619727373123,0.0472307913005352,0.06775500625371933,-0.12693500518798828
51.0,0.14473378658294678,-0.22353342175483704,-0.2929943799972534,0.27265414595603943,0.04150300472974777,-0.3719736933708191,-0.058313336223363876,-0.06969958543777466,-0.2997323274612427,0.339567631483078,0.0006007608026266098,-0.022296061739325523,-0.13411937654018402,-0.04060600325465202,0.15554283559322357,-0.11049655824899673,0.02249220758676529,0.16756747663021088,-0.3858901262283325,-0.014392506331205368,-0.057356130331754684,-0.11370546370744705,-0.1212690994143486,0.14769357442855835,0.12385930866003036,-0.25970137119293213,0.14566059410572052,-0.263528436422348,0.24480119347572327,-0.30533015727996826,0.14209657907485962,0.1033385843038559,-0.20940527319908142,0.1098702996969223,0.0707872286438942,0.02016858011484146,0.15673266351222992,-0.01024345587939024,0.17495624721050262,0.18508684635162354,0.04481189697980881,-0.17347261309623718,0.03616385534405708,-0.13769902288913727,-0.06793177872896194,-0.04223930463194847,0.25108930468559265,0.018342580646276474,-0.08286850899457932,-0.014826617203652859,0.1023697704076767,0.14840877056121826,-0.11259149014949799,0.16351719200611115,0.006742576137185097,0.4392351508140564,-0.23769967257976532,-0.1325085610151291,-0.1454993039369583,-0.13539743423461914,0.11732876300811768,0.22914864122867584,0.1903982013463974,-0.08212671428918839
52.0,0.14238956570625305,-0.14732594788074493,-0.39822497963905334,0.3521782457828522,-0.06959298253059387,-0.1307661086320877,-0.27092984318733215,-0.08462847024202347,-0.3090328276157379,-0.09251084923744202,-0.21927078068256378,-0.1630859524011612,-0.09368785470724106,0.077961765229702,-0.08982103317975998,-0.08268524706363678,-0.07629181444644928,-0.008222319185733795,-0.14447706937789917,0.17108085751533508,-0.1116037592291832,0.09807054698467255,-0.07842139899730682,0.41827690601348877,-0.11667363345623016,-0.1798858791589737,-0.32367002964019775,-0.17938166856765747,0.16394275426864624,-0.42085975408554077,0.37742480635643005,0.05855881795287132,-0.0539044551551342,-0.12288439273834229,0.0909089595079422,0.06687203049659729,-0.07089758664369583,0.20867572724819183,-0.1678086817264557,0.20147879421710968,-0.04033759981393814,-0.25107285380363464,0.03851938247680664,-0.27845433354377747,0.08167968690395355,0.04196617007255554,0.14976678788661957,-0.07736644893884659,0.21547695994377136,-0.37940582633018494,0.03419215604662895,-0.12381183356046677,0.021393736824393272,-0.21183861792087555,0.10230547934770584,0.3221549689769745,-0.05364363268017769,0.12108192592859268,-0.20425885915756226,0.07034130394458771,-0.052834779024124146,0.07345786690711975,0.12041306495666504,0.08481890708208084
53.0,-0.14377517998218536,-0.014315053820610046,-0.16907000541687012,0.04273863136768341,0.2965907156467438,0.02685537375509739,-0.5427981615066528,-0.4568195939064026,-0.49170613288879395,-0.18892383575439453,-0.20969675481319427,-0.19672389328479767,-0.08598830550909042,-0.013868318870663643,-0.266120970249176,-0.024345677345991135,-0.029072145000100136,-0.05773521959781647,-0.03930642083287239,0.08295226842164993,-0.007355276960879564,0.04958464950323105,0.0016764681786298752,0.1519315242767334,-0.32985547184944153,-0.1342865526676178,-0.2346501499414444,-0.10940761119127274,0.32482895255088806,-0.06853809952735901,0.19567905366420746,0.005840593483299017,0.019457031041383743,-0.22137805819511414,-0.1979747861623764,-0.10800681263208389,0.02953350730240345,0.14397668838500977,-0.5752980709075928,0.0028529076371341944,-0.10641054064035416,-0.060440000146627426,0.09793877601623535,-0.09068426489830017,0.2209692746400833,0.12543132901191711,0.15215514600276947,0.07641266286373138,0.16832372546195984,0.012834213674068451,0.16780999302864075,-0.19043458998203278,-0.02633865736424923,-0.2826143503189087,0.17479534447193146,0.18867240846157074,-0.13790401816368103,0.07452933490276337,0.00048358659842051566,0.22519931197166443,0.10020358115434647,0.46259722113609314,0.16848360002040863,0.18435950577259064
54.0,0.01740812510251999,-0.06950380653142929,-0.2786184549331665,0.15951071679592133,0.1498420238494873,-0.29361534118652344,-0.1690056025981903,-0.21861740946769714,-0.1992899477481842,0.22129005193710327,-0.00898699276149273,0.0714200884103775,0.032167620956897736,0.09269436448812485,-0.010158696211874485,-0.025764290243387222,0.014239574782550335,0.21692317724227905,-0.27484455704689026,0.009247992187738419,0.035439908504486084,-0.11640701442956924,-0.2223101109266281,0.30942821502685547,0.06119023635983467,-0.20110253989696503,0.15097925066947937,-0.2669166326522827,0.07717626541852951,-0.2922067642211914,0.23956577479839325,0.1087593212723732,-0.2048756182193756,-0.3540031611919403,-0.18952791392803192,0.12141547352075577,-0.004257929511368275,0.031185653060674667,-0.11642345041036606,0.07232913374900818,-0.0006924131885170937,-0.26263073086738586,0.02578343078494072,-0.1853899210691452,0.019125713035464287,-0.11248590797185898,-0.0948295146226883,-0.00993491429835558,-0.13878902792930603,-0.14403484761714935,0.10545874387025833,-0.16448144614696503,-0.19220411777496338,-0.2356061190366745,-0.27382445335388184,0.3862779438495636,0.05146897956728935,-0.1226503849029541,-0.017062298953533173,0.04835483804345131,0.030238013714551926,0.18635794520378113,0.17677533626556396,0.04934700205922127
55.0,-0.14090019464492798,0.08734505623579025,-0.03280942887067795,0.162203848361969,0.1411508023738861,0.005054451059550047,-0.22827444970607758,-0.14456726610660553,-0.2245924025774002,-0.17566531896591187,-0.1733611822128296,0.20540577173233032,-0.10656300187110901,0.041680507361888885,-0.02757449820637703,-0.011123185977339745,-0.009983114898204803,0.014000758528709412,-0.10528494417667389,0.3248918354511261,-0.07567867636680603,-0.15285146236419678,-0.01698346808552742,-0.06573057919740677,-0.15925486385822296,-0.1503695398569107,-0.2222447693347931,-0.11905574053525925,0.19068488478660583,-0.252529501914978,0.1717018336057663,0.2509073317050934,0.10083172470331192,-0.1903979629278183,-0.22268839180469513,0.00487170647829771,-0.08167747408151627,0.10981946438550949,-0.2758197486400604,-0.059847138822078705,-0.20868496596813202,-0.038399484008550644,-0.030545035377144814,-0.023994147777557373,0.16293582320213318,-0.07950647920370102,0.025717735290527344,0.12566407024860382,0.3142976760864258,-0.19989533722400665,0.06969859451055527,-0.045576129108667374,0.05163699388504028,-0.10509840399026871,-0.16847853362560272,0.19997504353523254,0.17616130411624908,0.01812700740993023,0.037636060267686844,0.2596292197704315,0.15352073311805725,0.16898009181022644,-0.18406717479228973,0.04374752566218376
56.0,-0.23038065433502197,0.14786478877067566,-0.07447507977485657,0.4105568826198578,0.024049624800682068,-0.1310996115207672,-0.3726515471935272,-0.2513050138950348,-0.2993440330028534,-0.07299226522445679,-0.09369740635156631,0.14618997275829315,-0.07552259415388107,0.0346747525036335,0.047191232442855835,-0.15708866715431213,0.02412836253643036,0.007725315168499947,-0.3530637323856354,0.11662419885396957,-0.45011624693870544,-0.09901832789182663,-0.22484031319618225,0.09911340475082397,-0.1963050663471222,-0.12821908295154572,-0.2646855413913727,-0.318553626537323,0.16034801304340363,-0.31582513451576233,0.0627148449420929,0.27952656149864197,-0.044353317469358444,-0.2733348608016968,0.06745762377977371,-0.044562291353940964,-0.1487707942724228,-0.15285423398017883,0.08776671439409256,-0.07123754173517227,-0.16961316764354706,-0.18426324427127838,0.10785333067178726,-0.03441039100289345,0.17209497094154358,-0.15660779178142548,-0.09368635714054108,-0.055342674255371094,0.07428537309169769,-0.3169194161891937,-0.03067881055176258,-0.0266571082174778,-0.06728370487689972,-0.32116860151290894,-0.0027954508550465107,0.12440132349729538,-0.13531309366226196,0.20632869005203247,-0.11733624339103699,0.3176174461841583,0.18320347368717194,0.12397782504558563,0.04233502224087715,-0.2266499251127243
57.0,-0.08301620185375214,-0.040151603519916534,-0.314998596906662,0.25472521781921387,-0.08078356832265854,0.08799431473016739,-0.24526460468769073,0.08941718935966492,0.012835828587412834,0.03625795245170593,-0.04229506850242615,0.034261010587215424,-0.09903493523597717,-0.06622111797332764,-0.06417254358530045,-0.23974233865737915,0.02958269976079464,0.22917912900447845,0.007253694348037243,-0.035461269319057465,0.04602566361427307,0.21988245844841003,-0.23452669382095337,0.19950780272483826,0.2447703778743744,-0.17778339982032776,-0.1547444462776184,-0.14002004265785217,0.06420765817165375,-0.29249992966651917,0.28977489471435547,0.13162285089492798,-0.17981013655662537,-0.09776558727025986,-0.01961548998951912,0.014550537802278996,-0.13429009914398193,-0.07075866311788559,-0.09894528239965439,0.008470014669001102,0.013301856815814972,-0.08621354401111603,0.20072324573993683,-0.18717394769191742,0.12071909755468369,-0.08897758275270462,-0.07052649557590485,-0.028649786487221718,0.22453676164150238,-0.36849266290664673,0.08290383219718933,-0.04911229386925697,-0.009838292375206947,-0.18700943887233734,-0.2596583664417267,0.229674831032753,0.04770946875214577,-0.011236193589866161,-0.027346517890691757,0.278348833322525,-0.090690977871418,-0.02889423631131649,-0.17051132023334503,-0.10586880892515182
58.0,-0.3047406077384949,-0.17418788373470306,-0.36509642004966736,0.1976415514945984,0.21651723980903625,-0.16461361944675446,-0.28413304686546326,-0.1734376847743988,-0.291843056678772,0.24884691834449768,-0.0019365377957001328,0.20711864531040192,-0.2284136712551117,0.06049796938896179,-0.0823308527469635,-0.1863715797662735,0.12755180895328522,0.1470620185136795,-0.3075924813747406,0.22142796218395233,-0.1865062266588211,-0.18812315165996552,-0.04767533764243126,0.032125990837812424,-0.08994997292757034,-0.1942388266324997,-0.21602106094360352,-0.18236669898033142,0.20319823920726776,-0.32821235060691833,0.06538860499858856,0.08021712303161621,-0.15145716071128845,-0.2208923101425171,-0.07548723369836807,0.12892378866672516,0.018201790750026703,-0.30578380823135376,-0.1314362734556198,0.04404837265610695,-0.1587733030319214,-0.047766417264938354,0.08619306236505508,-0.3011133074760437,0.15756060183048248,-0.17122597992420197,0.07418590784072876,-0.030899837613105774,0.19607512652873993,-0.16949713230133057,-0.09392906725406647,0.018757054582238197,-0.0803191289305687,-0.09167993813753128,-0.10986781865358353,0.034778911620378494,0.09659557789564133,0.02472098544239998,-0.10511259734630585,0.16622208058834076,0.041440449655056,0.3913418650627136,0.028584036976099014,-0.001621748087927699
59.0,0.17364642024040222,-0.32973310351371765,-0.09411539882421494,0.19197973608970642,0.056753430515527725,0.30838581919670105,-0.19948294758796692,0.08421671390533447,0.018027735874056816,-0.08323243260383606,-0.0330585278570652,0.1549784243106842,-0.06635735183954239,-0.30664023756980896,-0.14140944182872772,-0.19737650454044342,-0.1283697932958603,0.36067330837249756,-0.06696999073028564,-0.3323279619216919,0.2046712338924408,0.17476554214954376,0.03262673318386078,-0.1569274663925171,0.44420528411865234,-0.23836953938007355,-0.018720213323831558,-0.1878553032875061,0.31035295128822327,-0.4927707314491272,0.265739768743515,0.3969467282295227,-0.026492975652217865,0.030285794287919998,-0.19873741269111633,0.05910104513168335,-0.15389707684516907,0.028599917888641357,-0.13935819268226624,0.023948494344949722,0.13376842439174652,-0.40606871247291565,0.26705601811408997,-0.1623276323080063,-0.16292771697044373,0.11708052456378937,-0.1202908381819725,0.009927183389663696,0.5254570245742798,-0.189877450466156,0.05833418294787407,0.2834116220474243,-0.037153542041778564,0.01552663929760456,-0.27879267930984497,0.5134149193763733,-0.25645703077316284,0.2750227749347687,-0.0861620381474495,0.20135420560836792,0.05994740501046181,0.2066691815853119,0.023359520360827446,-0.11513647437095642
60.0,0.1756482571363449,-0.021695856004953384,-0.08997969329357147,0.29496312141418457,0.0021928632631897926,-0.29802292585372925,-0.11581256985664368,-0.18153876066207886,-0.273194283246994,-0.06094389781355858,-0.5558244585990906,0.13680800795555115,-0.35932788252830505,-0.24333275854587555,0.08209190517663956,0.08027999103069305,0.06449104845523834,-0.020827777683734894,-0.08465686440467834,0.08321230858564377,0.18145357072353363,0.06318138539791107,0.05889000743627548,0.12514960765838623,0.16345778107643127,-0.1545630246400833,0.15375524759292603,-0.3527023196220398,0.07568365335464478,-0.5674775242805481,0.24712376296520233,0.23211054503917694,-0.3221820592880249,-0.06724432855844498,0.0744604840874672,-0.09219196438789368,-0.1653764843940735,0.011211695149540901,-0.20627467334270477,0.22613032162189484,-0.13617010414600372,-0.015239871107041836,0.11890984326601028,0.007576427422463894,0.04938524588942528,-0.02741299569606781,0.11706869304180145,-0.14747728407382965,0.1369647979736328,-0.050950467586517334,0.17501603066921234,-0.027163434773683548,-0.1665588915348053,-0.1125897690653801,-0.0024848980829119682,0.3327734172344208,0.0711340457201004,0.19315479695796967,-0.0945124551653862,0.07710377126932144,-0.19150103628635406,-0.05090601369738579,0.14226998388767242,-0.06826731562614441
61.0,-0.16062724590301514,-0.4102835953235626,-0.470184326171875,0.24764885008335114,0.18755199015140533,-0.21737566590309143,-0.21070881187915802,-0.1867668479681015,-0.3302249312400818,0.27166327834129333,-0.008436190895736217,0.08951251953840256,-0.2168545126914978,0.0640210434794426,-0.09658271074295044,-0.1700112521648407,0.11828561872243881,0.18231521546840668,-0.2273918092250824,0.3369031548500061,-0.0375165119767189,-0.013730250298976898,-0.09673290699720383,0.1793050616979599,-0.016095105558633804,-0.28360313177108765,-0.3251085579395294,-0.10786894708871841,0.09992995858192444,-0.42863282561302185,0.08737613260746002,-0.007683265954256058,-0.22170381247997284,-0.11189276725053787,0.09033729135990143,0.05413563922047615,-0.010180837474763393,-0.3686390221118927,-0.24206994473934174,0.2453741729259491,-0.20981931686401367,0.036225177347660065,0.004291077144443989,-0.5686894655227661,0.15034039318561554,-0.17399941384792328,0.23524953424930573,-0.22143623232841492,0.11295418441295624,-0.1858012080192566,-0.2679789066314697,-0.054973404854536057,-0.17299729585647583,-0.029052646830677986,0.050703249871730804,0.12633244693279266,0.3440171778202057,0.04716279357671738,-0.2229173630475998,0.24562232196331024,-0.02699483372271061,0.20174996554851532,0.05042523518204689,0.1916690319776535
62.0,-0.167263001203537,-0.08994567394256592,-0.31847721338272095,0.09066028892993927,0.1551152616739273,-0.302948921918869,-0.20310403406620026,0.129831925034523,-0.14236979186534882,0.3647509515285492,-0.23634015023708344,0.07373007386922836,-0.20969906449317932,0.0797966793179512,0.06809879839420319,0.13191603124141693,0.10607202351093292,-0.042111534625291824,-0.028184443712234497,0.34986376762390137,-0.11174315214157104,-0.14021237194538116,0.010495128110051155,0.15847954154014587,-0.04038306698203087,-0.0348689928650856,-0.15538829565048218,-0.11154907196760178,0.18245962262153625,-0.252814918756485,0.21071848273277283,0.12083711475133896,-0.3826313316822052,-0.24496674537658691,-0.11539822071790695,0.3950667381286621,0.13147476315498352,-0.11833328753709793,-0.1916169971227646,0.1200537160038948,0.02654360607266426,-0.08646364510059357,0.05582452192902565,-0.005084841512143612,0.11626049876213074,-0.1386321634054184,0.39941132068634033,0.07951466739177704,0.260020911693573,-0.18973928689956665,0.015866899862885475,0.18050292134284973,-0.134088933467865,-0.12760695815086365,-0.1765756756067276,0.10936812311410904,0.032532017678022385,0.03453706577420235,-0.06978411227464676,-0.04773185774683952,0.03512990102171898,0.11762640625238419,0.002459028037264943,-0.11724833399057388
63.0,-0.2094830721616745,-0.12222613394260406,-0.2587026059627533,0.005214420147240162,0.13142292201519012,0.04594981670379639,-0.25273367762565613,-0.05872774124145508,-0.2712944447994232,-0.012131639756262302,-0.11660841107368469,0.058904025703668594,-0.33020344376564026,-0.07777642458677292,-0.21717774868011475,-0.10893271863460541,0.19727610051631927,0.18723952770233154,0.04678906872868538,-0.050834592431783676,0.15864357352256775,0.2187608778476715,0.20101094245910645,0.08272118121385574,0.1838284283876419,-0.04036018252372742,-0.19767554104328156,-0.078854501247406,-0.08245699107646942,-0.32758280634880066,0.10204397141933441,-0.10547972470521927,-0.3501757085323334,-0.275067538022995,-0.1067160815000534,0.07351641356945038,-0.01074790395796299,-0.26789844036102295,-0.3709154725074768,0.1430240422487259,-0.013352949172258377,0.04145728051662445,0.1669783741235733,-0.09412940591573715,0.24580776691436768,-0.11283808201551437,0.13680747151374817,-0.1445164978504181,0.03768188878893852,-0.07502267509698868,0.11981181055307388,-0.30349552631378174,-0.29305705428123474,-0.3201718032360077,-0.04009541869163513,0.023002032190561295,0.2733492851257324,0.023747321218252182,-0.030720841139554977,0.16116200387477875,-0.3525896966457367,0.14931298792362213,0.12330089509487152,-0.04805101826786995
64.0,-0.11736972630023956,-0.2663032114505768,-0.2192196547985077,0.14752531051635742,0.24409179389476776,0.36316725611686707,-0.329914391040802,-0.02760542742908001,-0.19023047387599945,0.025911547243595123,-0.002264933893457055,-0.009470539167523384,-0.11030755192041397,-0.21599577367305756,-0.09379100054502487,-0.23886461555957794,-0.06225961074233055,0.2419029176235199,-0.15099775791168213,-0.024926919490098953,-0.06043066829442978,0.15780597925186157,0.21541088819503784,-0.0960610881447792,0.15092717111110687,-0.32139116525650024,-0.3826483488082886,0.05402463302016258,0.38654351234436035,-0.6954026818275452,-0.09278468042612076,-0.03268478065729141,-0.19296208024024963,0.017526328563690186,-0.3066934049129486,0.0757695883512497,0.1919173300266266,-0.20662438869476318,-0.12055718898773193,0.2273178994655609,0.23281751573085785,-0.2516961395740509,0.31401604413986206,-0.09236929565668106,-0.011132440529763699,0.19659423828125,0.22427859902381897,-0.06679137051105499,0.2012747824192047,0.0675024539232254,0.10665355622768402,-0.03980144485831261,-0.19266149401664734,-0.021539276465773582,0.12666231393814087,0.35277092456817627,-0.06424115598201752,0.020780904218554497,-0.08886139839887619,0.2154843956232071,-0.08454129844903946,0.40825900435447693,0.09609601646661758,-0.2462259978055954
65.0,-0.1876506507396698,0.1420222967863083,-0.036057185381650925,0.20710258185863495,-0.1100093349814415,-0.14166545867919922,-0.4227606952190399,-0.15783672034740448,-0.26955971121788025,0.025904562324285507,-0.04004344344139099,0.10010582208633423,-0.18300865590572357,0.012809516862034798,0.16221323609352112,-0.1105952113866806,0.027962448075413704,-0.05145813897252083,-0.3511175215244293,0.31800439953804016,-0.5752153992652893,-0.12907056510448456,-0.25895974040031433,-0.15813475847244263,-0.005078630521893501,-0.08134730160236359,-0.25467655062675476,-0.359257310628891,0.17795675992965698,-0.0981602817773819,-0.035422153770923615,0.1783420592546463,-0.06880084425210953,-0.02496831864118576,-0.011856471188366413,0.36559945344924927,0.10605615377426147,-0.06450201570987701,0.10218597948551178,-0.1882183998823166,-0.24510318040847778,0.05261257663369179,-0.007146109361201525,-0.07177229970693588,-0.006534482352435589,-0.06328314542770386,-0.05442196503281593,0.043765392154455185,0.12005660682916641,-0.12721675634384155,-0.038236405700445175,0.010458037257194519,0.09918636083602905,0.044043414294719696,-0.10893848538398743,0.0454249233007431,-0.2222793847322464,0.020293455570936203,-0.02184685505926609,0.14069609344005585,0.20951102674007416,0.22279028594493866,-0.05896061658859253,-0.24362032115459442
66.0,-0.1750447303056717,0.2856261730194092,-0.10639944672584534,0.16222791373729706,-0.10603480041027069,-0.047050219029188156,-0.20584116876125336,-0.10171180218458176,-0.19633015990257263,-0.04500824213027954,0.0717315673828125,0.05778628960251808,-0.12058304995298386,0.0493389330804348,0.04670695960521698,-0.3730979263782501,0.13765953481197357,0.09051059931516647,-0.14826831221580505,-0.012190351262688637,-0.15208400785923004,0.05618676543235779,-0.3302870988845825,-0.009788213297724724,0.11714351177215576,-0.044285841286182404,0.03966904059052467,-0.21353651583194733,0.12225338071584702,-0.03714798390865326,0.13404999673366547,0.12224165350198746,-0.05554117262363434,-0.10223181545734406,0.07183375209569931,-0.009158197790384293,-0.10953011363744736,0.027055205777287483,-0.0825643241405487,-0.1568516343832016,-0.20279258489608765,0.26055029034614563,0.06627398729324341,0.01597531884908676,0.24786661565303802,-0.25499826669692993,-0.2538001835346222,0.052340276539325714,0.08318359404802322,-0.1165446937084198,0.2502397894859314,-0.20537199079990387,-0.07167760282754898,-0.12662173807621002,-0.15978708863258362,0.003974395804107189,-0.047070056200027466,-0.14118915796279907,0.042977944016456604,0.2928672730922699,-0.12158973515033722,0.12335773557424545,-0.08660002052783966,-0.16134950518608093
67.0,-0.012032988481223583,-0.3554646670818329,-0.42569807171821594,0.2150575816631317,0.14410808682441711,0.0037405993789434433,-0.17738096415996552,0.08313018828630447,-0.21288612484931946,0.3341464102268219,-0.08521983027458191,0.09475391358137131,-0.27963167428970337,0.052017997950315475,-0.05818137899041176,-0.26982372999191284,0.04825183004140854,0.22955304384231567,-0.152674600481987,0.09551692008972168,0.037181150168180466,0.04334573075175285,0.14894433319568634,0.11222407221794128,0.06512230634689331,-0.295644074678421,-0.19901834428310394,0.043933719396591187,0.2351905107498169,-0.519366443157196,0.06656697392463684,0.03823590278625488,-0.12233906239271164,0.05723030865192413,-0.10996345430612564,0.024876438081264496,0.045377012342214584,-0.16976520419120789,-0.19180136919021606,0.07806211709976196,0.04146163538098335,-0.04378834739327431,0.3152261972427368,-0.32893773913383484,0.11411415040493011,0.023420117795467377,0.20793846249580383,-0.010206647217273712,0.16209174692630768,-0.10620599240064621,0.12971027195453644,0.06166326254606247,0.04182664304971695,0.051403820514678955,-0.16048413515090942,0.26149630546569824,0.060336846858263016,0.08900658786296844,-0.09540475904941559,0.11023952811956406,-0.10244432836771011,0.2738049328327179,0.02410842850804329,-0.009229132905602455
68.0,-0.08683349192142487,-0.13889199495315552,-0.07509645074605942,-0.014919161796569824,0.03390325605869293,0.1536903828382492,-0.5033785104751587,-0.2300969511270523,-0.309323251247406,-0.15220578014850616,-0.2394518107175827,-0.2665773034095764,-0.16739404201507568,-0.04859434813261032,-0.20685072243213654,0.01732519641518593,-0.003138260217383504,0.058181487023830414,0.16122736036777496,-0.014963439665734768,0.13997364044189453,0.3196563124656677,0.1078428253531456,0.06149261072278023,-0.12488379329442978,-0.15190231800079346,-0.2944304347038269,0.03156391903758049,0.18566909432411194,-0.09541498124599457,0.22979074716567993,0.12534373998641968,0.0006944088963791728,-0.061998531222343445,-0.10561882704496384,-0.04645497724413872,0.08037324994802475,0.19017621874809265,-0.5367972254753113,-0.15003222227096558,-0.009031972847878933,-0.10290419310331345,0.2460651993751526,0.056424859911203384,0.25864070653915405,0.2450687140226364,0.14032572507858276,0.049225129187107086,0.058829862624406815,-0.02511027827858925,0.22774049639701843,-0.15937724709510803,0.14453819394111633,-0.27114489674568176,-0.0247226282954216,0.317336767911911,-0.23255512118339539,0.10125676542520523,0.12475288659334183,0.26978087425231934,0.05174902081489563,0.24394017457962036,0.05269041657447815,0.1247892901301384
69.0,-0.13176746666431427,-0.28364297747612,-0.2970443069934845,0.06590410321950912,0.07556981593370438,-0.012042696587741375,-0.15031717717647552,0.027196453884243965,-0.10865810513496399,0.2620701491832733,0.11148395389318466,0.07492683827877045,-0.12260892987251282,0.029001016169786453,-0.021474294364452362,-0.17302726209163666,0.0821603462100029,0.25130605697631836,-0.13604381680488586,-0.000886728405021131,0.04381736367940903,0.023553483188152313,-0.020648764446377754,-0.052979350090026855,0.19310864806175232,-0.15204419195652008,-0.1465771645307541,-0.03268715366721153,0.1409219205379486,-0.14312225580215454,0.11488478630781174,0.15273639559745789,-0.08613302558660507,0.0015934035181999207,-0.09858617186546326,0.1487511247396469,0.03876085579395294,-0.17959417402744293,-0.14342254400253296,-0.06174934655427933,-0.003373471787199378,0.012164530344307423,0.1214686706662178,-0.1983335316181183,0.0977620780467987,-0.07895862311124802,0.03743064031004906,0.013285104185342789,0.13117320835590363,-0.0937838926911354,-0.0019296944374218583,0.09577818214893341,0.009923242032527924,0.032006487250328064,-0.21669237315654755,0.1808471828699112,-0.026850178837776184,-0.06194661185145378,0.02057638391852379,0.1345943957567215,0.03131018579006195,0.2786351144313812,-0.06311777234077454,0.04067794606089592
70.0,-0.05756572261452675,-0.024996541440486908,-0.1509852409362793,0.22767163813114166,0.17753198742866516,-0.05421025678515434,-0.10671564936637878,-0.10974039882421494,-0.38169121742248535,0.08469733595848083,0.0037487465888261795,0.1540483832359314,-0.19008871912956238,0.05301177501678467,0.04919895529747009,-0.33571580052375793,0.07984282821416855,0.11708620190620422,-0.32274124026298523,0.04234611615538597,-0.14110127091407776,-0.15748997032642365,0.11530251055955887,-0.14190444350242615,-0.009297623299062252,-0.07622414827346802,-0.015607291832566261,-0.09393959492444992,0.3242945969104767,-0.4795064330101013,-0.05122165009379387,0.09222064912319183,0.07447191327810287,-0.1097617819905281,-0.09866529703140259,-0.012074295431375504,0.016132131218910217,-0.06419991701841354,-0.060043469071388245,0.06543617695569992,-0.0783204659819603,0.11632580310106277,0.08269728720188141,-0.07228624075651169,0.16367149353027344,-0.18306294083595276,-0.0793534442782402,0.0007056443719193339,0.17378874123096466,0.09301590174436569,0.2016952782869339,-0.04056621342897415,-0.21954651176929474,0.01586281694471836,0.056260012090206146,0.07662179321050644,-0.005404925439506769,-0.004813154228031635,-0.04269881546497345,0.1444142460823059,-0.18406473100185394,0.38111433386802673,0.11482445150613785,-0.12424484640359879
71.0,-0.014513224363327026,-0.20415881276130676,-0.13805562257766724,0.11207070201635361,0.09084193408489227,-0.13262270390987396,-0.19912908971309662,-0.16978535056114197,-0.10693659633398056,0.12052131444215775,0.026792574673891068,0.12792426347732544,-0.08647800236940384,-0.21383455395698547,-0.017689663916826248,-0.042094964534044266,0.056594330817461014,0.30617091059684753,-0.16508151590824127,-0.0031678760424256325,0.10558969527482986,0.10102959722280502,-0.20396701991558075,0.06161801144480705,0.28934410214424133,-0.3536500632762909,0.0558038055896759,-0.32036539912223816,0.10556139051914215,-0.406826913356781,0.13247497379779816,0.12364820390939713,-0.45108267664909363,-0.11474481970071793,-0.06422234326601028,0.11864389479160309,0.05827167257666588,-0.2041388303041458,-0.1195773035287857,0.18427446484565735,-0.02390880137681961,-0.3224116563796997,0.05391742289066315,-0.18589891493320465,-0.0901455283164978,-0.02983226254582405,0.06994976848363876,-0.16625435650348663,-0.05474643036723137,-0.010780633427202702,-0.08977542072534561,-0.08604814857244492,-0.3595377802848816,-0.08638208359479904,-0.14721724390983582,0.4401201605796814,0.021084127947688103,-0.0032128156162798405,-0.12372507899999619,0.19131465256214142,0.09783627837896347,0.09316497296094894,0.17751435935497284,-0.10222143679857254
72.0,-0.0277642123401165,-0.2772464454174042,-0.26176485419273376,0.14531612396240234,0.2158461958169937,-0.08974482119083405,-0.28704696893692017,-0.1250263750553131,-0.31138572096824646,0.17238925397396088,0.10187514126300812,-0.06267190724611282,0.015938421711325645,-0.004756424576044083,0.07532782852649689,-0.1431661695241928,-0.0727771744132042,0.13659058511257172,-0.3326322138309479,0.07406990975141525,-0.15846456587314606,-0.00281153479591012,-0.10278935730457306,-0.04028533771634102,0.19293418526649475,-0.1633518636226654,-0.1902640014886856,-0.1379648596048355,0.40235066413879395,-0.2481382191181183,0.07077138125896454,0.18942101299762726,-0.09120886027812958,-0.02346661314368248,-0.18986192345619202,0.2965039312839508,0.11428401619195938,-0.09147477149963379,-0.2109108865261078,0.0927773118019104,0.0327518992125988,-0.002483314834535122,0.022936642169952393,-0.1575896143913269,0.012990562245249748,-0.03540092706680298,0.12546353042125702,-0.039480820298194885,0.0988457053899765,0.0030229268595576286,0.03991466760635376,0.037688642740249634,-0.18348412215709686,0.01550274807959795,0.05787970498204231,0.36849960684776306,-0.1810876727104187,-0.08883799612522125,0.004846889525651932,0.18216702342033386,0.12764859199523926,0.479145348072052,0.08859898149967194,0.0051818545907735825
73.0,-0.22376799583435059,-0.012081485241651535,-0.3851662278175354,0.1636209487915039,-0.010907530784606934,0.09110094606876373,-0.21275544166564941,0.17509090900421143,-0.2297687530517578,0.1933012306690216,-0.08455140888690948,0.09427358210086823,-0.3918156921863556,0.016819197684526443,-0.15001356601715088,-0.3466233015060425,0.17552515864372253,0.114874467253685,-0.026380788534879684,0.04543691128492355,-0.1599329710006714,0.009028973989188671,0.1430034339427948,0.12052765488624573,-0.05268269032239914,-0.10311312228441238,-0.27172577381134033,-0.025202970951795578,0.05566047132015228,-0.42251765727996826,0.06282958388328552,-0.1679661124944687,-0.17190662026405334,-0.13491345942020416,0.046482447534799576,0.06722518801689148,0.1041635125875473,-0.16697363555431366,0.02035963162779808,0.08484577387571335,0.007189820520579815,-0.09680482000112534,0.2881782352924347,-0.19571009278297424,0.20121821761131287,-0.08892648667097092,0.12425416707992554,0.06169329211115837,0.28304287791252136,-0.19655798375606537,0.1252114623785019,-0.024848245084285736,-0.032710105180740356,-0.11804786324501038,-0.10226355493068695,-0.1342405527830124,0.11623156070709229,0.07031097263097763,-0.20122164487838745,0.016193360090255737,-0.29467353224754333,0.09602698683738708,0.05729939416050911,-0.2822144329547882
74.0,-0.1343102604150772,0.17151254415512085,-0.0703844502568245,0.3564946949481964,0.07471363991498947,0.024299830198287964,-0.26344940066337585,-0.1742749810218811,-0.3186348080635071,-0.17473959922790527,-0.17267383635044098,0.17355801165103912,-0.1860697716474533,-0.12939898669719696,-0.002026863396167755,-0.24550507962703705,-0.000611037714406848,0.04404398426413536,-0.24970868229866028,0.04742330685257912,-0.2567669749259949,-0.015645600855350494,-0.06607745587825775,0.011998612433671951,0.010211213491857052,-0.1551186591386795,-0.13940517604351044,-0.27889496088027954,0.25301721692085266,-0.45951321721076965,0.05268518999218941,0.1536046415567398,-0.12771710753440857,-0.1871495395898819,-0.07884810119867325,-0.08804928511381149,-0.1185867115855217,-0.09760171920061111,0.00441760616376996,0.098017618060112,-0.09271947294473648,-0.033682554960250854,0.13248580694198608,0.06574098020792007,0.14592941105365753,-0.09591009467840195,0.00265126908197999,-0.034848954528570175,0.18524490296840668,-0.1574876755475998,0.13230256736278534,-0.11186328530311584,-0.2553331255912781,-0.23669788241386414,0.06999634951353073,0.1426430642604828,0.029155433177947998,0.11832427978515625,-0.08873572200536728,0.3000587522983551,-0.06107136979699135,0.17126090824604034,0.03324258327484131,-0.2999318838119507
75.0,-0.047642145305871964,-0.13483746349811554,-0.2282497137784958,0.34701547026634216,0.08749807626008987,-0.14709919691085815,-0.07660812139511108,-0.18239986896514893,-0.2130698263645172,0.14259150624275208,0.01601570099592209,0.09897415339946747,-0.03806212171912193,0.0759168416261673,-0.004520847927778959,-0.24250441789627075,0.033225152641534805,0.2641806900501251,-0.2430817037820816,-0.019518878310918808,0.02969946712255478,0.005701536778360605,-0.21620118618011475,0.15935198962688446,0.102646604180336,-0.18263527750968933,0.04807746782898903,-0.1351572573184967,0.15184299647808075,-0.29801616072654724,0.18520405888557434,0.20701098442077637,-0.018245669081807137,-0.12564264237880707,0.00725287850946188,-0.18425871431827545,-0.1869957596063614,-0.09003788232803345,-0.0496039092540741,0.033256035298109055,-0.0915808230638504,0.08427413552999496,0.07874679565429688,-0.16592013835906982,0.19408880174160004,-0.201643705368042,-0.0814976617693901,-0.08774085342884064,-0.05408424884080887,-0.21117688715457916,0.07354682683944702,-0.0840105190873146,-0.17553748190402985,-0.1663680225610733,-0.11808184534311295,0.25420793890953064,0.15360799431800842,-0.07244405895471573,0.023532312363386154,0.3493249714374542,-0.050932835787534714,0.13840249180793762,-0.06656017154455185,0.07302547246217728
76.0,-0.18098480999469757,0.11671298742294312,-0.09205837547779083,0.375338613986969,0.07906745374202728,-0.12242372334003448,-0.3549114167690277,-0.27238014340400696,-0.35510051250457764,-0.28946641087532043,-0.21180202066898346,0.28169339895248413,-0.25277048349380493,0.04049014672636986,-0.06422963738441467,-0.016811061650514603,-0.0005001886747777462,-0.06254396587610245,-0.41603362560272217,0.1703149974346161,-0.4054018259048462,-0.28020817041397095,0.17406819760799408,0.01202433742582798,-0.3157840371131897,-0.05792897194623947,-0.34793034195899963,-0.37762632966041565,0.09514836966991425,-0.42599159479141235,0.11093650013208389,0.20396344363689423,0.09582864493131638,-0.3480236232280731,-0.09734810888767242,-0.07853125035762787,-0.17929519712924957,-0.10201513022184372,0.08376841247081757,-0.05014325678348541,-0.22443145513534546,-0.2723444700241089,0.02888936921954155,-0.10956274718046188,0.11723200231790543,-0.09015990793704987,-0.09976206719875336,-0.04728957638144493,0.19920481741428375,-0.355648934841156,-0.03403704613447189,-0.06819155067205429,0.09499136358499527,-0.25840502977371216,0.01358152087777853,0.011333798989653587,0.003868669271469116,0.31583264470100403,-0.11912860721349716,0.08603193610906601,0.08243048936128616,0.1877680867910385,0.06262888759374619,-0.06430890411138535
77.0,-0.1900026947259903,0.1736988127231598,-0.07816315442323685,0.17656174302101135,-0.10626388341188431,-0.04646800458431244,-0.09293626248836517,0.03356914222240448,-0.2629877030849457,-0.039306461811065674,0.16363294422626495,0.06879717111587524,-0.1684345155954361,-0.11640715599060059,0.05191054567694664,-0.3425944745540619,0.14106164872646332,0.03268623724579811,-0.11151036620140076,-0.048543866723775864,-0.18374651670455933,0.16863547265529633,0.19396473467350006,-0.1627175211906433,0.16821488738059998,0.2693721652030945,-0.22848361730575562,-0.08473951369524002,-0.0458601638674736,-0.5130109786987305,0.06614824384450912,0.08939108997583389,-0.11528968065977097,-0.3278684616088867,0.07746122032403946,0.3264031708240509,0.06017111614346504,-0.10135016590356827,0.18149131536483765,0.07178004086017609,0.12359092384576797,-0.06657589226961136,-0.046976275742053986,0.1240994930267334,0.2948713004589081,-0.3230465054512024,-0.37195059657096863,-0.12762846052646637,0.13673318922519684,0.05052861198782921,0.17447379231452942,-0.25776922702789307,-0.4371756613254547,-0.34723949432373047,0.025292949751019478,-0.1093677282333374,0.03805488348007202,-0.012213215231895447,0.007420222274959087,0.25489673018455505,-0.5300753712654114,0.0625096783041954,0.149142786860466,-0.4499041438102722
78.0,-0.021539563313126564,-0.21970440447330475,-0.4298193156719208,0.053677767515182495,0.13577516376972198,-0.11035431921482086,-0.10771918296813965,0.005212033167481422,-0.17778797447681427,0.3277227580547333,0.23471888899803162,0.05440007522702217,0.023968787863850594,0.14638450741767883,0.015558888204395771,-0.2358313947916031,0.0028225344140082598,0.19668087363243103,-0.27941790223121643,-0.0285002700984478,-0.07059770822525024,-0.08451296389102936,-0.13014064729213715,0.10078117251396179,0.20263715088367462,-0.11974608153104782,-0.09733246266841888,-0.10996774584054947,0.1754618138074875,-0.0574902780354023,0.17027336359024048,0.09670086950063705,-0.0571497417986393,-0.09645320475101471,-0.20246542990207672,0.32790371775627136,0.05924106389284134,-0.0691249743103981,-0.14916855096817017,-0.022999342530965805,0.04097331687808037,-0.026660973206162453,0.04199666529893875,-0.3008829653263092,0.037392500787973404,-0.12999512255191803,-0.08168170601129532,0.06424502283334732,0.10059186816215515,-0.08140004426240921,0.059174057096242905,0.021472716704010963,-0.06979119032621384,-0.0007773543475195765,-0.230818971991539,0.20045742392539978,-0.029075702652335167,-0.12569192051887512,-0.017193496227264404,0.03491076081991196,0.006823147647082806,0.37009280920028687,0.06298398226499557,0.05074016749858856
79.0,-0.2595515549182892,-0.09659101814031601,-0.16590163111686707,0.1661018431186676,0.20383115112781525,-0.011989626102149487,-0.2710542678833008,-0.14778020977973938,-0.23123234510421753,0.25207972526550293,0.15538424253463745,0.11518369615077972,-0.10122332721948624,-0.07836708426475525,0.007866638712584972,-0.23927059769630432,0.12518376111984253,0.3000509440898895,-0.17053595185279846,0.06581632792949677,-0.07174623757600784,-0.00650220550596714,-0.21134315431118011,-0.08852780610322952,0.12993453443050385,-0.24371570348739624,-0.08779581636190414,-0.12531089782714844,0.21039962768554688,-0.25987863540649414,0.02413489669561386,0.1281033754348755,-0.19788402318954468,-0.08502373844385147,-0.08276308327913284,-0.010971917770802975,0.08947061747312546,-0.29759466648101807,-0.07089938968420029,0.020062856376171112,-0.02716991677880287,-0.008262933231890202,0.10740641504526138,-0.12119846791028976,0.16630502045154572,-0.18778231739997864,0.07833561301231384,-0.029254402965307236,0.031396862119436264,-0.0059318081475794315,0.014249850064516068,0.007189037278294563,-0.2923518717288971,-0.05466685816645622,-0.12175676971673965,0.20248308777809143,0.06104932725429535,-0.12469786405563354,-0.03308527171611786,0.3627699911594391,0.07017142325639725,0.23011881113052368,-0.05074848607182503,-0.148938849568367
80.0,-0.03338108956813812,-0.08755717426538467,-0.3526633381843567,0.3427751660346985,0.03546224161982536,-0.3169093728065491,-0.15765950083732605,-0.010871347039937973,-0.1815904974937439,0.24482670426368713,-0.1981886327266693,-0.027030272409319878,-0.08761230111122131,0.02486535720527172,0.12861452996730804,-0.009414199739694595,0.054643336683511734,0.05194999650120735,-0.1150779277086258,0.2644692659378052,-0.057638224214315414,0.14021609723567963,-0.2947155833244324,0.45544853806495667,0.024883108213543892,-0.275976300239563,-0.20792922377586365,-0.16946956515312195,0.03421628475189209,-0.27423179149627686,0.20604903995990753,0.10010954737663269,-0.46043944358825684,-0.06657051295042038,0.09599930793046951,0.006276516709476709,0.005239664111286402,-0.15729722380638123,-0.12122578173875809,0.21857823431491852,-0.015825385227799416,-0.11014605313539505,0.07881350815296173,-0.11892732977867126,0.14301177859306335,-0.10542679578065872,0.4094562828540802,-0.07471336424350739,-0.11108919978141785,-0.2987827956676483,-0.010466153733432293,-0.08542800694704056,-0.1864040195941925,-0.23274461925029755,-0.022981854155659676,0.3893682658672333,0.11237407475709915,-0.04378750920295715,-0.15178316831588745,0.17942142486572266,0.10856316238641739,-0.09933305531740189,-0.020723219960927963,-0.12764932215213776
81.0,-0.0788847878575325,0.20913545787334442,-0.1482580155134201,0.021013552322983742,0.021841883659362793,0.06370141357183456,-0.46059897541999817,-0.21482127904891968,-0.3149065673351288,-0.05333826690912247,0.19883356988430023,-0.1496468484401703,0.030553005635738373,-0.0038486833218485117,0.040353499352931976,-0.26278090476989746,-0.004292839672416449,-0.0005762474611401558,-0.07837862521409988,0.0931137353181839,-0.21265123784542084,0.07582785934209824,-0.2994251549243927,0.0011880655074492097,-0.022921957075595856,-0.1838727444410324,-0.18166102468967438,-0.12684905529022217,0.28341570496559143,0.05644668638706207,0.1345578134059906,0.0015252658631652594,0.057713672518730164,0.041958462446928024,-0.11115654557943344,0.051845282316207886,0.10957043617963791,0.12600724399089813,-0.2535041570663452,-0.15390676259994507,-0.03514717519283295,0.07011812180280685,0.07359393686056137,-0.10451732575893402,0.1424684375524521,-0.0280926451086998,-0.11091155558824539,0.09826579689979553,0.1028699204325676,0.11534740030765533,0.2480941116809845,-0.16576729714870453,0.004556921310722828,0.0348060242831707,0.005253903567790985,0.191208615899086,-0.23367524147033691,-0.13609392940998077,0.017646705731749535,0.3131082057952881,0.10468225926160812,0.25448763370513916,-0.013057265430688858,-0.05059182643890381
82.0,-0.07020609825849533,-0.41070860624313354,-0.11903246492147446,0.236873596906662,0.09699907153844833,0.07790819555521011,-0.0997232124209404,0.10167746245861053,-0.19273477792739868,-0.011700538918375969,-0.15703348815441132,-0.06269867718219757,-0.27684876322746277,-0.03532039746642113,-0.19890950620174408,-0.18852321803569794,0.06434107571840286,0.2269233763217926,-0.056524552404880524,-0.0915699154138565,0.17147091031074524,0.022075120359659195,0.3957001864910126,-0.2772948145866394,-0.02517620660364628,0.11726690083742142,-0.09084465354681015,0.08317280560731888,0.34326034784317017,-0.659233808517456,0.1233975738286972,0.2289288341999054,0.1979009211063385,-0.12139977514743805,0.1458219438791275,-0.05034461244940758,-0.03566113859415054,0.043336376547813416,-0.08090908825397491,0.131691575050354,-0.016892829909920692,-0.0741616040468216,0.0963187962770462,-0.07430477440357208,0.18954874575138092,-0.07908888161182404,0.027116887271404266,-0.07019484788179398,0.4895744323730469,-0.1705213040113449,0.05232252925634384,0.2326744645833969,-0.017313558608293533,-0.015879984945058823,0.065053291618824,0.07483887672424316,-0.16649490594863892,0.07790319621562958,0.002811156213283539,0.062185462564229965,-0.2701316773891449,0.3017062246799469,-0.023812182247638702,0.07357995212078094
83.0,-0.010286352597177029,0.07169890403747559,-0.23241107165813446,0.15218119323253632,0.09132876247167587,0.07032666355371475,-0.060181476175785065,0.028643496334552765,-0.18420590460300446,0.12748347222805023,-0.07510698586702347,0.2094499170780182,-0.1668665111064911,0.03485811874270439,0.02446887269616127,-0.292988121509552,0.049790848046541214,0.2043210119009018,-0.15140843391418457,-0.03499223664402962,0.031035736203193665,-0.047724537551403046,0.010789739899337292,0.06701596081256866,0.1564984768629074,-0.23186145722866058,0.04392526298761368,-0.08484520018100739,0.2088599056005478,-0.35432764887809753,0.15214303135871887,0.09026442468166351,-0.1076870784163475,-0.10341111570596695,-0.3122909963130951,-0.018455905839800835,-0.0014108315808698535,0.039723582565784454,-0.09123175591230392,-0.024411559104919434,0.03756726160645485,0.05995701998472214,0.2519398033618927,0.055634383112192154,0.1408522129058838,-0.05284544453024864,-0.050859663635492325,0.13178974390029907,0.06230061501264572,-0.02594800479710102,0.38569390773773193,-0.14064808189868927,-0.1450345516204834,-0.1089392751455307,-0.30528324842453003,0.22775903344154358,0.1454482525587082,-0.08997589349746704,0.03971138224005699,0.16007402539253235,-0.2000923603773117,0.1955212652683258,-0.007708902005106211,-0.1972746104001999
84.0,0.06693323701620102,-0.10199060291051865,-0.3121664226055145,0.26639172434806824,0.31576359272003174,0.07223671674728394,0.03007490187883377,-0.16226504743099213,-0.20076052844524384,0.03275896608829498,-0.07163814455270767,0.2938290536403656,0.0075115300714969635,0.03924115374684334,0.012684964574873447,-0.28396075963974,-0.10810618102550507,0.11521576344966888,-0.46057388186454773,-0.19457457959651947,-0.09938952326774597,-0.12357831001281738,0.043076347559690475,0.14519399404525757,0.22553475201129913,-0.2375047355890274,0.010335019789636135,-0.15941226482391357,0.35706380009651184,-0.319429874420166,-0.03591347485780716,0.10223788022994995,-0.13331586122512817,-0.0865703597664833,-0.42904478311538696,-0.05451508238911629,-0.24409210681915283,-0.20678560435771942,-0.1268945038318634,0.1641046404838562,0.046593811362981796,0.160152867436409,0.23355481028556824,-0.028677303344011307,-0.044820915907621384,0.007922361604869366,0.04020943492650986,-0.006473366171121597,0.07578358799219131,-0.05492239072918892,0.18244491517543793,-0.06790061295032501,-0.26182153820991516,-0.13372011482715607,0.04695358872413635,0.23387020826339722,0.11026465147733688,0.1392325460910797,-0.04893910139799118,0.14065863192081451,-0.06652519851922989,0.5035602450370789,0.15621687471866608,-0.08093814551830292
85.0,-0.1588730812072754,-0.3687303066253662,-0.14495866000652313,0.10739171504974365,0.09471330046653748,0.21054252982139587,-0.37232017517089844,0.06225169822573662,-0.08423834294080734,0.13707172870635986,0.02969026193022728,-0.03551511466503143,-0.20477597415447235,-0.19866491854190826,-0.22805079817771912,-0.13894081115722656,-0.006029903888702393,0.4384455978870392,0.03216356039047241,-0.22946830093860626,0.21736975014209747,0.1636783927679062,0.08477351814508438,-0.12234444916248322,0.16953130066394806,-0.21596962213516235,-0.11535865813493729,-0.006807231344282627,0.23573355376720428,-0.38228893280029297,0.2615235149860382,0.23572391271591187,-0.023695334792137146,-0.05489547923207283,-0.1309063881635666,-0.026612039655447006,0.1197986900806427,-0.01060028187930584,-0.09719078987836838,-0.09611256420612335,0.1610925942659378,-0.45939698815345764,0.31761568784713745,-0.11726073920726776,0.10291103273630142,0.13013489544391632,0.04326201602816582,0.09845861792564392,0.21503733098506927,-0.21859586238861084,0.13470511138439178,0.1628602296113968,0.1088847741484642,-0.08027499169111252,-0.3591463267803192,0.46126610040664673,-0.26171138882637024,-0.04158751666545868,0.061033427715301514,0.20241190493106842,0.10611280053853989,0.23676809668540955,-0.09783674776554108,-0.07562308758497238
86.0,-0.175215944647789,-0.042603425681591034,-0.07797640562057495,0.32575270533561707,0.09558261930942535,-0.04983988776803017,-0.22582638263702393,-0.15437711775302887,-0.04682379588484764,-0.22696883976459503,-0.165067657828331,0.09175357967615128,-0.057427581399679184,-0.11201624572277069,-0.0660703182220459,-0.03182416036725044,-0.011522570624947548,0.11587730050086975,-0.24803239107131958,-0.040765583515167236,0.000253480626270175,0.04301200807094574,0.10056572407484055,0.0804765596985817,-0.1383109986782074,-0.1312827616930008,-0.1822594553232193,-0.14803029596805573,0.13108113408088684,-0.6287797093391418,0.09071362763643265,0.21862755715847015,-0.11907286942005157,-0.2878696620464325,0.0035679482389241457,-0.20419162511825562,-0.16740521788597107,-0.1350039541721344,0.03731720522046089,0.13006092607975006,-0.004734519869089127,-0.41969922184944153,0.12007993459701538,-0.000758978771045804,0.0935220867395401,-0.0015174674335867167,-0.08335142582654953,-0.1718076914548874,0.057060547173023224,-0.286633163690567,0.010637336410582066,-0.1095125824213028,-0.0045255618169903755,-0.32326239347457886,0.04673118144273758,0.2923520505428314,-0.12652406096458435,0.11805866658687592,-0.04231475666165352,0.14274130761623383,0.014096311293542385,0.14681842923164368,0.056059401482343674,-0.09651117026805878
87.0,-0.1587589532136917,0.038040272891521454,-0.3833785057067871,0.18501673638820648,0.020205669105052948,0.0664873793721199,-0.10371685028076172,0.10198450088500977,-0.20403392612934113,0.07647911459207535,0.051807958632707596,0.00048722606152296066,-0.16988913714885712,-0.05712532997131348,-0.09921971708536148,-0.47755688428878784,0.10648945719003677,0.04667201638221741,-0.13463561236858368,0.009574932977557182,-0.07948009669780731,0.12121756374835968,0.1491641253232956,0.0954829677939415,0.02776845172047615,0.009767388924956322,-0.20936569571495056,0.009295182302594185,0.16148024797439575,-0.6336250305175781,0.03669413924217224,-0.12277515977621078,-0.1731279492378235,-0.2091870754957199,0.043889496475458145,0.1776030957698822,0.05367658659815788,-0.07149243354797363,0.002990150358527899,0.23491330444812775,0.1093369647860527,-0.09409733861684799,0.15335068106651306,-0.1544862538576126,0.19333741068840027,-0.13513895869255066,-0.13166122138500214,-0.039147041738033295,0.3543132245540619,-0.02864128164947033,0.16865423321723938,-0.1573728322982788,-0.21096985042095184,-0.1797909438610077,0.05056341364979744,-0.0485486201941967,0.016196006909012794,-0.04822087287902832,-0.14488695561885834,0.07660961896181107,-0.4612102806568146,0.25941184163093567,0.16277073323726654,-0.3185379207134247
88.0,0.0978953018784523,-0.4016002118587494,0.004275145009160042,-0.07448695600032806,-0.2384599894285202,-0.05433572456240654,-0.16917839646339417,0.09769903123378754,-0.06432246416807175,-0.07979373633861542,0.0011187477502971888,-0.06506045162677765,-0.2238663285970688,-0.15191438794136047,-0.0398649238049984,0.2129613161087036,0.03960051015019417,0.4635855555534363,0.011950181797146797,-0.13909052312374115,0.30028271675109863,0.26910680532455444,0.1014147475361824,-0.26896005868911743,0.5949549078941345,0.0037794490344822407,-0.03904818743467331,-0.2678699493408203,-0.07357655465602875,-0.24248561263084412,0.4989430606365204,0.3757600784301758,-0.11543411761522293,-0.1422910988330841,-0.1273515373468399,0.5762815475463867,0.23030640184879303,0.29766857624053955,-0.10663218796253204,-0.07742571085691452,0.011564124375581741,-0.3951127231121063,-0.170018270611763,0.03321157768368721,-0.04212796688079834,-0.007108571473509073,-0.06617293506860733,-0.018217753618955612,0.05778513476252556,-0.2641069293022156,0.0680638924241066,-0.09528274834156036,-0.07144526392221451,-0.1090095266699791,-0.4209742844104767,0.5709356665611267,-0.11503585427999496,-0.22024017572402954,0.18356278538703918,-0.01454574428498745,-0.06869690120220184,0.06039832904934883,-0.022332269698381424,0.06326154619455338
89.0,0.2084953784942627,-0.43957751989364624,-0.13634175062179565,0.22884699702262878,-0.10568983852863312,0.029993243515491486,-0.329249769449234,-0.1744585633277893,-0.38571465015411377,-0.16729579865932465,-0.3263087868690491,-0.09102856367826462,-0.4519091546535492,-0.2716672122478485,-0.18295949697494507,-0.1449265480041504,0.03949282690882683,0.15593138337135315,-0.07097145169973373,0.06990975886583328,0.011926895007491112,0.3649541437625885,0.10278457403182983,0.003294727997854352,0.2665557563304901,-0.28588858246803284,-0.2034309059381485,-0.25658613443374634,0.07911732792854309,-0.711764395236969,-0.03767239302396774,-0.09985333681106567,-0.28137508034706116,0.1045403927564621,0.2566664516925812,0.0406060554087162,-0.023113839328289032,-0.1427009552717209,-0.24117764830589294,0.3338644802570343,-0.22735895216464996,-0.031640004366636276,0.1554507464170456,-0.4282490015029907,-0.0810014083981514,0.16316331923007965,0.2178717404603958,-0.38066330552101135,0.11630964279174805,-0.055263735353946686,-0.1603347659111023,-0.1729165017604828,-0.1899896115064621,0.025156036019325256,0.250289648771286,0.2629203796386719,0.0750652328133583,0.34872955083847046,-0.2840539216995239,0.17530709505081177,-0.19597195088863373,0.013071726076304913,0.27426815032958984,0.034234464168548584
90.0,-0.19026371836662292,0.14511093497276306,-0.18931500613689423,-0.11000485718250275,0.09277410060167313,0.01764373667538166,-0.8076910376548767,-0.3834071755409241,-0.5986331701278687,-0.31513547897338867,-0.4705532491207123,-0.35492971539497375,-0.32935747504234314,-0.05936329811811447,-0.28620633482933044,0.16705641150474548,-0.03115866892039776,-0.2830369770526886,0.2256350964307785,0.28426527976989746,0.011734340339899063,0.2616809010505676,0.1346045732498169,0.3110957145690918,-0.5020541548728943,-0.21987704932689667,-0.4861295819282532,-0.07391995191574097,0.3118949234485626,0.1487436443567276,0.4288981854915619,-0.010650631971657276,-0.07668900489807129,-0.07770742475986481,-0.22841592133045197,0.02540728449821472,0.24054746329784393,0.40058913826942444,-0.8607407808303833,-0.16960780322551727,-0.080368772149086,-0.1709461361169815,0.24277862906455994,0.15585701167583466,0.3514043986797333,0.42107605934143066,0.45663267374038696,0.25481802225112915,0.1755072921514511,-0.014547760598361492,0.4119744896888733,-0.28315040469169617,0.33673837780952454,-0.34066566824913025,0.1241297572851181,0.30480557680130005,-0.35926589369773865,0.13098597526550293,0.08539262413978577,0.13289031386375427,0.20623987913131714,0.4541080594062805,0.1593761295080185,0.15344390273094177
91.0,0.09771277010440826,-0.32478010654449463,-0.3976929485797882,0.07162259519100189,0.1263682097196579,0.09376390278339386,-0.27861487865448,-0.040140364319086075,-0.21616122126579285,0.16268406808376312,0.009330237284302711,-0.011510300450026989,-0.020559394732117653,0.21946707367897034,-0.025561753660440445,-0.1689804494380951,-0.061727773398160934,0.1323695182800293,-0.20299848914146423,0.049282848834991455,-0.09695523232221603,0.042007140815258026,0.15524226427078247,0.10282469540834427,0.1232416182756424,-0.18476372957229614,-0.3420611023902893,0.04223166033625603,0.22194324433803558,-0.38520529866218567,0.0683671310544014,0.0713854506611824,0.028222978115081787,-0.09802108258008957,-0.3339194655418396,0.30526113510131836,-0.021797871217131615,-0.007522523403167725,-0.3629278540611267,-0.040481675416231155,0.08340318500995636,0.003601087722927332,0.2391417920589447,-0.3183073103427887,0.020884379744529724,0.08253490924835205,-0.039392147213220596,-0.061995964497327805,0.1115841269493103,-0.03548068925738335,0.12578223645687103,-0.08272247761487961,0.05981084704399109,-0.05712907761335373,-0.11723779141902924,0.28206339478492737,-0.01428795512765646,0.18985289335250854,-0.007314465474337339,0.10656435042619705,-0.07821965217590332,0.3727327883243561,0.16509191691875458,0.15316873788833618
92.0,0.05654759332537651,-0.032927852123975754,-0.37000468373298645,0.1192345842719078,0.047903403639793396,-0.2637850046157837,-0.1559329628944397,-0.16775311529636383,-0.2997717261314392,0.01804528385400772,0.050516277551651,-0.03146284073591232,-0.08420039713382721,-0.03140886127948761,-0.11311130970716476,-0.09145962446928024,0.01841101050376892,0.06735546141862869,-0.1586182713508606,-0.10716428607702255,0.054755523800849915,-0.06443433463573456,-0.05218563973903656,0.2586202323436737,0.007888630032539368,-0.04573684185743332,0.035713717341423035,-0.25633129477500916,0.08828090876340866,-0.10598687082529068,0.4212599992752075,0.02201468124985695,-0.091758593916893,-0.22687363624572754,0.034639623016119,0.0356648825109005,-0.030526231974363327,0.0858796238899231,-0.08633929491043091,0.15158523619174957,0.01550454180687666,-0.24742262065410614,-0.07458468526601791,-0.23948287963867188,0.08747286349534988,-0.16389618813991547,-0.014123150147497654,0.013202881440520287,0.17861808836460114,-0.1434336006641388,0.07526833564043045,-0.06401360780000687,-0.14428861439228058,-0.16583040356636047,0.05220403894782066,0.13697600364685059,-0.01959235966205597,0.03836487606167793,-0.17868532240390778,-0.041105005890131,-0.11303986608982086,0.16937877237796783,0.26520565152168274,0.08776549994945526
93.0,0.09521295875310898,-0.23866797983646393,-0.2571333348751068,0.29361292719841003,-0.1384355127811432,-0.10471346974372864,-0.3059019148349762,-0.02311858721077442,-0.2565726041793823,0.13224516808986664,-0.028788670897483826,-0.1454050987958908,-0.4050934910774231,-0.2635384202003479,-0.1403505802154541,-0.277996689081192,0.045245539397001266,0.285827100276947,-0.026980625465512276,0.039592258632183075,0.07951131463050842,0.032505057752132416,0.061080388724803925,-0.05018230527639389,0.006764865480363369,-0.23879334330558777,0.10241200029850006,-0.18624170124530792,0.2791515588760376,-0.8182224035263062,0.2820292115211487,-0.06898961961269379,0.038437921553850174,0.03844955191016197,0.3017427325248718,-0.12995769083499908,0.19478195905685425,0.13140679895877838,0.24346160888671875,0.19613413512706757,-0.0003736670478247106,-0.4059421420097351,0.13477300107479095,-0.4297654330730438,0.010909197852015495,0.020107431337237358,-0.09507258236408234,-0.1289907991886139,0.27566757798194885,-0.0518864244222641,0.09348196536302567,0.0684008002281189,-0.025633566081523895,0.20173010230064392,-0.035346925258636475,0.271944135427475,-0.1809554249048233,-0.05058322474360466,-0.1891317516565323,0.08003579080104828,-0.23964041471481323,-0.002154237823560834,0.09171000868082047,-0.043766237795352936
94.0,-0.01560372393578291,-0.014143168926239014,-0.3267654776573181,0.20828816294670105,-0.06433665007352829,-0.1609857976436615,-0.23946037888526917,0.09911223500967026,-0.07153575867414474,0.004664488602429628,0.028686147183179855,0.0744875967502594,0.008154746145009995,-0.05296777933835983,0.18609988689422607,-0.010029798373579979,0.06268925219774246,0.11687293648719788,-0.20672300457954407,-0.18901053071022034,-0.07944752275943756,0.28495410084724426,-0.1541709154844284,0.26693809032440186,0.4181826710700989,-0.09467019885778427,-0.33695822954177856,-0.3417886793613434,-0.09093556553125381,-0.12007766962051392,0.30845972895622253,0.3181803822517395,-0.5215517282485962,-0.18040655553340912,-0.08868864178657532,0.28461241722106934,-0.12438700348138809,-0.2280164211988449,-0.13926531374454498,0.03982297703623772,0.1421411633491516,-0.2925592064857483,0.11112389713525772,0.018318841233849525,0.06632903963327408,-0.19598650932312012,0.1078454852104187,-0.0614338293671608,0.031317874789237976,-0.34475770592689514,0.08007960021495819,-0.06033124029636383,-0.18475258350372314,-0.363348126411438,-0.14793458580970764,0.45556801557540894,-0.15870584547519684,0.12863928079605103,-0.09874507039785385,0.10700040310621262,0.07262870669364929,-0.025932537391781807,0.10485042631626129,-0.2808523178100586
95.0,-0.10556335002183914,0.04836081713438034,-0.1378999501466751,0.23177367448806763,-0.0729069784283638,-0.16120511293411255,-0.25104522705078125,0.1307132989168167,-0.10943354666233063,-0.003921804018318653,-0.0979674682021141,0.10907205194234848,-0.09295550733804703,0.15414315462112427,0.20189569890499115,0.05155906453728676,0.10278752446174622,-0.05393107980489731,-0.20557308197021484,0.15603025257587433,-0.3244415521621704,-0.04994890093803406,-0.04835190623998642,-0.023421861231327057,0.06940843164920807,0.10092743486166,-0.38866591453552246,-0.2551991045475006,0.07082511484622955,-0.07817850261926651,0.19724595546722412,0.37531420588493347,-0.20702724158763885,-0.15363991260528564,-0.013435098342597485,0.393790602684021,-0.08318789303302765,-0.07436811178922653,-0.11824221163988113,-0.11565528810024261,-0.062328826636075974,-0.05360371991991997,-0.009465893730521202,0.11045141518115997,0.12186500430107117,-0.22088219225406647,0.12986882030963898,0.029522571712732315,0.2812381982803345,-0.3318248987197876,0.030873477458953857,0.14608171582221985,0.02861037105321884,-0.1363038271665573,-0.14754267036914825,0.11048061400651932,-0.26850464940071106,0.1678633689880371,-0.05537305772304535,0.019687673076987267,0.08811300992965698,0.058108653873205185,-0.0697452500462532,-0.19988946616649628
96.0,-0.0967935174703598,0.2717064321041107,-0.1927431970834732,-0.07569678127765656,-0.0903642550110817,-0.13595612347126007,-0.2541567087173462,0.1798098236322403,-0.11355512589216232,0.2893093526363373,0.1809719055891037,0.04499494284391403,-0.0836058184504509,0.09088059514760971,0.40565821528434753,-0.22731158137321472,0.25038254261016846,0.023887574672698975,-0.045865606516599655,0.12596575915813446,-0.20808978378772736,0.17129158973693848,-0.29231441020965576,-0.08801903575658798,0.3460122346878052,-0.11653099954128265,-0.11684166640043259,-0.17045298218727112,0.08479151874780655,0.08915907144546509,-0.010845568031072617,0.1045101210474968,-0.43312036991119385,0.11101853847503662,-0.059996090829372406,0.3884057104587555,0.13625383377075195,-0.20304282009601593,-0.25992873311042786,-0.17926369607448578,0.008864626288414001,0.3156774342060089,0.17026033997535706,0.12150360643863678,0.17433100938796997,-0.2507287859916687,-0.002763764001429081,0.009697824716567993,-0.03575296700000763,0.20087194442749023,0.30225929617881775,-0.0800287052989006,-0.1822364330291748,0.07534368336200714,-0.2618381083011627,0.15124168992042542,-0.236104816198349,-0.12280091643333435,0.05005733296275139,0.23434321582317352,-0.021162312477827072,0.025443168357014656,-0.06853142380714417,-0.3794366419315338
97.0,0.01286692637950182,-0.17150194942951202,-0.31166163086891174,0.2582094967365265,0.10820633918046951,0.24080564081668854,-0.28650620579719543,-0.11805365979671478,-0.30810821056365967,-0.12768372893333435,-0.11396806687116623,-0.119395911693573,-0.10446073859930038,-0.04413951560854912,-0.2930249869823456,-0.254417359828949,-0.020088333636522293,0.23441454768180847,0.02083820477128029,-0.1100110113620758,0.1634467989206314,0.18818196654319763,0.06789889186620712,0.2171071469783783,0.0032702614553272724,-0.19535279273986816,-0.2051752209663391,0.01979037933051586,0.20965826511383057,-0.4106520712375641,0.27961018681526184,0.016051849350333214,0.0723513588309288,-0.09835387766361237,-0.11516495794057846,-0.2887945771217346,-0.10433081537485123,0.07766386866569519,-0.27691614627838135,0.1264076679944992,0.06310638785362244,-0.061173222959041595,0.2058202624320984,-0.20215867459774017,0.1919361650943756,0.03180323913693428,0.1352626085281372,-0.00190610415302217,0.27606451511383057,-0.2015029788017273,0.17896075546741486,-0.07428717613220215,-0.08137480914592743,-0.18169212341308594,0.04789946973323822,0.2648209035396576,0.12946689128875732,0.04782302677631378,-0.06343590468168259,0.24794624745845795,-0.17604632675647736,0.20038637518882751,0.022303935140371323,0.1289108395576477
98.0,-0.008105507120490074,0.0018267733976244926,-0.40100324153900146,0.30933263897895813,-0.009725569747388363,-0.036581769585609436,-0.31738293170928955,-0.09471312165260315,-0.38799065351486206,0.1485884040594101,-0.12554682791233063,0.024433495476841927,-0.14315761625766754,0.2011517882347107,-0.040702033787965775,-0.30798083543777466,0.025655472651124,-0.012914162129163742,-0.14001712203025818,0.2316109985113144,-0.3654044270515442,-0.01762603037059307,-0.19951540231704712,0.36564871668815613,-0.19476333260536194,-0.26771295070648193,-0.34764787554740906,-0.1090623140335083,0.14659111201763153,-0.30510565638542175,0.14322279393672943,-0.02968129701912403,-0.03364789858460426,-0.09819938242435455,0.026644259691238403,0.02572539448738098,-0.07198291271924973,0.011523277498781681,-0.1401354968547821,0.0060556810349226,-0.12510210275650024,-0.006061120890080929,0.25484445691108704,-0.34142330288887024,0.15540742874145508,-0.05326402187347412,0.07680274546146393,0.036940235644578934,0.1684817224740982,-0.24071553349494934,0.06074780225753784,-0.0446595773100853,0.012547263875603676,-0.1664721518754959,-0.073883056640625,0.10581190139055252,0.12213032692670822,0.24151510000228882,-0.2168482542037964,0.2728780508041382,0.02876964397728443,0.03827470913529396,0.07818183302879333,-0.07239143550395966
99.0,-0.20408271253108978,-0.28286874294281006,-0.2881453335285187,0.24174170196056366,0.06400116533041,-0.16686470806598663,-0.28459957242012024,-0.09737297147512436,-0.2166367769241333,0.1759200394153595,-0.12045462429523468,0.1633475124835968,-0.2646714150905609,0.005311478395015001,-0.14765053987503052,-0.06903214007616043,0.04755282402038574,0.11033221334218979,-0.17811737954616547,0.13934724032878876,-0.16255395114421844,-0.03085344471037388,-0.07334602624177933,0.13324415683746338,0.012269187718629837,-0.10679195076227188,-0.26256853342056274,-0.2372487634420395,0.02801370806992054,-0.2504687011241913,0.15068642795085907,0.16748110949993134,-0.15931399166584015,-0.24013447761535645,0.053823765367269516,0.1647118180990219,-0.1090160384774208,-0.2865857481956482,-0.10695237666368484,0.0033237524330615997,-0.17659792304039001,-0.13252900540828705,0.10286173224449158,-0.3732673227787018,0.11465972661972046,-0.11011026054620743,0.05986626446247101,-0.09337650239467621,0.19080735743045807,-0.391167014837265,-0.2362387478351593,0.0897945761680603,-0.007661714218556881,-0.2157791256904602,-0.16565044224262238,0.031716927886009216,0.11243495345115662,0.24570150673389435,-0.13797801733016968,0.16775773465633392,0.09125486761331558,0.1167074665427208,0.02444467321038246,0.03770669922232628
100.0,-0.1377973109483719,-0.365155965089798,-0.0657174214720726,0.2579003870487213,0.08397956937551498,-0.27298101782798767,-0.21116989850997925,-0.09613235294818878,-0.2583978772163391,0.21878491342067719,-0.29328855872154236,0.31678757071495056,-0.41916754841804504,-0.08136922866106033,-0.035452209413051605,0.09253880381584167,0.1326233297586441,0.3050738573074341,-0.2165297269821167,0.21508677303791046,0.0012171328999102116,-0.09493783116340637,0.040864840149879456,-0.21417006850242615,0.19692079722881317,-0.06540009379386902,-0.005267543718218803,-0.322249174118042,0.030614418908953667,-0.4798051714897156,0.14591535925865173,0.4212266802787781,-0.17154105007648468,-0.2244141697883606,-0.02559272199869156,0.30514487624168396,-0.020331431180238724,-0.18727724254131317,-0.10324198007583618,-0.03297380357980728,-0.272238552570343,-0.06547940522432327,0.008205005899071693,-0.17435893416404724,0.05894136428833008,-0.23747792840003967,0.09444287419319153,-0.09660211950540543,0.16788804531097412,-0.2747131586074829,-0.06970362365245819,0.16789913177490234,-0.15001004934310913,-0.13164345920085907,-0.3871786892414093,0.25007086992263794,0.12281956523656845,0.09425470232963562,0.04687926545739174,0.2276218980550766,0.03445424512028694,0.2096220850944519,-0.0678618922829628,0.0015119973104447126
101.0,0.26689431071281433,0.2601098120212555,-0.3723102807998657,-0.11418887227773666,-0.02891237661242485,-0.16045811772346497,-0.07239256799221039,0.16180549561977386,-0.06351003050804138,-0.015070881694555283,0.1745251566171646,-0.0005321904318407178,-0.03351382911205292,0.01853938028216362,0.13953420519828796,-0.2852831184864044,0.11899702996015549,0.040338173508644104,-0.1533379852771759,-0.27680519223213196,0.2662910521030426,0.03389579802751541,-0.0077629294246435165,0.13198836147785187,0.25492584705352783,-0.11762669682502747,0.2875857651233673,-0.2766897976398468,0.24720419943332672,-0.029712198302149773,0.4045470654964447,0.060746416449546814,-0.2433062642812729,0.04399126395583153,-0.14061059057712555,0.12155354022979736,-0.015359270386397839,0.3000827431678772,-0.3672417998313904,-0.0034735382068902254,0.1136782243847847,-0.14422036707401276,0.12182464450597763,0.017333652824163437,0.009345853701233864,-0.08699598163366318,-0.1812100112438202,0.15588130056858063,0.28621235489845276,0.16361163556575775,0.592054545879364,-0.11212220788002014,0.033326372504234314,0.16500674188137054,-0.22261270880699158,0.33816051483154297,-0.5219568610191345,-0.11812051385641098,-0.07552090287208557,-0.30726882815361023,-0.2202993482351303,0.30483278632164,0.2672251760959625,-0.10579227656126022
102.0,-0.12793345749378204,0.019041042774915695,-0.33652275800704956,0.1390051692724228,0.240388885140419,-0.03958580642938614,-0.340247243642807,-0.1844893842935562,-0.1615641862154007,-0.14598003029823303,-0.07586513459682465,0.1350460797548294,-0.05452664941549301,-0.044050414115190506,-0.16380934417247772,-0.1342936009168625,0.15732549130916595,0.07218368351459503,0.01653726026415825,0.32790836691856384,0.28865328431129456,0.08058806508779526,0.07360281050205231,0.24040566384792328,-0.3334032893180847,-0.3766767680644989,-0.3159354329109192,-0.07907193154096603,0.13551895320415497,-0.6375437378883362,0.23776604235172272,0.10071596503257751,-0.2621636688709259,-0.25173628330230713,-0.0329090878367424,-0.22118090093135834,-0.16395007073879242,-0.11820458620786667,-0.6562605500221252,0.18966542184352875,-0.07826773077249527,-0.4042922556400299,0.10927113145589828,-0.3334220051765442,0.24134479463100433,-0.06417340040206909,0.029883086681365967,-0.19240373373031616,0.3871923089027405,-0.005936390720307827,0.004942694213241339,-0.18881143629550934,-0.08444301784038544,-0.17585131525993347,-0.060908135026693344,0.2895001471042633,0.07818157970905304,0.19099308550357819,-0.20942483842372894,0.25892072916030884,-0.043620020151138306,0.16069109737873077,0.12369786202907562,0.12082826346158981
103.0,-0.20628094673156738,-0.283486932516098,-0.25534966588020325,-0.01932370662689209,0.13847027719020844,-0.17762409150600433,-0.0945240780711174,-0.039839111268520355,-0.41765016317367554,0.09252166002988815,0.06069044768810272,0.2522864043712616,-0.3535749018192291,0.05988083407282829,-0.027039246633648872,-0.12385785579681396,0.23987539112567902,0.40663158893585205,-0.26926055550575256,-0.07286415249109268,0.15151938796043396,0.07631568610668182,0.2131509780883789,-0.21167723834514618,0.42675653100013733,-0.010331667959690094,-0.14714078605175018,-0.19509252905845642,-0.0011881976388394833,-0.24287620186805725,0.19314661622047424,0.2504598796367645,-0.25860241055488586,-0.30722323060035706,-0.2710849344730377,0.42456403374671936,0.0975228026509285,-0.1797095090150833,-0.3640593886375427,-0.00906677357852459,-0.12302965670824051,0.12939336895942688,-0.0646316260099411,0.044007252901792526,0.2677607834339142,-0.30819955468177795,0.034047339111566544,-0.022974368184804916,-0.041520968079566956,-0.07784555107355118,0.20119968056678772,-0.2904350161552429,-0.39028140902519226,-0.2783547341823578,-0.25982511043548584,0.2662337124347687,0.2328784316778183,-0.1939651519060135,0.15098442137241364,0.18759877979755402,-0.256974458694458,0.4665113091468811,0.09121020138263702,-0.01670137234032154
104.0,-0.3357852101325989,0.19278307259082794,0.042735543102025986,0.2873218357563019,-0.010950957424938679,0.029461778700351715,-0.3807886242866516,-0.05651494115591049,-0.12705715000629425,-0.056081268936395645,-0.18709494173526764,0.2484150379896164,-0.18545900285243988,0.10079172253608704,0.1260349154472351,0.01707179844379425,0.07349642366170883,0.04160230979323387,-0.2541455924510956,0.24341867864131927,-0.5038280487060547,-0.23628537356853485,0.10234484076499939,-0.19860245287418365,-0.17369966208934784,0.02870006300508976,-0.3893861472606659,-0.2272418737411499,0.11311305314302444,-0.5372023582458496,0.026961300522089005,0.2965768575668335,-0.028209825977683067,-0.4257703423500061,-0.21868975460529327,0.27291738986968994,0.03070996142923832,-0.09557945281267166,0.20423774421215057,-0.2033848762512207,-0.05514143407344818,-0.2558877468109131,0.13312233984470367,0.19151964783668518,0.16869917511940002,-0.11098629236221313,-0.21666328608989716,-0.010257437825202942,0.10937759280204773,-0.2878623306751251,0.07743919640779495,-0.06916206330060959,-0.002942184917628765,-0.3089412450790405,-0.2812597155570984,0.020717009902000427,-0.07983935624361038,0.0848904401063919,0.09116248786449432,0.1972506195306778,-0.02540336549282074,0.08002882450819016,-0.12871600687503815,-0.3696601986885071
105.0,0.0646769106388092,0.0038325944915413857,0.051549751311540604,0.15209104120731354,-0.09501286596059799,-0.3681417405605316,-0.26701056957244873,-0.13873088359832764,-0.23475691676139832,-0.1168387234210968,-0.20166243612766266,0.08964024484157562,-0.2888451814651489,-0.03300342708826065,0.18354952335357666,0.05909349024295807,0.18322719633579254,0.08800085633993149,-0.1644647866487503,0.24412289261817932,0.06430476903915405,0.024089595302939415,-0.12400718033313751,-0.2469596117734909,0.2544131577014923,-0.022336741909384727,0.18021029233932495,-0.3996710479259491,0.13732098042964935,-0.28748536109924316,0.1877063661813736,0.35512611269950867,-0.17417311668395996,-0.06900987774133682,0.10974352061748505,0.13996635377407074,-0.14649078249931335,0.024922067299485207,-0.3235536813735962,-0.029136093333363533,-0.36210963129997253,0.25266167521476746,-0.1416245996952057,-0.028956197202205658,0.10575871169567108,-0.2785951495170593,-0.027018364518880844,-0.1708836406469345,0.18316838145256042,-0.058352816849946976,0.09320186078548431,-0.049133650958538055,-0.10580366849899292,0.1018761470913887,-0.1464812010526657,0.2842751145362854,-0.1307932287454605,0.005771011114120483,0.05847948417067528,0.14616605639457703,-0.033268895000219345,0.06974286586046219,-0.05303895100951195,0.09949454665184021
106.0,-0.20937983691692352,0.24896129965782166,0.0473426952958107,0.12398828566074371,-0.08908101171255112,0.0045771850273013115,-0.4706893861293793,-0.1612420678138733,-0.3437231779098511,-0.16280554234981537,-0.0695130005478859,-0.11233965307474136,-0.12485984712839127,0.16099625825881958,0.04692980647087097,-0.22780880331993103,0.11103300750255585,0.008177203126251698,-0.1447152942419052,0.13654842972755432,-0.34867674112319946,-0.010503459721803665,-0.23872260749340057,-0.21944475173950195,-0.020185556262731552,0.052891217172145844,-0.08136948943138123,-0.20402826368808746,0.3059327006340027,-0.08664209395647049,0.071998231112957,0.19596035778522491,0.12499336153268814,-0.1774396002292633,0.0019774874672293663,0.18037539720535278,-0.038979463279247284,0.20970305800437927,-0.22979509830474854,-0.2847501337528229,-0.28385600447654724,0.3230581283569336,0.08348574489355087,0.10068925470113754,0.2790784239768982,-0.17689266800880432,-0.23951302468776703,0.10435625910758972,0.1916506439447403,-0.07744093984365463,0.3023441433906555,-0.15722540020942688,0.046597935259342194,-0.11256015300750732,-0.12752437591552734,-0.006135677918791771,-0.28077757358551025,-0.09767936170101166,0.1596507877111435,0.3207509517669678,-0.027569515630602837,0.2474818378686905,-0.11993150413036346,-0.0921182781457901
107.0,0.03609030321240425,-0.21429722011089325,-0.22819337248802185,0.07321145385503769,-0.11426811665296555,-0.21724817156791687,-0.14669117331504822,0.06311440467834473,-0.24520185589790344,0.10427971184253693,-0.20064689218997955,0.1820879727602005,-0.5037460327148438,-0.04771871864795685,-0.07576003670692444,-0.08592673391103745,0.22009214758872986,0.18539045751094818,-0.04002971574664116,0.11334388703107834,0.10069656372070312,0.12948569655418396,0.09984162449836731,0.009075635112822056,0.3277379870414734,-0.06932360678911209,0.028342241421341896,-0.23864181339740753,-0.12972430884838104,-0.34949395060539246,0.08091636747121811,-0.021131515502929688,-0.31192246079444885,-0.05432995408773422,0.10599534958600998,0.2550908327102661,-0.04642566293478012,-0.19179672002792358,-0.25984179973602295,0.10672347247600555,-0.21800272166728973,0.17098672688007355,0.07834812253713608,-0.28918004035949707,0.0464743971824646,-0.15579327940940857,0.11704059690237045,-0.17575182020664215,0.13619676232337952,-0.11548164486885071,0.002808914054185152,-0.08388330787420273,-0.10718784481287003,0.04454480856657028,-0.18363165855407715,0.05228057876229286,0.21366894245147705,0.13275344669818878,-0.08900471031665802,-0.014760367572307587,-0.27611044049263,0.034764841198921204,0.1074322909116745,0.0433434322476387
108.0,0.40148112177848816,0.38776546716690063,-0.42527538537979126,-0.08545658737421036,0.02698035165667534,0.04857465252280235,-0.0912092924118042,0.0657663345336914,0.009691150858998299,-0.081930972635746,-0.05464111268520355,0.22501225769519806,-0.08351070433855057,-0.12939709424972534,0.04115057736635208,-0.41978198289871216,-0.025609202682971954,-0.05030469596385956,-0.194703608751297,-0.22335118055343628,0.24851788580417633,-0.10060316324234009,-0.10151145607233047,0.20635810494422913,0.25808483362197876,-0.3791402578353882,0.47988590598106384,-0.3932439684867859,0.44265657663345337,-0.11757772415876389,0.3350408375263214,-0.03164421766996384,-0.2285412847995758,0.14184311032295227,-0.4086412489414215,-0.021710682660341263,-0.15795986354351044,0.3287188708782196,-0.40965232253074646,-0.0037451977841556072,0.026395974680781364,-0.057155363261699677,0.3206658959388733,-0.1731444001197815,-0.22374168038368225,0.15811999142169952,-0.2509312927722931,0.2803363800048828,0.5887320041656494,0.21558281779289246,0.5885708332061768,-0.020484134554862976,0.18696552515029907,0.3371485471725464,-0.3469734787940979,0.30736827850341797,-0.4114607274532318,0.0986485406756401,-0.18324919044971466,-0.34575188159942627,-0.15284064412117004,0.4287155866622925,0.2949090898036957,-0.1328841894865036
109.0,0.044098883867263794,-0.43346452713012695,-0.30062898993492126,0.1550322324037552,-0.06373453140258789,0.059886276721954346,-0.3340248763561249,-0.04548957198858261,-0.2107565551996231,0.15748874843120575,0.04672566428780556,-0.04250621423125267,-0.1480962038040161,0.012787699699401855,-0.1694941520690918,-0.1796843260526657,-0.012034503743052483,0.33937227725982666,-0.019196411594748497,-0.04529041424393654,0.04611465707421303,0.1676964908838272,-0.13153453171253204,0.05264976993203163,0.23206888139247894,-0.2416415512561798,-0.20258834958076477,-0.07003213465213776,0.11360879987478256,-0.28477227687835693,0.3264465630054474,0.21432159841060638,0.10737478733062744,-0.01786716654896736,0.004246510565280914,0.15434680879116058,-0.03974214196205139,0.0617748498916626,-0.2071981430053711,-0.11404999345541,-0.0515432208776474,-0.16494175791740417,0.18475648760795593,-0.4295923411846161,0.05678539350628853,-0.0005928259342908859,-0.08481156080961227,-0.02445104345679283,0.222234308719635,-0.27949973940849304,-0.02975108101963997,0.11466050893068314,0.11794468760490417,-0.03561237454414368,-0.29830706119537354,0.37560299038887024,-0.002085556276142597,0.14035063982009888,-0.03437548130750656,0.30012619495391846,0.08720839768648148,0.10882451385259628,-0.02857595682144165,0.2109527736902237
110.0,0.057704437524080276,-0.4782223105430603,-0.21092736721038818,0.3099033832550049,0.03795647993683815,0.024583399295806885,-0.2398168295621872,0.10162429511547089,-0.30100271105766296,0.35144078731536865,0.014154628850519657,-0.11754268407821655,-0.28682008385658264,-0.09638635814189911,-0.06485290825366974,-0.3169158399105072,-0.022117270156741142,0.3904797434806824,-0.14910002052783966,-0.1348455846309662,0.03234541416168213,0.07262835651636124,-0.021660039201378822,-0.09924173355102539,0.11022119224071503,-0.2915293574333191,-0.030909568071365356,-0.0047275610268116,0.4138337969779968,-0.39454585313796997,0.15916293859481812,0.22356487810611725,0.11394956707954407,0.2920891344547272,0.12877582013607025,-0.1087789386510849,0.2124810665845871,0.07725223153829575,0.09654512256383896,-0.022781018167734146,0.06619807332754135,-0.23841489851474762,0.2965817153453827,-0.18612365424633026,0.05256420373916626,0.12818001210689545,0.22724902629852295,0.12878626585006714,0.1262568086385727,-0.14283670485019684,0.17321491241455078,0.3299087584018707,0.13499218225479126,0.2341015338897705,-0.17122463881969452,0.5080628991127014,-0.39262479543685913,-0.08754286915063858,-0.03959288075566292,0.11364702880382538,0.18317653238773346,0.28116410970687866,-0.0680493414402008,-0.07861435413360596
111.0,-0.043159544467926025,-0.19534720480442047,-0.09294457733631134,-0.015912925824522972,0.14552581310272217,-0.10416804999113083,-0.21681897342205048,-0.024947436526417732,-0.16665077209472656,-0.02289545349776745,0.038513991981744766,-0.09803058952093124,-0.04833143949508667,-0.2768010199069977,0.01361215952783823,0.09788890182971954,0.03631706163287163,0.17921322584152222,0.010513576678931713,-0.22866418957710266,0.24627430737018585,0.18546147644519806,0.012577809393405914,-0.06025845557451248,0.20071947574615479,-0.10287695378065109,-0.12784111499786377,-0.26028117537498474,0.17196176946163177,-0.12731924653053284,0.4053924083709717,0.3222028315067291,-0.2517319619655609,-0.08341158181428909,0.031965408474206924,0.12822076678276062,0.15881742537021637,0.027486471459269524,-0.24238772690296173,0.11693676561117172,0.12987257540225983,-0.593000590801239,0.021488413214683533,0.10032376646995544,0.10948177427053452,-0.025219907984137535,0.10770045220851898,-0.011614581570029259,0.1526872217655182,-0.09663716703653336,0.09117987751960754,0.05479247868061066,-0.21373769640922546,-0.19212879240512848,-0.02894320711493492,0.503541111946106,-0.4108634889125824,-0.0475706048309803,-0.08832260966300964,0.10743706673383713,0.12788201868534088,0.13398447632789612,0.10095862299203873,-0.1623014211654663
112.0,-0.12204334884881973,-0.1674969494342804,-0.3857026696205139,0.2787536382675171,0.12425025552511215,-0.028759650886058807,-0.22745168209075928,-0.07096464186906815,-0.29548031091690063,0.32201969623565674,-0.052965499460697174,0.1095276027917862,-0.23809407651424408,0.055774301290512085,-0.10928397625684738,-0.3659358024597168,0.07610619813203812,0.23484927415847778,-0.252946674823761,0.046451713889837265,-0.11113043874502182,-0.1397078037261963,-0.05560607835650444,0.11314445734024048,-0.08434264361858368,-0.2661128342151642,-0.020102210342884064,-0.08328378945589066,0.28309500217437744,-0.43346187472343445,0.09360548108816147,0.04879416525363922,0.040175631642341614,-0.09743985533714294,-0.026738885790109634,-0.11916393786668777,0.01118304580450058,-0.10886682569980621,0.023933690041303635,0.014118310064077377,-0.08463369309902191,-0.031040439382195473,0.2676795721054077,-0.34518495202064514,0.11142536997795105,-0.07733914256095886,0.038003936409950256,0.0829104483127594,0.23623788356781006,-0.1517636477947235,0.07533485442399979,0.14617590606212616,0.01687280461192131,-0.01023788284510374,-0.14424629509449005,0.10466524958610535,0.0626174584031105,0.0604541189968586,-0.1251625120639801,0.12089747190475464,-0.017113257199525833,0.2980157732963562,0.06333182752132416,-0.028334632515907288
113.0,-0.0469064936041832,-0.118703193962574,-0.3792284429073334,0.13750852644443512,0.14971232414245605,-0.20151983201503754,-0.1555647999048233,-0.0182918980717659,-0.12425225973129272,0.21737140417099,-0.0441926084458828,0.10885939747095108,-0.05173599720001221,0.062193870544433594,-0.031855352222919464,-0.07899651676416397,-0.03828995302319527,0.06980195641517639,-0.16580744087696075,0.154593825340271,-0.07651037722826004,-0.11479957401752472,-0.18012122809886932,0.23723474144935608,0.12487892061471939,-0.15137165784835815,-0.03967299684882164,-0.2255314290523529,0.20085003972053528,-0.21713455021381378,0.25596439838409424,0.1093459278345108,-0.20739836990833282,-0.251117467880249,-0.18202930688858032,0.29376235604286194,-0.04544070363044739,-0.046823643147945404,-0.17405736446380615,0.09349794685840607,-0.024807780981063843,-0.10802148282527924,0.0353156179189682,-0.22966960072517395,0.007581979036331177,-0.10067910701036453,0.036548443138599396,0.028730124235153198,0.22931218147277832,-0.2512495815753937,-0.02069197967648506,0.03439297154545784,-0.12918250262737274,-0.12120329588651657,-0.22648803889751434,0.19891120493412018,0.09123420715332031,-0.0030241559725254774,-0.06456886976957321,0.06074424460530281,0.07438579201698303,0.1864071935415268,0.013811112381517887,0.02709786221385002
114.0,0.15671202540397644,-0.39186689257621765,-0.09954947978258133,0.012156357057392597,-0.08071445673704147,0.019742250442504883,-0.27026569843292236,0.02053586207330227,-0.1642116755247116,0.02712124213576317,-0.3048512637615204,0.017410969361662865,-0.3873051702976227,-0.23199331760406494,-0.0037108296528458595,0.033301156014204025,0.045265838503837585,0.049321357160806656,-0.05754036828875542,0.007333346642553806,-0.02469009719789028,0.3495842516422272,0.22444438934326172,-0.041501689702272415,0.3558264374732971,-0.2594723105430603,-0.20175600051879883,-0.14031948149204254,0.034370891749858856,-0.4007226228713989,-0.22237958014011383,-0.04095376282930374,-0.4301299452781677,0.2631068825721741,0.01959151402115822,0.2697261571884155,0.06437933444976807,-0.3187501132488251,-0.25651878118515015,0.14647412300109863,-0.03148994222283363,0.028937486931681633,0.3214862644672394,-0.13325774669647217,-0.2242760807275772,0.308236300945282,0.3428366482257843,-0.2769498825073242,-0.050519272685050964,0.12575151026248932,-0.06746437400579453,0.01629883237183094,-0.001499804318882525,0.13081341981887817,0.11297545582056046,0.27620604634284973,-0.18086296319961548,0.3931830823421478,-0.1090703010559082,-0.03211722895503044,0.017101528123021126,0.15247252583503723,0.28852611780166626,-0.0742373988032341
115.0,0.05110805109143257,-0.17871558666229248,-0.5425698161125183,0.32053980231285095,0.2061508595943451,-0.01591990888118744,0.02591986395418644,-0.03816080838441849,-0.15902069211006165,0.13460983335971832,-0.033934250473976135,0.26452168822288513,-0.05493777245283127,-0.0016440763138234615,-0.15746387839317322,-0.3025517463684082,-0.07267067581415176,0.17368531227111816,-0.31544575095176697,-0.10647976398468018,0.0066434708423912525,-0.10222171247005463,-0.06044614315032959,0.45798131823539734,0.07567663490772247,-0.3577106297016144,-0.09869131445884705,-0.19913934171199799,0.19525088369846344,-0.4038516581058502,0.27399682998657227,0.016051417216658592,-0.17700505256652832,-0.14375299215316772,-0.1694331169128418,-0.08380744606256485,-0.17610889673233032,-0.11624829471111298,-0.03565825894474983,0.2677076458930969,0.0631231889128685,-0.2889564335346222,0.19725960493087769,-0.3546822965145111,-0.024967249482870102,-0.011860789731144905,0.08010520040988922,0.02003512717783451,0.22149305045604706,-0.3336772322654724,0.01904289796948433,-0.012829720042645931,-0.14428023993968964,-0.1772441864013672,-0.06349575519561768,0.2341025322675705,0.2239171415567398,0.14493003487586975,-0.29471591114997864,0.023769868537783623,-0.0654747411608696,0.23966778814792633,0.1828465461730957,-0.03509391471743584
116.0,0.00466630095615983,-0.21016664803028107,0.018732400611042976,0.23046007752418518,0.04160340130329132,0.07234928756952286,-0.30548596382141113,-0.06640426069498062,-0.13574078679084778,0.016260482370853424,-0.1089324876666069,0.2072586715221405,-0.07255248725414276,0.0714683011174202,-0.07337162643671036,-0.033124133944511414,0.012229079380631447,0.3710235357284546,-0.08960697054862976,0.028916986659169197,-0.022800616919994354,-0.027692781761288643,-0.13555338978767395,-0.10068012028932571,0.0766507163643837,-0.23115074634552002,-0.08726362884044647,-0.14579437673091888,0.16998444497585297,-0.3780744969844818,0.2765030562877655,0.48919999599456787,0.19275978207588196,-0.2026064395904541,-0.1470939666032791,0.09374319761991501,-0.08347505331039429,0.12601348757743835,-0.1695677936077118,-0.2467162013053894,-0.16097575426101685,-0.27929171919822693,0.14801014959812164,-0.0497945211827755,0.04266531392931938,-0.07061126083135605,-0.18538035452365875,0.06992366164922714,0.17747564613819122,-0.3362234830856323,0.08515789359807968,0.11600958555936813,0.05785009264945984,-0.1841927319765091,-0.47862792015075684,0.47228893637657166,-0.024668613448739052,0.18977651000022888,0.08625652641057968,0.4174174964427948,0.2397269457578659,0.0862736701965332,-0.11624430119991302,0.06575214862823486
117.0,0.12062250077724457,-0.2973492741584778,-0.025542154908180237,0.4084949493408203,0.21288785338401794,-0.09394186735153198,-0.27100256085395813,-0.247743159532547,-0.32125937938690186,0.05581203103065491,-0.39511096477508545,0.05152008682489395,-0.07535728067159653,-0.036345966160297394,0.2163550704717636,0.1313910186290741,-0.2281913161277771,-0.09094113856554031,-0.5982887744903564,0.01326305978000164,-0.539340615272522,-0.08615947514772415,0.16753670573234558,0.02829931303858757,0.034740131348371506,-0.1974971741437912,-0.30306416749954224,-0.2763729393482208,0.3731668293476105,-0.4916580617427826,-0.256186306476593,0.27592355012893677,-0.18857797980308533,-0.007024222053587437,-0.2942085266113281,0.18256735801696777,0.025705792009830475,-0.22988706827163696,0.15605799853801727,0.09390129894018173,0.06279624253511429,-0.154511958360672,0.27353841066360474,0.13586729764938354,-0.20062486827373505,0.29507797956466675,0.3024732172489166,-0.14238938689231873,-0.23338627815246582,-0.07134436815977097,-0.003644608659669757,0.10250355303287506,-0.07418672740459442,-0.14693422615528107,0.23862774670124054,0.4347063899040222,-0.35442376136779785,0.38789087533950806,-0.03580343350768089,0.013283805921673775,0.2854746878147125,0.3922278881072998,0.2590551972389221,-0.24523088335990906
118.0,-0.03554759919643402,-0.2237003594636917,-0.1448638141155243,0.18697138130664825,0.2232249677181244,-0.267710417509079,-0.25126761198043823,-0.2228328436613083,-0.5241234302520752,0.27953407168388367,-0.26079392433166504,-0.20796768367290497,-0.33427196741104126,0.06291832774877548,-0.19258977472782135,-0.1128133237361908,0.05796922743320465,0.12057755887508392,-0.08679275214672089,0.03866785019636154,0.09330607950687408,-0.0013995521003380418,-0.05935244634747505,0.20588475465774536,-0.18167711794376373,-0.13313762843608856,0.23080697655677795,-0.03452455997467041,0.30091506242752075,-0.10604868829250336,0.09927508234977722,-0.035773370414972305,-0.07869747281074524,-0.02091740444302559,0.10728698968887329,-0.2666614055633545,0.11746243387460709,0.07932543009519577,-0.2671404182910919,0.08103402704000473,-0.13893045485019684,0.19541780650615692,0.16230377554893494,-0.06906718760728836,0.2419646680355072,0.02173682488501072,0.4581162929534912,0.10960378497838974,-0.1527177393436432,-0.0204685777425766,0.23999837040901184,-0.011416291818022728,-0.1085398718714714,-0.07510943710803986,0.07811732590198517,0.18637517094612122,-0.03796492516994476,-0.08080901205539703,-0.0021826131269335747,0.03245045244693756,0.03069433942437172,0.2698851227760315,0.15439757704734802,0.14258551597595215
119.0,-0.024107767269015312,0.23814648389816284,-0.13848015666007996,0.1853483021259308,-0.1584053933620453,-0.08022624999284744,-0.35072213411331177,-0.12581664323806763,-0.1320265680551529,-0.023566383868455887,0.0680474191904068,-0.007027686573565006,0.039956770837306976,0.1341458112001419,0.2061014175415039,-0.16395977139472961,0.0018985611386597157,0.033521365374326706,-0.2406114935874939,0.13562516868114471,-0.3955609202384949,0.03266981244087219,-0.4446108639240265,0.11466656625270844,0.19640201330184937,-0.12779831886291504,-0.13158677518367767,-0.3186050355434418,0.08007422834634781,-0.09793788194656372,0.12268482148647308,0.11381226032972336,-0.10981647670269012,-0.149451345205307,-0.08875231444835663,0.268667072057724,-0.08389437198638916,0.043643392622470856,-0.029815228655934334,-0.16166815161705017,-0.12146991491317749,0.10755607485771179,0.05913148075342178,-0.11711875349283218,0.05969160422682762,-0.15812256932258606,-0.26711365580558777,-0.05208682641386986,-0.05929633229970932,-0.20221802592277527,0.13164375722408295,-0.23818111419677734,-0.03533757105469704,-0.12861579656600952,-0.20985616743564606,0.1792861670255661,-0.0576656199991703,-0.06466026604175568,0.02504649944603443,0.26957347989082336,0.035357631742954254,-0.025674033910036087,-0.0727481096982956,-0.13593789935112
120.0,0.1436615288257599,-0.11735762655735016,-0.3273554742336273,0.1202596053481102,-0.29668673872947693,-0.02044159546494484,-0.31360170245170593,0.025142759084701538,-0.23297004401683807,-0.09170535951852798,-0.08400051295757294,-0.2586146593093872,-0.30655571818351746,-0.23638160526752472,-0.257449209690094,-0.29086965322494507,0.0297405868768692,0.1264858990907669,0.0575459748506546,0.031334567815065384,-0.024210626259446144,0.3307594954967499,-0.3087754249572754,0.23222239315509796,0.300314724445343,-0.11840364336967468,-0.033665478229522705,-0.3608711361885071,0.0374901182949543,-0.31965792179107666,0.2986455261707306,-0.2501404881477356,-0.26966261863708496,-0.008532967418432236,0.35655826330184937,0.32006698846817017,0.08492797613143921,0.1836491823196411,-0.09513818472623825,0.2752927243709564,-0.17180125415325165,-0.15175555646419525,0.0033723879605531693,-0.4890027344226837,-0.1158689633011818,0.04463805630803108,-0.014795402996242046,-0.14606356620788574,0.34720155596733093,-0.2623773515224457,-0.0688672661781311,-0.20166994631290436,-0.15393927693367004,-0.023408347740769386,0.0432722382247448,0.09080210328102112,-0.045084692537784576,-0.017078308388590813,-0.3115232288837433,2.788589335978031e-05,-0.26922836899757385,-0.058005958795547485,0.19936880469322205,-0.0761328637599945
121.0,-0.1400010585784912,-0.09375335276126862,-0.2294287234544754,0.19706152379512787,-0.06443877518177032,0.1882186383008957,-0.2880252003669739,-0.08079809695482254,-0.27697116136550903,0.14435021579265594,0.1891225129365921,-0.13207489252090454,-0.13340991735458374,-0.03295787423849106,-0.21673087775707245,-0.5494110584259033,0.02731693908572197,0.315383642911911,-0.1329049915075302,-0.2483716458082199,-0.2080872356891632,0.15336886048316956,-0.3269350230693817,0.0359514094889164,0.24817033112049103,-0.09832613915205002,0.04916045069694519,-0.10754495859146118,0.22479377686977386,-0.19974477589130402,0.034500475972890854,-0.10087380558252335,0.05605097487568855,-0.06977392733097076,0.1360590010881424,0.015509732998907566,0.0036199961323291063,-0.04983766749501228,0.09835108369588852,-0.007042822428047657,-0.0691724419593811,0.14370134472846985,0.2314819097518921,-0.3005959093570709,0.1038912981748581,-0.12349191308021545,-0.17954334616661072,0.004560340661555529,0.1244436502456665,-0.1832474321126938,0.07278238981962204,-0.06229575723409653,-0.17529593408107758,-0.09575323015451431,-0.02559194527566433,-0.018893100321292877,-0.0033543722238391638,-0.08348016440868378,-0.0777810662984848,0.2995256781578064,-0.1574358344078064,0.21560777723789215,0.04804975911974907,-0.12164165824651718
122.0,0.1675565540790558,-0.4219072163105011,-0.179122656583786,0.3765973150730133,-0.0021301039960235357,0.207951620221138,-0.01634887233376503,0.16359740495681763,0.024483943358063698,-0.17920008301734924,-0.37397515773773193,-0.08909298479557037,-0.27718839049339294,-0.1441185474395752,-0.2785426676273346,-0.1804884523153305,-0.020573072135448456,0.27578434348106384,-0.08497795462608337,-0.2580951452255249,0.2233794629573822,-0.004350763745605946,0.4860614836215973,-0.15571245551109314,0.16710436344146729,0.12915021181106567,0.12160255014896393,-0.06233718991279602,0.3149203658103943,-1.1582459211349487,0.14665746688842773,0.025997698307037354,0.08222861588001251,-0.26796144247055054,0.134004607796669,-0.09830301254987717,-0.19637265801429749,0.11131548881530762,0.1947435587644577,0.4102802872657776,0.0660327896475792,-0.2375105321407318,0.16727915406227112,-0.19484151899814606,-0.060578446835279465,0.029814135283231735,-0.1420571208000183,-0.2731732428073883,0.5954481959342957,-0.3180377781391144,0.025776194408535957,0.14775210618972778,-0.11367771774530411,-0.03749600797891617,0.09308768063783646,0.05736812949180603,-0.06303390115499496,0.13964566588401794,-0.13904888927936554,-0.1705324798822403,-0.6299310922622681,0.08746432512998581,0.06858509033918381,0.006480593234300613
123.0,-0.015955936163663864,0.17643071711063385,-0.08820992708206177,-0.02046051248908043,-0.2059367597103119,-0.19329984486103058,-0.4812276065349579,-0.10715972632169724,-0.3663387894630432,0.08533943444490433,0.1706061214208603,-0.15444664657115936,-0.16793344914913177,0.04154151678085327,0.18017207086086273,-0.21229182183742523,0.15864987671375275,0.09709654748439789,-0.13053752481937408,-0.05893190950155258,-0.28100070357322693,0.2085731476545334,-0.39664676785469055,-0.08657228946685791,0.3963824212551117,0.00849925447255373,0.043950244784355164,-0.3881016969680786,0.09422150999307632,0.1621771603822708,0.1563057005405426,0.10721065104007721,-0.2029532790184021,-0.04194318875670433,0.05832540616393089,0.39578351378440857,0.08826500922441483,0.05386142432689667,-0.20194341242313385,-0.23772330582141876,-0.14334054291248322,0.25456103682518005,0.05288191884756088,-0.0261628907173872,0.1443539708852768,-0.23627455532550812,-0.16003736853599548,-0.008808467537164688,-0.06522606313228607,0.03353491798043251,0.2665133774280548,-0.18521727621555328,-0.16947701573371887,-0.03748353570699692,-0.17404727637767792,0.17677877843379974,-0.3309260904788971,-0.08398657292127609,0.05782712996006012,0.20748351514339447,-0.014149455353617668,0.094096839427948,0.0942697525024414,-0.17702625691890717
124.0,-0.1367483288049698,-0.3701799511909485,-0.3131922483444214,0.2197362631559372,-0.054576244205236435,-0.009591066278517246,-0.33292287588119507,0.03275054693222046,-0.2665847837924957,0.09822770953178406,-0.018697835505008698,-0.060442302376031876,-0.3609226942062378,0.06429286301136017,-0.2039443850517273,-0.2599927484989166,0.16082386672496796,0.3746596872806549,-0.1547728031873703,-0.08639495819807053,-0.016589278355240822,0.03373801335692406,0.042200904339551926,-0.14020754396915436,0.1901835799217224,0.0030901068821549416,-0.10619690269231796,-0.21405118703842163,0.17236915230751038,-0.4044143855571747,0.2521798312664032,0.12388782203197479,0.06635767966508865,-0.17644669115543365,0.13933555781841278,0.14556105434894562,-0.019656376913189888,-0.02028585411608219,-0.0482805073261261,-0.03314382955431938,-0.1784304827451706,-0.025633670389652252,0.1049521192908287,-0.32199737429618835,0.16680313646793365,-0.17208586633205414,-0.08761657029390335,-0.07499875128269196,0.3199928402900696,-0.38334396481513977,0.005409642122685909,0.07021006941795349,0.022876203060150146,-0.039275266230106354,-0.21636714041233063,0.08639413118362427,-0.10398298501968384,-0.053677208721637726,-0.023051012307405472,0.07942613959312439,-0.17622563242912292,0.23061583936214447,-0.08395251631736755,0.09218880534172058
125.0,0.1552514135837555,-0.06680452078580856,-0.45451682806015015,0.2753602862358093,-0.08810914307832718,0.18045984208583832,-0.2625856101512909,0.10074178129434586,0.04247439280152321,-0.04188409075140953,-0.10787070542573929,0.15680773556232452,-0.09402820467948914,0.15954115986824036,-0.004852588288486004,-0.25889524817466736,-0.05715404078364372,0.096114881336689,-0.25855085253715515,0.15134546160697937,-0.1956632137298584,0.036672722548246384,0.05133979767560959,0.30839282274246216,0.11578769236803055,-0.3442501425743103,-0.32993507385253906,-0.12627162039279938,0.09169569611549377,-0.649558424949646,0.045338332653045654,-0.0850745216012001,-0.09078111499547958,-0.05213383957743645,-0.2657695412635803,0.13997071981430054,-0.1888919323682785,-0.07683434337377548,-0.12022823840379715,0.04042523354291916,0.0027815252542495728,-0.12444457411766052,0.34466373920440674,-0.4580008089542389,-0.1213352382183075,0.13371047377586365,-0.15161986649036407,-0.1561369150876999,0.2092980444431305,-0.30496490001678467,0.08180273324251175,-0.17861974239349365,0.2442624717950821,0.02940620481967926,-0.20400431752204895,0.22056926786899567,0.07334452867507935,0.24318507313728333,-0.14648714661598206,-0.016046075150370598,-0.16594833135604858,0.0941680520772934,0.04539104551076889,-0.009409718215465546
126.0,-0.17829833924770355,-0.2649381458759308,-0.3020365536212921,0.1712477058172226,0.27808982133865356,0.051592301577329636,-0.2806698679924011,-0.2938136160373688,-0.32051417231559753,0.14254409074783325,-0.10161494463682175,0.015550010837614536,-0.10252891480922699,-0.04414650425314903,-0.298596054315567,-0.2276993989944458,0.03550555557012558,0.2704978883266449,-0.10729165375232697,-0.10418672114610672,0.14364096522331238,0.13340099155902863,-0.1510908603668213,0.26064395904541016,-0.01600746251642704,-0.2969494163990021,-0.06362955272197723,-0.06491537392139435,0.1753566861152649,-0.23942355811595917,0.12231465429067612,0.06416246294975281,-0.10080116242170334,-0.20748674869537354,-0.09760208427906036,-0.23231758177280426,-0.06239607185125351,-0.17209060490131378,-0.3259234130382538,0.0772266685962677,-0.07965966314077377,-0.061466045677661896,0.22870923578739166,-0.2749321162700653,0.18742060661315918,0.014467515982687473,0.10665332525968552,-0.01580386608839035,-0.0036270152777433395,-0.1738826483488083,0.004524344112724066,-0.12090612202882767,-0.16360270977020264,-0.32193708419799805,-0.043700531125068665,0.24498838186264038,0.15413382649421692,0.027846213430166245,-0.06536288559436798,0.3072188198566437,0.057686738669872284,0.3384167551994324,0.12471933662891388,0.1082945466041565
127.0,-0.006983817555010319,-0.479956716299057,-0.12986762821674347,0.22500202059745789,-0.006974694784730673,-0.016073867678642273,-0.07766478508710861,0.11184893548488617,-0.2524338662624359,0.20896285772323608,-0.3090512156486511,-0.11079389601945877,-0.28480416536331177,-0.015466203913092613,-0.1090538278222084,0.08895479887723923,-0.023001182824373245,0.3504415452480316,0.01498133223503828,0.15817144513130188,0.1277071088552475,-0.0009379084222018719,0.15318059921264648,-0.03601217269897461,0.04510341212153435,-0.15162771940231323,-0.16223753988742828,0.019369149580597878,0.18966759741306305,-0.5816647410392761,0.3391103446483612,0.2278183400630951,0.023461654782295227,-0.08063066005706787,-0.0320100374519825,0.2402259260416031,0.3115215003490448,0.32526737451553345,0.057312704622745514,0.14499379694461823,0.04102770611643791,-0.39225634932518005,0.04142086207866669,0.03315811604261398,0.08224509656429291,0.13439254462718964,0.31480222940444946,0.12926073372364044,0.11443442851305008,-0.3342668116092682,0.07111392170190811,0.11494871228933334,-0.04055478051304817,-0.1152588501572609,-0.25941595435142517,0.49497276544570923,0.06904953718185425,-0.24035316705703735,0.05489461496472359,0.04131770133972168,0.0020782272331416607,0.08415073156356812,-0.12004366517066956,-0.04105457291007042
128.0,-0.18612109124660492,0.009751778095960617,-0.14655201137065887,0.35385218262672424,0.09970636665821075,-0.041690196841955185,-0.1285174936056137,-0.1642872840166092,-0.419376403093338,0.11935237050056458,-0.09653670340776443,-0.02135664038360119,-0.0568896159529686,0.043820809572935104,-0.013970878906548023,-0.35220903158187866,0.041437577456235886,0.18635208904743195,-0.32607871294021606,-0.04729913920164108,-0.27716025710105896,0.05534293130040169,-0.20975995063781738,0.09138250350952148,0.15922847390174866,0.009373940527439117,-0.05561493709683418,-0.14635995030403137,0.24436117708683014,-0.408580482006073,0.03232636675238609,0.14851906895637512,-0.16601097583770752,-0.3356265723705292,-0.04640908166766167,0.175190269947052,0.023220662027597427,-0.01549885980784893,0.07671148329973221,0.15699757635593414,-0.02980787679553032,0.14612476527690887,0.0477750338613987,0.16155701875686646,0.23301461338996887,-0.21871362626552582,0.02578675001859665,0.030429529026150703,-0.007095808163285255,-0.17574356496334076,0.15649369359016418,-0.16954903304576874,-0.5066441297531128,-0.4415377080440521,0.05334778130054474,0.13725833594799042,0.13650259375572205,-0.16681398451328278,0.015160655602812767,0.29194962978363037,-0.2039705514907837,0.30270621180534363,0.11222987622022629,-0.336576372385025
129.0,-0.20802251994609833,-0.36833667755126953,-0.3850685656070709,0.07621579617261887,0.07998241484165192,-0.01583080179989338,-0.21473999321460724,0.09325933456420898,-0.15982793271541595,0.26267948746681213,0.15068629384040833,0.17741268873214722,-0.14460617303848267,0.1323511302471161,0.012121196836233139,-0.11120251566171646,0.17995797097682953,0.38087198138237,-0.09029638022184372,0.15365014970302582,0.08216836303472519,0.12610489130020142,0.13908545672893524,-0.043425943702459335,0.25139120221138,-0.17915642261505127,-0.4810057282447815,0.009461775422096252,-0.04495611414313316,-0.4793444573879242,0.2146017700433731,0.2535986304283142,-0.15118563175201416,-0.23633010685443878,-0.19336719810962677,0.3929690718650818,0.07311685383319855,-0.24169746041297913,-0.3047519326210022,-0.037890560925006866,0.045162323862314224,-0.15052430331707,0.08626347780227661,-0.27074047923088074,0.24044093489646912,-0.21596448123455048,-0.04094071686267853,-0.11550725996494293,0.1211094930768013,-0.18531423807144165,-0.013066483661532402,-0.07314750552177429,-0.12776030600070953,-0.18499130010604858,-0.3644225001335144,0.3038284182548523,0.26936331391334534,-0.03359273448586464,0.04352917522192001,0.31034088134765625,-0.12891069054603577,0.1377703845500946,-0.07086730003356934,0.04797706753015518
130.0,0.2939872443675995,-0.4389636218547821,0.29280680418014526,0.4270070493221283,-0.12000418454408646,0.21550707519054413,-0.4520131051540375,-0.24228599667549133,-0.28272080421447754,-0.3985649347305298,-0.6234959363937378,0.004589448682963848,-0.33434441685676575,-0.44719213247299194,-0.02758033014833927,0.13909702003002167,-0.27884572744369507,0.025036701932549477,-0.1959783136844635,-0.05030181258916855,-0.26849496364593506,0.32748061418533325,0.22757191956043243,-0.22108124196529388,0.25057607889175415,-0.28510770201683044,-0.31590601801872253,-0.3383900821208954,0.3386770784854889,-0.7545710206031799,-0.09154320508241653,0.4220544099807739,-0.04723614454269409,0.23571673035621643,-0.0074048638343811035,0.07883723825216293,-0.10432019829750061,-0.017781764268875122,-0.006907993461936712,0.06381281465291977,-0.0810193344950676,-0.30483442544937134,0.3499993085861206,0.07222187519073486,-0.30263832211494446,0.5277471542358398,0.18080629408359528,-0.29149720072746277,0.13355277478694916,-0.12870924174785614,-0.10508545488119125,0.19755509495735168,0.06332044303417206,-0.036872465163469315,0.2227410525083542,0.5769804120063782,-0.4429738223552704,0.7066492438316345,-0.06476572155952454,0.2804343104362488,0.25036317110061646,0.14384910464286804,0.17649276554584503,-0.17734122276306152
131.0,-0.05896630510687828,-0.01974034681916237,-0.14681342244148254,0.038010917603969574,0.01753969117999077,0.026144392788410187,-0.338384747505188,-0.11993124336004257,-0.3728986978530884,-0.06134273484349251,0.11701861023902893,0.041272468864917755,-0.21636873483657837,0.06783043593168259,-0.11662950366735458,-0.19355982542037964,0.06410982459783554,0.11581805348396301,-0.09348415583372116,0.03334682807326317,-0.14397095143795013,-0.09729885309934616,0.08140692114830017,-0.17487023770809174,-0.002823441056534648,0.03810602426528931,-0.15171612799167633,-0.1891181766986847,0.11726130545139313,-0.13437789678573608,0.17322905361652374,0.033113282173871994,0.25388553738594055,-0.17496953904628754,-0.10092753916978836,0.14546425640583038,0.042143262922763824,0.08172144740819931,-0.15782493352890015,-0.16945256292819977,-0.14735405147075653,-0.002849114127457142,-0.004703241866081953,-0.26922279596328735,0.15024089813232422,-0.14311063289642334,-0.27121424674987793,0.018725702539086342,0.2491254061460495,-0.042314473539590836,0.11054539680480957,-0.09028129279613495,-0.02401757426559925,-0.0030404406134039164,-0.11413607746362686,-0.03920181095600128,-0.018045617267489433,0.03566581755876541,-0.006852628197520971,0.1538710594177246,-0.13222791254520416,0.2133791446685791,0.021429825574159622,0.07920119911432266
132.0,-0.14611783623695374,-0.07853575050830841,-0.2864314019680023,0.03954429551959038,0.005886949598789215,-0.1129252016544342,-0.34910672903060913,-0.0462498739361763,-0.1647878736257553,0.09571915864944458,0.13088679313659668,-0.09922412037849426,0.01933310553431511,-0.029143577441573143,-0.05825894698500633,-0.051528166979551315,0.07207079231739044,0.1766708344221115,-0.06438440829515457,-0.16411884129047394,0.01862148754298687,0.25036337971687317,-0.2959707975387573,0.24450445175170898,0.21611222624778748,-0.07270096987485886,-0.21903903782367706,-0.25123655796051025,-0.012742755003273487,0.11661258339881897,0.38359302282333374,0.2210908979177475,-0.2991013824939728,-0.2191205620765686,-0.0030580242164433002,0.27594566345214844,0.03616802766919136,-0.043443478643894196,-0.2817362844944,-0.06560145318508148,0.054352935403585434,-0.3245409429073334,0.059773027896881104,-0.07888409495353699,0.1559130698442459,-0.1221756860613823,0.014536876231431961,0.02484891377389431,0.01772281713783741,-0.28706347942352295,0.06314698606729507,-0.09648028016090393,-0.11604257673025131,-0.3625600337982178,-0.19873614609241486,0.34408441185951233,-0.24359776079654694,-0.06813710927963257,-0.04419884458184242,0.1574605256319046,0.1230921819806099,0.13855761289596558,0.09535124152898788,-0.09849806129932404
133.0,-0.054213300347328186,-0.1818767935037613,-0.2257670760154724,0.12254916876554489,0.08741948008537292,-0.04962652176618576,-0.45898526906967163,-0.24096713960170746,-0.36537274718284607,0.11626651883125305,0.2267652004957199,-0.1805938482284546,-0.04993932321667671,-0.020761409774422646,-0.044090259820222855,-0.26947277784347534,0.013865545392036438,0.252657413482666,-0.1591285765171051,-0.019030947238206863,-0.09360451251268387,0.12115905433893204,-0.26458925008773804,-0.010549068450927734,0.1286325752735138,-0.18204787373542786,-0.05539660155773163,-0.15783338248729706,0.28355225920677185,-0.23162774741649628,0.1223062127828598,0.0467156358063221,0.04607098177075386,-0.056602634489536285,0.04757319763302803,0.05632180720567703,0.06912829726934433,-0.03329996019601822,-0.20986656844615936,-0.0005264021456241608,-0.05827779695391655,-0.022181406617164612,0.10128722339868546,-0.3507448136806488,0.12937965989112854,-0.10666327178478241,-0.12184333056211472,-0.099574014544487,0.04398515075445175,-0.020361803472042084,0.05176529288291931,-0.08968426287174225,-0.14187809824943542,0.003730564843863249,0.018066255375742912,0.30303046107292175,-0.17490831017494202,-0.08332666754722595,-0.025383085012435913,0.3509407937526703,0.052537523210048676,0.26019829511642456,0.07366552948951721,0.07938500493764877
134.0,0.26819536089897156,-0.8179803490638733,-0.2890204191207886,0.17140325903892517,-0.100455142557621,-0.022299982607364655,-0.034137062728405,0.1445305347442627,-0.27666908502578735,0.17328332364559174,-0.29879599809646606,-0.12891943752765656,-0.30269289016723633,0.01467913668602705,0.03513827547430992,0.27161937952041626,-0.23456454277038574,0.40479761362075806,-0.192505344748497,0.3560229539871216,0.16736361384391785,-0.002948860637843609,0.5519070029258728,-0.14878465235233307,0.27422821521759033,-0.26609936356544495,-0.4284590184688568,0.13846905529499054,0.23973608016967773,-0.920212984085083,0.4022778868675232,0.22873105108737946,0.106857068836689,0.03861790895462036,-0.5075697302818298,0.6827005743980408,0.5653614401817322,0.5689299702644348,0.09594687819480896,0.15941645205020905,0.22748242318630219,-0.46316012740135193,-0.10616983473300934,-0.06646695733070374,-0.11858827620744705,0.3845043480396271,0.3600850999355316,0.16098493337631226,0.029717925935983658,-0.203877791762352,0.1799485981464386,-0.04692735895514488,0.18918047845363617,0.10966122895479202,-0.34722673892974854,0.9294463992118835,0.1530562937259674,-0.41766130924224854,0.2527620792388916,-0.1166490688920021,-0.07137001305818558,0.35515135526657104,-0.13030940294265747,0.15233886241912842
135.0,-0.13019105792045593,-0.24754150211811066,-0.13907815515995026,0.17493265867233276,0.24082589149475098,0.28265148401260376,-0.3921264111995697,-0.26578807830810547,-0.4636530578136444,-0.05682156980037689,0.06047151982784271,0.028116576373577118,-0.13667169213294983,-0.20829328894615173,-0.2373339980840683,-0.2286570966243744,-0.09629315137863159,0.2230522781610489,-0.26550525426864624,-0.19537056982517242,-0.26720914244651794,0.11766280978918076,0.054998598992824554,-0.03417649492621422,0.20471562445163727,-0.14677807688713074,-0.3539845049381256,-0.17600300908088684,0.19212590157985687,-0.2803156077861786,-0.06641215085983276,-0.032625094056129456,-0.06059287488460541,-0.14041371643543243,-0.2600771486759186,0.11097121983766556,0.10731670260429382,-0.25203779339790344,-0.03838049992918968,0.1275528520345688,0.06111619248986244,-0.1488264948129654,0.1537463366985321,-0.17318765819072723,-0.01928754895925522,0.07760152965784073,0.13675260543823242,-0.05031435191631317,0.06219572573900223,-0.06947295367717743,-0.0519830621778965,-0.09593033790588379,-0.35318636894226074,-0.2299502044916153,0.2065204232931137,0.15298578143119812,0.07199312746524811,0.1423024982213974,-0.12694568932056427,0.24859605729579926,0.008843440562486649,0.4040178656578064,0.23632800579071045,-0.1786465048789978
136.0,0.11428885161876678,-0.5097459554672241,0.017929069697856903,0.08610478043556213,-0.009696265682578087,0.2405032217502594,-0.7235196232795715,-0.29964566230773926,-0.5190109610557556,-0.06615809351205826,-0.288349449634552,-0.3853789269924164,-0.22819344699382782,-0.3310070037841797,0.0458083376288414,0.04077376797795296,-0.2175484150648117,-0.027868645265698433,-0.2303374707698822,-0.08686745166778564,-0.46516260504722595,0.4673587381839752,0.009992612525820732,-0.2541663646697998,0.41958704590797424,-0.20074084401130676,-0.5623512864112854,-0.2554666996002197,0.4788525104522705,-0.10987969487905502,-0.15841689705848694,0.20813702046871185,-0.18382610380649567,0.38694703578948975,-0.15554699301719666,0.550870954990387,0.32269150018692017,-0.08639082312583923,-0.2856663465499878,-0.06743477284908295,0.01956542395055294,0.04144393652677536,0.3304828405380249,0.04656589403748512,-0.21337750554084778,0.5453689694404602,0.3820422291755676,-0.11144312471151352,-0.030843250453472137,0.14218896627426147,-0.005110846366733313,0.08587931096553802,0.02838508039712906,0.05548270046710968,0.3537162244319916,0.5062015652656555,-0.7154892086982727,0.31923118233680725,0.030787091702222824,0.2302243560552597,0.33517277240753174,0.5814802050590515,0.25173595547676086,-0.18602384626865387
137.0,-0.17621444165706635,-0.14327557384967804,-0.29271528124809265,-0.023935144767165184,0.22050873935222626,-0.31473156809806824,-0.17651218175888062,0.03402088209986687,-0.3913711905479431,0.18128733336925507,-0.31294989585876465,0.44899672269821167,-0.5340777039527893,0.18595179915428162,-0.1993313431739807,0.021330438554286957,0.15686936676502228,-0.10614217817783356,-0.29859259724617004,0.3123789429664612,-0.17381632328033447,-0.5720009803771973,0.507074236869812,-0.07179690897464752,-0.524333119392395,-0.11487739533185959,-0.12678921222686768,-0.21470123529434204,0.27617499232292175,-0.32291486859321594,0.10657680034637451,0.1416294425725937,-0.03578183799982071,-0.3016951382160187,-0.1890592724084854,0.36763620376586914,0.1294165551662445,0.043511878699064255,-0.2611873745918274,-0.06258375942707062,-0.24241703748703003,-0.41872087121009827,0.1056361049413681,-0.1282808929681778,0.01808331348001957,0.06071086600422859,0.23487937450408936,0.30589452385902405,0.575045645236969,-0.11611207574605942,0.010569712147116661,0.32539570331573486,0.2832242250442505,0.035466887056827545,-0.3165666162967682,-0.058639708906412125,-0.21356412768363953,0.4139651954174042,-0.21542884409427643,-0.44851866364479065,0.21047115325927734,0.6126517057418823,0.34148579835891724,-0.002858429215848446
138.0,-0.1597028523683548,0.04367458075284958,-0.28036513924598694,0.12752807140350342,0.09043581038713455,-0.2780161499977112,-0.4604465365409851,-0.3796541392803192,-0.30339181423187256,0.1699231117963791,0.3169989585876465,-0.09280522167682648,0.15393458306789398,0.09505070000886917,0.04623286426067352,-0.15166808664798737,0.038597315549850464,0.14504726231098175,-0.3188443183898926,0.009180412627756596,-0.30027565360069275,0.05508728697896004,-0.608507513999939,0.29577603936195374,0.10959351062774658,-0.19180427491664886,-0.07889499515295029,-0.38400405645370483,0.05496840924024582,0.13783197104930878,0.14178748428821564,0.049986522644758224,-0.2427676022052765,-0.2569892406463623,0.024721331894397736,0.15372583270072937,-0.037674956023693085,-0.21565569937229156,-0.16093610227108002,-0.035872120410203934,-0.10411877930164337,-0.07948991656303406,-0.04806223511695862,-0.3110273778438568,0.09328161925077438,-0.26533034443855286,-0.11052940785884857,-0.14925886690616608,-0.22112390398979187,-0.16741666197776794,-0.10733542591333389,-0.19654054939746857,-0.2640880346298218,-0.25430017709732056,-0.024566615000367165,0.23702214658260345,-0.09831828624010086,-0.07998618483543396,-0.10648895055055618,0.30514222383499146,0.2477240413427353,0.1522390991449356,0.1505403369665146,0.02577640488743782
139.0,-0.19385111331939697,-0.3748529851436615,-0.2850075364112854,0.32158729434013367,0.20467990636825562,0.1183122843503952,-0.3197838068008423,-0.17777423560619354,-0.25129052996635437,0.11508544534444809,0.15266570448875427,0.08900703489780426,-0.013125361874699593,-0.0360267274081707,-0.1449790596961975,-0.24750907719135284,-0.03179348632693291,0.3912595808506012,-0.2626301050186157,-0.08197230845689774,-0.0929759219288826,0.038452908396720886,-0.13508088886737823,-0.006814084015786648,0.1625349372625351,-0.21688444912433624,-0.3411705195903778,-0.1625988930463791,0.22434017062187195,-0.41988855600357056,0.2356584221124649,0.32261723279953003,0.007344949059188366,-0.22466139495372772,-0.10863762348890305,0.06971869617700577,-0.07689680904150009,-0.19841401278972626,-0.08096686750650406,0.009452921338379383,0.004215228371322155,-0.29586851596832275,0.11457424610853195,-0.33029961585998535,0.15220630168914795,-0.14392495155334473,-0.0878007784485817,-0.08025586605072021,0.21223297715187073,-0.33880606293678284,-0.1300409585237503,0.06180298328399658,-0.19558560848236084,-0.2508622407913208,-0.14704261720180511,0.33515694737434387,0.0524112768471241,0.04228880628943443,-0.06874977052211761,0.4576263725757599,0.09098511189222336,0.28174418210983276,-0.0483410581946373,0.0025828713551163673
140.0,0.11294299364089966,-0.14229780435562134,-0.2761761248111725,0.2596297860145569,-0.02063589170575142,0.08897624909877777,-0.3261328339576721,-0.06059461086988449,-0.27383700013160706,-0.24291729927062988,-0.08670131117105484,-0.051216233521699905,0.018942704424262047,0.12346138060092926,0.05392402410507202,-0.04109112173318863,-0.12550880014896393,0.017223384231328964,-0.11375750601291656,0.27206721901893616,-0.13128916919231415,0.12142594158649445,0.030702391639351845,0.0536680594086647,0.13686420023441315,-0.06899937242269516,-0.580644428730011,-0.07513429969549179,0.18895670771598816,-0.3784979283809662,0.37002405524253845,0.3032344877719879,0.1562623679637909,-0.11644311994314194,-0.23074164986610413,0.28632861375808716,-0.1558988094329834,0.20619763433933258,-0.38438159227371216,-0.003918066155165434,-0.03651905059814453,0.022594522684812546,-0.045903030782938004,-0.2222251296043396,0.15797138214111328,-0.08150886744260788,-0.017981592565774918,-0.04578655585646629,0.41396260261535645,-0.31394675374031067,0.07713097333908081,-0.0947357639670372,0.04979207366704941,-0.13751234114170074,-0.03427240252494812,0.37530604004859924,0.1342323124408722,0.11759690940380096,0.022454505786299706,0.3529599905014038,-0.04955349117517471,0.10640523582696915,-0.15955857932567596,0.17633624374866486
141.0,-0.0144905224442482,-0.1369970589876175,0.09080055356025696,0.4201779067516327,-0.1283455342054367,0.02929471619427204,-0.29972681403160095,-0.24585825204849243,-0.2988198697566986,-0.19531993567943573,-0.5082162022590637,0.20490925014019012,-0.4829401671886444,-0.2908713221549988,-0.20985382795333862,-0.05352948606014252,-0.12819600105285645,-0.007445293013006449,-0.3178879916667938,-0.0630485787987709,-0.4058065116405487,-0.10881844162940979,0.051764607429504395,-0.10389295965433121,0.05133533105254173,-0.031185965985059738,-0.026425981894135475,-0.4709411859512329,0.17648981511592865,-0.4366092085838318,0.018284985795617104,0.17372974753379822,0.0060662878677248955,-0.10858903080224991,0.056987084448337555,0.10646161437034607,-0.09385575354099274,-0.014265241101384163,0.3388376533985138,0.00239605107344687,-0.25547483563423157,-0.19653712213039398,0.1770596206188202,-0.09026707708835602,-0.19375860691070557,0.21691672503948212,-0.042517274618148804,0.005227073561400175,0.2749556601047516,-0.3837416172027588,-0.14614138007164001,0.14752040803432465,0.11251674592494965,-0.11645406484603882,-0.013412808068096638,-0.015958208590745926,-0.16936975717544556,0.41109633445739746,-0.146274134516716,-0.033101413398981094,0.060563910752534866,0.2180703729391098,0.14690428972244263,-0.23914889991283417
142.0,-0.27287906408309937,-0.06388106197118759,-0.5374725461006165,0.038718800991773605,0.13840265572071075,-0.0829600915312767,-0.30999255180358887,0.0790015310049057,-0.27034080028533936,0.2980120778083801,0.3358786106109619,0.017710328102111816,-0.1202930137515068,0.12752355635166168,0.03720474988222122,-0.2825472056865692,0.22191637754440308,0.16023772954940796,-0.014096538536250591,0.2014039307832718,0.011525634676218033,0.07892178744077682,0.14637649059295654,0.07676815241575241,-0.09230442345142365,-0.16192732751369476,-0.45243242383003235,0.16933855414390564,0.10565773397684097,-0.2864267826080322,0.16104786098003387,-0.006676257587969303,-0.13039147853851318,-0.07495802640914917,-0.06484849750995636,0.012426961213350296,0.12693820893764496,-0.32298895716667175,-0.2826486825942993,0.011795254424214363,0.1407434195280075,-0.0002991672372445464,0.12788125872612,-0.29052454233169556,0.3770677447319031,-0.3204444646835327,0.1494465321302414,-0.02020411379635334,0.2048330456018448,0.07645749300718307,0.12499906867742538,-0.0088712302967906,-0.09699571877717972,-0.031940195709466934,-0.03988402709364891,0.11363765597343445,0.13152354955673218,-0.022350257262587547,-0.049555882811546326,0.32049331068992615,-0.12647154927253723,0.19529466331005096,0.0010562631068751216,0.03236299753189087
143.0,-0.2087082713842392,-0.10702501982450485,0.0078036608174443245,0.24686264991760254,-0.10965441167354584,-0.241160050034523,-0.3187144994735718,-0.20065124332904816,-0.28143998980522156,0.10160630196332932,-0.12544900178909302,-0.02421778254210949,-0.3273217976093292,-0.061106618493795395,-0.028884829953312874,-0.1113491877913475,0.06995833665132523,0.18537640571594238,-0.1705356240272522,0.18877601623535156,-0.1829453855752945,-0.022367238998413086,-0.22280725836753845,-0.1440308690071106,0.07351567596197128,-0.0578470416367054,0.10129361599683762,-0.3010755479335785,0.17252331972122192,-0.34178873896598816,0.08968397974967957,0.16507279872894287,-0.06660377234220505,-0.1757948249578476,0.19993571937084198,0.0984005331993103,0.031233636662364006,-0.019754517823457718,0.09532104432582855,-0.042945992201566696,-0.27750247716903687,0.061869435012340546,0.006025422364473343,-0.13494029641151428,0.16738717257976532,-0.1257130652666092,-0.08000496029853821,-0.12148212641477585,-0.008663749322295189,-0.20727330446243286,-0.067821204662323,-0.0495271310210228,-0.10241416096687317,-0.0901840552687645,-0.1582915335893631,0.09423922747373581,-0.03305738419294357,-0.11678068339824677,0.05532379075884819,0.24220648407936096,0.00466263247653842,0.07724294066429138,-0.08975563943386078,-0.04157676547765732
144.0,0.09623868018388748,-0.5972913503646851,-0.028104959055781364,0.15468613803386688,0.09199247509241104,0.4735279381275177,-0.5349839329719543,-0.16041608154773712,-0.4934280514717102,-0.172934889793396,-0.20852145552635193,-0.2863706946372986,-0.17316946387290955,-0.269083708524704,0.0063949753530323505,-0.04988258332014084,-0.2374921441078186,0.06026965379714966,-0.1563272774219513,0.08361053466796875,-0.31305867433547974,0.3933074474334717,0.35146862268447876,-0.3958069086074829,0.325961172580719,-0.16790054738521576,-0.8073152303695679,0.05818549916148186,0.520992636680603,-0.5777997374534607,-0.13541656732559204,0.20660017430782318,0.09651339799165726,0.29561492800712585,-0.31051522493362427,0.5087220072746277,0.3108283579349518,0.004352529998868704,-0.30545347929000854,0.08215883374214172,0.15174660086631775,-0.0017595835961401463,0.219895139336586,-0.020952176302671432,-0.08450448513031006,0.43233251571655273,0.3242475092411041,-0.11656594276428223,0.2783278226852417,0.16651973128318787,0.02554844692349434,0.06447156518697739,-0.09191259741783142,0.07395728677511215,0.4125194549560547,0.4924345910549164,-0.32812803983688354,0.23390688002109528,0.03509373962879181,0.36115214228630066,0.056352436542510986,0.5807659029960632,0.11188844591379166,-0.12347744405269623
145.0,0.16030463576316833,-0.2938130497932434,-0.07703229039907455,0.35367855429649353,-0.23069635033607483,-0.011541210114955902,-0.32342156767845154,-0.1199096143245697,-0.42719051241874695,-0.1429101675748825,-0.33432671427726746,-0.12454992532730103,-0.4499741792678833,-0.24913892149925232,-0.18558110296726227,-0.18404607474803925,0.004447209648787975,0.14478044211864471,0.05700603127479553,0.11992623656988144,-0.07094448804855347,0.3353595435619354,-0.052104588598012924,0.03697272762656212,0.20016534626483917,-0.15986736118793488,-0.12903575599193573,-0.21874748170375824,0.08521768450737,-0.6424122452735901,0.13166797161102295,0.00667183380573988,-0.07905726134777069,0.050303757190704346,0.36424076557159424,0.024704208597540855,-0.05794081091880798,0.031485892832279205,-0.06613568961620331,0.2359594702720642,-0.21289318799972534,0.028203796595335007,0.10531237721443176,-0.3248665928840637,0.016297493129968643,0.049078185111284256,0.136256605386734,-0.2722407877445221,0.2075778841972351,-0.19350197911262512,-0.09892316907644272,-0.06426407396793365,-0.19971656799316406,-0.0586797259747982,0.17112866044044495,0.17976240813732147,0.1288287341594696,0.3012024760246277,-0.19439050555229187,0.3346875309944153,-0.21904189884662628,-0.11581897735595703,0.12868496775627136,0.0035924315452575684
146.0,-0.13468901813030243,-0.32450446486473083,-0.2567107379436493,0.19329367578029633,0.19096656143665314,0.01749354414641857,-0.3560701608657837,-0.19840005040168762,-0.2907949686050415,0.33658525347709656,0.2091105878353119,-0.20866478979587555,0.07339667528867722,0.011010217480361462,-0.12116103619337082,-0.28909891843795776,-0.060762353241443634,0.3159392774105072,-0.2655296325683594,-0.1712275743484497,-0.1670723855495453,0.03974079340696335,-0.3766705393791199,0.09116917103528976,0.08563128113746643,-0.18129763007164001,-0.052448663860559464,-0.10744048655033112,0.33643555641174316,-0.0798126608133316,0.04942919313907623,0.07832776755094528,0.042471617460250854,-0.06511355936527252,0.015177751891314983,0.0450865775346756,0.12856850028038025,-0.07530136406421661,-0.024481281638145447,-0.01801256835460663,0.030223656445741653,-0.13581912219524384,0.1688104122877121,-0.30627772212028503,0.06231659650802612,-0.011843984946608543,-0.014981676824390888,0.025801673531532288,-0.0442495159804821,-0.1398913860321045,-0.02028593048453331,0.09428378194570541,-0.11180172115564346,-0.0782269611954689,-0.06073601916432381,0.2901371717453003,-0.2684326171875,-0.19029827415943146,-0.01924051158130169,0.26561471819877625,0.20915600657463074,0.38539132475852966,0.027981435880064964,-0.006098820827901363
147.0,0.0549166277050972,-0.005030487664043903,0.03039548173546791,0.1448039561510086,-0.20833823084831238,-0.30884620547294617,-0.16380047798156738,-0.008066915906965733,-0.21757683157920837,-0.2934027314186096,-0.08487342298030853,-0.010608813725411892,-0.3308086395263672,-0.31351277232170105,-0.05632028728723526,-0.06310118734836578,0.152181938290596,0.07003412395715714,0.04830777645111084,-0.07659206539392471,0.2262362390756607,0.30151426792144775,0.07385160773992538,-0.15869423747062683,0.2558698356151581,0.17803950607776642,0.065519779920578,-0.37056079506874084,-0.02267412468791008,-0.36396825313568115,0.4258261024951935,0.3167021870613098,-0.24742087721824646,-0.1862456351518631,0.4004015326499939,0.15202850103378296,-0.13580869138240814,0.08564618229866028,-0.1665935516357422,0.1209227442741394,-0.15198075771331787,-0.21853576600551605,-0.1653020679950714,0.03574204444885254,0.18448959290981293,-0.2543899714946747,-0.15878690779209137,-0.20975293219089508,0.33116066455841064,-0.1273449957370758,0.07211683690547943,-0.10399933159351349,-0.29333609342575073,-0.23727288842201233,-0.00802051741629839,0.18237799406051636,-0.21595174074172974,0.17657214403152466,-0.08149133622646332,0.17346352338790894,-0.28016719222068787,-0.09516692161560059,0.16249258816242218,-0.12417204678058624
148.0,0.1524401307106018,-0.5456748604774475,-0.15401069819927216,0.20514114201068878,-0.03334096446633339,0.40434911847114563,-0.3011312484741211,0.04889173433184624,-0.2185058444738388,-0.06489823013544083,0.05402812361717224,-0.1451112926006317,-0.032266564667224884,-0.21255937218666077,-0.1420261114835739,-0.21576784551143646,-0.22274374961853027,0.33663737773895264,-0.043045490980148315,-0.21457213163375854,0.02042599767446518,0.3176182806491852,0.03270762041211128,-0.18821485340595245,0.4270201623439789,-0.19557729363441467,-0.4293464124202728,-0.004021763801574707,0.36126047372817993,-0.37350648641586304,0.2921365201473236,0.38528648018836975,0.20139075815677643,0.19208331406116486,-0.16421157121658325,0.27062928676605225,0.06266117095947266,0.1935473084449768,-0.14937101304531097,-0.044769901782274246,0.16666680574417114,-0.2900131046772003,0.18176138401031494,-0.20072710514068604,-0.04874243214726448,0.21292927861213684,0.015996810048818588,0.0636439099907875,0.43652719259262085,-0.2131108045578003,0.035872675478458405,0.2375948280096054,0.052329204976558685,0.025924459099769592,-0.11297587305307388,0.5833783149719238,-0.257678359746933,0.11418464034795761,0.00355682079680264,0.35632434487342834,0.1252150684595108,0.3045900762081146,-0.07902989536523819,-0.0140480762347579
149.0,0.057682015001773834,0.0898914635181427,-0.16004467010498047,0.2000131756067276,0.17276965081691742,-0.1251993030309677,-0.19251057505607605,-0.08602094650268555,-0.5280449986457825,-0.1639348864555359,-0.2898251414299011,0.14240150153636932,-0.44357991218566895,-0.3057768940925598,-0.1716562658548355,0.036366887390613556,0.004006767645478249,-0.09783274680376053,-0.05541174113750458,0.024378014728426933,-0.0343034490942955,-0.14323361217975616,0.4032856822013855,0.07873958349227905,-0.11230814456939697,0.02237342670559883,-0.17541466653347015,-0.39039847254753113,0.07327820360660553,-0.35064899921417236,0.357064813375473,-0.06216134876012802,-0.11229592561721802,-0.23854823410511017,-0.11970777064561844,-0.04250842332839966,0.18490301072597504,0.046338848769664764,-0.00096136424690485,0.2656291127204895,0.05037885531783104,-0.41346338391304016,-0.07001961022615433,-0.036622580140829086,0.0903480052947998,-0.03682159259915352,0.2509930729866028,0.08200253546237946,0.3496701717376709,-0.043018803000450134,0.165574312210083,-0.05510707199573517,-0.3533470034599304,-0.16276925802230835,0.210906520485878,-0.00381340179592371,0.09647317230701447,0.1535179167985916,-0.30250871181488037,-0.16519135236740112,-0.29126450419425964,0.07999730110168457,0.27180352807044983,-0.24395570158958435
150.0,-0.10205239057540894,-0.17505265772342682,-0.23642222583293915,0.13965536653995514,-0.07712769508361816,-0.14065024256706238,-0.19287309050559998,-0.021427830681204796,-0.27990931272506714,0.34015634655952454,-0.08901524543762207,0.08577495813369751,-0.29598477482795715,0.1953260898590088,-0.07596827298402786,-0.17475572228431702,0.07042869925498962,0.2982211709022522,-0.218514084815979,0.008832786232233047,-0.1849437803030014,-0.10960577428340912,-0.23128920793533325,0.06395503133535385,0.2811068594455719,-0.1317092329263687,0.14686255156993866,-0.21298184990882874,0.16310611367225647,-0.07236697524785995,0.1862427145242691,0.10671563446521759,-0.10289482027292252,-0.17525841295719147,-0.16074922680854797,0.36422067880630493,0.05410049855709076,0.08675029873847961,-0.020660407841205597,-0.18051907420158386,-0.18623188138008118,0.22025498747825623,0.1764725297689438,-0.10960216075181961,0.07411200553178787,-0.1119174212217331,0.04857935383915901,0.21137383580207825,-0.024112502112984657,-0.30011695623397827,0.17305856943130493,-0.013036488555371761,-0.016189010813832283,-0.10969449579715729,-0.4617656469345093,0.15606798231601715,0.09731878340244293,-0.12016361951828003,0.11397606879472733,0.0976753681898117,0.025562062859535217,0.2579794228076935,-0.031250979751348495,-0.004956760443747044
151.0,0.025403030216693878,-0.02136802487075329,-0.15467719733715057,0.24556776881217957,0.2132033258676529,0.10415253788232803,-0.2537359297275543,-0.22602808475494385,-0.32009413838386536,-0.14796078205108643,-0.0009085438214242458,-0.025683803483843803,0.0938677191734314,0.11082985997200012,0.043927814811468124,-0.21819378435611725,0.014545498415827751,0.19166450202465057,-0.22892442345619202,0.028393933549523354,-0.004321057349443436,0.0519254133105278,-0.08666504919528961,-0.01411555614322424,0.09706432372331619,-0.14079850912094116,-0.16098958253860474,-0.06884308159351349,0.3091915249824524,-0.35361364483833313,0.103850819170475,0.20185749232769012,0.09791918843984604,-0.13752475380897522,-0.23517926037311554,-0.11995378136634827,-0.14610663056373596,0.030456718057394028,-0.3577742874622345,0.03794413059949875,-0.06340506672859192,0.21613828837871552,0.030753344297409058,-0.010526523925364017,0.19356486201286316,-0.16749075055122375,-0.0654970034956932,-0.06402339786291122,0.10151137411594391,-0.036172300577163696,0.25199800729751587,-0.19975627958774567,-0.23322148621082306,-0.1417124718427658,0.07077095657587051,0.3400588929653168,0.05997334420681,-0.08244459331035614,0.07608064264059067,0.4001556634902954,-0.08692186325788498,0.29869091510772705,-0.05330642685294151,0.10207296907901764
152.0,0.0392930768430233,-0.36864233016967773,-0.3337489664554596,0.39416515827178955,0.14783263206481934,0.0825621709227562,-0.11046756058931351,0.05019587650895119,-0.14713606238365173,0.22375664114952087,-0.22683380544185638,-0.009169865399599075,-0.06898193806409836,-0.01460166834294796,0.03457411006093025,-0.17821910977363586,-0.035118650645017624,0.2182793915271759,-0.2557852566242218,0.011301414109766483,-0.05581619217991829,0.047276291996240616,-0.08829877525568008,0.17177243530750275,0.16330726444721222,-0.28122276067733765,-0.22690357267856598,-0.06093959882855415,0.32830506563186646,-0.5400675535202026,0.11238689720630646,0.2011273205280304,-0.15777407586574554,0.03517609089612961,-0.05460426211357117,0.02959136664867401,-0.005459759384393692,-0.07520818710327148,-0.032481107860803604,0.24229322373867035,0.06326071172952652,-0.1478586345911026,0.23162302374839783,-0.15164992213249207,-0.00839014258235693,0.05140434950590134,0.3323137164115906,0.018041078001260757,0.2526460886001587,-0.31217044591903687,0.012418159283697605,0.19656093418598175,-0.07390767335891724,-0.037678830325603485,0.018076103180646896,0.4168038070201874,-0.05570460855960846,0.012052416801452637,-0.18619325757026672,0.0543518029153347,0.05690044164657593,0.24613718688488007,0.0020308480598032475,-0.14463110268115997
153.0,-0.3481660485267639,-0.1112731397151947,-0.3339512348175049,0.2315397411584854,0.3601338565349579,-0.026090513914823532,-0.21661825478076935,-0.16669417917728424,-0.28184765577316284,0.14207035303115845,0.03511955961585045,0.18094880878925323,-0.1307099610567093,-0.010858174413442612,-0.15508948266506195,-0.24195630848407745,0.13481831550598145,0.19656947255134583,-0.24345892667770386,0.008034312166273594,0.001353230676613748,-0.051497701555490494,0.06715758889913559,0.17538337409496307,-0.22595062851905823,-0.2906390130519867,-0.2739122807979584,-0.058090537786483765,0.1828821748495102,-0.3866612911224365,0.023846974596381187,0.0431925430893898,-0.2306579351425171,-0.21088118851184845,-0.07170706242322922,-0.23786838352680206,-0.011928850784897804,-0.3807132840156555,-0.19134211540222168,0.15890267491340637,0.009257343597710133,-0.27314552664756775,0.22013315558433533,-0.11655884981155396,0.2599925696849823,-0.0943833515048027,0.201036736369133,-0.05143768712878227,0.02593768946826458,-0.11413736641407013,0.027502361685037613,-0.08374252915382385,-0.20003941655158997,-0.274608850479126,0.04261798784136772,0.14477401971817017,0.058594271540641785,0.023766444995999336,-0.13498583436012268,0.22363612055778503,0.048036087304353714,0.36856144666671753,0.11293143033981323,-0.10691193491220474
154.0,-0.2628866136074066,-0.10749244689941406,-0.22797229886054993,0.268813818693161,0.3530637323856354,-0.09350156038999557,-0.1835685521364212,-0.20775245130062103,-0.12528060376644135,0.17786285281181335,0.20330539345741272,0.20364388823509216,0.1498841643333435,0.06300385296344757,0.019490521401166916,-0.1784602254629135,0.10245011001825333,0.2764557898044586,-0.2742106318473816,0.026251066476106644,0.06766345351934433,-0.14540211856365204,-0.1552615612745285,0.01875452883541584,-0.10821165889501572,-0.19189870357513428,-0.1442037969827652,-0.11718792468309402,0.23121844232082367,-0.29859161376953125,0.1689675897359848,0.40188613533973694,-0.06227857619524002,-0.2603025734424591,-0.06718621402978897,-0.22633536159992218,-0.16822591423988342,-0.2986304759979248,-0.18091124296188354,0.028076792135834694,-0.016789652407169342,-0.23583076894283295,0.02624821849167347,-0.16070301830768585,0.26817893981933594,-0.3280375599861145,-0.07186957448720932,-0.06258679181337357,0.1718486100435257,-0.12408389151096344,-0.08630819618701935,0.1177375391125679,-0.2182510644197464,-0.21319063007831573,-0.13112248480319977,0.2594386637210846,0.01655740663409233,0.0020440183579921722,-0.054946720600128174,0.36716726422309875,0.17724677920341492,0.26324760913848877,-0.045495908707380295,0.03338296338915825
155.0,-0.12880337238311768,-0.058068204671144485,-0.2039690464735031,0.1519252508878708,0.29723888635635376,0.03551355004310608,-0.16540613770484924,-0.23651261627674103,-0.23759207129478455,-0.1575372964143753,0.04006139561533928,0.16177894175052643,0.056316982954740524,-0.08457624167203903,-0.0723721981048584,-0.11538200825452805,0.048238497227430344,0.1707812249660492,-0.212345689535141,-0.038188386708498,0.15561513602733612,0.021556781604886055,0.07222890853881836,0.03491484746336937,-0.012416050769388676,-0.16998182237148285,-0.26256927847862244,-0.15576840937137604,0.16752398014068604,-0.32232755422592163,0.21326971054077148,0.28605443239212036,-0.1394689679145813,-0.24893078207969666,-0.2179783582687378,-0.09013264626264572,-0.11131032556295395,-0.12676364183425903,-0.37743401527404785,0.121676005423069,0.02351980283856392,-0.2652954161167145,-0.006078442092984915,-0.0315578319132328,0.1950545758008957,-0.14275012910366058,0.0018404501024633646,-0.052825190126895905,0.20669421553611755,-0.03336641564965248,0.06031958386301994,-0.12694819271564484,-0.27833661437034607,-0.3003605902194977,0.028121380135416985,0.3268774151802063,0.024869780987501144,0.03865257650613785,-0.0658981055021286,0.276000052690506,-0.008192144334316254,0.3572445809841156,0.1196102648973465,-0.020609304308891296
156.0,-0.06278569251298904,-0.28310081362724304,-0.35084855556488037,0.30923396348953247,0.13441970944404602,0.09156249463558197,-0.2930261492729187,-0.23004275560379028,-0.3947012722492218,0.08498531579971313,-0.059151727706193924,-0.003112951060757041,-0.07614011317491531,-0.01592564955353737,-0.1160563975572586,-0.24408075213432312,-0.06704597920179367,0.19899195432662964,-0.27207043766975403,0.05289949104189873,-0.20853260159492493,0.1343996673822403,-0.12451451271772385,0.2576034367084503,0.10018311440944672,-0.291747510433197,-0.37449970841407776,-0.11020325869321823,0.18067406117916107,-0.3915320038795471,0.040729548782110214,0.024084385484457016,-0.08752702921628952,-0.10936122387647629,-0.14510945975780487,0.04926079511642456,-0.009340071119368076,-0.1776224970817566,-0.11743205040693283,0.15602242946624756,-0.016359876841306686,-0.051308609545230865,0.16355173289775848,-0.3259445130825043,0.07394459843635559,0.01362996082752943,0.15660743415355682,-0.08115429431200027,0.03433792293071747,-0.20941272377967834,-0.07779630273580551,-0.12159419804811478,-0.21096186339855194,-0.24213804304599762,0.12509793043136597,0.28889256715774536,0.21489809453487396,0.10630325227975845,-0.14341332018375397,0.3118683397769928,0.04365832731127739,0.2827686369419098,0.134410098195076,-0.022486835718154907
157.0,0.011209824122488499,-0.18469293415546417,-0.29972973465919495,0.16419076919555664,0.16815756261348724,0.13677683472633362,-0.27011746168136597,-0.15076686441898346,-0.23263362050056458,0.08061779290437698,0.13154999911785126,-0.07895287871360779,0.1413021683692932,0.10992366820573807,0.003542124293744564,-0.2995438277721405,-0.07792451977729797,0.2232891172170639,-0.3147306442260742,0.05715670436620712,-0.14734558761119843,-0.047900523990392685,-0.29231366515159607,-0.023753467947244644,0.23013968765735626,-0.25468263030052185,-0.09271372109651566,-0.10975585132837296,0.4710356593132019,-0.22681519389152527,0.07734134048223495,0.12027118355035782,0.04598807916045189,-0.010148084722459316,-0.2538253962993622,0.1556740403175354,-0.04639096558094025,0.048083048313856125,-0.2727546691894531,0.04015491530299187,-0.06964699178934097,0.18029356002807617,0.07900375872850418,-0.3284798562526703,-0.022169793024659157,-0.08502042293548584,0.03372330963611603,0.07791047543287277,0.3315039575099945,-0.07438839226961136,0.054332468658685684,0.06267055869102478,-0.09512784332036972,0.1014753058552742,-0.02383389137685299,0.3054939806461334,-0.03077203594148159,-0.10618418455123901,-0.05037570744752884,0.24779975414276123,0.11270229518413544,0.436676025390625,-0.023931104689836502,0.10280593484640121
158.0,-0.03147340193390846,-0.3711616098880768,-0.2513512074947357,0.04454817622900009,0.16504377126693726,-0.1391189843416214,-0.16407380998134613,0.060080308467149734,-0.2739590108394623,0.3497960567474365,-0.33071041107177734,0.26154881715774536,-0.5883468985557556,-0.12927983701229095,-0.23980674147605896,-0.08311448246240616,0.16421867907047272,0.18338698148727417,-0.0005672948900610209,-0.009392854757606983,0.20626889169216156,-0.1585204303264618,0.35675057768821716,-0.11774919182062149,0.02405007742345333,-0.1137259230017662,0.17149174213409424,-0.1331651657819748,0.23649966716766357,-0.43516814708709717,0.1999530792236328,0.1366889923810959,-0.1783372163772583,-0.11122965812683105,-0.05225864797830582,0.08573051542043686,0.05676383525133133,-0.09125541895627975,-0.21413961052894592,0.03281303495168686,-0.09610345959663391,-0.15405814349651337,0.2780629098415375,-0.23608817160129547,0.03444058075547218,0.019025588408112526,0.23824545741081238,0.1348838359117508,0.5148274898529053,-0.026372050866484642,0.05381232127547264,0.37577182054519653,0.02530641481280327,0.07993028312921524,-0.33186712861061096,0.04818243533372879,-0.02812165580689907,0.3467456102371216,-0.15343926846981049,-0.14625658094882965,-0.10708606243133545,0.30563631653785706,0.21081151068210602,-0.013062305748462677
159.0,0.12255840003490448,-0.20185182988643646,-0.04546822980046272,0.16889727115631104,-0.13464240729808807,-0.1928432732820511,-0.27798962593078613,-0.09925434738397598,-0.2386932522058487,0.024317020550370216,-0.043038155883550644,-0.14277733862400055,-0.3004666268825531,-0.28440648317337036,-0.11241650581359863,-0.20830611884593964,0.11541281640529633,0.29606226086616516,0.08780185133218765,-0.08369691669940948,0.27888011932373047,0.3044193983078003,-0.27187681198120117,-0.06203654035925865,0.2898591160774231,-0.1661141812801361,0.2688083052635193,-0.30009281635284424,0.11861961334943771,-0.3806886672973633,0.3015081584453583,0.1440597027540207,-0.099308080971241,0.03986377641558647,0.43021589517593384,-0.1367894858121872,-0.02887105941772461,0.07513592392206192,-0.1576395332813263,0.09550342708826065,-0.19711482524871826,-0.09267476946115494,0.04311194270849228,-0.3065059781074524,0.1004485934972763,-0.11310017853975296,-0.13941039144992828,-0.21556495130062103,0.13126873970031738,-0.06883068382740021,0.057648465037345886,-0.03345564007759094,-0.18789273500442505,0.03421882912516594,-0.08656859397888184,0.3171618580818176,-0.1460127830505371,-0.022513484582304955,-0.09760089218616486,0.2904227077960968,-0.12174133211374283,-0.12303639203310013,0.04099825769662857,0.04829433187842369
160.0,0.22222796082496643,-0.23946751654148102,-0.09152036905288696,0.1852341890335083,-0.05096407234668732,-0.24214719235897064,0.07910999655723572,0.1489996761083603,-0.10845208168029785,0.2039913386106491,-0.15002229809761047,0.1402883678674698,-0.1137121245265007,0.1767890900373459,0.16879382729530334,0.08445362746715546,0.030557820573449135,0.31458747386932373,-0.15752850472927094,0.10107628256082535,0.10187080502510071,-0.0908498540520668,0.11563607305288315,-0.020091265439987183,0.23339490592479706,-0.09319718927145004,0.08942335098981857,-0.1376723349094391,0.06430777907371521,-0.5446487665176392,0.28994953632354736,0.3491992950439453,-0.08722863346338272,-0.218383327126503,-0.19346559047698975,0.32815927267074585,0.056651391088962555,0.23231133818626404,0.012599887326359749,0.006317994557321072,0.030615558847784996,-0.2082727998495102,-0.0061308168806135654,0.08352748304605484,0.0288027822971344,-0.09894757717847824,-0.03192220628261566,-0.023281298577785492,-0.0863131582736969,-0.17086811363697052,0.199508935213089,-0.026901211589574814,-0.20131069421768188,-0.11819925159215927,-0.4613896906375885,0.5057847499847412,0.1021895632147789,-0.0862840861082077,0.12573398649692535,0.024648988619446754,-0.1316712200641632,-0.04663439095020294,-0.005327238701283932,-0.02717919647693634
161.0,0.10752604901790619,-0.22593672573566437,-0.4166220724582672,0.2713870704174042,0.052284322679042816,-0.25710251927375793,-0.07312098890542984,-0.10533028841018677,-0.2645292580127716,0.3140505850315094,-0.14950159192085266,0.10431887209415436,-0.27365225553512573,0.054618194699287415,-0.15731394290924072,-0.2798337936401367,0.09102284908294678,0.2660723924636841,-0.23429924249649048,-0.04489388316869736,0.1562383770942688,-0.06526529788970947,-0.1384219080209732,0.35637184977531433,0.06779006868600845,-0.3073236346244812,0.3079582452774048,-0.18252725899219513,0.13539338111877441,-0.37365052103996277,0.17315581440925598,-0.027975313365459442,-0.1651315689086914,-0.055287983268499374,0.07960572838783264,-0.18530228734016418,-0.12048643082380295,-0.03795701637864113,-0.08878947049379349,0.14812634885311127,-0.14499764144420624,0.021805303171277046,0.2199729084968567,-0.3982960283756256,0.012443788349628448,-0.05825216695666313,0.11963560432195663,-0.007755494676530361,0.02804815024137497,-0.17153838276863098,0.10120332986116409,0.0198298878967762,-0.03521014004945755,0.011577261611819267,-0.17622452974319458,0.25145217776298523,0.13356846570968628,0.05529399961233139,-0.1572321355342865,-0.04998528212308884,-0.06361784785985947,0.19216613471508026,0.21495749056339264,0.14942505955696106
162.0,-0.24252033233642578,-0.12938983738422394,-0.31553781032562256,0.10083306580781937,0.255231112241745,-0.044607289135456085,-0.14790213108062744,-0.1280805468559265,-0.12338589131832123,0.21781714260578156,0.22898633778095245,0.0841582864522934,-0.011097279377281666,-0.012181457132101059,-0.1022038385272026,-0.21516723930835724,0.08680230379104614,0.3256509304046631,-0.2313399314880371,-0.02016463503241539,0.05757719278335571,-0.03802972286939621,-0.023426467552781105,0.13742347061634064,0.032990287989377975,-0.24364469945430756,-0.08212599158287048,-0.06866768002510071,0.12145404517650604,-0.4734458029270172,0.05498003587126732,-0.07674771547317505,-0.27426376938819885,-0.29306769371032715,-0.13943089544773102,0.013254565186798573,0.12007538229227066,-0.24883024394512177,-0.026354605332016945,0.21835722029209137,0.11410361528396606,-0.3181617856025696,0.07527054101228714,-0.2092694640159607,0.131455659866333,-0.14025048911571503,-0.03284797817468643,-0.11149442940950394,-0.1069379523396492,-0.0244627483189106,0.01798335462808609,-0.23390142619609833,-0.337419331073761,-0.21031461656093597,-0.07388075441122055,0.19309188425540924,0.16046719253063202,-0.220639169216156,-0.07768756151199341,0.1345415562391281,-0.13395898044109344,0.2636739909648895,0.15249647200107574,-0.08278707414865494
163.0,0.026337124407291412,-0.1070462316274643,0.0040814573876559734,0.07557033747434616,-0.17468495666980743,-0.10614154487848282,-0.4129525423049927,-0.13832806050777435,-0.2770261764526367,0.09423266351222992,-0.016297902911901474,-0.17068512737751007,-0.4473666548728943,-0.17227976024150848,-0.047798335552215576,-0.19911137223243713,0.10348403453826904,0.30075427889823914,0.0067659467458724976,-0.041675228625535965,0.15037521719932556,0.16613419353961945,-0.17700962722301483,-0.24884860217571259,0.30557820200920105,-0.1487126648426056,0.32153597474098206,-0.23650270700454712,0.23216377198696136,-0.07794714719057083,0.23143208026885986,0.07176504284143448,0.048732779920101166,0.22907739877700806,0.14381326735019684,-0.09028386324644089,0.12558472156524658,0.17035312950611115,-0.10880192369222641,-0.2130632996559143,-0.2167927473783493,0.20726975798606873,0.13456180691719055,-0.15688468515872955,0.1248508170247078,0.008699747733771801,-0.08461251854896545,0.0014494084753096104,0.007033451460301876,0.03975400701165199,0.2980511486530304,-0.04361075535416603,0.1403913050889969,0.2921000123023987,-0.24410836398601532,0.2564515173435211,-0.2753146290779114,-0.23953653872013092,0.15072712302207947,0.16136586666107178,-0.055762600153684616,0.11969124525785446,-0.14180372655391693,0.08961572498083115
164.0,-0.2448607087135315,-0.057999495416879654,-0.47657278180122375,0.02997436374425888,-0.11012393236160278,0.14570868015289307,-0.24932681024074554,0.3697800934314728,0.07244282960891724,0.27873650193214417,0.11230345815420151,0.12121416628360748,-0.13918587565422058,0.05393616855144501,-0.07201597839593887,-0.22721529006958008,0.1352229118347168,0.150509774684906,-0.032989464700222015,-0.05002447962760925,-0.1632368564605713,0.09353742003440857,-0.12032970041036606,0.21223221719264984,0.16254346072673798,-0.11862313747406006,-0.4376426339149475,-0.11654400825500488,-0.05285299941897392,0.012743496336042881,0.24176597595214844,0.06856295466423035,-0.2908863425254822,-0.06905626505613327,-0.062159214168787,0.45054495334625244,0.1025254875421524,-0.1639249622821808,-0.07759496569633484,-0.12470109760761261,0.1086706817150116,-0.3710336983203888,0.28072139620780945,-0.21005620062351227,0.029579751193523407,-0.030434226617217064,0.08033600449562073,0.19665950536727905,0.39342090487480164,-0.41545331478118896,-0.002379863988608122,0.16937464475631714,0.22488638758659363,-0.10508973151445389,-0.41086849570274353,0.05222508683800697,-0.20505397021770477,0.04071776568889618,-0.18493224680423737,-0.12320660054683685,0.058370184153318405,0.12557953596115112,-0.027061598375439644,-0.3128697872161865
165.0,-0.0923035740852356,0.06007063761353493,-0.2651700973510742,0.08533886075019836,-0.07415901869535446,-0.254711389541626,-0.37316012382507324,0.12197345495223999,-0.19583295285701752,0.18738943338394165,0.05083321034908295,-0.009850977919995785,-0.09837478399276733,0.019727785140275955,0.18019269406795502,-0.020052984356880188,0.051199376583099365,0.029569948092103004,-0.1390417218208313,0.002687178086489439,-0.19789549708366394,0.19115760922431946,-0.24829211831092834,0.20138248801231384,0.32398751378059387,-0.06975232064723969,-0.2016022503376007,-0.2688373327255249,0.11265667527914047,0.0813262090086937,0.2910166382789612,0.27069899439811707,-0.3752918839454651,-0.0745234340429306,-0.11365386098623276,0.4645189642906189,0.08151309937238693,-0.058988239616155624,-0.18313631415367126,-0.12843731045722961,0.09912099689245224,-0.09488512575626373,0.12769533693790436,0.11585860699415207,0.09138071537017822,-0.09730567783117294,0.18325506150722504,0.09797634929418564,0.006690457463264465,-0.2272607535123825,0.20539607107639313,0.028761068359017372,-0.03943290933966637,-0.19860942661762238,-0.22658266127109528,0.38472798466682434,-0.3255893290042877,0.02654852345585823,0.031068969517946243,0.08302956819534302,0.22708620131015778,0.13879694044589996,0.06667936593294144,-0.2420288622379303
166.0,-0.036242008209228516,0.07277523726224899,-0.21582603454589844,0.25151970982551575,0.13887536525726318,-0.004449737258255482,-0.30131030082702637,-0.11768747121095657,-0.4073468744754791,-0.06064750999212265,-0.21775972843170166,0.2016402781009674,-0.35246771574020386,-0.16278986632823944,-0.00962376780807972,-0.2264273762702942,0.11632467806339264,0.01990211382508278,-0.21695099771022797,0.013981159776449203,-0.1386183351278305,0.06138230115175247,0.07809964567422867,0.12357024848461151,0.058820195496082306,-0.2522331774234772,-0.1711103916168213,-0.3149651288986206,0.1568523645401001,-0.42851415276527405,-0.0008359410567209125,-0.00286584859713912,-0.3272642195224762,-0.06061941757798195,-0.07711803913116455,-0.09146523475646973,-0.050769492983818054,-0.27943283319473267,-0.21628819406032562,0.16343092918395996,-0.07359721511602402,-0.053894441574811935,0.27775126695632935,-0.0811576098203659,0.08803236484527588,-0.03573402389883995,0.19750523567199707,-0.07999613881111145,0.15521375834941864,-0.01686156913638115,0.1787593960762024,-0.13353563845157623,-0.2572094202041626,-0.11965200304985046,0.10775841027498245,0.14747865498065948,-0.016532938927412033,0.2703325152397156,-0.24370697140693665,0.11533328145742416,-0.11362435668706894,0.20712910592556,0.25648945569992065,-0.28678593039512634
167.0,-0.1648111343383789,-0.18157562613487244,-0.26533904671669006,0.2563731074333191,-0.15577295422554016,-0.019706757739186287,-0.1660575568675995,0.26203927397727966,-0.11436738073825836,0.27020880579948425,-0.05563871189951897,-0.10380052775144577,-0.045729391276836395,0.17462562024593353,0.047327980399131775,-0.13076722621917725,0.12087137252092361,0.2705347239971161,-0.05773454159498215,0.28683632612228394,-0.16462892293930054,0.0248620193451643,-0.05579223111271858,0.06652610003948212,0.03429802507162094,-0.14319351315498352,-0.3280508518218994,0.061524394899606705,0.1118457168340683,-0.5883474349975586,0.25060299038887024,0.17436692118644714,-0.01926167495548725,-0.20766779780387878,0.04290197789669037,0.32348448038101196,0.1616082787513733,0.1410917341709137,0.12466022372245789,-8.645979687571526e-05,0.007433519698679447,-0.19306840002536774,0.11355064809322357,-0.17085371911525726,0.1950378715991974,-0.1837785542011261,0.07925357669591904,0.12460767477750778,0.2681736350059509,-0.299659788608551,0.06973171979188919,0.08782992511987686,0.012465903535485268,-0.13730449974536896,-0.27349475026130676,0.19042296707630157,0.14441800117492676,-0.13595786690711975,-0.013979005627334118,0.1876952350139618,-0.11273731291294098,-0.0995137020945549,-0.1347767561674118,-0.12898817658424377
168.0,-0.14311090111732483,0.12875603139400482,0.1434791386127472,0.37200307846069336,0.10614800453186035,0.4015882909297943,-0.262965589761734,-0.09848617017269135,-0.5502628087997437,-0.5894498229026794,-0.33789414167404175,0.07997550070285797,-0.4684711992740631,-0.6262943148612976,-0.382699579000473,-0.13200008869171143,-0.054269302636384964,0.06361786276102066,-0.045194387435913086,-0.3878280818462372,-0.16272921860218048,0.04636566340923309,0.35276171565055847,-0.2076147347688675,0.09791283309459686,0.16658331453800201,-0.35163646936416626,-0.4475575089454651,0.15652568638324738,-0.4539835453033447,0.32635051012039185,0.07504676282405853,-0.07055103778839111,-0.24530579149723053,-0.02696245349943638,-0.0893888771533966,0.16237397491931915,0.08905895799398422,0.2630188465118408,0.3273334205150604,0.10454517602920532,-0.566279947757721,0.001798833254724741,0.3217747211456299,0.08677685260772705,0.05836791172623634,0.2171999216079712,0.14681509137153625,0.5441386103630066,-0.29180988669395447,0.1800982505083084,-0.060243863612413406,-0.506806492805481,-0.3880650997161865,0.37042543292045593,-0.037917401641607285,-0.09562793374061584,0.09664341807365417,-0.32944750785827637,0.016787271946668625,-0.37056413292884827,0.16861176490783691,0.19301874935626984,-0.6714670062065125
169.0,-0.2919202744960785,-0.29746633768081665,-0.32426074147224426,0.11697118729352951,0.2625933289527893,0.16461920738220215,-0.34541237354278564,-0.19350697100162506,-0.2962326109409332,0.1226312592625618,0.11246026307344437,0.19101719558238983,-0.13993586599826813,-0.10528694093227386,-0.224710151553154,-0.30562493205070496,0.20575086772441864,0.44310685992240906,-0.12506911158561707,-0.23481374979019165,0.09846208244562149,0.12530763447284698,-0.054857656359672546,-0.03571242094039917,0.10294237732887268,-0.2633800804615021,-0.312497079372406,-0.2161315679550171,0.059194985777139664,-0.29263272881507874,0.1748434156179428,0.24999471008777618,-0.2605489492416382,-0.2941358685493469,-0.08280643820762634,-0.01546616479754448,-0.05868694558739662,-0.35726267099380493,-0.3648322820663452,-0.029429547488689423,-0.06020156294107437,-0.34584975242614746,0.22969461977481842,-0.3016799986362457,0.2285710573196411,-0.21757498383522034,-0.05994289740920067,-0.058395206928253174,0.2622217833995819,-0.14079993963241577,-0.06918979436159134,-0.019318990409374237,-0.3106626570224762,-0.33276212215423584,-0.23525074124336243,0.23431263864040375,0.031106458976864815,0.1537260115146637,-0.16029660403728485,0.4222401976585388,-0.03969113528728485,0.3212774693965912,0.1194014623761177,-0.09959877282381058
170.0,-0.24189405143260956,-0.08629286289215088,-0.25188207626342773,0.3652955889701843,0.09288504719734192,-0.009462343528866768,-0.06422343850135803,0.04381898045539856,-0.261129766702652,0.31976187229156494,0.27626833319664,0.09629471600055695,-0.045952219516038895,-0.028484176844358444,0.21458883583545685,-0.44762465357780457,0.018396727740764618,0.2985302805900574,-0.5013043880462646,-0.19262860715389252,-0.3765135407447815,-0.04224918410181999,-0.1816440224647522,-0.12388209253549576,0.277424156665802,-0.1568434238433838,-0.15949052572250366,-0.0727994292974472,0.3428404629230499,-0.2505738139152527,-0.0671401247382164,0.18666885793209076,-0.08068163692951202,0.08761321753263474,-0.09394648671150208,0.059681933373212814,0.15949948132038116,-0.27789777517318726,0.4566819667816162,0.017213555052876472,0.1606236696243286,0.07433724403381348,0.1596096158027649,0.12348027527332306,0.09893499314785004,-0.1947571337223053,0.06390461325645447,0.12624888122081757,-0.0734020248055458,-0.10486330837011337,0.19350703060626984,0.12054480612277985,-0.2319437861442566,-0.008996887132525444,0.02757471613585949,0.24352581799030304,-0.166899636387825,-0.2834900915622711,0.015832526609301567,0.2707633078098297,0.06285671144723892,0.40855368971824646,-0.096839539706707,-0.44644054770469666
171.0,-0.16048629581928253,-0.2167111039161682,-0.4601166546344757,-0.0030085304751992226,0.09295269101858139,0.10563629865646362,-0.2371417135000229,0.09239351004362106,-0.1294037252664566,0.3109399080276489,-0.10392498970031738,0.22266724705696106,-0.33701637387275696,-0.021144352853298187,-0.19913016259670258,-0.2979949414730072,0.14167986810207367,0.1968955397605896,-0.12517647445201874,-0.02850569598376751,-0.015236303210258484,0.14065179228782654,0.020677970722317696,0.24442608654499054,0.17797189950942993,-0.330989807844162,-0.20239976048469543,-0.12131007760763168,0.007487687282264233,-0.21952109038829803,-0.08503103256225586,-0.14779016375541687,-0.42000308632850647,-0.01872687041759491,-0.1860143542289734,0.23068763315677643,0.07008099555969238,-0.38568830490112305,-0.3126458525657654,-0.005375260021537542,-0.04016254097223282,-0.07705269753932953,0.4509579837322235,-0.3589199483394623,-0.03220820799469948,0.1356857419013977,0.14872103929519653,0.01250574178993702,0.10804847627878189,-0.11061114072799683,0.027728155255317688,-0.054654087871313095,0.05994432047009468,-0.06127931550145149,-0.30334311723709106,0.06449507921934128,0.03718617931008339,0.15489718317985535,-0.15193231403827667,-0.03729629889130592,-0.04682709276676178,0.3586064279079437,0.18903876841068268,-0.14699123799800873
172.0,-0.1414368599653244,-0.22206316888332367,-0.2540704607963562,0.17781829833984375,0.09633829444646835,0.19569209218025208,-0.4170805513858795,-0.19139091670513153,-0.2538609206676483,-0.04584210366010666,0.01983792521059513,0.08746542781591415,-0.11059440672397614,-0.04994620010256767,-0.14787232875823975,-0.25786876678466797,0.020566992461681366,0.14923688769340515,-0.12330515682697296,0.010120518505573273,-0.1520814597606659,0.18344274163246155,-0.07614992558956146,0.0413321889936924,0.050394292920827866,-0.3041813373565674,-0.47385933995246887,-0.07837643474340439,0.17593872547149658,-0.2768624424934387,0.05979079380631447,0.14827147126197815,-0.040579963475465775,-0.023109013214707375,-0.04972659423947334,-0.02139369770884514,-0.14740999042987823,-0.24897442758083344,-0.30163562297821045,-0.04321729764342308,-0.0816703662276268,-0.054120369255542755,0.2442573755979538,-0.33455315232276917,0.10096491128206253,0.03454240411520004,0.05091797932982445,-0.09717334061861038,0.23568017780780792,-0.15737268328666687,-0.11572245508432388,-0.008608482778072357,0.007129705511033535,-0.14836356043815613,0.01775508187711239,0.1970825046300888,0.02674420177936554,0.3516538441181183,-0.15057538449764252,0.4249836802482605,0.17303907871246338,0.22914700210094452,0.07682204246520996,0.0455075167119503
173.0,0.14019694924354553,-0.06032140925526619,-0.4098319113254547,0.08989056199789047,0.17155911028385162,0.042334675788879395,-0.18937398493289948,-0.026365987956523895,-0.29798784852027893,0.08218377828598022,0.0034845443442463875,0.015672825276851654,-0.09808064997196198,0.06864414364099503,-0.14298106729984283,-0.3115609586238861,-0.0255315899848938,0.018137650564312935,-0.14203807711601257,-0.1871948093175888,-0.02688153274357319,-0.026132551953196526,0.12181609123945236,0.2806262969970703,-0.043816763907670975,-0.18736588954925537,-0.05522867664694786,-0.06979014724493027,0.2480303794145584,-0.2547471821308136,0.12854117155075073,-0.1052960753440857,-0.033151205629110336,-0.0713062658905983,-0.14645342528820038,-0.07728675752878189,-0.09426249563694,0.005396740976721048,-0.24948327243328094,0.10583570599555969,0.12592017650604248,-0.0982852652668953,0.29290971159935,-0.26084837317466736,0.03856390714645386,0.0463530458509922,0.04578927531838417,0.04119955375790596,0.21244265139102936,0.027181874960660934,0.24045096337795258,-0.006421019323170185,-0.06262405216693878,-0.06491323560476303,0.05438249185681343,0.10096598416566849,-0.10226517915725708,0.28382307291030884,-0.22017541527748108,-0.04321218281984329,-0.13164988160133362,0.2911289930343628,0.34925228357315063,0.0020083808340132236
174.0,-0.18343707919120789,-0.10949978977441788,-0.4460424482822418,0.15240617096424103,0.45592308044433594,-0.07817591726779938,-0.1719910204410553,-0.29273825883865356,-0.2624228000640869,0.27321112155914307,0.061299607157707214,0.2289676070213318,0.032007284462451935,0.1084185317158699,-0.14560359716415405,-0.19535791873931885,-0.02237134799361229,0.17621879279613495,-0.2988698184490204,0.053919706493616104,0.00860332790762186,-0.2521152198314667,-0.15346655249595642,0.3191613256931305,-0.09518187493085861,-0.35927537083625793,-0.040761515498161316,-0.12594743072986603,0.3212191164493561,-0.12399888783693314,0.20438720285892487,0.050963252782821655,-0.1265430748462677,-0.24151648581027985,-0.39561355113983154,-0.10468810051679611,-0.07195739448070526,-0.16948461532592773,-0.3055565357208252,0.08127367496490479,0.0005336253088898957,-0.0886608213186264,0.16397789120674133,-0.2731551229953766,0.12213195115327835,-0.0585746243596077,0.13614167273044586,0.11732835322618484,0.10004261881113052,-0.12847299873828888,0.06218895688652992,-0.02428489737212658,-0.15104208886623383,-0.16704274713993073,-0.1393992304801941,0.22431181371212006,0.22850391268730164,-0.03176012262701988,-0.09271638095378876,0.1736883670091629,0.15267236530780792,0.47081223130226135,0.08606503158807755,0.1266038864850998
175.0,-0.12715868651866913,-0.20574326813220978,-0.4275513291358948,0.2868679165840149,0.09201972186565399,-0.21500498056411743,-0.2625623941421509,-0.03415576368570328,-0.18815644085407257,0.30483278632164,0.28001654148101807,-0.06498564779758453,0.057576414197683334,0.0011634834809228778,0.0003975717700086534,-0.2067744880914688,0.08975330740213394,0.28268367052078247,-0.30037379264831543,-0.1375039666891098,-0.06342700868844986,0.014509100466966629,-0.23690593242645264,0.24675287306308746,0.030555035918951035,-0.18298685550689697,-0.20767183601856232,-0.2299659252166748,0.11592923104763031,-0.1758943647146225,0.32684096693992615,0.23481008410453796,-0.1906123012304306,-0.13304299116134644,0.15541966259479523,0.025908468291163445,0.06899771094322205,-0.16572625935077667,0.057818733155727386,0.06959700584411621,0.13118259608745575,-0.5329928994178772,0.054998598992824554,-0.2942889332771301,0.12141133844852448,-0.2118152230978012,0.0685119777917862,-0.02545338124036789,0.10162757337093353,-0.2970127761363983,-0.0689929723739624,0.17272724211215973,-0.08921230584383011,-0.1387474238872528,-0.0778346136212349,0.3751022517681122,-0.3090505003929138,-0.058947641402482986,-0.2215956300497055,0.05623909831047058,0.19760526716709137,0.1746883988380432,0.13230553269386292,-0.0912773534655571
176.0,0.05618079751729965,0.027705824002623558,-0.24730916321277618,0.024523917585611343,-0.0969313457608223,-0.2562639117240906,-0.32244107127189636,-0.07453858107328415,-0.3899097740650177,0.215891495347023,0.014080120250582695,0.11580932885408401,-0.2947940230369568,0.061645105481147766,0.13586340844631195,-0.1470499187707901,0.12102103233337402,0.014004254713654518,-0.2995837926864624,0.08669648319482803,-0.3110980689525604,-0.11367357522249222,-0.11320313811302185,-0.06328320503234863,0.2698449194431305,-0.05631179362535477,0.016851749271154404,-0.4002644121646881,0.15339720249176025,-0.037742938846349716,0.1357305943965912,0.12559428811073303,-0.17157721519470215,-0.05675806477665901,-0.06388135999441147,0.47405773401260376,0.07352953404188156,-0.014745999127626419,-0.12984272837638855,-0.1391540914773941,-0.15774646401405334,0.10974875092506409,0.06451535224914551,-0.18611590564250946,-0.003911694046109915,-0.15376104414463043,-0.028030943125486374,0.06914027035236359,0.20432806015014648,0.01605769246816635,0.1221589595079422,0.05100918933749199,-0.05116840451955795,0.09820081293582916,-0.2085806280374527,0.10574507713317871,-0.2038877159357071,0.1472814828157425,-0.1176442801952362,-0.06747136265039444,0.016183646395802498,0.2579348683357239,0.2394835203886032,-0.1381431668996811
177.0,-0.30547282099723816,0.18912376463413239,0.0352148562669754,0.4616702198982239,0.21682384610176086,-0.154145747423172,-0.46498575806617737,-0.30530473589897156,-0.20533567667007446,-0.19069808721542358,-0.4220370054244995,0.33821815252304077,-0.21040022373199463,-0.024914154782891273,0.1398664116859436,0.03845382109284401,0.025680329650640488,-0.10926108807325363,-0.4943086802959442,0.3037547767162323,-0.3578405976295471,-0.22342775762081146,0.06744527071714401,0.004290690645575523,-0.44558480381965637,-0.29924115538597107,-0.26575377583503723,-0.3243502378463745,0.34588420391082764,-0.5774312615394592,-0.10393425077199936,0.4383556544780731,-0.1276104748249054,-0.19255514442920685,-0.12061836570501328,-0.3007049262523651,-0.19330725073814392,-0.2948852479457855,-0.08420557528734207,-0.0779557153582573,-0.23808811604976654,-0.2647632956504822,0.27793601155281067,0.15395765006542206,0.13147324323654175,0.027860986068844795,0.12028699368238449,-0.061811499297618866,0.11196338385343552,-0.24646346271038055,0.041103605180978775,0.055086396634578705,0.23539426922798157,-0.20374999940395355,0.03279309347271919,0.28409209847450256,-0.3311571478843689,0.3534894585609436,-0.03756193444132805,0.16786916553974152,0.36844903230667114,0.35888999700546265,0.008091939613223076,-0.2159748077392578
178.0,-0.0539509616792202,-0.33531051874160767,-0.29641807079315186,0.17171017825603485,0.1890595257282257,-0.15388676524162292,-0.08636302500963211,-0.13352036476135254,-0.20822666585445404,0.07991239428520203,0.039961617439985275,0.09839709848165512,-0.006102538667619228,0.031514864414930344,-0.05905476212501526,0.0033398715313524008,-0.0306974109262228,0.19618593156337738,-0.2759890854358673,-0.10943739861249924,0.03451447933912277,-0.0038055297918617725,-0.03257407993078232,0.15068475902080536,0.1804296225309372,-0.10446639358997345,-0.1720544993877411,-0.1978137344121933,0.08684998750686646,-0.11812550574541092,0.26796796917915344,0.22025923430919647,-0.11692171543836594,-0.2112792283296585,-0.1565491110086441,0.12150376290082932,-0.1063666120171547,-0.13750898838043213,-0.15255382657051086,0.11181798577308655,-0.01068312581628561,-0.15727588534355164,-0.038231704384088516,-0.1664222776889801,0.060365837067365646,-0.12238737940788269,0.09332580864429474,-0.027569405734539032,0.01306386198848486,-0.29196861386299133,-0.07286515086889267,-0.03512014076113701,-0.19810010492801666,-0.26028770208358765,-0.05530760437250137,0.29782259464263916,0.09940718859434128,0.007790105417370796,-0.02580941468477249,0.12255361676216125,0.06805013865232468,0.24584731459617615,0.07191730290651321,0.1118604987859726
179.0,-0.12419067323207855,0.05031757056713104,-0.20568731427192688,-0.10398397594690323,-0.09977123141288757,-0.19011227786540985,-0.3843981921672821,-0.036047596484422684,-0.04255712032318115,0.18676649034023285,0.019915323704481125,-0.052185505628585815,-0.08142844587564468,-0.02136056125164032,-0.017360618337988853,0.027391605079174042,0.13774652779102325,0.12093034386634827,0.027144040912389755,-0.029916975647211075,0.03095238283276558,0.2464340627193451,-0.4212031364440918,0.2631303071975708,0.262806236743927,-0.13037222623825073,-0.005962386727333069,-0.31657874584198,-0.1235799565911293,0.21243642270565033,0.2400788962841034,0.07481182366609573,-0.473953515291214,-0.16711312532424927,-0.015873949974775314,0.36307018995285034,0.08825576305389404,-0.07501412183046341,-0.3552483320236206,-0.1529126614332199,-0.06346136331558228,-0.15678809583187103,0.13293540477752686,-0.10756734758615494,0.032094791531562805,-0.02992732636630535,-0.010500763542950153,0.011895228177309036,-0.12998661398887634,-0.1672956645488739,0.08048569411039352,-0.18553636968135834,-0.02456522174179554,-0.22771254181861877,-0.3791072368621826,0.2549729347229004,-0.2210204303264618,-0.0788702517747879,-0.0004154345951974392,0.055403370410203934,0.13096962869167328,0.027037879452109337,0.1116284653544426,-0.10028311610221863
180.0,0.14772097766399384,-0.2849300503730774,-0.3500009775161743,0.05271591991186142,-0.08980194479227066,-0.07078899443149567,-0.3315590023994446,0.0250115767121315,0.08979728817939758,-0.03428194671869278,0.23928624391555786,-0.1562206894159317,0.07929672300815582,-0.15922819077968597,0.06772271543741226,-0.007355269975960255,-0.0012148988898843527,0.26182687282562256,-0.03920986130833626,-0.017854565754532814,0.23304204642772675,0.3853602409362793,-0.26124364137649536,0.15241210162639618,0.46766024827957153,-0.27342158555984497,-0.2653557360172272,-0.26516610383987427,-0.02501990646123886,-0.17525456845760345,0.3662017285823822,0.13241231441497803,-0.303436815738678,0.09020727127790451,0.04080739617347717,0.1713489443063736,-0.05304938927292824,-0.10807816684246063,-0.33965376019477844,0.08210980147123337,0.07736857980489731,-0.33421018719673157,-0.02703142911195755,-0.4730210304260254,-0.05626877024769783,-0.03398824483156204,-0.06468081474304199,-0.27987512946128845,0.09422667324542999,-0.190840482711792,-0.084820955991745,-0.13046222925186157,0.018946686759591103,0.06814448535442352,-0.13309232890605927,0.5523049235343933,-0.21017470955848694,-0.07398408651351929,-0.12604661285877228,0.1573999971151352,0.0625731348991394,-0.0731985941529274,-0.05039748549461365,0.13814705610275269
181.0,0.08782937377691269,-0.05915624648332596,-0.1877405345439911,0.3563438355922699,0.10439962893724442,-0.16805098950862885,-0.30672651529312134,-0.25252801179885864,-0.44121405482292175,0.11130668967962265,-0.05542336031794548,0.002139994176104665,-0.12358075380325317,-0.04862779751420021,0.14961892366409302,-0.19650880992412567,-0.00589742511510849,0.05235455557703972,-0.31259649991989136,0.07693734019994736,-0.2328742891550064,-0.0505346916615963,-0.07361570745706558,0.048670146614313126,-0.09435281902551651,-0.29314252734184265,-0.06275419145822525,-0.22253334522247314,0.3663797080516815,-0.442523717880249,0.0223164614289999,0.17286992073059082,-0.009291413240134716,0.04856322333216667,-0.001724553876556456,-0.2368658035993576,0.015994533896446228,-0.10017172247171402,0.012821792624890804,0.04887686297297478,-0.03576245158910751,-0.013952158391475677,0.1761704981327057,-0.13898812234401703,0.06875111907720566,-0.05795986205339432,0.07765691727399826,-0.08347514271736145,-0.0156415905803442,0.10305009037256241,0.1526152491569519,0.05969366803765297,-0.14656110107898712,0.025139054283499718,0.14058582484722137,0.3508652448654175,-0.19709277153015137,0.17310482263565063,-0.09774953126907349,0.30493414402008057,0.11125978082418442,0.19500286877155304,0.15227307379245758,-0.0724056214094162
182.0,-0.17901043593883514,0.09586616605520248,-0.03570236265659332,0.3719344735145569,0.14631325006484985,0.10898268967866898,-0.12606967985630035,-0.0659293457865715,-0.14186158776283264,-0.22585727274417877,-0.03409745916724205,0.2673097550868988,-0.03412478417158127,-0.2444189339876175,0.09295255690813065,-0.18759162724018097,0.10064639151096344,0.18804702162742615,-0.26877355575561523,-0.10903024673461914,-0.04160120338201523,0.09584090858697891,0.08623112738132477,-0.09506925940513611,0.09827028959989548,-0.12286383658647537,-0.3427928686141968,-0.2305198311805725,0.07425182312726974,-0.6046929955482483,0.052818380296230316,0.35906365513801575,-0.2888283431529999,-0.21855726838111877,-0.058958329260349274,-0.16114912927150726,-0.12695656716823578,-0.3234267234802246,0.030289288610219955,0.19512633979320526,0.08049613982439041,-0.3590565025806427,0.061191000044345856,0.15740667283535004,0.170591801404953,-0.23510916531085968,-0.00019733462249860168,-0.134475976228714,0.19965346157550812,-0.11586794257164001,0.041794996708631516,-0.06966856867074966,-0.4070199131965637,-0.35147178173065186,0.0873287245631218,0.28311458230018616,-0.023179585114121437,0.1279677152633667,-0.15623249113559723,0.3167975842952728,-0.10213068872690201,0.10230839252471924,0.0694333165884018,-0.44393154978752136
183.0,-0.09406905621290207,-0.16063527762889862,-0.14500528573989868,0.11060319095849991,0.10131801664829254,0.02327011153101921,-0.3587374985218048,-0.1034395769238472,-0.2737451195716858,0.13501884043216705,0.022379552945494652,-0.09597499668598175,-0.11313796043395996,-0.10127292573451996,-0.18866181373596191,-0.20620083808898926,0.07562898844480515,0.27822163701057434,-0.0002454994828440249,-0.21099381148815155,0.055058758705854416,0.16341111063957214,-0.16046223044395447,0.10032610595226288,0.09698989242315292,-0.1781110018491745,0.02685425989329815,-0.11463316529989243,0.16426850855350494,-0.2158588021993637,0.15279199182987213,0.10164563357830048,-0.11649997532367706,-0.130294531583786,0.07652297616004944,-0.10263065993785858,-0.0014161374419927597,-0.08395520597696304,-0.18567033112049103,0.01176493801176548,0.010683397762477398,-0.17378386855125427,0.2542966306209564,-0.13792335987091064,0.12812604010105133,-0.05519383028149605,0.07234698534011841,-0.01837453618645668,0.07405418902635574,-0.08386684954166412,0.1025485023856163,0.06289690732955933,-0.18728305399417877,-0.1962762027978897,-0.07287570834159851,0.25039055943489075,-0.14018134772777557,0.11016560345888138,-0.08430508524179459,0.24197643995285034,0.060719914734363556,0.11588969826698303,0.1657891869544983,-0.05043619126081467
184.0,-0.19205795228481293,-0.24050664901733398,-0.08587081730365753,0.11381170153617859,0.3003465533256531,-0.12553177773952484,-0.2094869464635849,0.040918558835983276,-0.2614135444164276,0.2464098185300827,-0.28240931034088135,0.27077457308769226,-0.45089486241340637,-0.06645870953798294,-0.06353490799665451,-0.018334059044718742,0.10753051191568375,0.08767563849687576,-0.24095673859119415,-0.030360979959368706,0.046835388988256454,-0.3016211986541748,0.524128794670105,-0.3493316173553467,-0.14946968853473663,0.03932415693998337,-0.029369601979851723,-0.11703889816999435,0.4040084779262543,-0.42924609780311584,0.13255144655704498,0.3853969871997833,-0.02947508916258812,-0.1629483699798584,-0.22566083073616028,0.1391446888446808,0.15040501952171326,-0.057049933820962906,-0.12659282982349396,-0.11862864345312119,0.014729673974215984,-0.29030436277389526,0.21822063624858856,0.11373550444841385,0.1437106430530548,0.0317794568836689,0.13836705684661865,0.24563077092170715,0.4614066779613495,0.011555025354027748,0.22477249801158905,0.40976473689079285,0.12652438879013062,0.021847566589713097,-0.2636910080909729,0.11373785883188248,-0.4230600893497467,0.2069130390882492,0.008666505105793476,-0.20756666362285614,0.011172265745699406,0.5706856846809387,0.11617923527956009,-0.1803234964609146
185.0,0.1430216133594513,-0.17405398190021515,-0.08410785347223282,0.2578960359096527,0.24278876185417175,-0.0729014202952385,-0.007477425038814545,0.0076630450785160065,-0.12403172254562378,0.15618644654750824,-0.347409725189209,-0.06108665466308594,0.12671056389808655,0.009622684679925442,0.009307090193033218,0.1252187341451645,-0.15229657292366028,0.14686039090156555,0.023625556379556656,-0.07819881290197372,0.16917067766189575,0.03462303429841995,-0.09354330599308014,0.28438201546669006,0.09532806277275085,-0.13153624534606934,0.08026715368032455,-0.0726022943854332,0.25209280848503113,-0.30777159333229065,0.32379150390625,0.3676002621650696,-0.17070218920707703,-0.2667657434940338,-0.26064708828926086,-0.038961466401815414,-0.053188905119895935,0.20154275000095367,-0.18157830834388733,0.14195869863033295,0.1741623729467392,-0.2423577904701233,0.1563963145017624,0.23728351294994354,0.09959551692008972,0.03904636576771736,0.23615333437919617,0.09745512157678604,-0.01501771342009306,-0.22829569876194,0.2023017257452011,0.10597440600395203,-0.33198824524879456,-0.3999948799610138,-0.2208506017923355,0.5537193417549133,0.058897823095321655,0.0005115704843774438,0.08391591906547546,0.21095353364944458,0.08912012726068497,-0.0439707413315773,-0.050500210374593735,-0.08051083236932755
186.0,-0.0813041478395462,-0.34418654441833496,0.07406146079301834,0.09355690330266953,0.10321956872940063,-0.03816181793808937,-0.20121552050113678,-0.13037684559822083,-0.4097294509410858,0.02221965417265892,-0.13198430836200714,-0.006180696655064821,-0.40588414669036865,-0.23487289249897003,-0.22809156775474548,-0.05900537222623825,0.15713000297546387,0.3753979504108429,-0.003505938919261098,-0.19679489731788635,0.2075633406639099,0.22268128395080566,0.08106567710638046,-0.1901169717311859,0.32779139280319214,-0.032159704715013504,0.09159085154533386,-0.1674671620130539,0.00994156114757061,-0.2406819462776184,0.03231915086507797,0.07322049885988235,-0.21132710576057434,-0.04230140149593353,0.10978882759809494,-0.011306552216410637,0.09415741264820099,-0.15234161913394928,-0.18989214301109314,0.12998150289058685,-0.10702019929885864,0.05499274656176567,0.04977557063102722,0.02445160783827305,0.11282186210155487,-0.06679940968751907,0.2734079360961914,-0.10767556726932526,-0.0997423529624939,-0.0037624207325279713,0.07108275592327118,-0.06283996254205704,-0.3810321092605591,-0.11052511632442474,0.016394665464758873,0.210832417011261,0.06489523500204086,-0.07425058633089066,0.021548671647906303,0.17000702023506165,-0.12956495583057404,0.17409862577915192,0.11077626049518585,-0.03184907138347626
187.0,-0.11492235213518143,-0.29536494612693787,-0.30087795853614807,0.2340412735939026,0.13817505538463593,-0.24186769127845764,-0.19073443114757538,-0.13067416846752167,-0.4486485421657562,0.3579966723918915,-0.17085383832454681,0.026747100055217743,-0.3507150113582611,0.02595563605427742,-0.2706446349620819,-0.23177054524421692,0.027689429000020027,0.04454602673649788,-0.1559467911720276,0.02940191887319088,-0.20857428014278412,-0.21202552318572998,-0.05207468569278717,0.13186544179916382,-0.16894680261611938,-0.018503179773688316,0.05128566920757294,-0.19794422388076782,0.25529199838638306,-0.20714351534843445,0.12560094892978668,-0.006207289174199104,-0.01653525047004223,-0.22588032484054565,0.1928863227367401,0.06898783892393112,0.01613685116171837,-0.07731813192367554,0.02861301600933075,0.10607191175222397,-0.169951930642128,-0.03430768474936485,0.11359380185604095,-0.38409051299095154,0.12540124356746674,-0.07763194292783737,0.14466208219528198,0.0504494309425354,0.2784011960029602,-0.20579317212104797,-0.15247176587581635,0.24658426642417908,-0.15620821714401245,-0.13095538318157196,-0.023905619978904724,-0.16043294966220856,0.03159771114587784,0.2334490269422531,-0.24425669014453888,0.013365942053496838,-0.014526521787047386,0.23091204464435577,0.2226991057395935,0.012533837929368019
188.0,0.3127709627151489,-0.06545098125934601,-0.3513551950454712,0.20910035073757172,0.051641080528497696,-0.29604560136795044,0.12546370923519135,0.12977668642997742,-0.29726603627204895,0.32173261046409607,-0.33431845903396606,0.2420550137758255,-0.15434154868125916,0.30082735419273376,0.21089105308055878,-0.14741770923137665,0.030499586835503578,0.018610332161188126,-0.2999737858772278,0.17796406149864197,-0.11639346182346344,-0.11145416647195816,-0.0772915706038475,0.3501446843147278,0.20679567754268646,-0.23906508088111877,0.14330649375915527,-0.18982231616973877,0.15888135135173798,-0.3137396574020386,0.04342924803495407,0.16165168583393097,-0.3158835768699646,-0.06965707242488861,-0.2298499345779419,0.3277125060558319,-0.13433325290679932,0.07429562509059906,-0.29023656249046326,0.14434167742729187,-0.1201481744647026,0.24991168081760406,0.19571223855018616,-0.042386896908283234,-0.045678768306970596,-0.08479651063680649,0.2721789479255676,0.08432286977767944,0.03222903609275818,-0.09506991505622864,0.23453398048877716,0.009946228936314583,-0.2176615446805954,-0.09721286594867706,-0.25776469707489014,0.3419395983219147,0.2042301744222641,0.2393561750650406,-0.1002437174320221,-0.05897771939635277,-0.011189653538167477,0.14338253438472748,0.24091684818267822,-0.10158158838748932
189.0,-0.2761397659778595,-0.05488083139061928,-0.19995416700839996,0.37796494364738464,0.18573884665966034,0.04230616241693497,-0.08366619050502777,-0.17428791522979736,-0.24912241101264954,0.0721864402294159,0.04525759443640709,0.22613239288330078,-0.03627181425690651,-0.002237742766737938,-0.03338788077235222,-0.2747111916542053,0.07341091334819794,0.2632974684238434,-0.3105815351009369,0.02629794366657734,-0.17993295192718506,-0.1365845650434494,-0.023063592612743378,0.02388819493353367,-0.09386283904314041,-0.16148830950260162,-0.27637138962745667,-0.11971437186002731,0.13242174685001373,-0.5426590442657471,0.06102149933576584,0.1761777549982071,-0.06025385856628418,-0.3070477545261383,-0.06190710514783859,-0.10682114213705063,-0.02807695046067238,-0.2324724942445755,0.14991256594657898,0.14214251935482025,-0.015671364963054657,-0.22646166384220123,0.04143081232905388,-0.06491703540086746,0.21448546648025513,-0.23755194246768951,-0.0428040586411953,-0.06666028499603271,0.08774697780609131,-0.20148512721061707,-0.04402165487408638,-0.08319169282913208,-0.35310637950897217,-0.33373206853866577,0.008312968537211418,0.11838987469673157,0.22926844656467438,-0.04967934265732765,-0.09632854163646698,0.3485734462738037,-0.10729214549064636,0.21064263582229614,0.009559870697557926,-0.22968240082263947
190.0,0.14243479073047638,-0.018757551908493042,-0.3472311794757843,-0.03833154961466789,0.01754150539636612,-0.38473716378211975,-0.25369793176651,-0.03464667871594429,-0.1529596596956253,0.07535231858491898,0.5478783249855042,-0.11895356327295303,0.23680400848388672,0.11904942989349365,0.3439708650112152,0.04272323101758957,0.06181719899177551,0.1084933951497078,-0.32929813861846924,0.012522920966148376,-0.057124387472867966,0.04909595847129822,-0.10120018571615219,0.021496467292308807,0.31410738825798035,-0.028040390461683273,-0.23454846441745758,-0.3013882339000702,0.03884049132466316,0.0027643151115626097,0.2996249198913574,0.15856637060642242,-0.29625704884529114,-0.0871722623705864,-0.17465117573738098,0.48426923155784607,0.1455722600221634,-0.02948703244328499,-0.2088996171951294,0.014445689506828785,0.2036891132593155,-0.23774169385433197,-0.2757706940174103,-0.15702949464321136,0.001476532081142068,-0.28353288769721985,-0.10031799972057343,-0.16707222163677216,-0.15029820799827576,0.15505629777908325,0.15826630592346191,-0.22246040403842926,-0.2239747941493988,0.07105901837348938,-0.04140383005142212,0.48144927620887756,-0.3643149137496948,-0.25075724720954895,0.011843666434288025,-0.022407159209251404,-0.010921139270067215,0.17253009974956512,0.1585216224193573,0.05113998055458069
191.0,-0.2291204333305359,-0.15474767982959747,-0.3391838073730469,0.17281635105609894,0.23320075869560242,-0.2223207801580429,0.07380742579698563,-0.20406793057918549,-0.39411935210227966,0.032461754977703094,0.15380355715751648,0.07460686564445496,-0.17885473370552063,-0.1310512274503708,-0.1884692758321762,-0.3459756672382355,0.15016691386699677,0.20344722270965576,-0.24706724286079407,-0.15219968557357788,0.24350164830684662,0.12581564486026764,0.19195149838924408,0.09603255242109299,0.0717620924115181,0.0404195711016655,-0.030046530067920685,-0.05222580209374428,0.0317862331867218,-0.4163157641887665,0.1574971228837967,-0.018700947985053062,-0.20128628611564636,-0.31191685795783997,0.10197325050830841,-0.08772622793912888,-0.022894393652677536,-0.23036417365074158,-0.10738486051559448,0.3363397419452667,0.02576410211622715,-0.038907501846551895,-0.11418065428733826,-0.11641053110361099,0.3433074355125427,-0.3069678544998169,-0.06199672818183899,-0.15915612876415253,0.007366333156824112,0.023677289485931396,0.09027495980262756,-0.3445212244987488,-0.5072422623634338,-0.3626640737056732,0.23541420698165894,0.009422656148672104,0.2543918490409851,-0.1803184598684311,-0.06741054356098175,0.20336997509002686,-0.467194139957428,0.3989471197128296,0.2567232847213745,-0.04730500280857086
192.0,0.12062004953622818,-0.41374874114990234,-0.1596030592918396,0.21046966314315796,0.060915540903806686,-0.12438348680734634,0.10021455585956573,0.06437283009290695,-0.10834773629903793,0.2504168152809143,-0.26203542947769165,0.1911858767271042,-0.13416504859924316,0.08647187054157257,0.07945124804973602,0.17050036787986755,-0.09779930859804153,0.3047487437725067,-0.17783603072166443,0.3526688516139984,0.1105528250336647,-0.22215613722801208,0.2906787693500519,-0.02644057758152485,0.02439125068485737,-0.314388632774353,-0.10817324370145798,0.05345773324370384,0.22091034054756165,-0.8121867775917053,0.25986456871032715,0.2679426968097687,-0.046158317476511,-0.14975905418395996,-0.43237608671188354,0.34802404046058655,0.2664327621459961,0.29064634442329407,0.10772627592086792,0.1246134415268898,0.12160226702690125,-0.40494704246520996,-0.022022977471351624,0.05389031022787094,-0.055272605270147324,0.16510163247585297,0.18304981291294098,0.11545510590076447,-0.029357312247157097,-0.12507955729961395,0.12394492328166962,0.010016052052378654,-0.06255829334259033,-0.028321361169219017,-0.4415712058544159,0.6303896903991699,0.27984756231307983,-0.21224048733711243,0.14779368042945862,0.027849620208144188,-0.020131580531597137,0.162141814827919,-0.08998817950487137,0.0014668265357613564
193.0,-0.18500033020973206,0.04793054237961769,-0.3181265592575073,0.04272564873099327,0.044046636670827866,-0.201413094997406,-0.44657668471336365,-0.06883778423070908,-0.31296980381011963,0.31815358996391296,0.23400108516216278,-0.11820175498723984,-0.2002537101507187,0.10840889066457748,0.024394448846578598,-0.3032362461090088,0.2218727171421051,0.16574572026729584,0.008851741440594196,0.2587680518627167,-0.03287573903799057,0.011160441674292088,-0.23100169003009796,0.015758002176880836,-0.08610930293798447,-0.19389799237251282,-0.04549228399991989,-0.043479692190885544,0.2121892124414444,-0.13451510667800903,0.172003373503685,-0.07200606912374496,-0.02903270721435547,-0.016337256878614426,0.09016939997673035,-0.030102673918008804,0.2018798440694809,-0.056008778512477875,-0.2572528123855591,-0.12041272968053818,-0.0976358950138092,0.14777255058288574,0.07773943245410919,-0.2998719811439514,0.32183077931404114,-0.25689896941185,-0.016870951279997826,0.009298891760408878,0.050031740218400955,0.09924318641424179,0.2278047651052475,-0.11737504601478577,-0.027544865384697914,0.150277778506279,-0.1731620877981186,0.12244826555252075,-0.08518458902835846,-0.27467766404151917,0.007719442714005709,0.2811446487903595,-0.04953726381063461,0.14925611019134521,-0.10106770694255829,0.07373912632465363
194.0,-0.01333324983716011,-0.44860997796058655,-0.11317174136638641,0.3688907325267792,0.017856372520327568,0.5137839913368225,-0.1839350461959839,0.1906474232673645,-0.09008831530809402,-0.12707215547561646,-0.1578579843044281,-0.23590493202209473,-0.06366723775863647,-0.10801766812801361,-0.23770786821842194,-0.22074289619922638,-0.1309899240732193,0.36064550280570984,-0.04210919886827469,-0.3629046380519867,0.03031105548143387,0.09944773465394974,0.28931277990341187,-0.28283408284187317,0.22054411470890045,0.12050937861204147,-0.2646113634109497,0.0929688960313797,0.46355879306793213,-0.6914646029472351,0.26726314425468445,0.3427472412586212,0.31579142808914185,-0.0984516516327858,-0.07844140380620956,0.045744892209768295,-0.02281387895345688,0.2602994740009308,0.15183623135089874,0.08601439744234085,0.2277628481388092,-0.28074026107788086,0.24526461958885193,0.04406324401497841,0.07059851288795471,0.09454644471406937,-0.015567569062113762,0.10809265077114105,0.6379185914993286,-0.40963074564933777,0.13453784584999084,0.35752955079078674,0.02882019430398941,-0.0947747752070427,-0.03695134446024895,0.2738194465637207,-0.2871802747249603,-0.015964116901159286,0.029641881585121155,0.1240336000919342,-0.22557279467582703,0.28000113368034363,-0.16976700723171234,-0.12597601115703583
195.0,-0.05240027233958244,-0.1452055722475052,-0.22202491760253906,0.007852721028029919,0.014668245799839497,-0.22711652517318726,-0.24109233915805817,0.0023785997182130814,-0.407272607088089,0.10127737373113632,-0.3724401891231537,0.329375684261322,-0.5696324706077576,0.045260556042194366,0.06691228598356247,0.007145574316382408,0.1232508048415184,-0.1291845142841339,-0.33184847235679626,0.4464675188064575,-0.34448277950286865,-0.2456020563840866,0.23729440569877625,-0.22642211616039276,0.05617079883813858,-0.1074259802699089,-0.2190563678741455,-0.30968359112739563,0.23201988637447357,-0.2430437207221985,-0.04531512409448624,0.10842899233102798,-0.20879067480564117,0.013054597191512585,-0.19786357879638672,0.6572163105010986,0.17567183077335358,-0.06555407494306564,-0.28955233097076416,-0.025647485628724098,-0.36822623014450073,0.18785515427589417,0.044307783246040344,-0.13902975618839264,-0.08909210562705994,0.042509645223617554,0.283526211977005,0.15771575272083282,0.40799498558044434,-0.012199590913951397,0.015526384115219116,0.07490304857492447,0.14480730891227722,0.20193645358085632,-0.1579868197441101,0.0018705185502767563,-0.05332791060209274,0.23745663464069366,-0.09883559495210648,-0.20935185253620148,0.06832218915224075,0.5369299054145813,0.16913479566574097,-0.08767271786928177
196.0,-0.3043466806411743,-0.19238875806331635,-0.14316990971565247,-0.08593527972698212,0.2453637421131134,0.1758762151002884,-0.46288174390792847,-0.21917574107646942,-0.39971816539764404,0.03382980450987816,-0.1912238895893097,0.023826170712709427,-0.31548580527305603,-0.09907012432813644,-0.2655142843723297,-0.046160876750946045,0.06032484397292137,0.12880560755729675,0.002220490947365761,0.14499342441558838,-0.04131980985403061,-0.04898679628968239,0.06245209649205208,-0.15834592282772064,-0.13473063707351685,-0.19362671673297882,-0.25314271450042725,-0.10633447766304016,0.23037788271903992,-0.13723495602607727,0.08283458650112152,0.020321236923336983,0.09510739892721176,-0.10515901446342468,-0.11891041696071625,0.10498631745576859,0.16518351435661316,-0.05307804420590401,-0.39590370655059814,-0.03718006983399391,-0.21608607470989227,-0.14067326486110687,0.19934187829494476,-0.2399362027645111,0.1328333020210266,0.12708304822444916,0.10292362421751022,0.08960597962141037,0.32212111353874207,-0.11052032560110092,-0.05458209663629532,0.009729715064167976,0.07648102194070816,-0.10193680971860886,-0.06079905852675438,0.045811209827661514,0.03803032636642456,0.04303949698805809,-0.06586059182882309,0.18532393872737885,0.1422245055437088,0.4076569676399231,0.010889241471886635,0.03359614312648773
197.0,-0.11625369638204575,-0.01667497120797634,-0.0034695416688919067,-0.044474661350250244,-0.058355528861284256,0.0513409748673439,-0.559770405292511,-0.18707846105098724,-0.2550733983516693,-0.08192311972379684,-0.0033300016075372696,-0.21029862761497498,-0.27601397037506104,-0.3728664517402649,-0.1190861314535141,-0.07219809293746948,0.03591306507587433,0.0965469628572464,-0.03337499499320984,-0.18357941508293152,-0.12403645366430283,0.3088120222091675,-0.22895477712154388,-0.092299684882164,0.30782267451286316,-0.11200463771820068,-0.05110076814889908,-0.39186781644821167,0.13009853661060333,0.15953555703163147,0.08524942398071289,-0.05959891527891159,-0.3245829641819,0.11025159060955048,0.05886165052652359,0.16589248180389404,0.20823480188846588,-0.10834632813930511,-0.12910747528076172,-0.05422891676425934,-0.06463231891393661,-0.10920919477939606,0.1437927484512329,-0.0588153675198555,-0.05270833522081375,0.14964550733566284,0.13478286564350128,-0.028697889298200607,0.020521212369203568,0.00840745959430933,0.0487404502928257,-0.07009590417146683,-0.05861722677946091,0.007338415365666151,0.057984352111816406,0.1699017435312271,-0.4229376018047333,-0.03280820697546005,-0.06159959360957146,0.053678397089242935,0.1318570375442505,0.187108114361763,0.11925184726715088,-0.21928222477436066
198.0,-0.3119663894176483,-0.14797239005565643,-0.30134832859039307,-0.010498357936739922,0.2808724045753479,-0.16172851622104645,-0.24640808999538422,0.12653617560863495,-0.07681716978549957,0.42939719557762146,-0.12172693759202957,0.29887402057647705,-0.3091045022010803,0.1746714860200882,-0.18439564108848572,-0.018545091152191162,0.12970733642578125,0.12174295634031296,-0.129667267203331,0.1077999472618103,-0.1301814317703247,-0.4153246581554413,0.2442038208246231,-0.054942745715379715,-0.253829687833786,0.12054050713777542,-0.05671506002545357,-0.09994831681251526,0.1254773885011673,-0.21743714809417725,0.17762300372123718,0.11717402935028076,-0.014327507466077805,-0.4815075397491455,-0.2941441833972931,0.4442440867424011,0.1614839732646942,-0.05049273744225502,-0.05144454911351204,-0.15001000463962555,-0.021808920428156853,-0.3223470151424408,0.1263349950313568,-0.21057842671871185,0.07390549778938293,-0.16144107282161713,-0.05366932600736618,0.29724806547164917,0.4333066940307617,-0.2423183023929596,0.038001712411642075,0.2882583439350128,0.18694619834423065,-0.15564702451229095,-0.5443447828292847,-0.16690927743911743,-0.020739475265145302,0.09561091661453247,0.03404487296938896,-0.2527875006198883,-0.0229257270693779,0.3862634003162384,0.039111848920583725,-0.04590717703104019
199.0,-0.12508636713027954,-0.024122927337884903,-0.14453311264514923,0.016850478947162628,-0.15944848954677582,-0.09889723360538483,-0.30195218324661255,-0.06843318045139313,-0.4572928845882416,0.00828755833208561,0.14803747832775116,-0.19690635800361633,-0.2987154722213745,-0.10149303078651428,-0.0247807614505291,-0.3265409469604492,0.15293100476264954,0.19465860724449158,-0.12233667820692062,-0.07646012306213379,-0.08687049150466919,0.19483007490634918,-0.1606699824333191,-0.21574275195598602,0.34689730405807495,0.0591268353164196,0.01945737563073635,-0.23191003501415253,0.22412513196468353,-0.07767298072576523,0.19637928903102875,0.06635347753763199,-0.023076161742210388,-0.004948774818331003,0.21240153908729553,0.2837427258491516,0.18939943611621857,0.09063317626714706,-0.1258215755224228,-0.011120296083390713,-0.15973608195781708,0.2387988418340683,-0.06709188222885132,-0.03085545264184475,0.2225993126630783,-0.21252542734146118,-0.04847489669919014,-0.006626645103096962,0.16443966329097748,-0.004154631868004799,0.19274596869945526,-0.15541024506092072,-0.23125147819519043,0.006761335767805576,0.08729517459869385,0.0754811018705368,-0.20329992473125458,-0.25924214720726013,0.0021079820580780506,0.16639502346515656,-0.22013349831104279,0.314933717250824,0.0883304700255394,-0.10112109035253525
200.0,-0.4051538407802582,0.19114331901073456,-0.03519736975431442,0.025551650673151016,-0.18787401914596558,0.23179273307323456,-0.29868462681770325,0.07695388793945312,-0.205451101064682,-0.0731288343667984,0.31609079241752625,-0.1047581359744072,-0.2430197298526764,-0.18637646734714508,-0.18516500294208527,-0.5932220816612244,0.24649596214294434,0.27277082204818726,0.06080734357237816,-0.3369660973548889,-0.14455005526542664,0.2654362916946411,-0.27363479137420654,-0.3144915997982025,0.2647762894630432,0.17650051414966583,-0.04250174015760422,-0.14958064258098602,0.12319765239953995,-0.00892627239227295,0.10755693912506104,0.015696385875344276,-0.01846368797123432,-0.10531270503997803,0.3740693926811218,0.13780663907527924,0.08310792595148087,-0.061929382383823395,0.0587691031396389,-0.11666321754455566,-0.10040417313575745,0.08495549857616425,0.0891776978969574,0.028795337304472923,0.3029943108558655,-0.31897759437561035,-0.34612783789634705,0.042422302067279816,0.35075315833091736,-0.11604397743940353,0.1487133949995041,-0.08023592829704285,-0.25097477436065674,-0.1589561551809311,-0.024112269282341003,-0.2718493640422821,-0.26874569058418274,-0.19822359085083008,-0.05282372236251831,0.3389669358730316,-0.32532453536987305,0.16517755389213562,-0.03694698214530945,-0.4120985269546509
201.0,0.006715746596455574,0.003711673431098461,-0.32201477885246277,0.19518274068832397,0.15137304365634918,-0.34281623363494873,-0.35200968384742737,-0.2177157998085022,-0.2553606927394867,0.292384535074234,0.2277970165014267,-0.11006765812635422,0.13682614266872406,0.15681546926498413,0.06814025342464447,-0.1887596696615219,0.060645218938589096,0.09110116213560104,-0.1902146190404892,0.04032588377594948,-0.10497210919857025,0.00971700344234705,-0.40934115648269653,0.3727526068687439,-0.1572902798652649,-0.20758777856826782,0.031126324087381363,-0.1768311858177185,0.15214169025421143,-0.08076957613229752,0.17014965415000916,0.072545625269413,-0.1032070741057396,-0.1726577877998352,0.1459224373102188,-0.1547442525625229,-0.08221080154180527,-0.13141091167926788,-0.1724873185157776,0.024767937138676643,-0.007979790680110455,-0.157770574092865,0.0737571120262146,-0.28849732875823975,0.16267068684101105,-0.22434726357460022,-0.031912222504615784,-0.16967839002609253,-0.13862773776054382,-0.08218275755643845,0.007978823967278004,-0.030009815469384193,-0.18387383222579956,-0.16051876544952393,-0.004150248132646084,0.31212589144706726,-0.16633887588977814,0.0683801919221878,-0.1388218253850937,0.23862551152706146,0.20204854011535645,0.03942875564098358,0.1623559147119522,0.10132184624671936
202.0,-0.014423707500100136,-0.08252821862697601,-0.22136558592319489,0.3049542009830475,0.15580342710018158,-0.06130281463265419,-0.2284267544746399,-0.2636970281600952,-0.2842705249786377,-0.01489274762570858,-0.24060431122779846,0.21508683264255524,-0.20195187628269196,-0.10252048820257187,-0.3179336190223694,-0.16707156598567963,-0.03997645154595375,0.13212209939956665,-0.29853856563568115,-0.23768940567970276,-0.07178781181573868,-0.009860614314675331,-0.15282228589057922,0.3931457996368408,0.10712644457817078,-0.19788160920143127,0.1343187391757965,-0.35220611095428467,0.11305821686983109,-0.12648417055606842,0.13286668062210083,0.0733812004327774,-0.36398550868034363,-0.26880812644958496,-0.21573655307292938,-0.10260652005672455,-0.22077317535877228,-0.14975012838840485,-0.11774421483278275,0.07419531792402267,-0.07766934484243393,-0.06388586014509201,0.21017149090766907,-0.12641170620918274,-0.07266861945390701,0.049724031239748,0.24404554069042206,0.10399793088436127,0.07995223253965378,-0.27398380637168884,0.04240746423602104,0.005310434848070145,-0.15007922053337097,-0.289344847202301,-0.10813185572624207,0.16868005692958832,0.03485627472400665,0.33493101596832275,-0.1724279373884201,-0.049529559910297394,0.09081362187862396,0.3389083445072174,0.34206530451774597,-0.03849390149116516
203.0,-0.07528536766767502,-0.20297470688819885,-0.1766900271177292,0.2838244140148163,0.1514163762331009,0.15943066775798798,-0.22612310945987701,-0.0392584353685379,-0.29742658138275146,0.29008644819259644,-0.23334966599941254,0.07054121792316437,-0.2530529797077179,0.0137141989544034,-0.12197472900152206,-0.24128252267837524,-0.04808622971177101,0.23645569384098053,-0.11542443186044693,0.15904350578784943,-0.09561753273010254,-0.11213115602731705,-0.13626499474048615,0.035076625645160675,-0.03858814388513565,-0.32662296295166016,-0.061529990285634995,-0.007108865771442652,0.3596619963645935,-0.3432416617870331,0.04659998416900635,0.08926549553871155,0.11050499975681305,0.0543011836707592,-0.19621004164218903,-0.11837097257375717,0.13881705701351166,0.06210911273956299,-0.041060302406549454,-0.051750537008047104,-0.08583882451057434,0.05942323058843613,0.29978182911872864,-0.15680654346942902,0.06774605065584183,0.12694895267486572,0.22123214602470398,0.23513634502887726,0.16552352905273438,-0.17068283259868622,0.16029101610183716,0.13129593431949615,0.06764038652181625,0.056971434503793716,-0.25671494007110596,0.2567049562931061,0.1043475791811943,-0.11112925410270691,-0.003956303466111422,0.2178613543510437,0.115362249314785,0.2643073499202728,-0.16290591657161713,-0.08304057270288467
204.0,-0.10369536280632019,-0.2488916516304016,-0.13570833206176758,0.26010775566101074,0.13083435595035553,-0.009973009116947651,-0.061149850487709045,-0.19635650515556335,-0.3153515160083771,0.04989081993699074,-0.11455679684877396,0.23922249674797058,-0.16701799631118774,-0.004702825099229813,-0.1033477634191513,-0.11937541514635086,-0.015119272284209728,0.31126725673675537,-0.4644845128059387,-0.16750194132328033,-0.20590001344680786,-0.037797439843416214,0.004330844152718782,0.01923230104148388,0.366902232170105,-0.09627287834882736,-0.03280680999159813,-0.2693599462509155,0.08815664798021317,-0.3687625527381897,-0.04245978966355324,0.15122663974761963,-0.26937583088874817,-0.32115814089775085,-0.3008436858654022,0.31170669198036194,-0.045296844094991684,-0.2034515142440796,0.0815240815281868,0.12881512939929962,-0.06922224909067154,0.01819314807653427,0.08260119706392288,0.006498120725154877,-0.0538448840379715,-0.07391253858804703,0.11231894046068192,0.0004815066931769252,-0.1280038207769394,-0.2571001350879669,-0.020779047161340714,-0.15531344711780548,-0.37767302989959717,-0.3432968258857727,-0.09356797486543655,0.23013950884342194,0.24928028881549835,0.04076226055622101,0.01477889809757471,0.09979509562253952,-0.056262630969285965,0.39554694294929504,0.21587902307510376,-0.16790372133255005
205.0,-0.3146045207977295,-0.0564783550798893,-0.28529682755470276,0.45636144280433655,0.18843619525432587,-0.19931845366954803,-0.11187446117401123,-0.012323579750955105,-0.37319862842559814,0.12713521718978882,-0.1455117017030716,0.2321023792028427,-0.2974455952644348,0.17435520887374878,0.06953781098127365,-0.19725972414016724,0.20082570612430573,0.15218773484230042,-0.4586575925350189,0.13396714627742767,-0.2338699847459793,-0.2517569363117218,0.2368353009223938,0.035178590565919876,-0.29580700397491455,-0.09389300644397736,-0.326318621635437,-0.11146382987499237,0.17595075070858002,-0.578548014163971,0.042980849742889404,0.21601231396198273,-0.08377096801996231,-0.22805458307266235,0.025122269988059998,-0.13743479549884796,0.017276357859373093,-0.2174394279718399,0.14065967500209808,0.09623878449201584,-0.07017349451780319,-0.1736295074224472,0.11965621262788773,0.07376725971698761,0.31122663617134094,-0.2336023449897766,0.23159420490264893,0.041886039078235626,0.06501729786396027,-0.30275261402130127,0.1405007392168045,0.022168591618537903,-0.05530564859509468,-0.21509753167629242,0.008398992009460926,0.13423243165016174,-0.01763189025223255,-0.04496137425303459,-0.08388610184192657,0.022189579904079437,-0.04409234598278999,0.32148686051368713,0.006428714841604233,-0.2309645563364029
206.0,0.2536839544773102,-0.20857544243335724,-0.3529999554157257,0.17354974150657654,0.09912174940109253,0.14823225140571594,-0.142789825797081,-0.07193191349506378,-0.4138737618923187,0.053937945514917374,-0.1780838966369629,0.032692067325115204,-0.15970829129219055,0.05941670387983322,-0.09684642404317856,-0.2807250916957855,-0.1102839782834053,0.021981870755553246,-0.20625963807106018,-0.021309038624167442,-0.14899635314941406,0.09985736757516861,-0.005166396498680115,0.3096534013748169,0.15551938116550446,-0.33046603202819824,-0.18732072412967682,-0.08280310779809952,0.2454502135515213,-0.1404472440481186,-0.01481756754219532,-0.08255457133054733,-0.07349143177270889,0.1935577392578125,-0.21801243722438812,0.06127646565437317,-0.05906948819756508,0.006972331553697586,-0.3301260471343994,0.12692053616046906,-0.04266241192817688,0.21152421832084656,0.2916243076324463,-0.25537431240081787,-0.11460185796022415,0.2148190140724182,0.35338377952575684,0.06999095529317856,0.08356764167547226,-0.0632881298661232,0.14818741381168365,-0.0360349640250206,-0.05484125763177872,0.03824413940310478,0.1091771051287651,0.27443742752075195,0.11655031889677048,0.26746103167533875,-0.17639340460300446,0.036286670714616776,0.06578944623470306,0.3333965241909027,0.24614347517490387,0.03757360205054283
207.0,0.17277449369430542,-0.33255735039711,-0.001716871396638453,0.08321545273065567,-0.1017996072769165,0.07909935712814331,-0.18985486030578613,-0.0472906269133091,-0.21482567489147186,-0.007738258223980665,0.042466603219509125,-0.11939813941717148,-0.17614324390888214,-0.24767164885997772,-0.07002407312393188,-0.09467484056949615,-0.064584881067276,0.35525548458099365,-0.06388024240732193,-0.11325819790363312,-0.0007979999063536525,0.18368980288505554,0.07398106902837753,-0.21362046897411346,0.4565569758415222,-0.09244640916585922,0.026792533695697784,-0.2226167470216751,0.17918677628040314,-0.6653643250465393,0.1517961621284485,0.03028174862265587,-0.10865764319896698,-0.12786275148391724,-0.04085034504532814,0.44219735264778137,0.24569745361804962,0.14957793056964874,0.1328948438167572,0.2094973474740982,0.09191785007715225,-0.33045533299446106,-0.014753415249288082,-0.13856106996536255,-0.153232142329216,0.0725385993719101,-0.1657503992319107,-0.19372805953025818,0.060126423835754395,0.018719404935836792,0.01804189570248127,-0.12722083926200867,-0.4245459735393524,-0.02523871697485447,-0.053266432136297226,0.3678041696548462,-0.03504839539527893,-0.06389722228050232,-0.042379945516586304,0.12765191495418549,-0.2822473645210266,0.06964902579784393,0.2122482806444168,-0.15182135999202728
208.0,-0.027514569461345673,-0.17776377499103546,-0.35052618384361267,0.22424669563770294,0.4571067690849304,0.054004181176424026,-0.21290412545204163,-0.29468879103660583,-0.239800825715065,-0.11630669236183167,-0.07356482744216919,0.0420830138027668,0.18629735708236694,0.14708293974399567,-0.032531943172216415,0.004074304364621639,-0.16012656688690186,-0.011322963051497936,-0.3040315806865692,0.3300868272781372,-0.016649141907691956,-0.13456347584724426,0.16165846586227417,0.2133195996284485,-0.21872681379318237,-0.27155470848083496,-0.45692211389541626,0.05898728221654892,0.3460591733455658,-0.5417433977127075,0.09021542966365814,0.07628544420003891,-0.001299243769608438,-0.23422543704509735,-0.4503471851348877,-0.03927260637283325,-0.10409893840551376,-0.03850989416241646,-0.44946134090423584,0.25390875339508057,0.06646442413330078,-0.12438648194074631,0.006028360221534967,-0.2413172870874405,0.11227145045995712,0.04746687412261963,0.19580543041229248,-0.09713181853294373,0.186529278755188,-0.07815872132778168,0.0217268243432045,-0.18057328462600708,-0.08245072513818741,-0.15183177590370178,0.1945812702178955,0.3837358057498932,0.24387627840042114,0.022903084754943848,-0.045160744339227676,0.2086721807718277,0.05741360783576965,0.4193947911262512,0.018345551565289497,0.2567184865474701
209.0,-0.12816493213176727,-0.11863004416227341,-0.22994691133499146,0.2905483543872833,0.14185485243797302,0.06167515739798546,-0.48056933283805847,-0.36055850982666016,-0.5939934849739075,0.009746713563799858,-0.08086369186639786,-0.05251672491431236,-0.17972329258918762,0.0296364426612854,-0.05861527845263481,-0.38448718190193176,0.048476558178663254,0.0656651109457016,-0.2939039468765259,0.09611298143863678,-0.2990149259567261,0.11545736342668533,0.0011306358501315117,0.002238539047539234,-0.15009455382823944,-0.1808413863182068,-0.36588338017463684,-0.07786179333925247,0.3374430239200592,-0.42525210976600647,-0.07862576842308044,0.10257547348737717,0.10580850392580032,-0.04298645257949829,-0.00290196156129241,-0.05595941096544266,0.001963828457519412,-0.13417039811611176,-0.26614856719970703,-0.01849227584898472,-0.1539282500743866,0.16267885267734528,0.23338407278060913,-0.20546568930149078,0.22250176966190338,-0.00909484177827835,-0.021170753985643387,-0.12819111347198486,0.1161893978714943,0.07405156642198563,0.10528698563575745,-0.1043114960193634,-0.1295148879289627,-0.1577751785516739,0.24442297220230103,0.13026437163352966,-0.08291523903608322,0.2312845140695572,-0.05163957551121712,0.40201273560523987,-0.027759255841374397,0.45919468998908997,0.22064021229743958,-0.024050410836935043
210.0,-0.16071151196956635,-0.009012957103550434,-0.34105050563812256,0.3345436155796051,-0.09074409306049347,0.12822777032852173,-0.28519073128700256,-0.27909618616104126,-0.6822023391723633,-0.004480460193008184,0.2420004904270172,-0.2695973515510559,-0.33477580547332764,-0.13447415828704834,-0.3428041934967041,-0.869347333908081,0.11150499433279037,0.22180452942848206,-0.15957285463809967,-0.2417692393064499,-0.2730235159397125,0.25913384556770325,-0.30536162853240967,0.034773483872413635,0.17297406494617462,0.05095326155424118,0.025225412100553513,-0.16076859831809998,0.29986709356307983,-0.2660433351993561,0.016709674149751663,-0.36371827125549316,0.1588984727859497,-0.014461267739534378,0.4967144727706909,-0.09376019984483719,0.02880023419857025,-0.0392499603331089,0.10499213635921478,0.25915274024009705,-0.18969251215457916,0.4405728876590729,0.05639432743191719,-0.3800080716609955,0.27093058824539185,-0.254095196723938,-0.1858203411102295,-0.13504056632518768,0.20117104053497314,-0.07608845084905624,0.08240415900945663,-0.2857481837272644,-0.5072759985923767,-0.10971514880657196,0.49441370368003845,-0.29972603917121887,0.10475817322731018,-0.20647099614143372,-0.2099863588809967,0.43008553981781006,-0.5402104258537292,0.3689400255680084,0.18004396557807922,-0.13397914171218872
211.0,0.3350621461868286,-0.27716386318206787,-0.0979636013507843,0.12198467552661896,-0.16914799809455872,-0.03411143273115158,-0.3469230830669403,5.6794233387336135e-05,-0.20022331178188324,0.000977860065177083,-0.15186657011508942,-0.01444583386182785,-0.34586378931999207,-0.3606804609298706,-0.27113619446754456,-0.1934247463941574,-0.030305009335279465,0.19929713010787964,0.121580109000206,-0.14779749512672424,0.14255855977535248,0.2382119596004486,-0.060724999755620956,0.00676301121711731,0.2864624857902527,-0.25312405824661255,0.23485739529132843,-0.2973930835723877,0.15943239629268646,-0.46911749243736267,0.19829316437244415,0.05316717177629471,-0.18054711818695068,0.11954116821289062,0.22090299427509308,0.011316005140542984,-0.08762048184871674,0.029187172651290894,-0.11344009637832642,0.11148790270090103,-0.059612225741147995,-0.25965309143066406,0.23661920428276062,-0.4091920554637909,-0.24349237978458405,0.14637774229049683,0.009466792456805706,-0.15528994798660278,0.3567959666252136,0.008756882511079311,-0.031731195747852325,0.2600981295108795,-0.09578629583120346,0.13979293406009674,-0.16109861433506012,0.32246753573417664,-0.21193847060203552,0.4971286654472351,-0.2336978316307068,0.11843837797641754,-0.0035858117043972015,-0.07672810554504395,0.3035399317741394,0.010970938950777054
212.0,-0.15527071058750153,0.16343674063682556,-0.14170071482658386,0.16644778847694397,-0.1923888474702835,-0.060500618070364,-0.43427684903144836,0.028343796730041504,-0.15511976182460785,0.14282779395580292,0.019032055512070656,-0.021882707253098488,-0.19273507595062256,0.2057238072156906,0.17196165025234222,-0.31032076478004456,0.2162700891494751,0.19437478482723236,-0.04650181159377098,0.1819336712360382,-0.17691710591316223,0.1324666291475296,-0.3412748873233795,-0.097020223736763,0.2004496455192566,-0.09715047478675842,-0.02941720373928547,-0.14667382836341858,0.17360086739063263,-0.18700256943702698,0.12019819021224976,0.21090741455554962,-0.04059367626905441,-0.044021449983119965,0.04043467715382576,0.15426386892795563,-0.06414879113435745,0.016402142122387886,-0.23531955480575562,-0.31539186835289,-0.2159424126148224,0.3948407471179962,0.21605709195137024,-0.03562755882740021,0.3054729402065277,-0.26522883772850037,-0.2360355406999588,-0.018504129722714424,0.07939445972442627,-0.14839321374893188,0.3065967559814453,-0.12592223286628723,0.07329913228750229,0.0007440991466864944,-0.4106126129627228,0.1596369445323944,-0.13197572529315948,-0.14905621111392975,0.1951798051595688,0.4053560495376587,-0.0861692726612091,0.029672015458345413,-0.279330313205719,-0.07416683435440063
213.0,-0.2770950198173523,-0.23214039206504822,-0.1812324821949005,0.008519663475453854,0.10792183130979538,0.13453510403633118,-0.30148082971572876,-0.02603754773736,-0.23523657023906708,0.20916815102100372,0.12799865007400513,0.017766982316970825,-0.13757829368114471,-0.03337708115577698,-0.34156864881515503,-0.21558146178722382,0.036752913147211075,0.3603701591491699,-0.15404397249221802,-0.4357200264930725,-0.15857325494289398,0.03664594516158104,-0.26983922719955444,0.04972752928733826,0.30422696471214294,-0.01449304074048996,0.003705546958371997,-0.2547767758369446,0.08524959534406662,0.24604950845241547,0.16861595213413239,0.1034088134765625,-0.15369486808776855,-0.26280829310417175,-0.11560750007629395,0.32253581285476685,0.060392528772354126,-0.09873689711093903,-0.04338488727807999,-0.1383758932352066,-0.024293813854455948,-0.22529813647270203,0.20145124197006226,-0.08999709039926529,0.02025523968040943,-0.03316333144903183,0.06180429831147194,0.2281242460012436,0.10068036615848541,-0.4120277166366577,-0.027178097516298294,0.12393413484096527,-0.11094807833433151,-0.3103387653827667,-0.33254802227020264,0.08183963596820831,-0.16538551449775696,-0.012093234807252884,-0.05681276693940163,0.02838652767241001,0.20193491876125336,0.3751390874385834,0.11995434761047363,-0.17647747695446014
214.0,0.031791143119335175,-0.21458591520786285,-0.4426805377006531,0.17096082866191864,0.04537704586982727,-0.13982774317264557,-0.34443026781082153,-0.2534223198890686,-0.30617308616638184,0.08596497774124146,-0.018111560493707657,-0.012335177510976791,-0.0993323102593422,0.17941038310527802,-0.1888008713722229,-0.22668534517288208,0.011888108216226101,0.15586082637310028,-0.24031120538711548,0.04681925103068352,-0.030489221215248108,0.06562502682209015,-0.17733800411224365,0.35759085416793823,0.029790617525577545,-0.2529906928539276,-0.084054134786129,-0.19599515199661255,0.1147049218416214,-0.17864081263542175,0.198057621717453,0.00016630999743938446,-0.012157458811998367,-0.17300686240196228,-0.05737733095884323,0.007442856673151255,-0.1952543407678604,-0.056719377636909485,-0.36068007349967957,-0.01751711219549179,-0.21046826243400574,0.07084514945745468,0.14861905574798584,-0.4970063865184784,0.0860583558678627,-0.04230122268199921,-0.057940900325775146,-0.1319960057735443,0.0411687046289444,-0.23765558004379272,-0.012626346200704575,-0.1845826953649521,0.04544695094227791,-0.16474856436252594,-0.08230073004961014,0.19006185233592987,0.1031031385064125,0.1813812553882599,-0.08689571171998978,0.1496398001909256,0.012087088078260422,0.2697947919368744,0.17512427270412445,0.3309924900531769
215.0,-0.060000449419021606,-0.17037661373615265,-0.5173094272613525,0.20433425903320312,0.14073866605758667,-0.02850445918738842,-0.3218609392642975,-0.1364506632089615,-0.25678491592407227,0.07233758270740509,0.14372171461582184,-0.1547253131866455,-0.0005763666704297066,0.094245545566082,-0.07548172026872635,-0.31131163239479065,0.0795554369688034,0.14777036011219025,-0.13487301766872406,0.16332943737506866,0.09723787754774094,0.2032518833875656,0.01285310834646225,0.3425629734992981,-0.1301352083683014,-0.30244407057762146,-0.3616340756416321,0.07738114893436432,0.16672737896442413,-0.4829837381839752,0.1319066882133484,-0.12737631797790527,-0.056860800832509995,-0.022988300770521164,0.04432031139731407,-0.21197694540023804,-0.020766224712133408,-0.15402790904045105,-0.3581700026988983,0.20519737899303436,0.05311621353030205,-0.05588068440556526,0.13426698744297028,-0.44050925970077515,0.23322489857673645,-0.0691034272313118,0.07434140890836716,-0.23528407514095306,0.06902691721916199,-0.0038228994235396385,0.0841023325920105,-0.24118216335773468,-0.04852674901485443,-0.04970904439687729,0.22534269094467163,0.2479744702577591,0.06906319409608841,-0.0492074079811573,-0.13364233076572418,0.21365951001644135,-0.1783674657344818,0.22449582815170288,0.10478824377059937,0.21230749785900116
216.0,-0.037010468542575836,-0.16551686823368073,-0.2572077214717865,0.1948087513446808,-0.04691391810774803,0.11856339871883392,-0.3339124917984009,-0.11279921233654022,-0.257864385843277,-0.0863788053393364,-0.08038412779569626,-0.17181988060474396,-0.14863154292106628,-0.08120497316122055,-0.07347894459962845,-0.23100030422210693,-0.0130763566121459,0.09714676439762115,-0.02741524577140808,0.08321469277143478,-0.03746424615383148,0.31493625044822693,-0.09893382340669632,0.10680299252271652,0.12318778783082962,-0.23165932297706604,-0.3443206250667572,-0.058175381273031235,0.20283856987953186,-0.3101227879524231,0.14678357541561127,0.04376909136772156,-0.09440477937459946,0.08439235389232635,0.06431420147418976,-0.020001603290438652,-0.025493772700428963,-0.030959196388721466,-0.2640000283718109,0.08735467493534088,-0.05705781280994415,0.07872756570577621,0.16181685030460358,-0.23592902719974518,0.1540265530347824,0.05839913710951805,0.1364787369966507,-0.13156534731388092,0.16040019690990448,-0.1283414214849472,0.04175841808319092,-0.12451452761888504,-0.027062665671110153,-0.07759691774845123,0.1304229348897934,0.2450665980577469,-0.0035559087991714478,0.04694892838597298,-0.06444772332906723,0.32202082872390747,-0.060645245015621185,0.1390705704689026,-0.02160845510661602,0.030864853411912918
217.0,0.08113250136375427,-0.2478158324956894,-0.35612377524375916,0.3042847216129303,0.18158264458179474,-0.1074095144867897,-0.21622666716575623,-0.2260913997888565,-0.2680738866329193,0.25559201836586,-0.011003813706338406,-0.11603977531194687,0.12922406196594238,0.13267694413661957,-0.016734855249524117,-0.18112820386886597,-0.04316830635070801,0.21281135082244873,-0.2594744861125946,-0.09361020475625992,-0.044405411928892136,0.012657877057790756,-0.395212858915329,0.3664591908454895,0.1159006655216217,-0.2675412595272064,0.025588488206267357,-0.17250853776931763,0.2612667381763458,-0.20138803124427795,0.18417878448963165,0.12696821987628937,-0.0745660662651062,-0.15668444335460663,-0.037678852677345276,-0.10136968642473221,-0.12398507446050644,-0.049120962619781494,-0.17661415040493011,0.13236761093139648,-0.02400217205286026,-0.009464302100241184,0.13862763345241547,-0.31430864334106445,0.0734327882528305,-0.12033300846815109,0.07892310619354248,-0.05895509570837021,-0.04912189021706581,-0.2442895919084549,0.00974802765995264,-0.0032351098489016294,-0.22262929379940033,-0.1833409070968628,-0.01055982243269682,0.38832855224609375,0.0016106250695884228,-0.009015118703246117,-0.12603923678398132,0.23017063736915588,0.13966672122478485,0.17288540303707123,0.10017858445644379,0.12431425601243973
218.0,-0.1871442049741745,0.05478455871343613,-0.3315901756286621,0.21716997027397156,0.07946796715259552,-0.2220897376537323,-0.3238447904586792,-0.27020254731178284,-0.3494011461734772,-0.01866769976913929,-0.03165290504693985,0.1564481407403946,-0.11504653096199036,0.18050634860992432,-0.06697264313697815,-0.15456324815750122,0.06452030688524246,-0.028496183454990387,-0.2675747871398926,0.25068163871765137,-0.23789414763450623,-0.13064968585968018,-0.19040991365909576,0.19863897562026978,-0.16602513194084167,-0.08097156882286072,-0.2507469952106476,-0.2634147107601166,0.09182514250278473,-0.10557852685451508,0.23787416517734528,0.16109973192214966,0.0302656851708889,-0.31466421484947205,-0.01324392855167389,0.11256912350654602,-0.1918889582157135,-0.042097270488739014,-0.2842944860458374,-0.06654339283704758,-0.2875126898288727,0.037760838866233826,-0.03937632963061333,-0.3143444061279297,0.23390646278858185,-0.2396245151758194,-0.12622614204883575,-0.008750110864639282,0.22693142294883728,-0.32424426078796387,-0.0506744310259819,-0.13199865818023682,0.02805696427822113,-0.24824067950248718,-0.0912216380238533,0.022826094180345535,0.14291658997535706,0.11891428381204605,-0.07348304241895676,0.23410359025001526,0.06485342234373093,0.2456636130809784,0.011988827958703041,0.1526677906513214
219.0,0.04733171686530113,-0.35273799300193787,-0.4039539396762848,0.012773467227816582,0.05379236862063408,-0.15089093148708344,-0.4176604151725769,0.027656521648168564,-0.32788002490997314,0.061602767556905746,-0.12318836897611618,-0.0752430111169815,-0.3654327690601349,0.09931748360395432,-0.1892419457435608,-0.11299487203359604,0.223928302526474,0.03268951177597046,-0.011602886021137238,0.19337472319602966,0.12568171322345734,-0.06437142938375473,0.4853783845901489,-0.1650795340538025,-0.19034767150878906,0.11159124970436096,-0.2742665708065033,-0.11806801706552505,0.18989160656929016,-0.6144545674324036,0.26062652468681335,0.09029249101877213,0.11083398014307022,-0.21806101500988007,0.12153459340333939,0.33111491799354553,0.051451604813337326,0.08806317299604416,-0.45607757568359375,0.03465735912322998,-0.10707968473434448,-0.2373548150062561,0.02826637402176857,-0.5109615325927734,0.13667955994606018,-0.07097657769918442,-0.14334656298160553,-0.16823691129684448,0.7161110043525696,0.015272756107151508,-0.03507651761174202,0.21338476240634918,0.14694267511367798,0.16560859978199005,-0.08671493828296661,-0.019769906997680664,-0.29794660210609436,0.29020053148269653,-0.185675248503685,-0.23603589832782745,-0.31905877590179443,0.2973242402076721,0.2518664002418518,0.2681351602077484
220.0,-0.31524983048439026,-0.058771636337041855,-0.24224118888378143,0.03358229622244835,0.17344091832637787,0.16972695291042328,-0.366908460855484,-0.18333427608013153,-0.34646669030189514,-0.09990093857049942,-0.12149462103843689,-0.08069911599159241,-0.21831074357032776,-0.01008780300617218,-0.22355106472969055,-0.17640377581119537,0.1478167474269867,0.09373756498098373,0.043348655104637146,-0.05264345929026604,0.0823967456817627,0.21058614552021027,0.11345341056585312,0.100971519947052,-0.1537027657032013,-0.10712511092424393,-0.3497917354106903,0.014762291684746742,0.14789903163909912,-0.12301896512508392,0.142718106508255,0.029830966144800186,-0.04552866145968437,-0.1570495069026947,-0.023667944595217705,-0.10712730884552002,0.010365610010921955,-0.09860370308160782,-0.4905531704425812,-0.024182086810469627,-0.07680622488260269,-0.017081212252378464,0.2415257841348648,-0.025386124849319458,0.3602451980113983,0.01657266542315483,0.08803167939186096,0.00220084423199296,0.16754931211471558,-0.1049947440624237,0.15534208714962006,-0.193944051861763,-0.02696901187300682,-0.3119649291038513,0.10467436164617538,0.04833982512354851,-0.060336172580718994,0.038148537278175354,-0.010494718328118324,0.2459498941898346,-0.08263015002012253,0.3741263449192047,0.07671736180782318,0.017568983137607574
221.0,0.08535625785589218,0.03459205478429794,-0.24164919555187225,0.04402254894375801,0.02648269198834896,-0.07853467762470245,-0.288006067276001,-0.1494968682527542,-0.22449715435504913,-0.09882539510726929,0.22069156169891357,0.04995901882648468,0.06790237128734589,0.03881308436393738,0.029150359332561493,-0.15045149624347687,0.021494882181286812,0.06826978176832199,-0.16643491387367249,-0.1425023376941681,-0.03235234320163727,0.017595622688531876,-0.10812414437532425,0.04452935606241226,0.15412604808807373,-0.10353610664606094,-0.06991538405418396,-0.24214844405651093,0.16083553433418274,-0.08846874535083771,0.305190771818161,0.2073003053665161,-0.003025845857337117,-0.14577002823352814,-0.10538998246192932,0.09008759260177612,-0.17316776514053345,0.023182079195976257,-0.28879809379577637,-0.047025881707668304,0.00733740022405982,-0.11061526834964752,-0.002785713179036975,-0.19304907321929932,0.05833541974425316,-0.18994146585464478,-0.2078978419303894,-0.0453139953315258,0.2451694905757904,-0.02278107777237892,0.13019971549510956,-0.04304676875472069,-0.09771756082773209,-0.07910620421171188,-0.02701147273182869,0.22568081319332123,-0.20887824892997742,0.2026984542608261,-0.1073777824640274,0.16677919030189514,0.015384763479232788,0.21940094232559204,0.22334158420562744,0.08531266450881958
222.0,0.1518498808145523,-0.2658970057964325,-0.07885032147169113,0.008601309731602669,-0.0675981268286705,0.22461241483688354,-0.28127792477607727,-0.0024389978498220444,-0.2045971155166626,-0.2704945206642151,-0.07901318371295929,0.027692105621099472,-0.2989225685596466,-0.45484063029289246,-0.20208819210529327,-0.0689411386847496,-0.07212714105844498,0.11403283476829529,0.08369958400726318,0.004550560377538204,0.10825391858816147,0.27880603075027466,0.15366649627685547,-0.20158249139785767,0.3777734637260437,-0.1255943477153778,-0.2817332148551941,-0.253702849149704,0.08392201364040375,-0.38018086552619934,0.20576952397823334,0.03248700872063637,-0.13143442571163177,0.10376908630132675,-0.03844575583934784,0.3119477331638336,0.10348724573850632,0.02227369137108326,-0.237173929810524,0.18872490525245667,-0.007426891475915909,-0.3014101982116699,-0.022807955741882324,-0.3233654797077179,-0.1722714602947235,0.1730683296918869,0.0479910783469677,-0.09632235765457153,0.5336287617683411,-0.0038703610189259052,-0.1007586419582367,-0.0026592451613396406,-0.13600285351276398,0.114588163793087,0.06219034641981125,0.20982757210731506,-0.02631334960460663,0.2063262164592743,-0.23476122319698334,0.07955700159072876,-0.137065589427948,0.11863110214471817,0.1497940868139267,-0.10943607985973358
223.0,-0.25293195247650146,0.10187855362892151,-0.12833234667778015,0.18389154970645905,-0.07556822150945663,0.07182546705007553,-0.4542961120605469,-0.13411322236061096,-0.4084447920322418,-0.008894162252545357,0.05214826762676239,-0.00011992012150585651,-0.28620368242263794,0.020183240994811058,-0.01806209236383438,-0.3438977003097534,0.09402620047330856,0.13588808476924896,-0.08739905804395676,0.19140249490737915,-0.33033910393714905,0.08613023906946182,-0.17175084352493286,-0.12681037187576294,0.033688392490148544,-0.13794022798538208,-0.2902460992336273,-0.12511473894119263,0.20275698602199554,-0.18224836885929108,0.08382969349622726,0.05570308491587639,0.04620286077260971,-0.042530763894319534,-0.004641682840883732,0.10029634088277817,0.06576786190271378,-0.03466689586639404,-0.10053740441799164,-0.1726052612066269,-0.17455366253852844,0.21830911934375763,0.13285692036151886,-0.09630781412124634,0.29075971245765686,-0.13822528719902039,-0.05109931901097298,0.04160076752305031,0.1346442848443985,-0.1088922917842865,0.1590304970741272,-0.15374019742012024,-0.05553314834833145,-0.08227337151765823,-0.09957299381494522,0.039106134325265884,0.050760667771101,-0.04257241636514664,0.04831930249929428,0.4630504846572876,-0.03283953294157982,0.17087261378765106,-0.15094037353992462,-0.1429634839296341
224.0,-0.21946439146995544,-0.2445288747549057,-0.285271555185318,0.19522351026535034,0.2575135827064514,0.04150060936808586,-0.23040558397769928,-0.19874544441699982,-0.1650044173002243,-0.05870402976870537,0.13111823797225952,0.27707889676094055,0.028785374015569687,-0.0918780192732811,-0.15506862103939056,-0.10495220124721527,0.026327982544898987,0.32069340348243713,-0.21961858868598938,-0.07238832116127014,0.1314922273159027,0.05686114728450775,-0.018138064071536064,0.09206830710172653,0.11510048806667328,-0.2527731657028198,-0.3848937749862671,-0.22485686838626862,0.061832211911678314,-0.332928866147995,0.30078616738319397,0.38995304703712463,-0.1918622851371765,-0.318400114774704,-0.23148010671138763,0.031089015305042267,-0.17573395371437073,-0.2850181758403778,-0.3302977681159973,0.05547502264380455,-0.0021158126182854176,-0.4488222301006317,0.042733825743198395,-0.24643397331237793,0.16168275475502014,-0.14701826870441437,-0.08328566700220108,-0.08017705380916595,0.2091890424489975,-0.2556462287902832,-0.14478565752506256,-0.07133767753839493,-0.2449258267879486,-0.398099422454834,-0.18438687920570374,0.3491528630256653,0.14649181067943573,0.15487141907215118,-0.10792890936136246,0.376433402299881,0.1000242829322815,0.2738359570503235,0.0710737481713295,0.00552345672622323
225.0,-0.1618293821811676,-0.13601861894130707,-0.24621789157390594,0.08513780683279037,0.18904823064804077,-0.06518743932247162,-0.5205504894256592,-0.24756155908107758,-0.34009695053100586,0.05470431596040726,0.0633544772863388,0.07599230855703354,-0.07795567810535431,-0.020663557574152946,0.1202646866440773,-0.1033620536327362,0.174271360039711,0.07559604942798615,-0.10023152083158493,0.33045148849487305,-0.008620512671768665,0.1857406497001648,0.1497660130262375,-0.06816450506448746,-0.18927378952503204,-0.28758955001831055,-0.6043103933334351,-0.028445621952414513,0.10393860936164856,-0.4795905649662018,0.0329512320458889,0.2597009837627411,-0.07848068326711655,-0.07466365396976471,-0.10237184911966324,0.01928216777741909,0.06759343296289444,-0.30772674083709717,-0.5139018893241882,-0.08428165316581726,-0.019742578268051147,-0.19890211522579193,0.12686261534690857,-0.24485813081264496,0.27431783080101013,-0.044758524745702744,-0.07519183307886124,-0.2815602123737335,0.08753852546215057,0.22384925186634064,-0.00821746326982975,-0.11353177577257156,-0.06664086878299713,-0.1073945015668869,0.021092470735311508,0.34001779556274414,-0.09100475907325745,0.24555261433124542,-0.02630140632390976,0.43664059042930603,0.059582602232694626,0.2280878722667694,0.12313388288021088,0.06104973331093788
226.0,0.25231921672821045,-0.10843896865844727,-0.1244785264134407,0.18930548429489136,-0.21535184979438782,-0.1586810052394867,-0.190370574593544,-0.04122669994831085,-0.26845353841781616,-0.2044992446899414,-0.2356274574995041,-0.07198245078325272,-0.27000927925109863,-0.04600023478269577,-0.07271291315555573,-0.057137951254844666,0.09867525100708008,0.07628853619098663,-0.002647539135068655,-0.004594963043928146,0.1142827495932579,0.13519468903541565,0.10859116166830063,0.006566368974745274,0.12671029567718506,0.07069631665945053,0.02550002932548523,-0.27637022733688354,0.0028316983953118324,-0.4620392322540283,0.31094419956207275,0.12877482175827026,0.016904715448617935,-0.1180887371301651,0.23407164216041565,0.1287706047296524,-0.13949890434741974,0.22992129623889923,-0.19180579483509064,0.09147179126739502,-0.13711655139923096,-0.06429420411586761,-0.03513801470398903,-0.19133976101875305,0.04433370381593704,-0.07593648135662079,-0.18990495800971985,-0.20473898947238922,0.3079372048377991,-0.10657165944576263,0.09633798897266388,-0.05640798807144165,-0.06943219155073166,-0.03451008349657059,-0.02556438557803631,0.1556110382080078,-0.13405829668045044,0.16977061331272125,-0.08377175778150558,-0.0012777745723724365,-0.32496899366378784,-0.045474641025066376,0.16044114530086517,0.11163102835416794
227.0,-0.10172614455223083,-0.21323026716709137,-0.27177494764328003,0.23514771461486816,0.03892211243510246,-0.19989851117134094,-0.07956232130527496,-0.12518322467803955,-0.38899746537208557,0.18011000752449036,-0.11851882934570312,0.2893920838832855,-0.42019912600517273,0.03070148639380932,-0.1479506492614746,-0.20459209382534027,0.07295870035886765,0.19283072650432587,-0.4142940640449524,-0.06316369026899338,-0.2495950311422348,-0.15323632955551147,-0.04863012954592705,0.0709797739982605,0.2438870668411255,-0.08153680711984634,0.07407817244529724,-0.36422649025917053,0.06698697805404663,-0.1558486819267273,0.016722487285733223,0.008046142756938934,-0.19798840582370758,-0.17459101974964142,-0.042601633816957474,0.25990116596221924,-0.05768615007400513,-0.2186783105134964,0.07538437843322754,0.0713488981127739,-0.25928795337677,0.14028728008270264,0.08663269877433777,-0.21200130879878998,-0.03036288544535637,-0.1391953080892563,0.12386204302310944,0.03118755668401718,0.013772998005151749,-0.3147677183151245,-0.0547674261033535,-0.03937803581357002,-0.1928279995918274,-0.1401834487915039,-0.11190009117126465,-0.009863873943686485,0.18040376901626587,0.0983198806643486,-0.11374718695878983,-0.024702640250325203,-0.032306648790836334,0.37464702129364014,0.181374654173851,-0.08277782797813416
228.0,-0.04278233274817467,0.16027140617370605,-0.008487175218760967,0.1256454885005951,-0.22092951834201813,-0.010619673877954483,-0.22802893817424774,-0.06197860836982727,-0.3222447335720062,-0.3170343041419983,0.11857679486274719,-0.003185257548466325,-0.20019249618053436,-0.03214568644762039,0.14672593772411346,-0.22435519099235535,0.10369490087032318,0.1044166162610054,-0.15870338678359985,0.16512417793273926,-0.16302752494812012,0.11974649876356125,-0.08029896765947342,-0.34836524724960327,0.3335513472557068,0.08011389523744583,-0.23752237856388092,-0.275511771440506,0.12319128215312958,-0.2098960429430008,0.2274489849805832,0.19143249094486237,0.051661647856235504,-0.03424304723739624,0.0334029495716095,0.3460852801799774,0.051402248442173004,0.18419811129570007,-0.12950509786605835,-0.05440344661474228,-0.22195971012115479,0.24587558209896088,-0.26221200823783875,0.04149319604039192,0.195065438747406,-0.29959505796432495,-0.21827983856201172,-0.04933366924524307,0.25336167216300964,-0.04671455919742584,0.20752622187137604,-0.30619460344314575,-0.2074040025472641,0.03028649464249611,0.0416388101875782,0.10141091048717499,-0.013345085084438324,-0.2523532211780548,0.06223786622285843,0.2861517369747162,-0.2934410572052002,0.15271852910518646,-0.13531124591827393,-0.11735501140356064
229.0,0.03306681290268898,-0.07044210284948349,-0.15148799121379852,0.1027911826968193,0.17788158357143402,0.01485536154359579,-0.33050116896629333,-0.2875686585903168,-0.191372811794281,-0.11850038170814514,-0.3719673156738281,-0.015133162029087543,-0.11105259507894516,-0.15436983108520508,-0.11483389139175415,0.08168214559555054,-0.08009842783212662,-0.031843069940805435,-0.017913728952407837,0.1645965576171875,0.08049101382493973,0.12850305438041687,-0.00821355078369379,0.26267433166503906,-0.04243037477135658,-0.3237418830394745,-0.12640559673309326,-0.18117599189281464,0.18960808217525482,-0.3804088830947876,0.1178169772028923,0.00843620952218771,-0.28176552057266235,-0.13075214624404907,-0.22448459267616272,-0.061286959797143936,-0.03836698457598686,-0.017101000994443893,-0.40554100275039673,0.1743408590555191,-0.054621368646621704,-0.1733035296201706,0.18974250555038452,-0.14837630093097687,-0.02002686634659767,0.23152697086334229,0.1948954164981842,-0.09148509800434113,0.08645346760749817,-0.03932531177997589,0.02559191919863224,-0.16788555681705475,-0.07519914209842682,-0.19234296679496765,0.05019708350300789,0.3461097478866577,0.07425472140312195,0.20319050550460815,-0.09161059558391571,0.14368149638175964,0.0836702287197113,0.14094200730323792,0.15836051106452942,0.05767645314335823
230.0,-0.2814192771911621,-0.1865837275981903,-0.06401495635509491,0.08199738711118698,0.10299349576234818,-0.28817063570022583,-0.2663484513759613,-0.10426293313503265,-0.4123711884021759,0.08448489010334015,-0.2563956677913666,0.29392239451408386,-0.5864099860191345,-0.15635675191879272,-0.06703944504261017,0.10954070091247559,0.38282015919685364,0.39367958903312683,-0.050802554935216904,-0.018895434215664864,0.2716701924800873,0.17457230389118195,0.22521543502807617,-0.10011663287878036,0.2703794836997986,-0.13215526938438416,-0.04281706362962723,-0.32719728350639343,-0.15125344693660736,-0.36589622497558594,0.20309658348560333,0.27651920914649963,-0.5608670115470886,-0.3063128590583801,-0.053338490426540375,0.09147606045007706,0.09029579162597656,-0.3507101237773895,-0.34311944246292114,0.03566448763012886,-0.1538495272397995,-0.10499060153961182,0.11040695011615753,0.19870924949645996,0.30891329050064087,-0.24162451922893524,0.34336498379707336,-0.11434392631053925,-0.15241317451000214,-0.10851135849952698,0.14746911823749542,-0.17330700159072876,-0.40999457240104675,-0.36171165108680725,-0.26957523822784424,0.313177227973938,0.17844827473163605,0.0256159957498312,0.05288922041654587,0.17585986852645874,-0.14427097141742706,0.13636571168899536,0.13838253915309906,-0.15225200355052948
231.0,0.15159454941749573,0.10701311379671097,0.045246876776218414,0.0956512987613678,-0.48973751068115234,0.03993814066052437,-0.45761436223983765,0.20507396757602692,0.0058538829907774925,0.014095297083258629,-0.07764222472906113,-0.0027676941826939583,-0.4097704589366913,-0.08220991492271423,0.255546510219574,-0.25834113359451294,0.1763034462928772,0.14710576832294464,0.17436304688453674,0.38121238350868225,-0.17071007192134857,0.34984728693962097,-0.3580494225025177,-0.32136911153793335,0.544139564037323,-0.20725950598716736,-0.041767872869968414,-0.2727074921131134,0.0865037590265274,-0.37908437848091125,0.037192560732364655,0.07962225377559662,-0.23522257804870605,0.2853195071220398,0.15671344101428986,0.40421169996261597,0.036611057817935944,0.022110367193818092,-0.19714003801345825,-0.25454962253570557,-0.27950319647789,0.420507550239563,0.17699676752090454,-0.2077377885580063,-0.0045178672298789024,-0.0673832818865776,-0.2518995702266693,-0.2252184897661209,0.1623060554265976,0.03650243580341339,0.19191165268421173,-0.1781979650259018,0.03222837299108505,0.3701992928981781,-0.44807496666908264,0.1913677453994751,-0.15277722477912903,0.001529969391413033,0.058388590812683105,0.39661961793899536,-0.19742567837238312,-0.3088913857936859,-0.29211413860321045,-0.20350858569145203
232.0,-0.17252086102962494,-0.11398975551128387,-0.21588273346424103,0.07247743755578995,0.11917582154273987,-0.17468585073947906,-0.36330655217170715,-0.11936400085687637,-0.16648438572883606,0.19934213161468506,0.2925266623497009,-0.11493730545043945,0.12825629115104675,-0.06954600661993027,-0.07973599433898926,-0.03085719794034958,-0.005831143818795681,0.1589547097682953,-0.10550446808338165,-0.1814587116241455,-0.11376751214265823,-0.02537296898663044,-0.30953291058540344,0.11081260442733765,-0.012532051652669907,0.010804149322211742,-0.1143784448504448,-0.25239527225494385,0.10613289475440979,0.10746762901544571,0.35616782307624817,0.24251529574394226,-0.046998631209135056,-0.27752453088760376,0.12129669636487961,0.1396946907043457,0.08042354881763458,-0.0691133514046669,0.014604304917156696,-0.026849249377846718,0.1091061383485794,-0.5517389178276062,-0.06137850135564804,-0.18592794239521027,0.09093688428401947,-0.19246870279312134,-0.07208485901355743,0.023134108632802963,0.16239236295223236,-0.26727908849716187,-0.15455394983291626,0.21575669944286346,-0.12141917645931244,-0.24403463304042816,-0.09158551692962646,0.21471330523490906,-0.3394492566585541,0.007173561956733465,-0.14448168873786926,0.13174864649772644,0.26884329319000244,0.11788947135210037,0.100775346159935,-0.0626993179321289
233.0,-0.12124977260828018,0.035263605415821075,-0.055891189724206924,0.31112319231033325,0.282361775636673,-0.11114950478076935,-0.19932810962200165,-0.26396045088768005,-0.1190439835190773,-0.3510098159313202,-0.28978705406188965,0.16482476890087128,-0.0822923332452774,-0.139939546585083,-0.09030304104089737,0.0050218128599226475,-0.037662457674741745,-0.021779533475637436,-0.3447064459323883,-0.07424101233482361,0.0843205600976944,-0.07082197070121765,0.22183513641357422,0.09327822923660278,-0.280813604593277,-0.16650614142417908,-0.037682805210351944,-0.18002143502235413,0.2580729126930237,-0.5828525424003601,0.008419732563197613,0.18418090045452118,-0.15698722004890442,-0.25064775347709656,-0.10148491710424423,-0.4172880947589874,-0.25671929121017456,-0.14126892387866974,-0.12968678772449493,0.1952277421951294,-0.0491708479821682,-0.3384421169757843,0.1351187378168106,0.07883081585168839,0.054579779505729675,0.0689781904220581,0.04271543771028519,-0.10642275214195251,0.10491494089365005,-0.14837653934955597,0.1192929595708847,-0.10546261072158813,0.028051458299160004,-0.24549396336078644,0.18637016415596008,0.3008759021759033,-0.2262749820947647,0.19549375772476196,-0.06953150033950806,0.012542929500341415,0.09559755027294159,0.36266353726387024,0.16236014664173126,-0.03557723015546799
234.0,0.19078414142131805,-0.2979390621185303,-0.3682439923286438,0.15913847088813782,0.05048542842268944,-0.02001563273370266,-0.090312160551548,0.17189422249794006,-0.22889621555805206,0.24916821718215942,-0.09211589395999908,-0.012406378984451294,-0.30174338817596436,-0.09960874170064926,0.006939512677490711,-0.33571019768714905,0.09936763346195221,0.29223692417144775,-0.14771902561187744,-0.09879326820373535,0.2585177719593048,0.06971590965986252,0.24609512090682983,-0.04302717745304108,0.22093519568443298,-0.2667076587677002,0.09681858867406845,-0.010100130923092365,0.35774409770965576,-0.6863499879837036,0.15364854037761688,0.049555543810129166,-0.15605919063091278,0.188486710190773,-0.05222666263580322,-0.007579540368169546,0.15800908207893372,0.09387309849262238,-0.12176131457090378,0.16669535636901855,0.10068579018115997,-0.10725168883800507,0.2851637601852417,-0.2172819972038269,0.009318203665316105,0.06086106225848198,0.1496843695640564,0.06386169046163559,0.2965047359466553,0.1613818109035492,0.39355868101119995,0.10893794894218445,4.1315797716379166e-05,0.2616227865219116,-0.13953296840190887,0.42094364762306213,-0.23165462911128998,-0.058853525668382645,-0.10285386443138123,-0.13875123858451843,-0.25230059027671814,0.3092670142650604,0.18881814181804657,-0.09015397727489471
235.0,-0.17329664528369904,-0.17344902455806732,-0.20844319462776184,0.34364309906959534,0.15071332454681396,-0.2684393525123596,-0.00145008135586977,-0.08049862086772919,-0.5010374188423157,-0.1436053365468979,-0.1320674866437912,0.2186935991048813,-0.4111028015613556,-0.24182933568954468,-0.1814291626214981,-0.21334178745746613,0.23155948519706726,0.25573915243148804,-0.22084717452526093,-0.16669109463691711,0.20935297012329102,0.14282310009002686,0.40942367911338806,-0.046585723757743835,0.2113717645406723,0.19956909120082855,-0.13903175294399261,-0.2890600562095642,-0.04391932487487793,-0.84428471326828,0.2987114489078522,0.2591554522514343,-0.3558404743671417,-0.5664246678352356,0.14688526093959808,0.11363954842090607,-0.08913066238164902,-0.2210729867219925,-0.07864464819431305,0.42741864919662476,-0.003900102572515607,-0.28732502460479736,-0.13706032931804657,0.04885543882846832,0.3672715425491333,-0.45054423809051514,-0.013061922043561935,-0.23412370681762695,0.26015496253967285,-0.18698887526988983,0.08330714702606201,-0.2501450777053833,-0.7410937547683716,-0.6024888157844543,0.12833046913146973,0.12412045150995255,0.25299662351608276,0.09421226382255554,-0.16309554874897003,0.19118632376194,-0.6043775677680969,0.21048827469348907,0.336076557636261,-0.28387656807899475
236.0,0.4105231463909149,0.1671827882528305,-0.5053212642669678,0.42161306738853455,-0.3025204539299011,-0.08326022326946259,-0.09558871388435364,0.24523092806339264,-0.1084231287240982,-0.4616260528564453,-0.32074666023254395,-0.14235275983810425,0.1067793220281601,0.22018790245056152,0.2710806429386139,0.0314534567296505,-0.10370885580778122,-0.14373862743377686,0.05324503034353256,0.3656887710094452,0.20792081952095032,0.3000926971435547,0.053260207176208496,0.4711540937423706,0.13012857735157013,-0.05475078895688057,-0.6542391777038574,-0.10846635699272156,0.07503373175859451,-0.45266804099082947,0.9401519894599915,0.4998798370361328,-0.018531478941440582,-0.049645163118839264,-0.15699371695518494,0.2182096540927887,-0.3140404522418976,0.6835407614707947,-0.5654668211936951,0.07618061453104019,0.09623529762029648,-0.11769275367259979,-0.11471109837293625,0.043851107358932495,0.30697110295295715,-0.12327069789171219,0.04429055005311966,0.052332352846860886,0.6081140041351318,-0.534275472164154,0.4730261564254761,-0.22938908636569977,0.20487970113754272,-0.2537533640861511,-0.17263439297676086,0.699408769607544,0.041621241718530655,-0.029422292485833168,0.022542715072631836,0.19735972583293915,-0.3048495352268219,-0.21448834240436554,-0.3000100553035736,0.12600858509540558
237.0,-0.04934943467378616,-0.21504642069339752,-0.4417414963245392,0.04465645179152489,0.07407669723033905,0.15431265532970428,-0.19767498970031738,-0.06450733542442322,-0.22392678260803223,0.14725066721439362,0.08536147326231003,0.05583947151899338,-0.0997157171368599,0.009672448970377445,-0.3185218572616577,-0.3326166272163391,-0.04027853533625603,0.3017568588256836,-0.153692364692688,-0.06779011338949203,-0.018867291510105133,0.026776373386383057,-0.07171019166707993,0.27692145109176636,0.09610877931118011,-0.271457314491272,-0.11867175251245499,-0.10186699032783508,0.10156843811273575,-0.3022710084915161,0.18732485175132751,-0.12768502533435822,-0.059863537549972534,-0.2050703763961792,-0.24289536476135254,0.23826952278614044,0.09603807330131531,0.05091467499732971,-0.10501553118228912,0.08167847990989685,0.044850606471300125,-0.2752614915370941,0.16739773750305176,-0.43746060132980347,-0.04838980734348297,0.09851253777742386,-0.06255295127630234,0.09037768095731735,0.19740915298461914,-0.1981935352087021,-0.01169876754283905,-0.11403550207614899,-0.06803042441606522,-0.16881123185157776,-0.2442556917667389,0.17959876358509064,0.21605700254440308,-0.005238137673586607,-0.14819438755512238,0.027747249230742455,-0.10106009244918823,0.3334576487541199,0.2201574146747589,0.002275225706398487
238.0,-0.05952674522995949,-0.31901270151138306,-0.3866150677204132,0.17474792897701263,0.14944486320018768,0.09774897992610931,-0.2651502192020416,0.020340247079730034,-0.12358459085226059,0.21200908720493317,0.0471033975481987,0.06310544162988663,0.002385202329605818,0.09993297606706619,-0.11352740973234177,-0.13926132023334503,-0.08096253126859665,0.20877212285995483,-0.15251043438911438,0.13396580517292023,-0.010584017261862755,-0.10456524044275284,-0.007865001447498798,0.08207296580076218,-0.07049734890460968,-0.22992566227912903,-0.325790673494339,0.051405567675828934,0.287444531917572,-0.31929928064346313,0.28947481513023376,0.2712838649749756,0.20593145489692688,-0.06686398386955261,-0.2104300856590271,0.11598651856184006,0.007198054809123278,0.06630268692970276,-0.2007186859846115,-0.06164175644516945,0.05135059356689453,-0.31035876274108887,0.13478529453277588,-0.3952741026878357,0.05958095192909241,0.01740303449332714,0.02698100171983242,0.14247079193592072,0.4579407870769501,-0.2855790853500366,-0.031918514519929886,0.24182647466659546,0.248595729470253,0.016558120027184486,-0.24743050336837769,0.3303653597831726,-0.03448987379670143,0.058837905526161194,-0.06980662047863007,0.12559297680854797,0.16940458118915558,0.3373670279979706,-0.07777667790651321,0.16416630148887634
239.0,-0.007140594534575939,0.16960783302783966,0.23160848021507263,0.4411381185054779,-0.2724555730819702,0.024503452703356743,-0.40731576085090637,-0.10353326797485352,-0.20070622861385345,-0.309726357460022,-0.2681252360343933,0.14399497210979462,-0.20688268542289734,-0.0186736099421978,0.15662583708763123,-0.10738948732614517,-0.06987019628286362,0.03150038421154022,-0.2456361949443817,-0.02434620074927807,-0.48517510294914246,0.04261783882975578,-0.2465129792690277,-0.28660818934440613,0.26809924840927124,0.13976341485977173,-0.13975059986114502,-0.46321946382522583,0.16966994106769562,-0.2766014039516449,0.18091586232185364,0.5832228064537048,0.15426196157932281,-0.21522504091262817,0.0013394230045378208,0.22110724449157715,-0.29483911395072937,0.13584153354167938,0.12550140917301178,-0.36285316944122314,-0.25600525736808777,0.10654310137033463,0.10001545399427414,0.17898494005203247,0.12610219419002533,-0.15347819030284882,-0.4654310941696167,-0.03929074481129646,0.21262195706367493,-0.45464053750038147,0.14047282934188843,-0.007307108957320452,0.047603752464056015,-0.2683856785297394,-0.32589849829673767,0.15817807614803314,-0.2892565429210663,0.22933700680732727,0.1601828932762146,0.44004932045936584,0.026959411799907684,-0.045347943902015686,-0.2484494000673294,-0.2932558059692383
240.0,0.1398884356021881,0.06637822836637497,-0.37464678287506104,0.09027963131666183,-0.12947092950344086,0.0898561030626297,-0.3111949861049652,0.046795766800642014,0.03669632226228714,0.09429698437452316,-0.027821063995361328,0.04730214923620224,0.07686451822519302,0.07774101197719574,-0.021252552047371864,-0.10568298399448395,-0.06392776221036911,0.06613686680793762,-0.09496774524450302,0.10865592956542969,-0.16171957552433014,0.13682767748832703,-0.3256826400756836,0.45248085260391235,0.2653259038925171,-0.21585841476917267,-0.20973365008831024,-0.24210289120674133,-0.11590800434350967,-0.21405667066574097,0.11294520646333694,-0.11009061336517334,-0.29691386222839355,-0.17447324097156525,-0.254129558801651,0.482887864112854,-0.027351725846529007,0.002146415878087282,-0.2355550229549408,-0.019125064834952354,0.04045003652572632,-0.25997987389564514,0.21539239585399628,-0.3798501491546631,-0.20710788667201996,0.07194795459508896,-0.22476527094841003,-0.03724270313978195,0.06071995198726654,-0.2524157464504242,0.07422953099012375,-0.2566125690937042,0.04906187579035759,-0.1462017446756363,-0.3642370104789734,0.23071493208408356,-0.00721374386921525,0.05095796659588814,-0.13780386745929718,0.028519941493868828,-0.05349604785442352,0.008187321946024895,0.12594614923000336,-0.13092288374900818
241.0,-0.38272616267204285,-0.018501827493309975,-0.2981237471103668,0.018559319898486137,0.13008379936218262,-0.19583193957805634,-0.15525920689105988,0.2125958949327469,-0.1774085909128189,0.2963019907474518,-0.09910359233617783,0.4332021474838257,-0.43946561217308044,0.08947630971670151,0.005811653565615416,-0.043178457766771317,0.25430721044540405,0.047279514372348785,-0.21825549006462097,0.11630672216415405,-0.2118701934814453,-0.282989501953125,0.33841145038604736,-0.10088946670293808,-0.11468011885881424,0.0035039479844272137,-0.319297194480896,-0.20846974849700928,0.03975411504507065,-0.18634682893753052,0.11873508989810944,0.22128407657146454,-0.2923620641231537,-0.2919667959213257,-0.18972522020339966,0.445941299200058,0.1590576171875,-0.2632818818092346,-0.0701286792755127,-0.13081791996955872,-0.027251582592725754,-0.3316187858581543,0.164556086063385,0.06264398247003555,0.1634341925382614,-0.15992328524589539,0.14554926753044128,0.21827781200408936,0.3362409770488739,-0.20385734736919403,0.05635576695203781,0.2104329615831375,0.06318642199039459,-0.1624971479177475,-0.4024369418621063,-0.07985154539346695,-0.12409457564353943,0.18301963806152344,-0.09507054835557938,-0.20283442735671997,0.02926722913980484,0.3423956036567688,0.09392764419317245,-0.3306456208229065
242.0,-0.023643873631954193,-0.2766803205013275,-0.16320420801639557,-0.16240932047367096,0.07668022811412811,-0.16179564595222473,-0.2959161698818207,-0.09489050507545471,-0.18248194456100464,0.08253941684961319,0.1756720244884491,-0.17776332795619965,0.03166623413562775,-0.10849470645189285,-0.09043344110250473,0.06102622672915459,0.060281235724687576,0.22356048226356506,0.013768155127763748,-0.2677433490753174,0.20584163069725037,0.28641730546951294,-0.2749439775943756,0.033081911504268646,0.44496339559555054,0.01320144534111023,-0.023055866360664368,-0.28274524211883545,0.008972307667136192,0.2525847852230072,0.36395612359046936,0.22796028852462769,-0.3043111562728882,-0.15444377064704895,0.03316827490925789,0.42324137687683105,0.032162100076675415,-0.006691521033644676,-0.4687446653842926,0.003779897466301918,0.01058070920407772,-0.21901828050613403,-0.06451314687728882,-0.12828777730464935,0.05751065909862518,-0.1279556155204773,0.03294585645198822,-0.045197535306215286,0.07081854343414307,-0.1324191838502884,-0.029021531343460083,-0.001993556274101138,-0.22591276466846466,-0.2189604490995407,-0.1465945839881897,0.36701899766921997,-0.2572438716888428,-0.06346037983894348,-0.02069144882261753,0.10885132104158401,0.14318589866161346,0.1686958372592926,0.15479598939418793,0.08371108025312424
243.0,-0.10654064267873764,-0.03225336968898773,-0.8227768540382385,-0.1204376220703125,-0.3121373653411865,0.0005958811962045729,-0.20282825827598572,0.5738127827644348,-0.028160272166132927,0.3321264088153839,0.051179587841033936,0.2923963665962219,-0.53514164686203,0.222197026014328,-0.10697010159492493,-0.3932481110095978,0.29894348978996277,0.09929432719945908,-0.06353367120027542,0.1425643414258957,-0.1825757473707199,-0.03389480710029602,0.10691238194704056,0.27890071272850037,0.16269133985042572,-0.24655677378177643,-0.4299328625202179,-0.21919278800487518,-0.1321742981672287,-0.13176079094409943,0.30505022406578064,-0.2224104106426239,-0.39762845635414124,0.00913773849606514,-0.06275509297847748,0.7621069550514221,0.1729457825422287,-0.05547366663813591,-0.20617271959781647,-0.11875173449516296,-0.07232657074928284,-0.29747799038887024,0.3433086574077606,-0.5101248025894165,-0.03889209404587746,-0.0018953366670757532,0.03839729353785515,0.2376970797777176,0.5681869387626648,-0.3970435559749603,0.12579245865345,0.027887681499123573,0.45312049984931946,0.16206030547618866,-0.6426177024841309,-0.08954177796840668,-0.11008094996213913,0.1253967583179474,-0.33373627066612244,-0.46330010890960693,-0.17819078266620636,0.2140781134366989,0.13808263838291168,-0.23596778512001038
244.0,-0.17683149874210358,-0.3751279413700104,-0.24295367300510406,0.18362456560134888,0.0008216910646297038,-0.06294715404510498,-0.27719706296920776,0.00412257993593812,-0.3056718111038208,0.21306656301021576,-0.07068006694316864,0.1266370564699173,-0.41366279125213623,-0.10398635268211365,-0.0517069548368454,-0.1995306760072708,0.18637005984783173,0.3321482539176941,-0.16807156801223755,0.11096952855587006,-0.055361125618219376,0.20388123393058777,0.05655210465192795,-0.08314613252878189,0.2311602681875229,-0.22613701224327087,-0.2833419442176819,-0.16934368014335632,0.018225839361548424,-0.5055230855941772,-0.00545535096898675,0.1176973283290863,-0.25023242831230164,-0.04310506582260132,0.1301155686378479,0.18477927148342133,0.07244168221950531,-0.3733786344528198,-0.1232469379901886,0.0831741988658905,-0.1453859508037567,-0.08146688342094421,0.198830246925354,-0.2966647148132324,0.10751209408044815,-0.07526376843452454,0.14478902518749237,-0.2110365331172943,0.0764632299542427,-0.15830326080322266,-0.11021412163972855,-0.020239776000380516,-0.17005102336406708,-0.10838570445775986,-0.0938054621219635,0.1718204766511917,0.13065122067928314,0.13408811390399933,-0.09860476106405258,0.24530449509620667,-0.07400495558977127,0.14240428805351257,0.07577192038297653,-0.11499114334583282
245.0,0.02022954449057579,0.0793326273560524,-0.5059119462966919,0.16707460582256317,0.19757087528705597,-0.24375395476818085,-0.19052881002426147,-0.0911833792924881,-0.3704948425292969,0.3792347311973572,0.18156889081001282,0.025403745472431183,-0.015911046415567398,0.15541546046733856,0.08104904741048813,-0.43030980229377747,0.07252564281225204,0.06474395096302032,-0.3998987674713135,-0.0994330421090126,-0.22713109850883484,-0.19049981236457825,-0.29890820384025574,0.31413206458091736,-0.016533145681023598,-0.24865125119686127,0.11607149243354797,-0.25951215624809265,0.3482057750225067,-0.04974227026104927,0.11108868569135666,-0.05001989006996155,-0.2016497403383255,-0.0670149177312851,-0.084143728017807,0.023696275427937508,0.032150622457265854,-0.06820550560951233,-0.0724751353263855,0.05590687692165375,0.026630913838744164,0.0049448804929852486,0.20191103219985962,-0.24895566701889038,0.06363118439912796,-0.16172336041927338,0.05537381395697594,0.15410777926445007,0.07182969897985458,0.03396879881620407,0.23593173921108246,0.043967876583337784,-0.15986572206020355,0.01009550504386425,-0.06515953689813614,0.17540709674358368,-0.22393685579299927,-0.03146021440625191,-0.21178090572357178,-0.04884149879217148,0.07429123669862747,0.39658322930336,0.2762468159198761,-0.13963699340820312
246.0,-0.18387790024280548,-0.25441277027130127,-0.355572372674942,0.1964215487241745,0.16040150821208954,-0.15966732800006866,-0.06409915536642075,-0.1608676016330719,-0.1795189082622528,0.17775273323059082,0.1718190759420395,0.23568321764469147,-0.05468088760972023,0.017648406326770782,-0.10432101041078568,-0.15411590039730072,0.04766719415783882,0.3261428773403168,-0.2822199761867523,-0.004243477713316679,0.07407179474830627,-0.03525124490261078,-0.198383167386055,0.1595120131969452,0.2015979140996933,-0.23977166414260864,-0.12724024057388306,-0.2155478447675705,0.02250625193119049,-0.10623285919427872,0.27181804180145264,0.187710240483284,-0.1715257167816162,-0.19079123437404633,-0.12442775070667267,0.0666140541434288,-0.07102443277835846,-0.23875103890895844,-0.1240319237112999,0.05246490612626076,-0.09649766981601715,-0.10740845650434494,-0.052249979227781296,-0.2958603799343109,0.11679226160049438,-0.20284950733184814,-0.018137110397219658,-0.046374496072530746,-0.003863032441586256,-0.2696419358253479,-0.10793495923280716,-0.11112163960933685,-0.21374718844890594,-0.19004838168621063,-0.20079445838928223,0.23647896945476532,0.2782968282699585,-0.11318737268447876,-0.05676496773958206,0.2663126587867737,0.06584002822637558,0.2588020861148834,-0.0063494471833109856,0.08958451449871063
247.0,-0.13334566354751587,-0.23889198899269104,-0.45225730538368225,-0.04580903798341751,-0.06580745428800583,-0.009121313691139221,-0.25002238154411316,0.12658405303955078,-0.10664857923984528,0.2501402497291565,0.11837784945964813,0.20364969968795776,-0.29577988386154175,0.02632109820842743,-0.056164003908634186,-0.17272599041461945,0.16010622680187225,0.17798221111297607,-0.1292356699705124,0.062219519168138504,-0.0936705470085144,0.1482597440481186,0.02765735238790512,0.12333127856254578,0.26929929852485657,-0.24408447742462158,-0.3948940336704254,-0.16310712695121765,-0.136421799659729,-0.04533584415912628,0.06446985900402069,-0.036967940628528595,-0.34238091111183167,0.036284420639276505,-0.11425931006669998,0.4316120445728302,0.09536712616682053,-0.35476502776145935,-0.23228366672992706,-0.08238490670919418,-0.05026165768504143,-0.09655072540044785,0.20543251931667328,-0.38516736030578613,-0.012018886394798756,-0.0008384385146200657,0.09918209910392761,-0.04756738618016243,0.08721048384904861,-0.15736232697963715,-0.09549936652183533,-0.049182988703250885,0.09892427921295166,0.011512164026498795,-0.266390323638916,0.07392683625221252,0.033737994730472565,0.15895448625087738,-0.14160650968551636,-0.024001367390155792,0.01694885455071926,0.20522500574588776,0.11926952004432678,-0.056501828134059906
248.0,-0.18946832418441772,0.05188246816396713,-0.15844614803791046,0.27210304141044617,-0.07681167870759964,-0.16984881460666656,-0.3507908880710602,-0.09389439225196838,-0.1629704087972641,0.24885666370391846,0.031000813469290733,0.018927913159132004,-0.04627760499715805,0.2179352194070816,0.09537432342767715,-0.2039492279291153,0.09842980653047562,0.21272197365760803,-0.20277900993824005,0.15001162886619568,-0.29929494857788086,0.013335405848920345,-0.5008916258811951,0.1569596827030182,0.1134646013379097,-0.20577870309352875,0.0001685213064774871,-0.18757431209087372,0.11268407851457596,-0.11625126004219055,0.08029931783676147,0.18271276354789734,-0.10677256435155869,-0.16186611354351044,0.04608737304806709,0.022562263533473015,-0.13096913695335388,-0.11695485562086105,-0.03628690913319588,-0.2002248913049698,-0.2178042083978653,0.23702917993068695,0.19152511656284332,-0.1694566160440445,0.20217487215995789,-0.26927459239959717,-0.07099342346191406,-0.003628693986684084,-0.12439440190792084,-0.2946453094482422,0.08390363305807114,-0.06655105203390121,-0.021384384483098984,-0.17498035728931427,-0.2906274199485779,0.16178345680236816,0.03986728563904762,-0.0442044697701931,0.06579086184501648,0.405951589345932,0.15355980396270752,-0.028526103124022484,-0.15374115109443665,-0.031678713858127594
249.0,-0.2625371813774109,-0.11607223004102707,-0.3885582983493805,0.2395716905593872,0.20408056676387787,-0.06218504533171654,-0.23700423538684845,0.007296259514987469,-0.15557299554347992,0.2769263982772827,-0.13375389575958252,0.1674450933933258,-0.2901448905467987,-0.02725924551486969,-0.13774247467517853,-0.25915515422821045,0.14934779703617096,0.15097911655902863,-0.09734026342630386,0.04017322137951851,0.014849084429442883,0.06601514667272568,-0.001401409856043756,0.3466844856739044,-0.1101628914475441,-0.3229089379310608,-0.1617351621389389,-0.023814097046852112,0.1053679957985878,-0.3866913914680481,-0.014500418677926064,-0.06539478898048401,-0.3513578176498413,-0.08756563067436218,0.02143723890185356,-0.2626952528953552,-0.07382605969905853,-0.44975143671035767,-0.15216609835624695,0.12204788625240326,0.012551885098218918,-0.07602711021900177,0.42019498348236084,-0.1862381547689438,0.19941794872283936,0.00575706223025918,0.27293917536735535,-0.08312545716762543,-0.042995158582925797,-0.1813381463289261,0.06355257332324982,-0.03892134502530098,-0.04205969348549843,-0.1910887062549591,-0.06409643590450287,0.08182939141988754,0.11215829104185104,0.13324327766895294,-0.13050559163093567,0.15802863240242004,-0.010763761587440968,0.15230721235275269,0.07641451060771942,-0.1145254597067833
250.0,-0.04221288859844208,-0.41082173585891724,-0.23360048234462738,0.04177044704556465,0.04828944057226181,-0.11385396122932434,-0.3141089081764221,-0.22777646780014038,-0.42871907353401184,0.25605666637420654,-0.2195502370595932,0.08987013250589371,-0.3861023783683777,-0.09296119213104248,-0.26001548767089844,-0.1613195240497589,0.0575321763753891,0.22848114371299744,-0.25599032640457153,-0.07774027436971664,-0.1504744291305542,0.20589494705200195,-0.24180300533771515,0.16127242147922516,0.39712417125701904,-0.2746351957321167,0.01587197184562683,-0.33247682452201843,0.05211687088012695,0.04793655127286911,-0.10463631898164749,-0.04034857079386711,-0.4690937399864197,-0.008953812532126904,-0.05157201364636421,0.3368471562862396,0.053603995591402054,-0.32167044281959534,-0.28176549077033997,0.04412931203842163,-0.2682134509086609,0.24518921971321106,0.18287648260593414,-0.2594330310821533,-0.13955113291740417,0.11792713403701782,0.40399685502052307,-0.046012528240680695,-0.15993304550647736,-0.09420804679393768,-0.14591188728809357,-0.05052489787340164,-0.2325373888015747,-0.16902117431163788,-0.07019200176000595,0.1417359858751297,0.11851091682910919,0.2345210462808609,-0.10925226658582687,0.05475963279604912,0.16384683549404144,0.41974908113479614,0.36118826270103455,0.0014544950099661946
251.0,-0.1649884581565857,-0.03968610614538193,-0.28550484776496887,0.19720914959907532,0.1120356023311615,-0.15201567113399506,-0.24471238255500793,-0.09169316291809082,-0.3706154525279999,0.2263309359550476,-0.19294750690460205,0.37287724018096924,-0.44855576753616333,0.09719816595315933,-0.08857224881649017,-0.2361832857131958,0.06170305609703064,0.021828683093190193,-0.4747656285762787,0.09992921352386475,-0.412863552570343,-0.4854845106601715,0.07292075455188751,-0.07357194274663925,-0.19362571835517883,-0.1454116404056549,0.014050755649805069,-0.35701385140419006,0.3492720127105713,-0.21832191944122314,0.035927798599004745,0.13526229560375214,0.01742691919207573,-0.15590135753154755,-0.18780174851417542,0.2535761892795563,0.061290543526411057,-0.03694846108555794,0.07971279323101044,-0.13475564122200012,-0.23995886743068695,-0.13585972785949707,0.20009811222553253,-0.18115082383155823,-0.05666894093155861,0.01104937493801117,0.020924123004078865,0.28207364678382874,0.3876649737358093,-0.22174587845802307,0.04437859728932381,0.26746323704719543,0.21781927347183228,0.08066339790821075,-0.3068733811378479,-0.037941500544548035,-0.21980857849121094,0.22047004103660583,-0.1425371617078781,-0.23631058633327484,0.18797993659973145,0.5872534513473511,0.16914740204811096,-0.16698145866394043
252.0,-0.11269547045230865,-0.10895019769668579,-0.48299553990364075,0.1225467398762703,0.03619663417339325,0.0467074029147625,-0.2315293401479721,-0.07035979628562927,-0.34089910984039307,0.22909410297870636,-0.002870923839509487,0.03855634108185768,-0.14963829517364502,0.2245924174785614,-0.12037037312984467,-0.3308493494987488,-0.006249403581023216,0.12596271932125092,-0.2632250487804413,0.06333435326814651,-0.27912235260009766,-0.006584149785339832,-0.2621777355670929,0.3392527103424072,0.14546392858028412,-0.2908925414085388,-0.19777023792266846,-0.09008600562810898,0.2282368391752243,0.09998428821563721,0.10084495693445206,-0.09674984961748123,-0.1115993782877922,0.04004291817545891,-0.2159440964460373,0.2421986311674118,0.010492014698684216,-0.04349566623568535,-0.2546005845069885,-0.04646465927362442,-0.1549949049949646,0.2914126515388489,0.2657420337200165,-0.2768263816833496,0.05718694254755974,0.003378967521712184,0.26123785972595215,0.224122554063797,0.07331719994544983,-0.2606859803199768,0.14332784712314606,-0.11325465142726898,0.06507936120033264,-0.0791020616889,-0.0947897732257843,0.10671955347061157,0.14083673059940338,-0.0009069922380149364,-0.06989098340272903,0.12142673879861832,0.1106502115726471,0.4510509669780731,0.07391359657049179,0.04237673431634903
253.0,-0.16693387925624847,-0.03806626796722412,-0.13261181116104126,0.3298046588897705,0.1494816541671753,-0.05369652062654495,-0.2892550528049469,-0.14927440881729126,-0.15565963089466095,-0.06959699839353561,-0.10611148178577423,0.2405995875597,-0.01565760187804699,-0.11920659989118576,0.07608309388160706,0.01041397638618946,-0.03158041089773178,0.07501455396413803,-0.31320029497146606,-0.08552174270153046,-0.22065739333629608,0.06406695395708084,-0.04873908311128616,0.1302916556596756,0.09778109192848206,-0.18579472601413727,-0.3677840232849121,-0.3301420509815216,0.10718699544668198,-0.24947969615459442,0.1563808023929596,0.4346602261066437,-0.3195236623287201,-0.227134570479393,-0.18229933083057404,0.04240584373474121,-0.1836303472518921,-0.3280206024646759,-0.05949870124459267,-0.0037023713812232018,0.05191567912697792,-0.3642948865890503,0.1807330995798111,0.09390098601579666,0.08741674572229385,-0.054290954023599625,0.10339577496051788,-0.07479871064424515,0.05892608314752579,-0.31146425008773804,-0.0574360117316246,0.05523482710123062,-0.16328684985637665,-0.4108861982822418,-0.053702712059020996,0.36686015129089355,-0.14347828924655914,0.3307572603225708,-0.08985523134469986,0.2696826159954071,0.24820862710475922,0.15350541472434998,0.07755361497402191,-0.2788884937763214
254.0,0.3916957676410675,-0.23863036930561066,-0.5516017079353333,0.3980812728404999,-0.02755070850253105,-0.4790899157524109,0.22612248361110687,0.3115767538547516,-0.21851418912410736,0.4930914044380188,-0.20011144876480103,0.14221756160259247,-0.3108427822589874,0.10687372833490372,0.2121489942073822,-0.25113949179649353,0.07688670605421066,0.22764568030834198,-0.4198485314846039,-0.027681022882461548,0.14989027380943298,-0.25706955790519714,0.10563245415687561,0.3183565139770508,0.06106514483690262,-0.36533278226852417,0.31413063406944275,-0.21358159184455872,0.31241270899772644,-0.6697230935096741,0.3449118733406067,0.14197050034999847,-0.24081189930438995,0.1390947848558426,0.042475663125514984,-0.04681174457073212,0.12760423123836517,0.2522962987422943,0.2513953745365143,0.2575065791606903,0.10853356122970581,-0.34374260902404785,0.20110829174518585,-0.128368079662323,-0.08542169630527496,-0.022929217666387558,0.30457988381385803,0.2063887119293213,0.1135275736451149,-0.14631901681423187,0.4170641303062439,0.26190242171287537,0.07112322747707367,0.25566431879997253,-0.32060757279396057,0.6301215887069702,-0.25327053666114807,-0.11711819469928741,-0.21515125036239624,-0.4358505606651306,-0.06969725340604782,0.18011562526226044,0.20693270862102509,-0.17592425644397736
255.0,0.033345311880111694,-0.17317812144756317,-0.4061347246170044,0.19000568985939026,0.031568486243486404,0.17142799496650696,-0.07848305255174637,0.025863483548164368,-0.2641903758049011,-0.0673079639673233,0.1441178321838379,-0.07786231487989426,-0.026648761704564095,-0.14923200011253357,-0.08992984890937805,-0.3699357211589813,-0.03247625008225441,0.14768168330192566,-0.18368186056613922,-0.13381820917129517,-0.03969727084040642,0.22957013547420502,0.024448981508612633,0.13983303308486938,0.2824854254722595,-0.13380461931228638,-0.35962817072868347,-0.07122007757425308,0.1603594571352005,-0.39339491724967957,0.158302441239357,-0.07887167483568192,-0.17402897775173187,0.006124135106801987,-0.01548557635396719,0.1708681881427765,0.06688309460878372,-0.058096472173929214,-0.04715443029999733,0.3361359238624573,0.15013279020786285,-0.1481158584356308,0.024838762357831,-0.2428605705499649,0.01087096706032753,-0.05245482176542282,0.13320770859718323,-0.04159568250179291,0.295073539018631,-0.09650490432977676,0.03538431599736214,-0.11197535693645477,-0.2926435172557831,-0.08213408291339874,0.26096972823143005,0.2014639675617218,0.07879123836755753,-0.045208897441625595,-0.2434753179550171,0.10003644973039627,-0.23522838950157166,0.2543976604938507,0.19657817482948303,-0.17157310247421265
256.0,0.006130625493824482,-0.15912574529647827,-0.31347131729125977,-0.08717739582061768,-0.01887054741382599,-0.2127358466386795,-0.3565836250782013,-0.15740689635276794,-0.31178709864616394,0.04484639689326286,0.37017661333084106,-0.12754321098327637,0.08260402083396912,-0.07412983477115631,0.03291287645697594,-0.0532737635076046,0.018077651038765907,0.15425045788288116,-0.23394975066184998,-0.04978662356734276,-0.14579302072525024,0.28687724471092224,-0.36661475896835327,0.11452478915452957,0.49539700150489807,-0.06193152815103531,-0.27254241704940796,-0.3829892575740814,-0.07421623915433884,0.25361430644989014,0.2213544249534607,0.07678420096635818,-0.4050652086734772,-0.07875695079565048,-0.08382976055145264,0.6270195245742798,0.13629090785980225,-0.13078701496124268,-0.3012542724609375,0.0442819818854332,0.0022170250304043293,-0.08523406088352203,-0.21497030556201935,-0.27965641021728516,-0.0592830590903759,-0.1653594672679901,0.05501159653067589,-0.09836120903491974,-0.07019506394863129,-0.03773657977581024,-0.11804622411727905,-0.2057640552520752,-0.330831378698349,-0.15514366328716278,-0.015320328995585442,0.34311962127685547,-0.0954381600022316,-0.09564074873924255,-0.0818764939904213,0.15274721384048462,0.1330392211675644,0.23721252381801605,0.22891272604465485,-0.008291743695735931
257.0,0.04922102764248848,-0.41050368547439575,-0.3270935118198395,0.41521361470222473,0.10796575248241425,-0.1840195506811142,-0.13545116782188416,0.1070161759853363,-0.21526333689689636,0.4352968633174896,-0.17783240973949432,-0.07106022536754608,-0.09477569907903671,0.18659371137619019,0.11636342108249664,-0.10765858739614487,0.010993387550115585,0.25468090176582336,-0.26131635904312134,0.27572423219680786,-0.04530690610408783,-0.12671902775764465,0.12479972094297409,0.11243004351854324,-0.13615070283412933,-0.2568669021129608,-0.1450459510087967,0.11212663352489471,0.37998297810554504,-0.8705214858055115,0.16973140835762024,0.258822500705719,0.06792428344488144,-0.07312139123678207,0.010852194391191006,0.003094094106927514,0.11008609086275101,0.09869204461574554,0.07603692263364792,0.12487359344959259,0.08380702883005142,-0.23287032544612885,0.22321180999279022,-0.22983257472515106,0.13126260042190552,-0.0339357852935791,0.2315668761730194,0.03189938887953758,0.16132643818855286,-0.161074697971344,0.1450064331293106,0.243614062666893,0.05436025932431221,0.038862407207489014,-0.14015020430088043,0.4700702428817749,-0.027362767606973648,-0.014034150168299675,-0.029757924377918243,0.08288302272558212,-0.014803539961576462,0.11539603769779205,-0.010938093066215515,0.030236531049013138
258.0,-0.2586861848831177,0.06193578988313675,-0.35350874066352844,0.08021143078804016,0.3208847939968109,-0.017393536865711212,-0.4632221758365631,-0.19854110479354858,-0.3543664515018463,0.23965361714363098,0.07314389199018478,0.0415799655020237,-0.10222356021404266,0.02386206015944481,-0.01338802371174097,-0.2391769140958786,0.14258500933647156,0.0785149410367012,-0.019557958468794823,0.2205961048603058,0.0056221685372292995,0.07258938252925873,-0.024228490889072418,0.1991015076637268,-0.2331283688545227,-0.36626002192497253,-0.3157997131347656,0.01622200571000576,0.2249811887741089,-0.24045459926128387,0.0650276243686676,0.00047086412087082863,-0.1313951015472412,-0.09419342875480652,-0.17886324226856232,-0.24458786845207214,0.09583891183137894,-0.2834009528160095,-0.45981311798095703,-0.020090023055672646,0.049541059881448746,-0.0029695434495806694,0.27664682269096375,-0.1785806268453598,0.3435928225517273,-0.08531051129102707,0.14746277034282684,-0.03142388164997101,0.03926446661353111,0.21175168454647064,0.21339669823646545,-0.11600976437330246,-0.16060921549797058,-0.13564959168434143,0.0302356518805027,0.16134026646614075,0.07158767431974411,0.060190603137016296,-0.05577936768531799,0.381189227104187,0.02385922521352768,0.22807815670967102,0.07423561066389084,-0.016677962616086006
259.0,-0.10305085778236389,-0.38519570231437683,-0.08793900907039642,0.24126960337162018,0.03791976347565651,0.49412861466407776,-0.28860411047935486,0.13004924356937408,-0.5431308746337891,-0.23535893857479095,-0.19120365381240845,-0.24109379947185516,-0.397591233253479,-0.3207460939884186,-0.46642187237739563,-0.15032507479190826,-0.09136679768562317,0.32272884249687195,0.1088515892624855,-0.4969320297241211,-0.027623407542705536,0.2952951490879059,0.3625391721725464,-0.14322088658809662,0.33235272765159607,0.1895710974931717,-0.45436373353004456,-0.07495920360088348,0.19106096029281616,-0.2715857923030853,0.3970828354358673,0.09468449652194977,0.10236571729183197,-0.13657008111476898,-0.0989692434668541,0.1873936951160431,0.25586584210395813,0.23435944318771362,0.061344463378190994,0.14362013339996338,0.22997257113456726,-0.3394666910171509,0.16591840982437134,0.19240768253803253,0.1869049072265625,0.1320415735244751,0.3689615726470947,0.2594657242298126,0.4012296795845032,-0.43850865960121155,0.24047255516052246,0.04819521680474281,-0.2897336781024933,-0.392399400472641,0.11957406997680664,0.1757936328649521,-0.07943189144134521,-0.06165161728858948,-0.05934076011180878,0.10851006209850311,-0.27968087792396545,0.26712748408317566,0.020244387909770012,-0.3414495587348938
260.0,-0.15251483023166656,-0.2212081402540207,-0.3257938325405121,0.2532370984554291,0.30528727173805237,0.07235099375247955,-0.26498326659202576,-0.2305547446012497,-0.45003291964530945,0.11324617266654968,-0.021976223215460777,-0.034498028457164764,-0.0646316409111023,0.18215015530586243,-0.18312443792819977,-0.2938894033432007,0.004028179217129946,0.1756095588207245,-0.26413068175315857,-0.006757871713489294,-0.11016176640987396,-0.07818890362977982,0.06194177269935608,0.15059894323349,-0.20216892659664154,-0.17479777336120605,-0.22013626992702484,0.0447620265185833,0.3190844655036926,-0.3718351721763611,0.021310072392225266,0.018697725608944893,0.17505031824111938,-0.20878110826015472,-0.14275433123111725,-0.1741834580898285,-0.021872177720069885,-0.06254652142524719,-0.2146218866109848,0.07098277658224106,-0.027918443083763123,0.01609191671013832,0.20240508019924164,-0.21227452158927917,0.24746309220790863,-0.05077477917075157,0.07729348540306091,0.010220441967248917,0.05984126031398773,-0.1268482208251953,0.10137911885976791,-0.08664868026971817,-0.11515884101390839,-0.21728183329105377,0.09843334555625916,0.14711570739746094,0.08061713725328445,0.015233114361763,-0.034299712628126144,0.23509171605110168,-0.021526630967855453,0.43747395277023315,0.10754843056201935,0.11485745757818222
261.0,0.07787352800369263,-0.003795911557972431,-0.06367334723472595,0.03128562495112419,0.14029741287231445,-0.11802919209003448,-0.3905438780784607,-0.4000987112522125,-0.5637741684913635,-0.2895018756389618,-0.586122453212738,-0.07575758546590805,-0.42922359704971313,-0.16480864584445953,-0.21506854891777039,0.08178858458995819,0.020947694778442383,-0.18835632503032684,0.002930065616965294,0.10317061841487885,0.18002893030643463,0.1291220635175705,0.24021050333976746,0.14856591820716858,-0.3163049519062042,-0.18655383586883545,-0.055363308638334274,-0.21487616002559662,0.2426815778017044,-0.10692567378282547,0.1988362818956375,0.04670574888586998,-0.08319810032844543,0.035673368722200394,-0.06951746344566345,-0.2049507200717926,0.045401860028505325,0.23334121704101562,-0.6215276122093201,0.019926678389310837,-0.21877235174179077,-0.025510422885417938,0.17181871831417084,0.090556800365448,0.14059725403785706,0.349604994058609,0.2938985526561737,0.06397448480129242,0.0750938430428505,0.12647874653339386,0.3027894198894501,-0.21919067203998566,0.12206663936376572,-0.14877034723758698,0.17714965343475342,0.2468642294406891,-0.24464794993400574,0.22980910539627075,-0.015702255070209503,-0.0177807305008173,0.02352883666753769,0.4240357577800751,0.3040122389793396,0.14593228697776794
262.0,-0.10488055646419525,0.15631172060966492,-0.2207086682319641,0.008728050626814365,-0.06405173242092133,-0.392307311296463,-0.3360339105129242,-0.06819718331098557,-0.3473218083381653,-0.022649571299552917,0.35945025086402893,-0.15983262658119202,-0.09369301795959473,-0.18362180888652802,0.1433691531419754,-0.12600621581077576,0.13518577814102173,-0.05270371586084366,-0.20699788630008698,-0.2780642807483673,-0.20403611660003662,0.1913100928068161,0.04292920604348183,-0.005989573895931244,0.2472136914730072,0.1763947606086731,-0.13101418316364288,-0.38227182626724243,0.06741777807474136,-0.02302360162138939,0.389572411775589,0.14123310148715973,-0.40961626172065735,-0.2622492015361786,0.14233748614788055,0.39101070165634155,0.10319215059280396,-0.0848395824432373,0.053476061671972275,0.09772827476263046,0.22588378190994263,-0.3288480341434479,-0.11252134293317795,0.14335514605045319,0.22653768956661224,-0.31730449199676514,-0.03959191218018532,-0.09211215376853943,0.05446624010801315,0.06906415522098541,0.16818134486675262,-0.08090350031852722,-0.3881949782371521,-0.2909001410007477,0.16851739585399628,0.1723349541425705,-0.4533734619617462,0.08754731714725494,-0.1046372726559639,-0.016916418448090553,-0.14129817485809326,0.11476090550422668,0.3973481357097626,-0.3155696392059326
263.0,0.09813819825649261,-0.3278685212135315,-0.2517077922821045,0.18250338733196259,0.107046939432621,0.20710889995098114,-0.030639782547950745,0.14332523941993713,0.06320550292730331,0.2598717212677002,0.05679948255419731,0.1583729386329651,-0.03359314054250717,-0.14716361463069916,-0.010780539363622665,-0.25730758905410767,0.07935761660337448,0.5145578384399414,0.03997950255870819,-0.16859863698482513,0.42579662799835205,0.1522078663110733,-0.0602940171957016,0.029481591656804085,0.2720705270767212,-0.49012377858161926,0.018635867163538933,0.02306557446718216,0.17959432303905487,-0.49991872906684875,0.24066051840782166,0.2823973000049591,-0.1930156797170639,0.16139912605285645,-0.08280030637979507,-0.2562379240989685,-0.04787011817097664,-0.10357668250799179,-0.20853456854820251,0.06753048300743103,0.1658264547586441,-0.3197130858898163,0.32393255829811096,-0.1809346228837967,0.023126496002078056,0.0023498968221247196,0.10096591711044312,-0.010881605558097363,0.2043323814868927,-0.034162648022174835,0.1233864352107048,0.2062351107597351,-0.09745226800441742,0.07226356863975525,-0.37199339270591736,0.601161003112793,-0.0099843330681324,-0.006474314257502556,-0.07877333462238312,0.2839028239250183,0.03060789406299591,0.04168980196118355,-0.06683344393968582,-0.057457856833934784
264.0,-0.07044562697410583,-0.2176811844110489,-0.36598584055900574,0.2860497534275055,0.28511112928390503,0.12564869225025177,-0.29955118894577026,-0.26511362195014954,-0.4636574387550354,0.00813213363289833,-0.01997002772986889,0.033296696841716766,-0.004299378953874111,0.24707043170928955,-0.2272375077009201,-0.2839977443218231,-0.06231441721320152,0.16596578061580658,-0.19760634005069733,-0.01805439032614231,-0.08738058060407639,-0.091750867664814,0.059133969247341156,0.17652174830436707,-0.15014727413654327,-0.10255999118089676,-0.30608922243118286,0.026125900447368622,0.2850514054298401,-0.3740277588367462,0.2301294505596161,0.16173915565013885,0.3522058427333832,-0.376348078250885,-0.2638692855834961,-0.13556420803070068,-0.23694422841072083,0.021084027364850044,-0.34168505668640137,-0.020255615934729576,-0.03927282616496086,0.05025751143693924,0.17477062344551086,-0.3318982422351837,0.3229542374610901,-0.15047410130500793,-0.13465572893619537,0.009770178236067295,0.26828357577323914,-0.2678098976612091,0.09338096529245377,-0.07088125497102737,-0.10189998149871826,-0.33126676082611084,-0.015285458415746689,0.1552775353193283,0.259111225605011,0.18062932789325714,-0.002965478226542473,0.4079694449901581,-0.07302996516227722,0.3480954170227051,0.02607543021440506,0.26970115303993225
265.0,-0.066966712474823,-0.14419390261173248,-0.28110864758491516,0.07483251392841339,0.07855264842510223,-0.0540306456387043,-0.3937091529369354,-0.2856518626213074,-0.524297297000885,-0.014144210144877434,-0.032255612313747406,0.017847463488578796,-0.26894012093544006,0.051747407764196396,-0.3026573956012726,-0.22583098709583282,0.043534908443689346,0.1887224316596985,-0.012614661827683449,0.1399989277124405,0.06734295189380646,0.08121325075626373,-0.005423432681709528,0.13886041939258575,-0.10018911212682724,-0.18616995215415955,-0.13198500871658325,-0.10978245735168457,0.12177521735429764,-0.2078298181295395,0.29283198714256287,0.01536833867430687,0.16669641435146332,-0.2146611362695694,-0.09636719524860382,-0.01616515778005123,-0.030650503933429718,0.09961521625518799,-0.46175068616867065,-0.078196220099926,-0.22218647599220276,0.014033274725079536,0.07446667551994324,-0.40392065048217773,0.25363481044769287,-0.07109136879444122,-0.058987583965063095,0.015439736656844616,0.1874212622642517,-0.09450658410787582,0.0973888412117958,-0.2043861448764801,-0.06526342034339905,-0.21528692543506622,-0.12022329866886139,0.13547299802303314,0.26043155789375305,0.12139476835727692,-0.023999711498618126,0.35811206698417664,-0.06277318298816681,0.27358293533325195,0.11884674429893494,0.27435001730918884
266.0,-0.30086249113082886,-0.12235118448734283,0.06033069267868996,0.20237994194030762,0.15076136589050293,-0.04142342507839203,-0.07314156740903854,-0.1644669622182846,-0.34401100873947144,-0.08129198104143143,-0.18213169276714325,0.15990854799747467,-0.2896686792373657,-0.16960248351097107,-0.06348491460084915,-0.09008496254682541,0.13687756657600403,0.2426050752401352,-0.3089384436607361,-0.022110750898718834,-0.09009374678134918,-0.07283965498209,0.10724093019962311,-0.27218860387802124,0.08452422171831131,-0.03212818503379822,-0.09809362143278122,-0.24662789702415466,0.19587939977645874,-0.4514477849006653,0.03837421163916588,0.2436123937368393,-0.21841315925121307,-0.2359670102596283,0.0037379800342023373,0.18211714923381805,0.15996265411376953,-0.07493557035923004,0.06377147138118744,0.18474620580673218,-0.13072237372398376,-0.19824810326099396,-0.05606939271092415,0.2786186933517456,0.1290988326072693,-0.10430236905813217,0.14764481782913208,0.032778050750494,0.10709334909915924,-0.14139194786548615,0.02613687328994274,-0.07113723456859589,-0.38096946477890015,-0.26281651854515076,0.06412968039512634,0.15189887583255768,-0.02574719861149788,-0.15475872159004211,-0.03491418808698654,0.09357152134180069,-0.05776587873697281,0.39396223425865173,0.11084973812103271,-0.3344632685184479
267.0,-0.20714057981967926,-0.06799756735563278,-0.08994778245687485,0.0006372127681970596,0.02354860119521618,-0.2293723225593567,-0.5106146931648254,-0.21171094477176666,-0.1431414932012558,0.22631292045116425,0.48862671852111816,-0.17504797875881195,0.14274436235427856,-0.020445849746465683,0.04774182662367821,-0.028561308979988098,0.0798991471529007,0.3138219714164734,-0.09739351272583008,-0.10720763355493546,-0.12746521830558777,0.07627703994512558,-0.4207172691822052,-0.044239167124032974,0.15466822683811188,-0.018288811668753624,-0.05830410495400429,-0.3110617399215698,0.00796165969222784,0.05007033795118332,0.28570905327796936,0.2003048062324524,-0.029274487867951393,-0.3092132806777954,0.08898863941431046,0.2093212902545929,0.14085496962070465,-0.11948931962251663,0.03544579818844795,-0.1863347291946411,0.05214248597621918,-0.40082141757011414,-0.1100233942270279,-0.2191675901412964,0.1612817645072937,-0.29336050152778625,-0.38100147247314453,-0.19319406151771545,-0.18766458332538605,-0.08840429037809372,-0.07089865952730179,-0.07369989901781082,-0.23142871260643005,-0.21036802232265472,-0.22539015114307404,0.27621257305145264,-0.29790830612182617,-0.19487734138965607,0.04403117671608925,0.3434617221355438,0.1577366292476654,-0.02176854759454727,-0.007322391495108604,-0.0006725976709276438
268.0,-0.057849716395139694,-0.10038584470748901,-0.39830446243286133,0.19338072836399078,0.2345888912677765,0.27476605772972107,-0.4146629571914673,-0.03908443823456764,-0.213451087474823,-0.020104950293898582,-0.13016225397586823,0.15752734243869781,-0.17613352835178375,-0.03124835155904293,-0.15591762959957123,-0.2785220742225647,0.107117660343647,0.13929639756679535,0.059342414140701294,0.06048644706606865,0.15200437605381012,0.1405438333749771,0.2787129878997803,0.1483978033065796,-0.17497719824314117,-0.3013244867324829,-0.4534412920475006,0.051039520651102066,0.1621646136045456,-0.6194343566894531,0.15094934403896332,0.10352307558059692,-0.015933040529489517,-0.09877238422632217,-0.20957669615745544,-0.255344957113266,-0.1643759161233902,-0.21045425534248352,-0.4921925365924835,0.018973849713802338,0.11948059499263763,-0.23671703040599823,0.4230364263057709,-0.2899085283279419,0.21176770329475403,0.09455806016921997,-0.010509615764021873,-0.12340626120567322,0.4158068299293518,-0.013976947404444218,0.16790172457695007,0.007752920966595411,0.011276268400251865,-0.14208048582077026,-0.11138039082288742,0.2348334640264511,0.031389836221933365,0.36550575494766235,-0.1393781453371048,0.26693737506866455,-0.1648106575012207,0.17250478267669678,0.0817590281367302,0.007114628795534372
269.0,-0.07329265028238297,-0.20968084037303925,-0.22517462074756622,0.05791707709431648,0.10781920701265335,-0.23629680275917053,-0.2593083381652832,-0.034258823841810226,-0.2814413607120514,0.17804867029190063,-0.3202301263809204,0.3042433559894562,-0.45150595903396606,0.02102002501487732,-0.14219506084918976,0.010469933971762657,0.08019478619098663,-0.008819635957479477,-0.2990753948688507,0.1317865401506424,-0.17297174036502838,-0.3542674481868744,0.24729469418525696,-0.08609732985496521,-0.14889764785766602,-0.09190792590379715,0.0007514394819736481,-0.3254375755786896,0.22771477699279785,-0.2712843716144562,0.13235004246234894,0.19882766902446747,-0.04537288099527359,-0.20623530447483063,-0.12328396737575531,0.3347522020339966,0.05358273535966873,-0.015377975068986416,-0.12831613421440125,-0.1035391166806221,-0.24852468073368073,-0.2663484215736389,0.16301077604293823,-0.23421934247016907,-0.07805096358060837,0.06678973883390427,0.0649123340845108,0.18730582296848297,0.4687853157520294,-0.16121558845043182,-0.02737417444586754,0.3036518096923828,0.26878201961517334,0.040853410959243774,-0.2998381555080414,0.005852129310369492,-0.23880347609519958,0.37211689352989197,-0.15075986087322235,-0.3231336772441864,0.14773185551166534,0.46276164054870605,0.2719939947128296,-0.008456116542220116
270.0,-0.016213323920965195,-0.500095546245575,-0.16995073854923248,0.13914819061756134,0.11201955378055573,0.3778791129589081,-0.3559389114379883,-0.15875160694122314,-0.47648870944976807,-0.19409380853176117,-0.030155573040246964,-0.1263391226530075,-0.19049791991710663,-0.2501370906829834,-0.31101828813552856,-0.22986510396003723,-0.21651695668697357,0.19074542820453644,-0.22259847819805145,-0.16950061917304993,-0.14061203598976135,0.14651259779930115,0.2494995892047882,-0.25236570835113525,0.2214646339416504,-0.11544772982597351,-0.4611133337020874,-0.061937082558870316,0.4822445511817932,-0.3539339303970337,0.11485568434000015,0.15381987392902374,0.14661961793899536,0.06521295756101608,-0.2269788533449173,0.3745514452457428,0.22029758989810944,0.1425996869802475,-0.17160487174987793,0.11779234558343887,0.06545867770910263,-0.24454471468925476,0.08372001349925995,-0.16288647055625916,-0.10313647240400314,0.2822592854499817,0.19891081750392914,0.15258245170116425,0.5103418827056885,-0.09616107493638992,-0.027408277615904808,0.14377158880233765,-0.04604421183466911,-0.006660440005362034,0.23176564276218414,0.3329750597476959,-0.2629418671131134,0.1268964558839798,-0.0739559456706047,0.13899387419223785,0.08856207877397537,0.7414563298225403,0.1931019425392151,-0.03984776511788368
271.0,-0.22747930884361267,0.1350271999835968,-0.11353369802236557,-0.16288408637046814,0.21157412230968475,-0.11284627765417099,-0.3915043771266937,-0.18832820653915405,-0.4049166440963745,-0.08701994270086288,0.0940321758389473,-0.18706196546554565,-0.08298391848802567,-0.16665787994861603,-0.1885499805212021,0.02756849303841591,0.12689752876758575,0.09196487814188004,-0.006408701650798321,-0.23477447032928467,0.1229151263833046,0.0918416976928711,-0.08773349225521088,0.03391207382082939,0.06188848242163658,0.12544871866703033,0.017964385449886322,-0.32514292001724243,0.09797875583171844,0.23308058083057404,0.33601775765419006,0.04018951952457428,-0.2681000828742981,-0.34373146295547485,-0.083678238093853,0.21168307960033417,0.2592260241508484,0.10676101595163345,-0.3985264003276825,0.04474939405918121,0.03335009887814522,-0.334886372089386,-0.09291385114192963,0.16983233392238617,0.18863025307655334,-0.14878112077713013,0.09926775097846985,0.17168304324150085,0.11810265481472015,-0.00042262993520125747,0.2608279287815094,-0.18998733162879944,-0.3341602385044098,-0.33670949935913086,0.03706539049744606,0.15067316591739655,-0.34185880422592163,-0.2545364499092102,-0.03768538311123848,-0.03990355134010315,-0.027461335062980652,0.38173145055770874,0.2556113302707672,-0.16197293996810913
272.0,0.027756378054618835,-0.427503764629364,-0.14401617646217346,0.22685526311397552,0.18005524575710297,-0.19603246450424194,-0.10532131791114807,-0.10036710649728775,-0.2445600926876068,0.17324739694595337,-0.35724031925201416,-0.002723796060308814,-0.040323659777641296,0.06476642191410065,-0.010570203885436058,0.1676228940486908,0.05752122774720192,0.18485426902770996,-0.06833438575267792,-0.010317744687199593,0.17562821507453918,0.16495566070079803,-0.1354791671037674,0.23044739663600922,0.17270532250404358,-0.1321970522403717,-0.11651390790939331,-0.13800649344921112,0.052385784685611725,-0.15428143739700317,0.2455204874277115,0.4380095899105072,-0.24179507791996002,-0.191616952419281,-0.004307671915739775,0.08029979467391968,-0.12988527119159698,-0.06949956715106964,-0.39917388558387756,0.09695523232221603,-0.10205138474702835,-0.070206418633461,0.0820489376783371,0.043666157871484756,0.151925191283226,-0.08687294274568558,0.3548352122306824,-0.05258810520172119,-0.052996620535850525,-0.3347892463207245,-0.0714101567864418,0.10086069256067276,-0.2267816662788391,-0.37453779578208923,-0.101808100938797,0.5001524090766907,0.02653541974723339,0.10754546523094177,0.007587209343910217,0.1960815191268921,0.23095300793647766,0.09255600720643997,0.03717236593365669,0.10332410037517548
273.0,-0.12007526308298111,-0.060788922011852264,-0.33046314120292664,-0.018537499010562897,0.012559748254716396,0.1803945153951645,-0.44145187735557556,-0.015681086108088493,-0.1023312509059906,0.15810906887054443,0.1842978298664093,0.0981709435582161,-0.07675168663263321,0.028647029772400856,0.0729864314198494,-0.20815509557724,0.059328701347112656,0.07232227921485901,-0.04960139840841293,0.17369751632213593,-0.2773791253566742,0.1897573620080948,0.03265146538615227,0.056599635630846024,0.06646990031003952,-0.23876002430915833,-0.599095344543457,-0.030865803360939026,-0.015454462729394436,-0.30352121591567993,-0.05111227557063103,-0.03896279260516167,-0.16300047934055328,-0.0334901288151741,-0.21218113601207733,0.3752198815345764,0.1250045746564865,-0.340041846036911,-0.20529992878437042,-0.12037088721990585,0.13931919634342194,-0.2035500854253769,0.25512468814849854,-0.29179033637046814,0.04037341848015785,0.087738998234272,-0.17252613604068756,-0.2246410846710205,0.02497502975165844,0.06986987590789795,-0.041225749999284744,-0.14843736588954926,-0.01663174107670784,-0.07222063839435577,-0.14486178755760193,0.11720363050699234,-0.021206626668572426,0.2214139997959137,-0.07229465991258621,0.25151246786117554,-0.04958150535821915,0.1109083741903305,0.10626359283924103,-0.15575271844863892
274.0,-0.011163288727402687,0.08271465450525284,-0.25712671875953674,0.03207946941256523,-0.270202100276947,-0.07767890393733978,-0.3544310927391052,0.10775455832481384,-0.2122722864151001,-0.22339549660682678,0.17540760338306427,-0.1306927353143692,-0.09930519759654999,-0.03474091365933418,-0.02464963123202324,-0.08383792638778687,0.056744836270809174,0.08226197212934494,-0.02382497303187847,-0.14333949983119965,-0.02885044366121292,0.34901130199432373,-0.07474667578935623,0.12837716937065125,0.4114952087402344,0.09843912720680237,-0.36193886399269104,-0.27571138739585876,-0.11078427731990814,-0.023740574717521667,0.49753010272979736,0.17872627079486847,-0.18148797750473022,-0.21972747147083282,0.047530967742204666,0.4590107798576355,0.017263682559132576,0.14538758993148804,-0.24363307654857635,-0.020328562706708908,0.07997314631938934,-0.2508072555065155,-0.07802192121744156,-0.0432828888297081,0.18724659085273743,-0.18759094178676605,-0.08830174803733826,-0.009777444414794445,0.21709860861301422,-0.3399507999420166,0.15418076515197754,-0.2139037400484085,-0.06137890741229057,-0.3180963397026062,-0.10717227309942245,0.2794604003429413,-0.1629759967327118,0.0014264050405472517,-0.05956040322780609,0.06534627079963684,-0.10762355476617813,-0.014281370677053928,0.12428105622529984,-0.10835596174001694
275.0,-0.037297122180461884,-0.3271358013153076,-0.4334179759025574,0.23361007869243622,0.12874369323253632,-0.05209809169173241,-0.275774747133255,-0.13970887660980225,-0.30736619234085083,0.3486604690551758,0.06284865736961365,0.008095207624137402,-0.19048601388931274,0.017301488667726517,-0.3633807301521301,-0.34286630153656006,0.12959882616996765,0.453976035118103,-0.07201670110225677,-0.316646546125412,0.028244365006685257,0.029880059882998466,-0.30326905846595764,0.2713657319545746,0.09722533077001572,-0.08377043157815933,0.0917544960975647,-0.2680649161338806,-0.054763078689575195,-0.1627064049243927,0.3565291464328766,-0.040077779442071915,-0.08609821647405624,-0.32994332909584045,0.08962327986955643,0.006411573383957148,-0.025035159662365913,-0.057454757392406464,-0.012772214598953724,0.018166719004511833,-0.07883477956056595,-0.29677486419677734,0.1689894199371338,-0.593471109867096,0.06132099777460098,-0.23296278715133667,-0.21445801854133606,0.03605111315846443,0.12347150593996048,-0.314839631319046,-0.04888402298092842,0.0676264539361,-0.2106926590204239,-0.3178761899471283,-0.37967559695243835,0.07830045372247696,0.12976771593093872,0.06248559057712555,-0.17289182543754578,0.21585962176322937,-0.12356174737215042,0.07582268118858337,0.13920196890830994,0.0232956912368536
276.0,-0.03719073906540871,-0.22055599093437195,-0.3934108316898346,0.09716609865427017,0.25465476512908936,-0.1566898226737976,-0.03411699831485748,0.06901132315397263,-0.11394306272268295,0.2831643521785736,-0.2636909782886505,0.05254746600985527,-0.023944484069943428,0.20362788438796997,0.025437505915760994,-0.00240908470004797,0.1032116636633873,0.08087726682424545,-0.05484598129987717,0.06018250063061714,0.18494248390197754,0.00244698952883482,-0.0064612459391355515,0.29071760177612305,0.03779732063412666,-0.16912049055099487,-0.06494459509849548,0.00035852869041264057,0.17452779412269592,-0.14896324276924133,0.2032271921634674,0.25498881936073303,-0.29389336705207825,-0.15476080775260925,-0.13663244247436523,0.04484676942229271,-0.14154726266860962,-0.09673648327589035,-0.48390063643455505,0.10651589184999466,-0.03533420339226723,0.05974283069372177,0.1908012479543686,-0.03467225283384323,0.18009161949157715,-0.1052100881934166,0.36047306656837463,0.08550186455249786,0.192744180560112,-0.22492092847824097,0.091977559030056,0.16446909308433533,-0.05389872193336487,-0.1972319483757019,-0.20312854647636414,0.3145674169063568,0.09338704496622086,0.11324525624513626,-0.03057926520705223,0.03300698474049568,0.09285594522953033,0.1928871124982834,0.032755035907030106,0.11227130144834518
277.0,-0.15142692625522614,-0.20544151961803436,-0.12080898135900497,0.08864600211381912,0.2546047270298004,-0.2984837293624878,-0.1553579419851303,-0.0166916623711586,-0.35881856083869934,0.21524547040462494,-0.44127029180526733,0.09586907178163528,-0.4171516001224518,-0.051620036363601685,-0.025273868814110756,0.1492224782705307,0.22199667990207672,0.14952711760997772,0.09438773989677429,0.26466915011405945,0.263687402009964,-0.02831801399588585,0.2978949546813965,-0.09559635818004608,0.06415841728448868,0.01924508810043335,0.03534670174121857,-0.07063078880310059,0.14015768468379974,-0.6143291592597961,0.1934351772069931,0.21040032804012299,-0.3678876757621765,-0.3850353956222534,-0.11399856954813004,0.15870659053325653,0.09451840817928314,-0.052734099328517914,-0.4109223783016205,0.2447495013475418,-0.07160492241382599,0.05198534205555916,0.01028402429074049,0.14188499748706818,0.3263462483882904,-0.24121053516864777,0.398126482963562,0.006353600881993771,0.2211473286151886,-0.01653984561562538,0.16018711030483246,0.007098355330526829,-0.4073740839958191,-0.2458169013261795,-0.1644642949104309,0.2502530813217163,0.3055779039859772,-0.040533341467380524,0.07567930966615677,0.1388145089149475,-0.25106728076934814,0.114485964179039,0.0052649336867034435,-0.04170163348317146
278.0,-0.10345183312892914,-0.26056888699531555,-0.19606706500053406,0.10915512591600418,0.016059380024671555,-0.05127107352018356,-0.38390472531318665,-0.17283512651920319,-0.2997724413871765,0.23822389543056488,-0.21481622755527496,-0.033315833657979965,-0.4365377128124237,-0.1454298198223114,-0.36399713158607483,-0.10838200151920319,0.11967859417200089,0.33045297861099243,0.08822566270828247,-0.054919470101594925,0.16620607674121857,0.02689421735703945,-0.0024807495065033436,0.13608479499816895,-0.05126914009451866,-0.2815968096256256,0.1956799477338791,-0.13815604150295258,0.13907907903194427,-0.40246397256851196,0.22826918959617615,-0.09118565171957016,-0.11424066126346588,-0.13442528247833252,0.039083316922187805,-0.08788301795721054,0.17336377501487732,0.057933636009693146,-0.07795821130275726,0.009710301645100117,-0.06839226186275482,-0.25956517457962036,0.2861078977584839,-0.26848259568214417,0.06424219161272049,0.13712170720100403,0.13314245641231537,0.06528056412935257,0.06152646988630295,-0.09383285790681839,0.09777715802192688,0.04898582771420479,0.037590619176626205,-0.034476179629564285,-0.26874178647994995,0.20075874030590057,-0.018724635243415833,0.020306317135691643,-0.0475500151515007,0.023513952270150185,-0.04046360030770302,0.1694261133670807,0.1578817069530487,0.0923202857375145
279.0,-0.13454033434391022,-0.1184329017996788,-0.28666821122169495,0.2649292051792145,0.23258700966835022,-0.14201268553733826,-0.3195773661136627,-0.11332523822784424,-0.33483290672302246,0.08898957073688507,0.07127156108617783,-0.06878288090229034,-0.18088699877262115,-0.09437878429889679,-0.06705915927886963,-0.2122424691915512,0.05165955424308777,0.18248018622398376,-0.2935037314891815,-0.11010657250881195,0.004790558014065027,-0.03669603914022446,0.2020452469587326,0.07469402998685837,-0.2116873860359192,-0.20995701849460602,-0.13218089938163757,-0.1086537316441536,0.3151973485946655,-0.4554194509983063,0.13689278066158295,0.05424933135509491,-0.10594522953033447,-0.043750692158937454,0.015053962357342243,-0.31292834877967834,0.11696641147136688,-0.14448295533657074,0.02844545803964138,0.1350950002670288,0.14486750960350037,-0.37384501099586487,0.19200702011585236,-0.08655466884374619,0.18143798410892487,-0.010937531478703022,0.1979057490825653,-0.015984483063220978,0.026150446385145187,-0.018926193937659264,0.2270301878452301,0.01900949515402317,-0.034684889018535614,-0.048354167491197586,0.12453100085258484,0.32265976071357727,-0.29928335547447205,-0.04032063111662865,-0.09229037910699844,0.044128190726041794,-0.006262558978050947,0.3537008464336395,0.14311975240707397,-0.09893983602523804
280.0,-0.15774425864219666,-0.1291247308254242,-0.4133033752441406,0.17202001810073853,0.06168735772371292,-0.04431935027241707,-0.2349076271057129,0.10957269370555878,-0.11684522777795792,0.35273730754852295,0.4047392010688782,-0.11135562509298325,0.036165110766887665,-0.02179497480392456,0.022167636081576347,-0.3844726085662842,0.13868606090545654,0.3661274313926697,-0.13170991837978363,-0.26571643352508545,0.02091079391539097,0.17889446020126343,-0.21481309831142426,0.1750946044921875,0.2011876255273819,-0.17254118621349335,-0.11853478103876114,-0.059620048850774765,0.1330205202102661,-0.21748186647891998,0.19641557335853577,0.0609331913292408,-0.20919661223888397,-0.05085950717329979,0.11022932827472687,-0.02971801534295082,0.10148151218891144,-0.2379550039768219,0.037071727216243744,0.05405717343091965,0.2251025289297104,-0.2700450122356415,0.2025327831506729,-0.21305470168590546,0.20340295135974884,-0.24022473394870758,-0.019940124824643135,-0.04189953953027725,0.010878820903599262,-0.12313369661569595,0.1315556764602661,0.048906922340393066,-0.20269159972667694,-0.09095960855484009,-0.10073233395814896,0.29409584403038025,-0.22600284218788147,-0.18032214045524597,-0.12344331294298172,0.20351563394069672,-0.050438348203897476,0.11027057468891144,0.056306980550289154,-0.1967875063419342
281.0,-0.10772447288036346,-0.07913443446159363,-0.13424155116081238,-0.009427606128156185,-0.02399926818907261,-0.1771935671567917,-0.46029093861579895,-0.18715645372867584,-0.3356245756149292,0.00681582884863019,0.14859512448310852,-0.18383586406707764,-0.13032321631908417,-0.21268488466739655,-0.16591490805149078,-0.028411714360117912,0.03563450276851654,0.1402357816696167,-0.078375905752182,-0.05938838794827461,-0.13589076697826385,0.12693895399570465,-0.3600059449672699,0.012623854912817478,0.23035743832588196,-0.003652098122984171,-0.03028472512960434,-0.41978225111961365,0.05594976618885994,0.17098897695541382,0.2881990075111389,0.01598651520907879,-0.2349281907081604,-0.13540972769260406,0.1413375437259674,0.3304179608821869,0.1777481734752655,0.005753735080361366,-0.10994028300046921,0.04304557666182518,-0.11370578408241272,-0.21741434931755066,-0.1458885669708252,-0.23941673338413239,-0.0163279939442873,-0.11527612805366516,0.07824046164751053,0.012410109862685204,0.12982255220413208,-0.16195087134838104,-0.10600979626178741,-0.04537937045097351,-0.2054782509803772,-0.11372589319944382,-0.01044185645878315,0.14951801300048828,-0.20346921682357788,-0.0915171205997467,-0.14285604655742645,0.06955084204673767,0.1400226652622223,0.1481626331806183,0.14806291460990906,-0.05927405133843422
282.0,0.07084283977746964,-0.0037533396389335394,-0.0280184056609869,0.515316367149353,-0.027366627007722855,-0.04099445417523384,-0.45047926902770996,-0.3214905261993408,-0.4081387221813202,-0.19645187258720398,-0.6400455236434937,0.0692189484834671,-0.34122803807258606,-0.2504046559333801,0.045572176575660706,-0.013310665264725685,-0.10274402052164078,-0.21297629177570343,-0.3681885302066803,-0.12000292539596558,-0.5162942409515381,0.14581990242004395,-0.013384643010795116,0.215778186917305,-0.0023974012583494186,-0.16828155517578125,-0.25765523314476013,-0.4854238033294678,0.2023826241493225,-0.3695434331893921,-0.08342162519693375,0.20560573041439056,-0.2728824317455292,0.0009466344490647316,0.050713907927274704,-0.1203291267156601,-0.19393719732761383,-0.2353902906179428,0.09767785668373108,0.04974258318543434,-0.11140917241573334,-0.07498184591531754,0.41702812910079956,0.10493072122335434,-0.08434603363275528,0.2678249478340149,0.21198195219039917,-0.15207785367965698,-0.030978258699178696,-0.2515977621078491,0.024288298562169075,0.04625192657113075,0.00780159467831254,-0.32130977511405945,0.29325196146965027,0.20097169280052185,-0.37144598364830017,0.6269927620887756,-0.1720939725637436,0.10720021277666092,0.1498873084783554,0.15111877024173737,0.2972519099712372,-0.36466947197914124
283.0,-0.2659488916397095,-0.4732918441295624,-0.34240275621414185,0.1295943260192871,0.158300518989563,0.04564373567700386,-0.11551907658576965,-0.08489566296339035,-0.14635087549686432,0.21768003702163696,-0.002042309381067753,0.10066467523574829,-0.11411403119564056,0.14051644504070282,-0.12759509682655334,0.04365609958767891,-0.006040091626346111,0.3546449542045593,-0.14304453134536743,0.35615086555480957,0.015457799658179283,-0.06795371323823929,0.21202753484249115,0.024674462154507637,0.013515042141079903,-0.22416818141937256,-0.46867692470550537,0.1381257325410843,0.0752565786242485,-0.5613354444503784,0.18037377297878265,0.04710954427719116,-0.05365901440382004,-0.28087523579597473,-0.36515137553215027,0.3652762174606323,0.22511690855026245,-0.08087562769651413,-0.0790977030992508,0.11929261684417725,0.060318801552057266,-0.19691617786884308,-0.04124690592288971,-0.2029925435781479,0.12759016454219818,0.02249586023390293,0.16267584264278412,-0.05365375801920891,-0.007999091409146786,-0.24834735691547394,-0.13607153296470642,-0.17338033020496368,-0.11420553922653198,-0.19802045822143555,-0.20827455818653107,0.2829642593860626,0.4892481863498688,-0.255468487739563,0.11712446063756943,0.22492390871047974,-0.09048358350992203,0.3013712763786316,-0.12884952127933502,0.1707753688097
284.0,0.17038077116012573,0.13338978588581085,-0.384353369474411,0.11370999366044998,0.08829289674758911,0.05939552187919617,-0.10472484678030014,-0.07663324475288391,-0.19461455941200256,0.04256957769393921,-0.12774983048439026,0.22163499891757965,-0.1887582242488861,-0.0008285052608698606,-0.12863817811012268,-0.5140714645385742,0.07986541092395782,0.15057750046253204,-0.15912263095378876,-0.1728866547346115,0.23652206361293793,-0.03177810087800026,-0.0509166345000267,0.2349105030298233,0.07755102217197418,-0.3677029013633728,0.3523816466331482,-0.16818338632583618,0.3289177715778351,-0.3732547163963318,0.1900317221879959,-0.01237987820059061,-0.07283161580562592,-0.0011412386083975434,-0.20830217003822327,-0.278408408164978,-0.22692127525806427,0.12969066202640533,-0.36948880553245544,-0.0023684604093432426,-0.09820475429296494,0.10333400964736938,0.39835792779922485,-0.2549758553504944,0.03149116411805153,0.03993981331586838,-0.1917029768228531,0.13893912732601166,0.3630066215991974,0.11567448824644089,0.4639241397380829,-0.0716959610581398,0.04634002968668938,0.08322678506374359,-0.25979194045066833,0.19076155126094818,-0.048930395394563675,0.1522057205438614,-0.12328264862298965,-0.010524638928472996,-0.21668218076229095,0.36081936955451965,0.2482559084892273,0.001433498808182776
285.0,-0.17068499326705933,-0.3714403212070465,-0.37146198749542236,0.15222765505313873,0.3437766134738922,-0.0674896165728569,-0.12440739572048187,-0.21047939360141754,-0.16627347469329834,0.21644483506679535,0.3060290515422821,-0.039821475744247437,0.13170994818210602,-0.07216791808605194,-0.15637779235839844,-0.19928833842277527,-0.05151532590389252,0.3231939673423767,-0.21129503846168518,-0.07302633672952652,0.2425670027732849,0.060008611530065536,-0.0844157412648201,0.15822087228298187,0.05013962462544441,-0.25367870926856995,-0.11011183261871338,0.0389525331556797,0.24535565078258514,-0.27801060676574707,0.23357483744621277,0.09664679318666458,-0.09532102942466736,-0.11362088471651077,-0.10744413733482361,-0.09921053051948547,0.040768418461084366,-0.18199191987514496,-0.17011171579360962,0.19183170795440674,0.16184724867343903,-0.28363898396492004,0.0043645743280649185,-0.3091000020503998,0.1604345291852951,-0.07987000048160553,0.03979667276144028,-0.08001644164323807,0.0248187854886055,-0.045283474028110504,-0.0287433210760355,-0.059570327401161194,-0.2197529673576355,-0.12352896481752396,0.03708501532673836,0.36865514516830444,0.03844762593507767,-0.22518691420555115,-0.02771691419184208,0.2781243920326233,0.05447729304432869,0.40564075112342834,0.0385383665561676,0.15540847182273865
286.0,-0.043232809752225876,-0.190287247300148,-0.21552640199661255,0.29865762591362,0.10261426866054535,-0.08910945057868958,-0.17402543127536774,-0.1991233378648758,-0.3533526659011841,0.10693120956420898,0.0625247210264206,-0.01974552683532238,0.03956707566976547,0.10654659569263458,0.05678968504071236,-0.18008632957935333,-0.04264678433537483,0.19476529955863953,-0.41240158677101135,0.12117043137550354,-0.2962682247161865,-0.0406501442193985,-0.33919429779052734,0.08320415765047073,0.1998957246541977,-0.20820334553718567,-0.13408729434013367,-0.19841089844703674,0.2697489559650421,-0.18210992217063904,0.024603556841611862,0.12809893488883972,-0.10757146775722504,-0.05589540675282478,-0.10533404350280762,0.16631360352039337,-0.02540905587375164,-0.08914177119731903,-0.04943754896521568,0.12191885709762573,-0.14037007093429565,0.17834819853305817,-0.03907197713851929,-0.2199556827545166,0.011050447821617126,-0.18272162973880768,0.21436746418476105,0.0012377823004499078,0.011234057135879993,-0.18956632912158966,-0.06121544539928436,-0.032801248133182526,-0.2530704736709595,-0.06634844839572906,0.07194738835096359,0.29681628942489624,0.13816578686237335,-0.09637331962585449,-0.06955044716596603,0.28046491742134094,0.1774757355451584,0.2973984181880951,0.024979377165436745,0.014135019853711128
287.0,0.064999058842659,0.03444202244281769,-0.23647932708263397,0.2844441533088684,0.07836204022169113,-0.06257622689008713,-0.44843825697898865,-0.35219261050224304,-0.2786332070827484,-0.2510756552219391,-0.2634076476097107,0.12857380509376526,-0.08760522305965424,-0.08203969150781631,0.12102562934160233,-0.04619104042649269,-0.007782087195664644,-0.13316720724105835,-0.21797345578670502,0.39162030816078186,-0.15705528855323792,0.16254167258739471,-0.09985332936048508,0.20905593037605286,-0.052507419139146805,-0.3713639974594116,-0.4618243873119354,-0.2682923674583435,0.11756642162799835,-0.50145024061203,0.03367322310805321,0.13819769024848938,-0.24680593609809875,-0.002079210476949811,-0.09647317230701447,-0.04921302944421768,-0.2231648862361908,-0.2141524851322174,-0.45376768708229065,0.1304117888212204,-0.18467076122760773,-0.0012995230499655008,0.09710779786109924,-0.32752570509910583,0.015776315703988075,0.05222659558057785,0.06672537326812744,-0.29604294896125793,0.1628006398677826,-0.02093067765235901,-0.05998033657670021,-0.2224309742450714,-0.018550686538219452,-0.07652467489242554,0.1729171872138977,0.3449449837207794,0.10245431214570999,0.3586173951625824,-0.176642045378685,0.33739230036735535,0.10212348401546478,0.09297685325145721,0.1211564838886261,0.07298760861158371
288.0,-0.1357058584690094,0.11924463510513306,-0.4000456929206848,0.4144701659679413,0.026726188138127327,-0.0065498752519488335,-0.10101306438446045,0.048953406512737274,-0.11398619413375854,-0.07691517472267151,-0.12553444504737854,0.07117852568626404,-0.035109322518110275,-0.03878946602344513,0.08962932974100113,-0.21219047904014587,0.053935542702674866,-0.08519107103347778,-0.18320074677467346,0.16393053531646729,-0.03589319437742233,0.12293598800897598,0.2307332307100296,0.2830040156841278,-0.24297504127025604,-0.1322070211172104,-0.5610552430152893,0.030896002426743507,0.11317620426416397,-0.5669626593589783,0.23701903223991394,0.16987572610378265,-0.2239157110452652,-0.07368296384811401,-0.04580625519156456,-0.143899604678154,-0.04774892330169678,-0.08231252431869507,-0.006980196572840214,0.17564260959625244,0.21230074763298035,-0.2888067364692688,0.13189855217933655,0.08920193463563919,0.26234447956085205,-0.031221209093928337,0.1703699380159378,0.013927693478763103,0.25299128890037537,-0.14097262918949127,0.21047043800354004,-0.07500719279050827,0.02533235028386116,-0.26010212302207947,0.12675674259662628,0.2346237599849701,-0.0808798149228096,0.0469818115234375,-0.10733979940414429,0.11437922716140747,-0.18300099670886993,0.17153139412403107,0.004992328584194183,-0.27223923802375793
289.0,0.024807102978229523,-0.21112054586410522,-0.35169702768325806,0.40639805793762207,0.19559991359710693,0.07882507890462875,-0.18827694654464722,-0.06830770522356033,-0.25217998027801514,0.057444240897893906,0.005499973893165588,-0.058862924575805664,0.054120905697345734,0.005751393269747496,0.06368149071931839,-0.2980347275733948,-0.0543152317404747,0.2266741245985031,-0.2210186868906021,-0.04998697340488434,0.13280832767486572,0.13557055592536926,0.06436923146247864,0.1547119915485382,-0.04239749535918236,-0.30104318261146545,-0.32170915603637695,0.07515480369329453,0.36759471893310547,-0.6049899458885193,0.25559911131858826,0.31978049874305725,0.09292032569646835,0.0248074010014534,-0.09391046315431595,-0.34262615442276,-0.08188988268375397,0.011819662526249886,-0.16467620432376862,0.09523256868124008,0.18057377636432648,-0.21360403299331665,0.24856537580490112,-0.12447573244571686,0.2564333975315094,-0.017475523054599762,0.04989606514573097,-0.030925264582037926,0.16066302359104156,-0.10245843976736069,0.2781312167644501,0.023974398151040077,-0.018994880840182304,-0.13076993823051453,0.05701403319835663,0.5564335584640503,-0.10914608836174011,-0.016654497012495995,-0.012630321085453033,0.35143962502479553,-0.026535991579294205,0.2420719563961029,-0.04361584782600403,-0.0026241429150104523
290.0,-0.021195223554968834,-0.32531240582466125,-0.020991716533899307,-0.16977903246879578,0.24353472888469696,-0.1974833458662033,-0.1767580211162567,-0.17436473071575165,-0.5427408814430237,-0.18664862215518951,-0.2580881714820862,0.09395904093980789,-0.5206072330474854,-0.44003796577453613,-0.28219813108444214,0.19279120862483978,0.2682427167892456,0.35476940870285034,0.21430228650569916,-0.21425072848796844,0.7191188931465149,0.331823468208313,0.32216116786003113,-0.22697073221206665,0.5144054293632507,0.018330901861190796,0.1150403693318367,-0.35856011509895325,-0.045282065868377686,-0.18397504091262817,0.4529269337654114,0.2317817509174347,-0.5517173409461975,-0.23491841554641724,-0.11990127712488174,0.20408378541469574,0.14856742322444916,-0.0451819933950901,-0.7873829007148743,0.2743834853172302,-0.08173487335443497,-0.10365336388349533,-0.15549099445343018,0.16928768157958984,0.23333610594272614,-0.1642911285161972,0.39384186267852783,-0.06450284272432327,0.19193097949028015,0.14167584478855133,0.1951880306005478,-0.20404618978500366,-0.6915435791015625,-0.2574668526649475,-0.05450911819934845,0.4166651964187622,0.1366754174232483,-0.08474944531917572,0.00557989627122879,0.1257791817188263,-0.3108745813369751,0.2998684346675873,0.2667727470397949,0.042721785604953766
291.0,0.07272294908761978,-0.19889315962791443,-0.1860179752111435,0.1592848151922226,0.13085998594760895,0.07441309094429016,-0.3969419300556183,-0.1836303323507309,-0.39256617426872253,0.08845267444849014,-0.09840371459722519,-0.10499391704797745,-0.18020357191562653,-0.02774888277053833,-0.2522103190422058,-0.25473931431770325,-0.08229947835206985,0.13377170264720917,-0.16196520626544952,-0.1458769142627716,-0.17540235817432404,0.007807562127709389,-0.13486909866333008,0.1781393587589264,-0.04563094675540924,-0.24018451571464539,0.05755705013871193,-0.1745922863483429,0.321932315826416,-0.24455618858337402,0.006859309040009975,-0.07427182048559189,0.06161856651306152,-0.03243057802319527,0.011018696241080761,-0.06597547233104706,-0.005268657114356756,0.04010135680437088,-0.1378958523273468,0.04318024590611458,-0.08458179235458374,-0.14950688183307648,0.32682743668556213,-0.3372563123703003,-0.07584371417760849,0.17261503636837006,0.07643041759729385,0.019366689026355743,0.11514682322740555,-0.11189229041337967,0.0563286729156971,0.06137220934033394,-0.005608287639915943,-0.0378204807639122,0.04859349504113197,0.18346039950847626,-0.19428791105747223,0.2615393400192261,-0.18890292942523956,0.06783013045787811,0.13585063815116882,0.27928391098976135,0.2890712022781372,0.01711297780275345
292.0,-0.1402931958436966,0.164956733584404,-0.3238634169101715,-0.11270781606435776,-0.12251578271389008,-0.22654792666435242,-0.35196274518966675,0.02415219321846962,-0.2193676084280014,0.38572177290916443,0.38003864884376526,-0.1332000344991684,-0.019620180130004883,0.20156654715538025,0.17262807488441467,-0.3406960070133209,0.20448799431324005,0.18248692154884338,-0.15365591645240784,-0.09156666696071625,-0.27529585361480713,0.16364265978336334,-0.6550156474113464,0.10745596140623093,0.4849415421485901,-0.06896402686834335,0.10400822758674622,-0.2886480689048767,0.08621099591255188,0.40532517433166504,0.10048700869083405,-0.01351397205144167,-0.430569589138031,-0.04551359638571739,0.004311847500503063,0.5334208607673645,0.11864101141691208,-0.09351664036512375,-0.2773297131061554,-0.21948575973510742,-0.0954882875084877,0.36055269837379456,0.11587866395711899,-0.10069426149129868,0.15102601051330566,-0.3322502672672272,-0.05899255722761154,0.09407033026218414,-0.17005108296871185,-0.03017592802643776,0.2397068440914154,-0.1815415471792221,-0.19820109009742737,-0.033052168786525726,-0.35321831703186035,0.13676080107688904,-0.23223470151424408,-0.29335203766822815,0.04251726716756821,0.19180577993392944,0.05528295040130615,0.18685771524906158,0.041974056512117386,-0.18734577298164368
293.0,-0.20637717843055725,-0.13181225955486298,-0.4792027175426483,0.18381308019161224,0.021177249029278755,0.08014840632677078,-0.25306618213653564,-0.08206598460674286,-0.2556000351905823,0.08192019164562225,0.29707130789756775,-0.05294334888458252,0.003570704720914364,0.043555017560720444,-0.2649500370025635,-0.42136499285697937,0.06289029866456985,0.29259538650512695,-0.1481272578239441,-0.11228860169649124,-0.08289369940757751,0.1575201004743576,-0.21192459762096405,0.2932817339897156,0.08598139882087708,-0.13535669445991516,-0.2936843931674957,-0.07870825380086899,0.005417701788246632,-0.21101468801498413,0.25396713614463806,-0.0888005942106247,0.0062881396152079105,-0.24662208557128906,0.08875402808189392,0.04104892164468765,-0.06072961911559105,-0.1448952704668045,-0.07456337660551071,0.10414132475852966,-0.024177534505724907,-0.18708766996860504,0.07252360880374908,-0.49605801701545715,0.18923209607601166,-0.2324124425649643,-0.14336679875850677,-0.065254807472229,0.2061215490102768,-0.29611995816230774,-0.06948427855968475,-0.16490620374679565,-0.1775270402431488,-0.30118104815483093,0.042648401111364365,0.00529784569516778,0.2062016725540161,0.004313269630074501,-0.2069173902273178,0.26315009593963623,-0.17312636971473694,0.16131168603897095,0.14873842895030975,0.0412023551762104
294.0,-0.2226925492286682,0.11465559154748917,-0.17131292819976807,0.2696443498134613,0.015115472488105297,-0.21672432124614716,-0.4381121098995209,-0.10406210273504257,-0.09210863709449768,0.03867834433913231,0.19941715896129608,0.1090274304151535,0.024857448413968086,-0.11737384647130966,0.11669594794511795,-0.021639026701450348,0.07566411793231964,0.11013293266296387,-0.26416441798210144,-0.2011708915233612,-0.28805238008499146,0.019021155312657356,-0.2798726558685303,0.12044600397348404,0.06240794435143471,-0.039367273449897766,-0.25743767619132996,-0.47534188628196716,-0.028069637715816498,-0.08467638492584229,0.29710835218429565,0.33467939496040344,-0.24648869037628174,-0.3289288282394409,0.09806489944458008,0.049092166125774384,-0.09433801472187042,-0.32273736596107483,0.1728021502494812,-0.1086464375257492,0.08449234068393707,-0.5802599191665649,0.09069427847862244,-0.07159996777772903,0.13893721997737885,-0.2723904550075531,-0.22343392670154572,-0.127217099070549,0.01160799153149128,-0.36377227306365967,-0.06951481103897095,0.0506933256983757,-0.11630730330944061,-0.371157169342041,-0.14280787110328674,0.2292512208223343,-0.40661653876304626,0.15347155928611755,-0.147601917386055,0.21555770933628082,0.20116941630840302,-0.06140744313597679,0.05193355679512024,-0.3152383267879486
295.0,-0.19649088382720947,-0.1801721751689911,-0.1342332512140274,-0.18379268050193787,-0.0252003725618124,-0.31514498591423035,-0.16514736413955688,0.09904366731643677,-0.31879329681396484,0.33735936880111694,0.21300959587097168,0.24987733364105225,-0.40843665599823,0.11130370199680328,0.17068248987197876,-0.06834887713193893,0.30709636211395264,0.27349233627319336,-0.22000862658023834,0.05981433391571045,-0.10568441450595856,-0.056451018899679184,0.03364291787147522,-0.4153502881526947,0.45646557211875916,0.04810195416212082,-0.06849424540996552,-0.30345115065574646,-0.03400639444589615,0.13960447907447815,0.05455527827143669,0.2284209430217743,-0.27840137481689453,-0.07491342723369598,-0.13955210149288177,0.7125891447067261,0.27196043729782104,-0.20532813668251038,-0.2383919507265091,-0.26138678193092346,-0.19452592730522156,0.20890730619430542,-0.09161948412656784,0.023740796372294426,0.1507510393857956,-0.3110261559486389,-0.012208725325763226,0.04528112709522247,-0.07007718086242676,0.06444161385297775,0.1147347241640091,-0.05695858597755432,-0.18695536255836487,0.07905363291501999,-0.46041253209114075,0.1083451434969902,-0.104393869638443,-0.199632927775383,0.15076188743114471,0.027718665078282356,-0.008047109469771385,0.364302396774292,0.003752329619601369,-0.12427343428134918
296.0,-0.08736304938793182,-0.15394234657287598,-0.3131541907787323,0.026246918365359306,0.34708455204963684,-0.028725145384669304,-0.2582429349422455,-0.131220743060112,-0.3242057263851166,0.21200279891490936,-0.07884591072797775,0.11574258655309677,-0.016576385125517845,0.12178961932659149,-0.0535108745098114,-0.11673688888549805,0.043459244072437286,0.11249707639217377,-0.15243157744407654,0.09029868245124817,0.018433742225170135,-0.11123444139957428,0.005574409384280443,0.09560935199260712,-0.10806253552436829,-0.22843874990940094,-0.16756774485111237,-0.025145018473267555,0.31264960765838623,-0.20342198014259338,0.141140878200531,0.2314419150352478,-0.050027258694171906,-0.2057233452796936,-0.33799323439598083,0.13450588285923004,0.048931192606687546,-0.011729473248124123,-0.49113205075263977,-0.0251903235912323,-0.01413076650351286,-0.10630490630865097,0.16975709795951843,-0.08894025534391403,0.10661257058382034,-0.033176109194755554,0.132550448179245,0.19064633548259735,0.2732678949832916,0.023715168237686157,0.14166277647018433,0.08639547973871231,-0.07509908080101013,-0.1555563360452652,-0.1926560252904892,0.31234416365623474,-0.048909060657024384,0.12326985597610474,-0.02845114655792713,0.1713940054178238,0.17697839438915253,0.5123154520988464,0.14356717467308044,0.04508078843355179
297.0,0.13545888662338257,-0.05595548078417778,-0.4337122440338135,0.28426027297973633,-0.003489857539534569,-0.3747643232345581,-0.05928061157464981,0.016867659986019135,-0.2033497840166092,0.2495543211698532,-0.2744283378124237,0.3577752411365509,-0.3414689302444458,0.07246748358011246,0.04690050706267357,-0.1444716900587082,0.16621877253055573,0.08438155800104141,-0.3041497766971588,0.16454307734966278,0.03031935915350914,-0.2941003441810608,0.16485269367694855,0.21663157641887665,-0.12140451371669769,-0.21874664723873138,0.10938924551010132,-0.30684205889701843,0.05517086759209633,-0.6257337927818298,0.27544185519218445,0.16754750907421112,-0.10064762830734253,-0.19730423390865326,-0.04121674969792366,0.005615366157144308,-0.09978143870830536,0.008465430699288845,0.01187802478671074,0.05070536583662033,-0.1268022060394287,-0.2611946165561676,0.15093980729579926,-0.33742642402648926,0.005151328165084124,-0.11570727080106735,-0.101924367249012,0.017447244375944138,0.3246059715747833,-0.1345081329345703,0.11950843036174774,0.1453787386417389,0.11718453466892242,0.030075469985604286,-0.3565601110458374,0.17710943520069122,0.0507831797003746,0.2609599232673645,-0.2085903435945511,-0.22633448243141174,-0.14645859599113464,0.10864251852035522,0.23773452639579773,0.0037371166981756687
298.0,0.1216823160648346,-0.07871895283460617,0.16381432116031647,0.3430888056755066,-0.12160487473011017,-0.022198986262083054,-0.40246444940567017,-0.2562898099422455,-0.20654045045375824,-0.3025011718273163,-0.325886070728302,0.1335335671901703,-0.2677188515663147,-0.13021397590637207,0.10172796249389648,0.0654463917016983,-0.10126987099647522,0.05632169917225838,-0.31252139806747437,0.13419483602046967,-0.31665122509002686,-0.0232854001224041,0.11647965013980865,-0.2745353579521179,0.16751474142074585,-0.05816172808408737,-0.13301324844360352,-0.4505196511745453,0.16586902737617493,-0.701344907283783,0.02538817748427391,0.3142179548740387,0.07144301384687424,-0.16701728105545044,-0.12207173556089401,0.1923215240240097,-0.12606164813041687,0.021347930654883385,0.07639092952013016,-0.09704598784446716,-0.19821587204933167,-0.14514124393463135,0.08117528259754181,-0.08828321099281311,-0.0861058384180069,0.07347089797258377,-0.35935086011886597,-0.27528154850006104,0.075433649122715,-0.15583504736423492,0.012245585210621357,-0.12428867071866989,0.02228452078998089,-0.052366238087415695,-0.10353066027164459,0.26746314764022827,-0.20711274445056915,0.29006150364875793,0.05357814207673073,0.2140772044658661,-0.057596687227487564,0.057553134858608246,0.01061796210706234,-0.090403251349926
299.0,0.34358441829681396,0.13016703724861145,-0.2028127908706665,-0.03523293137550354,0.1300630271434784,0.003131905570626259,-0.05872385948896408,-0.033338725566864014,-0.23909449577331543,-0.20085963606834412,-0.1111169308423996,0.19239209592342377,-0.26448509097099304,-0.36838972568511963,-0.08473360538482666,-0.4117566645145416,0.11265750229358673,0.018093377351760864,-0.0704876109957695,-0.18261848390102386,0.38447627425193787,0.09327979385852814,0.10498180985450745,-0.018792765215039253,0.16566811501979828,-0.35003897547721863,0.3415147364139557,-0.3338126838207245,0.36297598481178284,-0.4073469936847687,0.12719546258449554,-0.03993012011051178,-0.3189292848110199,0.18451572954654694,-0.015113024041056633,-0.1965973973274231,-0.07506248354911804,0.06560592353343964,-0.4721311330795288,0.2864704728126526,-0.08034096658229828,-0.11651060730218887,0.17682088911533356,-0.1566038280725479,-0.15727683901786804,0.09953797608613968,-0.02332865074276924,-0.027176711708307266,0.5151832699775696,0.429726779460907,0.3479310870170593,-0.05158212035894394,-0.2716495394706726,0.25843366980552673,0.09684094041585922,0.26496684551239014,-0.3038218915462494,0.2573179304599762,-0.34867990016937256,-0.12309196591377258,-0.21809792518615723,0.35309749841690063,0.496542364358902,-0.16250622272491455
300.0,0.45935583114624023,0.6173266768455505,-0.3862079381942749,0.20112529397010803,-0.22679957747459412,0.011426916345953941,-0.6398403644561768,0.3210432529449463,-0.41000860929489136,-0.5215432047843933,-0.5957158207893372,0.4180661737918854,-0.4042850136756897,0.18133966624736786,0.20012949407100677,-0.24344703555107117,0.02156389132142067,-0.5286992192268372,-0.460567444562912,-0.1720040738582611,-0.6230951547622681,-0.06558743864297867,0.655952513217926,0.19406041502952576,0.020158249884843826,0.21104519069194794,-0.480674147605896,-0.671223521232605,0.11197371035814285,-0.8941367864608765,0.2794102132320404,0.4851929545402527,-0.23264530301094055,-0.6722147464752197,-0.5268763303756714,0.7102690935134888,-0.44552677869796753,0.3092803955078125,-0.45781537890434265,-0.3039909601211548,0.00548920314759016,-0.5425794720649719,0.5603182911872864,-0.0156708974391222,-0.036466505378484726,-0.0057483757846057415,-0.6555589437484741,0.09122839570045471,1.0219595432281494,-0.16009877622127533,0.7167509198188782,-0.0020969470497220755,0.2851695418357849,-0.4731917679309845,-0.473615437746048,0.12007682025432587,-0.7847341895103455,1.3255847692489624,-0.3517959415912628,-0.5230228304862976,-0.43470966815948486,0.15190361440181732,0.8362534642219543,-0.6872504949569702
301.0,0.3846336305141449,0.5505082607269287,-0.4085446000099182,0.18820032477378845,-0.2287875860929489,0.12484285235404968,-0.6146447062492371,0.3045850098133087,-0.30967995524406433,-0.37040022015571594,-0.2945369482040405,0.41834673285484314,-0.2949545383453369,0.08405693620443344,0.10364000499248505,-0.43014824390411377,-0.00519193708896637,-0.35977572202682495,-0.43642815947532654,-0.3654371500015259,-0.6750643849372864,-0.08692093938589096,0.3060729503631592,0.13512270152568817,0.1871878057718277,0.13712531328201294,-0.34864485263824463,-0.7672816514968872,0.1912764608860016,-0.4856983423233032,0.3022025525569916,0.4015638828277588,-0.15690039098262787,-0.4721364974975586,-0.4445173740386963,0.7415401339530945,-0.38753342628479004,0.206552192568779,-0.2876405417919159,-0.35338282585144043,0.05938803404569626,-0.5172105431556702,0.5705073475837708,-0.09382051974534988,-0.15193630754947662,0.0068207960575819016,-0.7117383480072021,0.16023190319538116,1.0170217752456665,-0.24116076529026031,0.5443431735038757,0.1592467576265335,0.24411246180534363,-0.2906477749347687,-0.5141920447349548,0.054152652621269226,-0.8848502039909363,1.0958998203277588,-0.3655054569244385,-0.41320937871932983,-0.27088698744773865,0.2883831262588501,0.673144519329071,-0.7104670405387878
302.0,0.30882126092910767,0.3070746064186096,-0.3981454074382782,0.15578952431678772,-0.16368235647678375,0.22031797468662262,-0.5641089677810669,0.28448280692100525,-0.29331016540527344,-0.2555067539215088,-0.25551122426986694,0.3393714725971222,-0.30293455719947815,0.05512550100684166,-0.006106628105044365,-0.3866580128669739,-0.05028833448886871,-0.19041657447814941,-0.3978723883628845,-0.41895705461502075,-0.5486447215080261,-0.061400528997182846,0.3077206611633301,0.12505917251110077,0.22280776500701904,0.03319167345762253,-0.28445905447006226,-0.5983481407165527,0.22809332609176636,-0.4811852276325226,0.2546679377555847,0.31589555740356445,-0.1348915994167328,-0.38518351316452026,-0.45701873302459717,0.6057193875312805,-0.2989861071109772,0.1787165105342865,-0.2389928698539734,-0.3023776710033417,0.08518815040588379,-0.5134668350219727,0.5867812633514404,-0.1480017602443695,-0.18578705191612244,0.09669650346040726,-0.4930521845817566,0.21395324170589447,0.8982529044151306,-0.2482219636440277,0.4844820499420166,0.17409516870975494,0.2641870677471161,-0.24191324412822723,-0.47239693999290466,0.13853494822978973,-0.7466675043106079,0.9652312397956848,-0.33290234208106995,-0.3738905191421509,-0.18366749584674835,0.33086252212524414,0.6141501069068909,-0.5802589654922485
303.0,0.3910093903541565,0.5712848901748657,-0.40051889419555664,0.27040019631385803,-0.08447537571191788,-0.16426034271717072,-0.21027562022209167,0.412728875875473,-0.19282029569149017,-0.07856910675764084,-0.3470602333545685,0.6342660784721375,-0.3612126410007477,-0.006733886897563934,0.2098962366580963,-0.383195161819458,0.05280613154172897,-0.316339910030365,-0.5094729661941528,-0.5460736751556396,-0.5038899183273315,-0.2884356379508972,0.23693625628948212,0.23188449442386627,0.23771686851978302,0.10252377390861511,0.07548604905605316,-0.8704966902732849,0.21503254771232605,-0.35054466128349304,0.3556957244873047,0.42036205530166626,-0.42199790477752686,-0.406213641166687,-0.34692686796188354,0.5218060612678528,-0.3709057867527008,0.0753273144364357,-0.0057388958521187305,-0.17854119837284088,0.15733599662780762,-0.5928042531013489,0.5603025555610657,0.16227088868618011,-0.17264685034751892,-0.08450956642627716,-0.46950989961624146,0.26303181052207947,0.7982494235038757,-0.2696914076805115,0.6136926412582397,0.2925243377685547,0.01639420911669731,-0.2590942084789276,-0.5769926309585571,0.07187158614397049,-0.8771609663963318,0.9187536835670471,-0.43306654691696167,-0.5998292565345764,-0.25020265579223633,0.23486389219760895,0.6560856699943542,-0.9025458693504333
304.0,0.38649100065231323,0.7136917114257812,-0.3915996253490448,0.1260261833667755,-0.24810397624969482,0.04155328497290611,-0.6154417991638184,0.3790509104728699,-0.306161105632782,-0.3875288963317871,-0.3700147867202759,0.44214364886283875,-0.3283667266368866,0.11092112958431244,0.14935575425624847,-0.3374210596084595,0.032256368547677994,-0.5112292766571045,-0.41214653849601746,-0.3411369025707245,-0.6856663227081299,-0.1166856661438942,0.4347931146621704,0.1723998785018921,0.06908710300922394,0.2421531230211258,-0.3439485430717468,-0.7531006932258606,0.103656105697155,-0.49398273229599,0.293605774641037,0.39861926436424255,-0.21018856763839722,-0.5849146842956543,-0.46157971024513245,0.7458222508430481,-0.40271446108818054,0.22822222113609314,-0.3129691481590271,-0.39430564641952515,0.08522327244281769,-0.576723039150238,0.5697648525238037,0.02119903638958931,-0.10699672996997833,-0.029109977185726166,-0.7044661045074463,0.20126713812351227,1.0369365215301514,-0.17620767652988434,0.6299847960472107,0.13860240578651428,0.25661659240722656,-0.3861809968948364,-0.5282281041145325,-0.016603173688054085,-0.9221078753471375,1.2121468782424927,-0.37477120757102966,-0.5377049446105957,-0.32787054777145386,0.19140923023223877,0.7768462896347046,-0.7921990752220154
305.0,-0.173615962266922,0.09366067498922348,-0.25279006361961365,0.23240187764167786,-0.049821872264146805,-0.7718921303749084,-0.17732754349708557,-0.012652167119085789,-0.8381284475326538,-0.06677424907684326,-0.07645165920257568,-0.030800629407167435,-0.47227802872657776,-0.13875797390937805,0.046647313982248306,-0.057878509163856506,0.4033454954624176,-0.20023709535598755,-0.18814566731452942,-0.16313354671001434,-0.07240135967731476,0.26687175035476685,0.6553564071655273,-0.13267050683498383,0.2578149437904358,0.950945258140564,-0.30647361278533936,-0.47251096367836,-0.24441581964492798,-0.5567827224731445,0.5120267868041992,0.3825131058692932,-0.4795221984386444,-0.9258877038955688,0.2948912978172302,0.9468777775764465,0.05613907054066658,-0.03284476324915886,-0.13235385715961456,0.2781420648097992,0.1834767460823059,-0.17222960293293,-0.36554408073425293,0.4468247890472412,0.6835986971855164,-0.7207620143890381,-0.25504928827285767,-0.2041105180978775,0.30165091156959534,-0.008929877541959286,0.30895543098449707,-0.32735729217529297,-0.9290676712989807,-0.9033456444740295,0.14238668978214264,-0.12428823113441467,-0.23177778720855713,0.09397229552268982,0.03902169689536095,0.01749064400792122,-0.988647997379303,0.22795923054218292,0.5719878673553467,-0.5588592290878296
306.0,-0.1963435858488083,0.1550186723470688,-0.23151953518390656,0.18776501715183258,-0.07810766249895096,-0.6839132905006409,-0.31819066405296326,-0.014864847995340824,-0.6924789547920227,-0.04492327943444252,-0.03202490508556366,-0.0923229306936264,-0.3541276454925537,-0.07433782517910004,0.07359619438648224,-0.04498690366744995,0.32665514945983887,-0.1875089555978775,-0.20984940230846405,-0.15972737967967987,-0.17914648354053497,0.24463501572608948,0.48071205615997314,-0.04367782920598984,0.17642104625701904,0.7981798052787781,-0.29223915934562683,-0.44348812103271484,-0.20268487930297852,-0.5527397990226746,0.4679689109325409,0.3734014630317688,-0.45231249928474426,-0.9387832283973694,0.23248739540576935,0.8517021536827087,0.04704929515719414,-0.005397488363087177,-0.08350875973701477,0.1458769589662552,0.17388659715652466,-0.3198602497577667,-0.24843831360340118,0.33194342255592346,0.5960939526557922,-0.642988920211792,-0.33898845314979553,-0.17988252639770508,0.23976123332977295,-0.07137247920036316,0.311089426279068,-0.29812315106391907,-0.7228910326957703,-0.9002904295921326,0.023731615394353867,-0.04494282230734825,-0.3298650085926056,0.15849654376506805,0.02075749635696411,0.007232952862977982,-0.7709290981292725,0.13936695456504822,0.5620417594909668,-0.5435290336608887
307.0,-0.10322116315364838,0.018375424668192863,-0.27631109952926636,0.29903745651245117,0.08033130317926407,-0.6616275310516357,-0.1589212268590927,-0.023433268070220947,-0.9140254855155945,-0.22662591934204102,-0.3454259932041168,0.18954238295555115,-0.6282937526702881,-0.16324098408222198,0.036704447120428085,-0.022631965577602386,0.41615983843803406,-0.1604274958372116,-0.27688083052635193,-0.09602329134941101,0.048325709998607635,0.193839430809021,0.92002934217453,-0.18293091654777527,0.18917717039585114,0.7618650794029236,-0.4200337827205658,-0.48116087913513184,-0.15733739733695984,-0.8476789593696594,0.4863050580024719,0.4848366677761078,-0.49671095609664917,-0.8845146894454956,0.09317726641893387,0.7618627548217773,-0.0028663375414907932,-0.06659170240163803,-0.32245567440986633,0.3318510353565216,0.08984893560409546,-0.20329789817333221,-0.2708284556865692,0.4540271461009979,0.6439643502235413,-0.6099468469619751,-0.087508425116539,-0.19272920489311218,0.4560190439224243,0.0021695189643651247,0.3868151009082794,-0.31725236773490906,-0.8803039193153381,-0.8625645637512207,0.14254897832870483,0.017125239595770836,-0.1134461835026741,0.26829126477241516,-0.024431241676211357,-0.027836613357067108,-0.9813567399978638,0.35146960616111755,0.6150181889533997,-0.5330597162246704
308.0,-0.24166975915431976,0.1476818323135376,-0.1567578911781311,0.14264947175979614,-0.0990530475974083,-0.6233542561531067,-0.22461369633674622,0.0416765958070755,-0.7075918912887573,-0.13443687558174133,0.05566063150763512,-0.08188697695732117,-0.37968045473098755,-0.14988026022911072,0.06461648643016815,-0.07166236639022827,0.37576577067375183,-0.01928701065480709,-0.20466579496860504,-0.310493141412735,-0.10675963759422302,0.27796587347984314,0.42435646057128906,-0.2009747177362442,0.3662448525428772,0.8373643755912781,-0.23368525505065918,-0.49753978848457336,-0.23482905328273773,-0.4408959150314331,0.5017669796943665,0.38667696714401245,-0.4650707244873047,-0.9090086817741394,0.2871245741844177,0.8306529521942139,0.10815680772066116,-0.008130064234137535,-0.021070066839456558,0.1989259570837021,0.14133067429065704,-0.28759634494781494,-0.37396112084388733,0.42319831252098083,0.5943564772605896,-0.7663001418113708,-0.2924860715866089,-0.15191017091274261,0.23773729801177979,-0.10776698589324951,0.3147604763507843,-0.33066898584365845,-0.9057378172874451,-0.8914612531661987,0.07456596195697784,-0.05237706005573273,-0.27566513419151306,-0.02405386231839657,0.0014289338141679764,0.01141025684773922,-0.8223339915275574,0.12542814016342163,0.5206307768821716,-0.6120227575302124
309.0,-0.18532651662826538,0.15101073682308197,-0.14787699282169342,0.18952909111976624,-0.054648369550704956,-0.6839446425437927,-0.3419761657714844,-0.020328840240836143,-0.7094708681106567,-0.11928433179855347,-0.03269808739423752,0.018247583881020546,-0.3559415340423584,-0.11131369322538376,0.15104767680168152,0.020186400040984154,0.3828549385070801,-0.143109992146492,-0.2396404892206192,-0.1319812685251236,-0.13460268080234528,0.2366725355386734,0.5649489164352417,-0.18203672766685486,0.1887217015028,0.7773643732070923,-0.3761417865753174,-0.5003738403320312,-0.24300499260425568,-0.6233721971511841,0.4532681107521057,0.531366765499115,-0.47816213965415955,-0.9404131770133972,0.17947499454021454,0.8597310185432434,0.03769941255450249,-0.07085784524679184,-0.16416621208190918,0.11112072318792343,0.1550755798816681,-0.4011155068874359,-0.30066704750061035,0.3882775902748108,0.5982485413551331,-0.6768862009048462,-0.35549429059028625,-0.2219243049621582,0.2690276503562927,-0.0010666931048035622,0.2848299443721771,-0.2704252302646637,-0.7692259550094604,-0.868626058101654,-0.02960411086678505,0.039391689002513885,-0.36467602849006653,0.21325460076332092,0.015722136944532394,0.034329306334257126,-0.7226058840751648,0.1329805850982666,0.5617019534111023,-0.577172040939331
310.0,-0.15831811726093292,-0.2378893792629242,-0.9245890378952026,0.40758711099624634,-0.06438364088535309,-0.15802092850208282,-0.3539900481700897,-0.15493164956569672,-1.026050090789795,0.3378535211086273,0.17085295915603638,-0.43217983841896057,-0.573090672492981,-0.10514729470014572,-0.6707435250282288,-0.9126597046852112,0.15844087302684784,0.21398325264453888,-0.15009304881095886,-0.49079954624176025,-0.283762127161026,0.2248632311820984,-0.33667922019958496,0.624008059501648,0.17901040613651276,0.1690538227558136,0.008184121921658516,-0.3358697295188904,0.2604134976863861,-0.031832411885261536,0.5531679391860962,-0.594813346862793,0.018490999937057495,-0.22711805999279022,0.6500416994094849,0.14338469505310059,0.1456844061613083,0.1105586364865303,0.15611498057842255,0.45975354313850403,-0.05416836962103844,0.1559811681509018,0.13911764323711395,-0.6134909987449646,0.3677918016910553,-0.287049263715744,0.15399429202079773,0.13314971327781677,0.3999996483325958,-0.5272529125213623,0.13833560049533844,-0.149137943983078,-0.5269005298614502,-0.39539477229118347,0.4872509241104126,-0.3623582720756531,0.04044210910797119,-0.191497802734375,-0.4734087288379669,0.09412974864244461,-0.6625446081161499,0.48042523860931396,0.46577852964401245,-0.11087075620889664
311.0,-0.12010243535041809,-0.2312813550233841,-0.9592188000679016,0.4020043909549713,-0.22413402795791626,-0.14671240746974945,-0.3622361123561859,-0.06308633834123611,-1.2026816606521606,0.2523423433303833,0.19865649938583374,-0.6800458431243896,-0.7127187252044678,-0.21075522899627686,-0.7657899856567383,-1.0517202615737915,0.17837420105934143,0.23242296278476715,-0.11489330977201462,-0.6976509094238281,-0.348782479763031,0.37888142466545105,-0.33542463183403015,0.5758007764816284,0.3738352358341217,0.3828740417957306,0.0865267738699913,-0.41614723205566406,0.3021624982357025,-0.03909710794687271,0.6669514775276184,-0.7420496344566345,0.008995428681373596,-0.24301265180110931,0.8590327501296997,0.3193020224571228,0.30712783336639404,0.2999553978443146,0.3154091536998749,0.6198278069496155,-0.017856650054454803,0.22072136402130127,0.0529339574277401,-0.537487804889679,0.4116840660572052,-0.3639512062072754,0.17189304530620575,0.1720547080039978,0.48831841349601746,-0.5682730674743652,0.27907103300094604,-0.2589055597782135,-0.7302961945533752,-0.44743889570236206,0.6961381435394287,-0.48133084177970886,-0.06824149191379547,-0.3712073266506195,-0.5274275541305542,-0.004592595621943474,-0.9764387607574463,0.49105584621429443,0.5694290399551392,-0.287088543176651
312.0,-0.15920236706733704,-0.24984614551067352,-0.8232274055480957,0.4250701665878296,-0.08205673843622208,-0.08377360552549362,-0.2922137975692749,-0.1669354885816574,-1.0450280904769897,0.29618173837661743,0.15381018817424774,-0.46562817692756653,-0.5973273515701294,-0.1397402584552765,-0.6963053941726685,-0.9780972003936768,0.14351604878902435,0.21933409571647644,-0.12801387906074524,-0.49876004457473755,-0.31815987825393677,0.24627426266670227,-0.2859429717063904,0.5350369811058044,0.18445254862308502,0.21501900255680084,0.04737409949302673,-0.24933163821697235,0.26118919253349304,-0.06056655943393707,0.42597106099128723,-0.6817317008972168,0.12336230278015137,-0.14396445453166962,0.7116557955741882,0.07144103944301605,0.17124593257904053,0.09732676297426224,0.2642791271209717,0.5158662796020508,-0.07585787028074265,0.32482701539993286,0.13071918487548828,-0.5620488524436951,0.37204453349113464,-0.2711417078971863,0.16539189219474792,0.10838374495506287,0.37464481592178345,-0.45210596919059753,0.12852424383163452,-0.17978107929229736,-0.5707575082778931,-0.3403269946575165,0.6222079992294312,-0.486203670501709,0.1102769523859024,-0.22474005818367004,-0.45213782787323,0.12822501361370087,-0.7509790658950806,0.4564560055732727,0.43169105052948,-0.14912736415863037
313.0,-0.1399291753768921,-0.13450109958648682,-0.8619521260261536,0.4232235848903656,-0.11760397255420685,-0.13055667281150818,-0.2070683240890503,-0.11926741153001785,-1.1211411952972412,0.13210992515087128,0.07942920923233032,-0.38892868161201477,-0.7241626977920532,-0.12411324679851532,-0.6760678887367249,-1.0621507167816162,0.2656562924385071,0.15146425366401672,-0.12308869510889053,-0.3442670404911041,-0.2055191695690155,0.2657443881034851,-0.015567687340080738,0.4318960905075073,0.09649503231048584,0.289386123418808,-0.01253479439765215,-0.20306944847106934,0.23811079561710358,-0.4294338822364807,0.40667879581451416,-0.6894336938858032,0.07635722309350967,-0.2493104785680771,0.7608767151832581,0.10754109919071198,0.16553768515586853,0.13573423027992249,0.11434723436832428,0.614908754825592,-0.14982610940933228,0.37240421772003174,0.04064255952835083,-0.58762526512146,0.467726469039917,-0.39013391733169556,0.08703658729791641,0.03475509583950043,0.5855728387832642,-0.28377392888069153,0.23812156915664673,-0.3143412172794342,-0.6659350991249084,-0.3406871259212494,0.702512800693512,-0.5901415348052979,0.24650852382183075,-0.16707798838615417,-0.5054821968078613,0.0775262713432312,-1.0971980094909668,0.4884107708930969,0.5521938800811768,-0.18615518510341644
314.0,-0.19330930709838867,-0.22408954799175262,-0.8730064630508423,0.39393916726112366,-0.1844029426574707,-0.19372789561748505,-0.43215250968933105,-0.11486925184726715,-1.1171451807022095,0.3289167284965515,0.26364436745643616,-0.6287438273429871,-0.6136704087257385,-0.13383153080940247,-0.6481091380119324,-0.951334536075592,0.17448720335960388,0.30340972542762756,-0.1511596143245697,-0.6494135856628418,-0.3847068250179291,0.3209165930747986,-0.4619201123714447,0.5151357054710388,0.38897454738616943,0.30697527527809143,0.07639184594154358,-0.4435098469257355,0.2780173122882843,0.046911343932151794,0.6480394005775452,-0.5983720421791077,-0.0051887379959225655,-0.26633965969085693,0.7707222700119019,0.31106680631637573,0.2666556239128113,0.21533915400505066,0.2968209683895111,0.4422338902950287,-0.01613401249051094,0.20011842250823975,0.06353075057268143,-0.5036488771438599,0.42532095313072205,-0.3870156407356262,0.10300343483686447,0.14327552914619446,0.33042988181114197,-0.5740784406661987,0.23904789984226227,-0.2048499882221222,-0.6761102676391602,-0.4494190514087677,0.4957737624645233,-0.34599506855010986,-0.11691132187843323,-0.39285558462142944,-0.4223814010620117,0.10222415626049042,-0.759778618812561,0.44777190685272217,0.4412146508693695,-0.24518583714962006
315.0,0.37122806906700134,-0.5263239741325378,-0.0065127285197377205,0.09475956857204437,-0.21154698729515076,0.22442559897899628,-1.122237205505371,-0.2213917225599289,-0.9377615451812744,-0.12021349370479584,-0.1983826905488968,-0.9112725853919983,-0.17764995992183685,-0.29681217670440674,0.11939367651939392,0.014878090471029282,-0.3683176040649414,-0.1064591333270073,-0.26528871059417725,-0.27375370264053345,-0.8147798776626587,0.600492537021637,-0.009398753754794598,-0.38597503304481506,0.6510085463523865,0.1272691786289215,-0.6908935308456421,-0.43178486824035645,0.779868483543396,-0.08036646246910095,0.13787029683589935,0.31345731019973755,0.021472932770848274,0.2953733801841736,-0.21173037588596344,1.215771198272705,0.6207187175750732,0.5119796991348267,-0.2392052263021469,-0.1876518726348877,0.2791641354560852,-0.08486223965883255,0.28088143467903137,0.23541617393493652,-0.19800958037376404,0.6022880673408508,0.2728932797908783,0.08566328138113022,0.14832353591918945,0.1498163342475891,0.35613521933555603,0.1396331489086151,-0.048214949667453766,-0.0003422503359615803,0.3597424030303955,0.7936564087867737,-1.3771796226501465,0.1595800369977951,0.15785865485668182,0.17933516204357147,0.25133490562438965,0.7476433515548706,0.38834065198898315,-0.38834884762763977
316.0,0.3504682779312134,-0.4387609660625458,0.040873706340789795,0.0832863375544548,-0.09493648260831833,0.22667808830738068,-0.8925140500068665,-0.22614552080631256,-0.7570631504058838,-0.1755344122648239,-0.20646251738071442,-0.6917706727981567,-0.07846858352422714,-0.2664361596107483,0.19347840547561646,0.08874662220478058,-0.3587610125541687,-0.1657508909702301,-0.3239586055278778,-0.17026768624782562,-0.7469667196273804,0.4968106746673584,0.06894979625940323,-0.3216354548931122,0.5239903926849365,0.03694792091846466,-0.6910475492477417,-0.3317786455154419,0.6353084444999695,-0.14035849273204803,-0.06028188019990921,0.2414628565311432,-0.0601874515414238,0.29839956760406494,-0.2830542027950287,0.9754706025123596,0.5050702095031738,0.29313215613365173,-0.2035263329744339,-0.06692760437726974,0.24461764097213745,-0.06342745572328568,0.2171744406223297,0.21272031962871552,-0.26661163568496704,0.5559380054473877,0.3353915810585022,-0.0022499430924654007,0.04991932213306427,0.22423960268497467,0.22976377606391907,0.08464183658361435,-0.08705881237983704,0.01871390827000141,0.46815720200538635,0.7063382863998413,-1.084264874458313,0.2560781240463257,0.0739486962556839,0.1250818520784378,0.28026461601257324,0.6388692259788513,0.409000039100647,-0.3572254478931427
317.0,0.34643396735191345,-0.4714798629283905,0.029418963938951492,0.016720522195100784,-0.18458059430122375,0.26125121116638184,-1.113279938697815,-0.2430071085691452,-0.8484021425247192,-0.20121149718761444,-0.18728302419185638,-0.886802077293396,-0.12989653646945953,-0.25518250465393066,0.13335630297660828,0.06240280345082283,-0.34658175706863403,-0.0984095111489296,-0.2514735460281372,-0.2606167197227478,-0.7209635972976685,0.6288129091262817,0.023695969954133034,-0.34245386719703674,0.5555627346038818,0.050779733806848526,-0.6947901844978333,-0.3615357279777527,0.6851782202720642,-0.09603922814130783,0.06167348101735115,0.29147815704345703,0.008018678985536098,0.26990997791290283,-0.23414234817028046,1.0442713499069214,0.5595852732658386,0.4487343728542328,-0.32501837611198425,-0.21549896895885468,0.23374231159687042,-0.11105547845363617,0.2900480031967163,0.20612181723117828,-0.20298327505588531,0.6012185215950012,0.2424573004245758,0.010408454574644566,0.05125569924712181,0.21122418344020844,0.3463241755962372,0.058293163776397705,0.010818162932991982,-0.024334989488124847,0.3798871338367462,0.7888617515563965,-1.2938634157180786,0.2281494289636612,0.15123461186885834,0.15136902034282684,0.28196027874946594,0.6677497029304504,0.42433270812034607,-0.2996176779270172
318.0,0.30857303738594055,-0.32724347710609436,0.05123785138130188,0.0320819728076458,-0.1531151980161667,0.15000131726264954,-1.080875039100647,-0.30768606066703796,-0.8187206387519836,-0.2218913435935974,-0.21819745004177094,-0.7686499953269958,-0.07663746923208237,-0.190133199095726,0.2232968509197235,0.11445294320583344,-0.300000935792923,-0.2168833315372467,-0.30842265486717224,-0.15751640498638153,-0.7929790019989014,0.5502884984016418,0.01488674059510231,-0.2864866256713867,0.42420247197151184,0.05727380886673927,-0.7207401394844055,-0.39689305424690247,0.610365629196167,-0.043866872787475586,-0.008504430763423443,0.32865917682647705,-0.049552541226148605,0.21914401650428772,-0.2455788403749466,0.9972561001777649,0.47758948802948,0.3454059362411499,-0.3558512032032013,-0.24495671689510345,0.18436497449874878,-0.09243472665548325,0.27125272154808044,0.252495139837265,-0.17245765030384064,0.5420558452606201,0.21655136346817017,-0.029107825830578804,-0.016154330223798752,0.24250955879688263,0.31345489621162415,0.019755320623517036,0.01927741803228855,-0.08467071503400803,0.39895933866500854,0.7355279326438904,-1.2772287130355835,0.3170757293701172,0.1440892368555069,0.1487104296684265,0.3333631455898285,0.6456737518310547,0.45143893361091614,-0.3245546221733093
319.0,0.3557686507701874,-0.45891129970550537,0.016469702124595642,0.16148707270622253,-0.09044194966554642,0.22167807817459106,-1.0309665203094482,-0.3315485417842865,-0.900375247001648,-0.2956213653087616,-0.43917980790138245,-0.726374089717865,-0.2008107453584671,-0.30602967739105225,0.1430334597826004,0.11033032089471817,-0.343548059463501,-0.23485182225704193,-0.3279433250427246,-0.22416917979717255,-0.7564249038696289,0.5807125568389893,0.1821923404932022,-0.2516051232814789,0.41626179218292236,0.005682074464857578,-0.8240289688110352,-0.42279380559921265,0.6895708441734314,-0.20063798129558563,0.010547420009970665,0.3529270589351654,-0.07206272333860397,0.2978726327419281,-0.23382633924484253,0.8833021521568298,0.4608006775379181,0.302073210477829,-0.35659119486808777,-0.10662426054477692,0.1898249089717865,-0.12210704386234283,0.3546154797077179,0.28204476833343506,-0.1814514696598053,0.6738660931587219,0.3693739175796509,-0.058517977595329285,0.06873476505279541,0.19093801081180573,0.29427704215049744,0.06334438920021057,-0.023425500839948654,-0.12667518854141235,0.5619418025016785,0.7328190803527832,-1.2454347610473633,0.45604243874549866,0.051306843757629395,0.1401509940624237,0.2531365156173706,0.7272751927375793,0.5169004797935486,-0.3520462214946747
320.0,-0.40701088309288025,0.2619645893573761,-0.11369585245847702,0.4530106782913208,0.0908036008477211,0.44484180212020874,-0.688694179058075,-0.24140217900276184,-1.0090819597244263,-0.41648590564727783,-0.2683728337287903,-0.2474353164434433,-0.49484747648239136,-0.2799202501773834,-0.6875169277191162,-0.397379606962204,-0.11272522807121277,0.036510974168777466,-0.14072474837303162,-0.7219515442848206,-0.6795804500579834,0.026966869831085205,0.07187534123659134,0.18405437469482422,-0.11419837921857834,0.4124244153499603,-0.40295127034187317,-0.4822544753551483,0.23244115710258484,0.007345029152929783,0.48660778999328613,-0.08426513522863388,0.3096371591091156,-0.679726243019104,-0.039161745458841324,-0.05840074643492699,0.13746486604213715,0.29648545384407043,0.38970017433166504,0.0002864847192540765,0.08915463835000992,-0.4002998471260071,0.2727593779563904,0.28280359506607056,0.41526496410369873,-0.03856736421585083,0.06690090149641037,0.45437735319137573,0.4232178330421448,-0.7463480830192566,0.4160704016685486,-0.14880630373954773,-0.4061433672904968,-0.9677844643592834,0.303451806306839,-0.3102927803993225,-0.17223888635635376,0.09667454659938812,-0.21640445291996002,0.12527120113372803,-0.34002599120140076,0.3378971517086029,0.26454517245292664,-0.6792587637901306
321.0,-0.41323113441467285,0.4465106725692749,-0.026254847645759583,0.3885812759399414,0.07307801395654678,0.37732812762260437,-0.8191190361976624,-0.2726815640926361,-1.0730222463607788,-0.5962145924568176,-0.33756691217422485,-0.2234560251235962,-0.5556548833847046,-0.3191705644130707,-0.6372191905975342,-0.3222264051437378,-0.010831708088517189,-0.025058910250663757,-0.08758296817541122,-0.70208740234375,-0.6340912580490112,0.06293733417987823,0.14624132215976715,0.10408201813697815,-0.15949305891990662,0.4820832908153534,-0.4268876910209656,-0.6009829640388489,0.13330727815628052,-0.03974734991788864,0.5285966992378235,-0.024263368919491768,0.21507695317268372,-0.8140254020690918,-0.0395587794482708,-0.03561439737677574,0.11713585257530212,0.31165674328804016,0.206786647439003,-0.04278494790196419,0.030699972063302994,-0.47717300057411194,0.2182103991508484,0.3614804446697235,0.4940626323223114,-0.11941134184598923,-0.021580848842859268,0.3828524649143219,0.4613788425922394,-0.6496930718421936,0.4978894591331482,-0.2622293531894684,-0.47984421253204346,-1.0509854555130005,0.2861291766166687,-0.3191465139389038,-0.24254868924617767,0.17794321477413177,-0.22612355649471283,0.11054301261901855,-0.42343729734420776,0.270352303981781,0.35865911841392517,-0.7464492321014404
322.0,-0.4557276964187622,0.39674174785614014,-0.21012000739574432,0.32857799530029297,0.08844694495201111,0.2590968608856201,-0.8544174432754517,-0.34264928102493286,-1.1906535625457764,-0.3815150558948517,-0.21811911463737488,-0.33391472697257996,-0.570522129535675,-0.23722773790359497,-0.7103606462478638,-0.4481965899467468,0.047669317573308945,-0.028762098401784897,-0.0008706479566171765,-0.5978521108627319,-0.5845268964767456,0.11572311818599701,-0.00926745031028986,0.25957903265953064,-0.17781829833984375,0.4653683602809906,-0.3589726388454437,-0.5427270531654358,0.15587039291858673,0.1510208547115326,0.6042748093605042,-0.18122397363185883,0.22420094907283783,-0.752447247505188,0.07637244462966919,0.011072684079408646,0.1488783359527588,0.3107283115386963,0.04830700531601906,-0.04737219959497452,0.00312328920699656,-0.2436278611421585,0.22017349302768707,0.19602544605731964,0.603814959526062,-0.16872043907642365,0.0041344305500388145,0.39232730865478516,0.3975021541118622,-0.5948264598846436,0.5078833103179932,-0.3183247447013855,-0.4970884323120117,-1.006101131439209,0.27801498770713806,-0.3987262547016144,-0.16494852304458618,0.039726629853248596,-0.20085741579532623,0.2112680822610855,-0.47342434525489807,0.33912891149520874,0.35035407543182373,-0.5676100254058838
323.0,-0.42204442620277405,0.43988922238349915,-0.09005130082368851,0.3875090777873993,0.06271778792142868,0.35488781332969666,-0.8504189252853394,-0.2971670627593994,-1.1652684211730957,-0.5146065950393677,-0.2618218958377838,-0.3176593780517578,-0.5264477133750916,-0.27769777178764343,-0.6678835153579712,-0.41351136565208435,-0.019941555336117744,-0.07945195585489273,-0.05568990111351013,-0.6792553663253784,-0.6918751001358032,0.07869307696819305,0.11795608699321747,0.12347766011953354,-0.18921324610710144,0.56259685754776,-0.45163190364837646,-0.5420862436294556,0.21442003548145294,0.05935848504304886,0.5652310848236084,-0.07401753962039948,0.31168824434280396,-0.7799884676933289,0.02385774441063404,0.05085556209087372,0.14439694583415985,0.374271422624588,0.1958659589290619,-0.06654484570026398,0.06367587298154831,-0.35868948698043823,0.20933617651462555,0.35378339886665344,0.5580917596817017,-0.1312016099691391,-0.06356817483901978,0.4355124831199646,0.5111932158470154,-0.6228768825531006,0.5218350291252136,-0.2410123646259308,-0.47141289710998535,-1.0478074550628662,0.3327522873878479,-0.40256091952323914,-0.3344336748123169,0.11641954630613327,-0.19252516329288483,0.1761104315519333,-0.4595643877983093,0.3790285587310791,0.3401872217655182,-0.711423933506012
324.0,-0.2847299873828888,0.29429247975349426,-0.25272101163864136,0.4746206998825073,0.04205647483468056,0.24959786236286163,-0.5141680240631104,-0.2188383787870407,-1.2239184379577637,-0.5918824076652527,-0.5691551566123962,-0.21647831797599792,-0.7685020565986633,-0.3124990463256836,-0.729536771774292,-0.39606142044067383,-0.0009484611800871789,-0.19130562245845795,-0.14411097764968872,-0.6081798672676086,-0.5879945158958435,0.07272642850875854,0.3950876295566559,0.299013614654541,-0.19189268350601196,0.5501524209976196,-0.44283434748649597,-0.5248308181762695,0.14468050003051758,-0.17158344388008118,0.526958703994751,-0.2688002586364746,0.13837507367134094,-0.6815464496612549,0.12582309544086456,0.013297080993652344,0.12810161709785461,0.3410791754722595,0.23216190934181213,0.295124351978302,-0.031468089669942856,-0.2315673828125,0.15443016588687897,0.27933469414711,0.4551725685596466,-0.0692615658044815,0.25625139474868774,0.3814281225204468,0.5747008323669434,-0.6713961362838745,0.4665951728820801,-0.3300926983356476,-0.520515501499176,-1.0142452716827393,0.6341939568519592,-0.5224485397338867,-0.003686831332743168,0.22964252531528473,-0.3806048035621643,-0.11438794434070587,-0.7218329906463623,0.40128085017204285,0.5429252982139587,-0.6634265780448914
325.0,0.6548656821250916,-0.018991557881236076,-0.34107863903045654,0.23086901009082794,-0.7465766668319702,-0.6902391314506531,-0.6249992251396179,-0.0499376505613327,-0.7835889458656311,-0.14496053755283356,-0.799534022808075,-0.6216545104980469,-1.0813881158828735,-0.4859625995159149,-0.448737770318985,-0.23378035426139832,0.25065216422080994,-0.13577623665332794,0.3827090859413147,-0.15650519728660583,0.1576060950756073,0.5989149808883667,-0.35489422082901,0.5641626715660095,0.38035720586776733,0.08906324952840805,0.6972047090530396,-0.9637266397476196,-0.018868593499064445,-0.4800308048725128,0.7681153416633606,-0.4110979437828064,-0.5696876049041748,-0.01265748031437397,1.1714144945144653,0.32930365204811096,0.040969572961330414,0.6513658165931702,-0.31198111176490784,0.4614942967891693,-0.4715424180030823,-0.12386541068553925,0.14182148873806,-0.5823367834091187,-0.07202139496803284,0.05840430036187172,0.0652456134557724,-0.294498085975647,0.4843846559524536,-0.29051586985588074,0.2731781005859375,-0.19087110459804535,-0.21587730944156647,0.0017247111536562443,0.12783634662628174,0.03948594629764557,-0.5593962073326111,0.37324145436286926,-0.6061261296272278,-0.4051375091075897,-0.7285060286521912,-0.41126522421836853,0.7552481889724731,-0.06840301305055618
326.0,0.582477331161499,-0.14583861827850342,-0.11565058678388596,0.005100627429783344,-0.8635544180870056,-0.8300317525863647,-0.7483351230621338,-0.09141527116298676,-0.6248641014099121,-0.08399602770805359,-0.45274192094802856,-0.8177167177200317,-0.8782089948654175,-0.4281161427497864,-0.2938821315765381,-0.05613449588418007,0.31502699851989746,0.10956467688083649,0.4179490804672241,-0.1308871954679489,0.2833390533924103,0.765505850315094,-0.6466994285583496,0.2928788959980011,0.6284410953521729,0.12147931009531021,0.8229808807373047,-0.9627225399017334,-0.16040275990962982,-0.27404600381851196,0.7652613520622253,-0.20387190580368042,-0.5616456270217896,-0.05661126598715782,1.2550358772277832,0.42543840408325195,0.11556103080511093,0.6170902848243713,-0.3741529583930969,0.22472542524337769,-0.5731256008148193,-0.06904059648513794,-0.09719923883676529,-0.6416277885437012,-0.031457915902137756,-0.13442538678646088,-0.12655293941497803,-0.4433574080467224,0.16540232300758362,-0.2111087143421173,0.13876976072788239,-0.25407490134239197,-0.22644518315792084,0.05785960331559181,-0.09461943805217743,0.2497939020395279,-0.6288328170776367,0.10803551226854324,-0.3759012520313263,-0.22216056287288666,-0.5015929937362671,-0.6020709872245789,0.5735547542572021,0.15147025883197784
327.0,0.515925407409668,-0.16380299627780914,-0.1621246337890625,0.09648571163415909,-0.7448784708976746,-0.7699366211891174,-0.6444346308708191,-0.09067216515541077,-0.7030907869338989,0.03385232388973236,-0.5509029626846313,-0.6573629379272461,-0.9171139597892761,-0.3507809340953827,-0.3563573360443115,-0.08090658485889435,0.30366331338882446,0.0742468610405922,0.4069196581840515,-0.16753925383090973,0.17995309829711914,0.6655840873718262,-0.5116354823112488,0.3848583996295929,0.5499460697174072,0.164756178855896,0.7429328560829163,-0.8266573548316956,-0.18706658482551575,-0.22579781711101532,0.6514735221862793,-0.2435787171125412,-0.513801634311676,-0.0907692164182663,1.149027943611145,0.4005621373653412,0.0294632650911808,0.48617231845855713,-0.3138435482978821,0.23087379336357117,-0.48706695437431335,0.09627901762723923,0.033961549401283264,-0.5213122963905334,0.006115488708019257,-0.13309453427791595,0.014074877835810184,-0.3706485331058502,0.12859171628952026,-0.24001306295394897,0.14937348663806915,-0.16852977871894836,-0.29688966274261475,-0.08063283562660217,-0.04269876703619957,0.1297762393951416,-0.42035582661628723,0.2539673149585724,-0.34234118461608887,-0.14366444945335388,-0.5185549259185791,-0.5179107189178467,0.5994312167167664,0.10570429265499115
328.0,0.5538332462310791,-0.2305344194173813,-0.1349184513092041,0.07067511230707169,-0.8018130660057068,-0.7323205471038818,-0.8186202645301819,-0.2010062038898468,-0.6943949460983276,0.014591583050787449,-0.5977538228034973,-0.6888188123703003,-0.9281541705131531,-0.35431909561157227,-0.3805721700191498,-0.050908803939819336,0.25834646821022034,0.08409298211336136,0.39784348011016846,-0.12764792144298553,0.15395988523960114,0.6782765984535217,-0.5526173710823059,0.3746201992034912,0.5205531120300293,0.06568802893161774,0.767535388469696,-0.869489312171936,-0.16151392459869385,-0.26989230513572693,0.619448184967041,-0.2311640977859497,-0.41915085911750793,-0.050769269466400146,1.0959367752075195,0.3827562630176544,0.012440004386007786,0.5306918621063232,-0.36774954199790955,0.11705862730741501,-0.5550181865692139,0.04821838438510895,0.11041861772537231,-0.6812509894371033,-0.07180692255496979,0.0036868343595415354,-0.10035581886768341,-0.3979414701461792,0.11308816075325012,-0.24933196604251862,0.09534651786088943,-0.13522785902023315,-0.07225432991981506,0.021175242960453033,-0.1459047794342041,0.18261989951133728,-0.5167524218559265,0.3460949957370758,-0.307683527469635,-0.160760760307312,-0.4084872305393219,-0.485283225774765,0.5896269679069519,0.23504962027072906
329.0,0.6688486337661743,-0.23849472403526306,-0.19953222572803497,0.16488870978355408,-0.799642026424408,-0.6882908344268799,-0.8568435907363892,-0.09611311554908752,-0.6095187067985535,0.032990045845508575,-0.5977830290794373,-0.6974685192108154,-0.862216591835022,-0.3825816512107849,-0.3097907602787018,-0.10226667672395706,0.25026440620422363,0.11673595011234283,0.44666576385498047,-0.07239430397748947,0.2196788340806961,0.7224214673042297,-0.590573251247406,0.3756716251373291,0.5535799264907837,-0.0331021212041378,0.6824073791503906,-0.8366661667823792,-0.0763496533036232,-0.46812883019447327,0.6682214736938477,-0.14096860587596893,-0.48974373936653137,0.03224123641848564,1.1228208541870117,0.3588692545890808,-0.053285446017980576,0.5208422541618347,-0.4482465386390686,0.15814445912837982,-0.4752800464630127,-0.025730887427926064,0.1956736296415329,-0.7155539989471436,-0.10009194165468216,0.03110913746058941,-0.09013696014881134,-0.47333499789237976,0.24180755019187927,-0.19875787198543549,0.12923724949359894,-0.06333865225315094,-0.11026474088430405,0.08490125834941864,-0.18708562850952148,0.3727935254573822,-0.6151580810546875,0.3926098048686981,-0.34616395831108093,-0.05697249993681908,-0.38625216484069824,-0.5816218852996826,0.5615217089653015,0.18058083951473236
330.0,0.27335095405578613,-0.4752325713634491,-0.2872805595397949,0.5921576619148254,-0.28192681074142456,0.5012565851211548,-0.405634343624115,0.24645081162452698,-0.32778289914131165,-0.37398239970207214,0.2830237150192261,-0.8342955112457275,0.2789004445075989,0.0037165542598813772,-0.19681790471076965,-0.5073989629745483,-0.22646677494049072,0.4090542197227478,-0.18120232224464417,-0.9503536224365234,-0.2563919723033905,0.44173410534858704,0.0525071918964386,-0.18235190212726593,0.5789106488227844,0.6159703731536865,-0.43403950333595276,-0.15687428414821625,0.4930988848209381,-0.5899073481559753,0.6236026883125305,0.42828062176704407,0.6331624388694763,-0.28303250670433044,0.3373521864414215,0.33721062541007996,-0.16134393215179443,0.5854655504226685,0.37476491928100586,0.10362377017736435,0.45256590843200684,-0.3808056116104126,0.04351836070418358,-0.036775022745132446,0.17038871347904205,-0.20517458021640778,-0.5177276730537415,-0.12101074308156967,0.736542820930481,-0.7093227505683899,0.21779556572437286,0.28181731700897217,-0.237587571144104,-0.37961500883102417,0.3096165060997009,0.3501618206501007,-0.8813353776931763,-0.0902719497680664,-0.025571955367922783,0.18787798285484314,-0.5495339632034302,0.1663348376750946,-0.027082202956080437,-0.17509572207927704
331.0,0.2933202385902405,-0.393218994140625,-0.264767587184906,0.582202672958374,-0.31684666872024536,0.4187861979007721,-0.4617712199687958,0.2510984539985657,-0.37061870098114014,-0.3856276869773865,0.1971755176782608,-0.8354220390319824,0.24226519465446472,0.05350886285305023,-0.1114460825920105,-0.4313218891620636,-0.22181203961372375,0.3273163139820099,-0.2050415426492691,-0.864120364189148,-0.3340836465358734,0.4234565794467926,0.03885587304830551,-0.17215442657470703,0.5775284767150879,0.6315196752548218,-0.4472138285636902,-0.19898974895477295,0.4981095492839813,-0.562265157699585,0.6442462205886841,0.46632978320121765,0.5778145790100098,-0.299763560295105,0.2851581275463104,0.4353155791759491,-0.14799810945987701,0.651175856590271,0.3292901813983917,0.051682036370038986,0.41975969076156616,-0.3234778642654419,0.04281286150217056,0.03834312781691551,0.1859731823205948,-0.20862643420696259,-0.4814227521419525,-0.07942241430282593,0.7106733918190002,-0.7110564112663269,0.3041534423828125,0.2457781434059143,-0.2020394504070282,-0.3951191306114197,0.252645879983902,0.3928166627883911,-0.9253053069114685,-0.07464148104190826,0.014891945756971836,0.1603827327489853,-0.5225332975387573,0.13977643847465515,-0.0315542109310627,-0.2091330587863922
332.0,0.22796887159347534,-0.44783517718315125,-0.40887296199798584,0.5311201810836792,-0.202623188495636,0.48921769857406616,-0.23915952444076538,0.17803986370563507,-0.4152871072292328,-0.2602783143520355,0.3892780542373657,-0.7010537385940552,0.17514321208000183,-0.16094863414764404,-0.2888120412826538,-0.6695199012756348,-0.18438030779361725,0.4581405222415924,-0.14399486780166626,-0.8936963081359863,-0.09224453568458557,0.4465938210487366,0.10284976661205292,-0.09703069180250168,0.5179964303970337,0.4503226578235626,-0.3626161515712738,-0.0490160696208477,0.4403654634952545,-0.6367654800415039,0.593269944190979,0.18908379971981049,0.5589988231658936,-0.1796368956565857,0.3372028172016144,0.20058739185333252,-0.018020911142230034,0.5122271180152893,0.419890820980072,0.27876999974250793,0.4929179847240448,-0.4041394889354706,0.009443903341889381,-0.12433648854494095,0.18134313821792603,-0.1574539989233017,-0.4237408936023712,-0.05906713008880615,0.6787500381469727,-0.4896645247936249,0.23164427280426025,0.1535799354314804,-0.3787849247455597,-0.30040666460990906,0.4160427153110504,0.29105299711227417,-0.5973107814788818,-0.22130751609802246,-0.1175757646560669,0.21262438595294952,-0.6639665365219116,0.25924152135849,0.08159563690423965,-0.22389304637908936
333.0,0.3644483685493469,-0.35835182666778564,-0.3039599061012268,0.7125248908996582,-0.21485595405101776,0.4634837210178375,-0.191846564412117,0.3132506310939789,-0.541816771030426,-0.6149585247039795,-0.09840871393680573,-0.6443095803260803,-0.037846196442842484,-0.22107604146003723,-0.2693459689617157,-0.49340543150901794,-0.21342459321022034,0.19800154864788055,-0.21739540994167328,-0.9922212958335876,-0.15628033876419067,0.3773687779903412,0.5029783248901367,-0.1841515600681305,0.5163977146148682,0.7415977120399475,-0.4630085527896881,-0.254463791847229,0.5223104357719421,-0.8986222147941589,0.7131764888763428,0.4182673990726471,0.46989431977272034,-0.33154621720314026,0.3087213933467865,0.3058807849884033,-0.13932059705257416,0.6808300614356995,0.4175432622432709,0.40873855352401733,0.48893705010414124,-0.4982621967792511,0.013606342487037182,0.2071850448846817,0.1894238293170929,-0.14885523915290833,-0.2974603474140167,-0.00897966604679823,1.032003402709961,-0.6807323694229126,0.39417070150375366,0.25614428520202637,-0.412696897983551,-0.48688337206840515,0.5312528610229492,0.25859203934669495,-0.8054712414741516,0.05080491304397583,-0.18505723774433136,-0.06580701470375061,-0.8735078573226929,0.27124857902526855,0.18913060426712036,-0.4565916657447815
334.0,0.24120083451271057,-0.23906777799129486,-0.33943605422973633,0.6132819056510925,-0.3040149509906769,0.31498226523399353,-0.39441534876823425,0.17484010756015778,-0.416311115026474,-0.37727439403533936,0.17854149639606476,-0.6956233382225037,0.21355587244033813,0.0907762348651886,-0.10529773682355881,-0.4693928360939026,-0.2044854462146759,0.25014203786849976,-0.29070597887039185,-0.7613406181335449,-0.4281408190727234,0.33104968070983887,-0.04814973473548889,-0.012046385556459427,0.4691191613674164,0.568928062915802,-0.4263511896133423,-0.25529158115386963,0.4089145064353943,-0.5010403990745544,0.6053745150566101,0.3553982973098755,0.5128422379493713,-0.35248735547065735,0.2808140516281128,0.3602364659309387,-0.18773938715457916,0.5600876212120056,0.37146103382110596,0.09639137238264084,0.3215199410915375,-0.2617732584476471,-0.0013689020415768027,-0.026329098269343376,0.19749949872493744,-0.2774420380592346,-0.46226975321769714,-0.058074839413166046,0.6380371451377869,-0.7307765483856201,0.26414892077445984,0.1318551003932953,-0.2426878809928894,-0.4564630091190338,0.31040555238723755,0.27623847126960754,-0.7107313871383667,-0.05906406044960022,-0.05997910350561142,0.16340665519237518,-0.5104559659957886,0.13168935477733612,0.024324623867869377,-0.22503769397735596
335.0,0.45061442255973816,0.5164674520492554,-0.08300257474184036,0.6317768096923828,-0.011407329700887203,-1.1018840074539185,-0.10271792858839035,0.08901271969079971,-0.4386533498764038,0.32212936878204346,-0.6349602937698364,0.002942125778645277,0.043788839131593704,0.25804197788238525,0.8051884174346924,0.3039662837982178,0.08317894488573074,-0.3289647400379181,-0.37554481625556946,0.14120233058929443,-0.2816956043243408,-0.2598666548728943,-0.4977222979068756,0.5194572806358337,-0.0930987074971199,0.009921914897859097,0.40719249844551086,-0.7324452996253967,0.3780205547809601,-0.12278960645198822,0.6910116672515869,0.945885956287384,-0.5916724801063538,-0.30976781249046326,0.09362507611513138,0.08213315159082413,-0.16660243272781372,0.47004178166389465,-0.04669541120529175,-0.011859085410833359,0.02797345072031021,-0.22159504890441895,0.02802114747464657,0.7884711027145386,0.25534355640411377,-0.44397327303886414,0.4280506670475006,0.2947511374950409,-0.057135842740535736,-0.2900404930114746,0.6805619597434998,0.3709949851036072,-0.3785489797592163,-0.4216236174106598,-0.382132351398468,0.927209734916687,-0.7620185613632202,0.1696949303150177,-0.045071329921483994,-0.06791552901268005,0.3876681625843048,-0.2916705012321472,0.15526634454727173,-0.5587119460105896
336.0,0.44029751420021057,0.5997944474220276,-0.29868581891059875,0.45352673530578613,-0.11353687942028046,-0.983039915561676,-0.03783190995454788,0.19934426248073578,-0.2607944905757904,0.08405356854200363,-0.46150991320610046,-0.11234153807163239,0.07416107505559921,0.08810660243034363,0.6879255771636963,0.31347498297691345,0.11265873163938522,-0.39136460423469543,-0.21168725192546844,0.0484292209148407,0.015084611251950264,-0.1649603396654129,-0.38800740242004395,0.5766268968582153,-0.047106653451919556,0.08309148252010345,0.21437175571918488,-0.7361237406730652,0.2900041341781616,0.03229430317878723,1.0564887523651123,0.7837396264076233,-0.6845172047615051,-0.20436717569828033,0.14318563044071198,0.20201967656612396,-0.04112039878964424,0.6733159422874451,-0.1750195473432541,0.12359827011823654,0.17813049256801605,-0.5351706743240356,-0.15957435965538025,0.7212323546409607,0.2356967329978943,-0.359369695186615,0.3598611652851105,0.35201287269592285,0.2671648859977722,-0.30103933811187744,0.7395961880683899,0.20703348517417908,-0.20378486812114716,-0.30862393975257874,-0.2704004943370819,0.8360385298728943,-0.9253066182136536,-0.09865836799144745,-0.18097500503063202,-0.36088940501213074,0.1111619621515274,-0.23827260732650757,0.1522219479084015,-0.5393168330192566
337.0,0.415934681892395,0.646327793598175,-0.087803915143013,0.6182898283004761,0.021979400888085365,-1.0294557809829712,-0.08711345493793488,0.13749025762081146,-0.39881011843681335,0.30868691205978394,-0.7066349983215332,-0.11625790596008301,0.1309807151556015,0.3253896236419678,0.762409508228302,0.31079262495040894,0.016186192631721497,-0.4525351822376251,-0.27524659037590027,0.07352755218744278,-0.34668296575546265,-0.2722807228565216,-0.49884486198425293,0.6260531544685364,-0.16921938955783844,0.16936729848384857,0.4586584270000458,-0.6417090892791748,0.4075963497161865,-0.03448571264743805,0.6620233654975891,0.8544367551803589,-0.5163074731826782,-0.42886605858802795,0.05218019336462021,0.06333961337804794,-0.20677067339420319,0.5524114966392517,-0.016618914902210236,0.005812374409288168,0.09600571542978287,-0.13781379163265228,0.07013430446386337,0.8938884139060974,0.2869923412799835,-0.4395902752876282,0.3816833794116974,0.3595508933067322,0.0055344607681035995,-0.33075639605522156,0.7199331521987915,0.3647633492946625,-0.3887230455875397,-0.5524965524673462,-0.2905418574810028,0.7492852807044983,-0.7400487065315247,0.1849304586648941,-0.010148231871426105,-0.11904420703649521,0.3011983335018158,-0.3514242172241211,0.117589071393013,-0.5926501750946045
338.0,0.404950886964798,0.5923702120780945,-0.051339440047740936,0.591680109500885,0.011197781190276146,-1.1742687225341797,-0.1354648917913437,0.02517777308821678,-0.506618082523346,0.3297450840473175,-0.6322457194328308,-0.0733434185385704,0.07430267333984375,0.22031933069229126,0.8041505217552185,0.3527849614620209,0.04395201429724693,-0.3665543794631958,-0.39968881011009216,0.06026322767138481,-0.3257792294025421,-0.2667756676673889,-0.6302563548088074,0.5473695397377014,-0.013225582428276539,0.05519149452447891,0.5304309129714966,-0.8083246350288391,0.4228019118309021,0.10350291430950165,0.7551462650299072,0.9534348249435425,-0.6443988084793091,-0.3528068959712982,0.04324435070157051,0.1499152034521103,-0.12253331393003464,0.539131224155426,-0.026286698877811432,-0.03403354436159134,0.05495136231184006,-0.1488054245710373,-0.017262548208236694,0.9162545204162598,0.25865864753723145,-0.46637728810310364,0.47330161929130554,0.4016437530517578,-0.13361109793186188,-0.3020841181278229,0.7622787356376648,0.32415637373924255,-0.44626757502555847,-0.5060327649116516,-0.37073126435279846,0.9499778151512146,-0.8140798807144165,0.0483555942773819,0.02703128010034561,-0.06996205449104309,0.45783546566963196,-0.2142578512430191,0.14883610606193542,-0.6008627414703369
339.0,0.38309821486473083,0.5480966567993164,-0.04502248391509056,0.6370756030082703,-0.02115110121667385,-0.9946561455726624,-0.21975232660770416,0.056808989495038986,-0.36797481775283813,0.2369450032711029,-0.6773356795310974,-0.06963957101106644,0.10503313690423965,0.27776914834976196,0.7099654078483582,0.362488716840744,-0.01267797127366066,-0.3898170292377472,-0.37548863887786865,0.19844919443130493,-0.42750421166419983,-0.3703855872154236,-0.5757467150688171,0.5227827429771423,-0.22268816828727722,0.04316641762852669,0.366178959608078,-0.7214319109916687,0.4242483079433441,-0.10642040520906448,0.6687398552894592,0.9165636897087097,-0.41428250074386597,-0.38692307472229004,0.09190549701452255,0.07014071196317673,-0.1872807741165161,0.5257906317710876,0.04274643585085869,-0.06020793318748474,-0.043156567960977554,-0.31032925844192505,0.0051285019144415855,0.6524158120155334,0.16089484095573425,-0.3955845534801483,0.35324034094810486,0.33780068159103394,0.11318760365247726,-0.45005086064338684,0.5463393926620483,0.45885148644447327,-0.17860203981399536,-0.4181881248950958,-0.3414273262023926,0.797325849533081,-0.7604392766952515,0.2447064369916916,-0.09872370213270187,-0.14530107378959656,0.4982345998287201,-0.31668969988822937,0.0906899943947792,-0.4888938367366791
340.0,-0.052883077412843704,0.10705800354480743,-0.4350384771823883,-0.634419858455658,-0.10338280349969864,-0.2379477620124817,-1.235253930091858,-0.5332866311073303,-0.991469144821167,-0.07260171324014664,-0.44049689173698425,-0.8711235523223877,-0.4366550147533417,0.23830243945121765,-0.4897289574146271,0.29189708828926086,0.018851248547434807,-0.4183434844017029,0.6669652462005615,0.476439505815506,0.13940618932247162,0.4851605296134949,-0.209081768989563,0.5547296404838562,-0.39330071210861206,-0.017625868320465088,-0.39238014817237854,-0.07876208424568176,0.22484013438224792,0.9898295998573303,0.8962756991386414,-0.2075587809085846,0.044140104204416275,-0.14287027716636658,-0.27805644273757935,0.6839154362678528,0.4833259582519531,0.9978960156440735,-1.6744236946105957,-0.5496535301208496,-0.2648392617702484,0.3218286335468292,0.11294391006231308,-0.13057079911231995,0.5569560527801514,0.45914924144744873,0.3853744566440582,0.5073360204696655,0.17712588608264923,0.10735634714365005,0.6494643688201904,-0.5317890048027039,0.5388665199279785,-0.35898444056510925,-0.23407678306102753,0.24269242584705353,-0.41045090556144714,-0.11636620759963989,0.32439807057380676,0.1424872726202011,0.15570956468582153,0.5583610534667969,0.21288998425006866,0.6954135894775391
341.0,-0.2079492211341858,0.16950218379497528,-0.3800223171710968,-0.4726686179637909,0.03067571297287941,-0.2129012942314148,-1.2273083925247192,-0.5279743075370789,-0.9312691688537598,-0.0732927918434143,-0.33732056617736816,-0.7009162902832031,-0.384248286485672,0.17600497603416443,-0.47028112411499023,0.14170944690704346,0.06459908932447433,-0.30764734745025635,0.4503346383571625,0.25288301706314087,0.045401737093925476,0.3353608250617981,-0.22419822216033936,0.4257192313671112,-0.4185749292373657,-0.007057969458401203,-0.2746792137622833,-0.19428925216197968,0.339171439409256,0.7677707672119141,0.7939294576644897,-0.06461452692747116,0.008445804938673973,-0.3098117709159851,-0.2260063886642456,0.49617698788642883,0.3543528914451599,0.7795261740684509,-1.4261606931686401,-0.5167635083198547,-0.23588266968727112,0.11294125765562057,0.19408224523067474,-0.06466837972402573,0.5515329241752625,0.29981091618537903,0.23474489152431488,0.4775634706020355,0.2605159282684326,0.02031758427619934,0.6178175210952759,-0.374212384223938,0.41429516673088074,-0.4434610605239868,-0.2402510643005371,0.23609387874603271,-0.5726485848426819,-0.03370814025402069,0.24613818526268005,0.16201536357402802,0.21827208995819092,0.6321854591369629,0.2656104266643524,0.4741128981113434
342.0,0.025209719315171242,0.23557406663894653,-0.3155578374862671,-0.4727533757686615,-0.09230371564626694,-0.11385471373796463,-1.3655290603637695,-0.49145177006721497,-1.0787447690963745,-0.42378297448158264,-0.6825340390205383,-0.9827455878257751,-0.400686651468277,0.07821349799633026,-0.3503222167491913,0.40050917863845825,-0.06954196095466614,-0.6042771339416504,0.5735112428665161,0.3237743377685547,-0.05809351056814194,0.564446210861206,-0.05021856352686882,0.4441225230693817,-0.34846827387809753,0.0926915854215622,-0.6932929158210754,-0.3058702349662781,0.3879184424877167,0.8062471151351929,0.9680985808372498,0.010088212788105011,-0.07566595822572708,-0.18142713606357574,-0.3334147334098816,0.792609453201294,0.5042428374290466,1.088758111000061,-1.6454535722732544,-0.4766731858253479,-0.13350915908813477,0.04308445379137993,0.16001564264297485,0.24403922259807587,0.529242217540741,0.5686482787132263,0.4466177523136139,0.47996780276298523,0.3114956021308899,0.04046356678009033,0.8028497099876404,-0.5382642149925232,0.4350832998752594,-0.530997633934021,-0.009717517532408237,0.3922451436519623,-0.8341172933578491,0.003781668609008193,0.2517782747745514,0.07088395953178406,0.10709142684936523,0.5759102702140808,0.2889188826084137,0.3366395831108093
343.0,-0.1863388866186142,0.05320756509900093,-0.3750417232513428,-0.6195937991142273,0.062139298766851425,-0.26499563455581665,-1.198743462562561,-0.5246527791023254,-0.9764447212219238,-0.01398756168782711,-0.31252041459083557,-0.7278199195861816,-0.4236619472503662,0.16705362498760223,-0.4785793721675873,0.217483252286911,0.12298712879419327,-0.2869059443473816,0.5441378355026245,0.27831223607063293,0.18942779302597046,0.4050549268722534,-0.08480212837457657,0.3451233208179474,-0.38194987177848816,0.04991796985268593,-0.30180659890174866,-0.11253583431243896,0.25460395216941833,0.8420515656471252,0.7696861028671265,-0.06965786218643188,-0.014133326709270477,-0.2798895537853241,-0.24757419526576996,0.605046272277832,0.4323895573616028,0.7494344711303711,-1.5821095705032349,-0.5240193605422974,-0.2162744104862213,0.1645023375749588,0.13797983527183533,-0.06404894590377808,0.5763199925422668,0.301358699798584,0.29041293263435364,0.4467155933380127,0.2102314829826355,0.17752665281295776,0.5925585031509399,-0.3856595456600189,0.3686019778251648,-0.3953655958175659,-0.25126123428344727,0.23749646544456482,-0.5355029106140137,-0.04423239082098007,0.30618447065353394,0.1423783302307129,0.17964594066143036,0.6622966527938843,0.3101451098918915,0.5714295506477356
344.0,-0.1790556162595749,0.039937712252140045,-0.3192805051803589,-0.5011322498321533,-0.0028089312836527824,-0.23758037388324738,-1.2138631343841553,-0.4943413734436035,-0.951535165309906,0.036287177354097366,-0.3722025752067566,-0.7207311391830444,-0.434978723526001,0.2105731964111328,-0.4390632212162018,0.24391219019889832,0.05142409726977348,-0.3315252661705017,0.4680584967136383,0.26832306385040283,-0.06485402584075928,0.3428252935409546,-0.15669089555740356,0.36293351650238037,-0.35142406821250916,0.08892754465341568,-0.3358860909938812,-0.17128197848796844,0.24587269127368927,0.8622508645057678,0.6973379850387573,-0.07275281846523285,0.03917855769395828,-0.28198108077049255,-0.22304046154022217,0.6549072861671448,0.4081647992134094,0.6988314986228943,-1.3532986640930176,-0.5811524391174316,-0.24351640045642853,0.1994265466928482,0.18191692233085632,-0.08064897358417511,0.5047098398208618,0.3162883520126343,0.29367607831954956,0.42724642157554626,0.16094975173473358,0.03832472488284111,0.5048391222953796,-0.29380980134010315,0.4070020616054535,-0.42194509506225586,-0.23344291746616364,0.13735131919384003,-0.5333731174468994,0.06992708146572113,0.27137333154678345,0.11307043582201004,0.2298642247915268,0.5609249472618103,0.283241868019104,0.4842226207256317
345.0,-0.07852361351251602,0.4427182674407959,0.023007508367300034,0.10445164144039154,-0.14386002719402313,-0.14658121764659882,-0.7317553758621216,-0.24902448058128357,-0.5638552904129028,-0.4210722744464874,0.6013503074645996,-0.3161787986755371,0.12453368306159973,-0.39069032669067383,0.33963721990585327,-0.3204363286495209,0.10448861122131348,0.05906163156032562,-0.5761467814445496,-0.1724826991558075,-0.8113588094711304,0.26055702567100525,-0.6483116149902344,-0.24969057738780975,0.5403259992599487,0.01971898041665554,-0.3380141258239746,-0.8745894432067871,0.15153971314430237,-0.28171029686927795,-0.08992363512516022,-0.041328899562358856,-0.6394148468971252,-0.23981919884681702,0.29564088582992554,0.636813759803772,0.3248821198940277,-0.2589702010154724,0.17098885774612427,0.35963836312294006,-0.028960881754755974,-0.4466089606285095,-0.4104296565055847,-0.17031556367874146,-0.18741819262504578,-0.5188354253768921,-0.15378956496715546,-0.37040406465530396,0.09584099054336548,0.1717602163553238,-0.07220087945461273,-0.3578670918941498,-0.9429316520690918,-0.10403384268283844,0.6213890910148621,0.24967160820960999,-0.6385436058044434,-0.12995268404483795,-0.5435562133789062,0.11261332035064697,0.006178061477839947,0.10187976062297821,0.6010650992393494,-0.7853220701217651
346.0,-0.08367647230625153,0.3142840564250946,-0.0014931740006431937,0.15973855555057526,-0.12936513125896454,-0.07573060691356659,-0.637642502784729,-0.23856818675994873,-0.613014280796051,-0.3712405562400818,0.4878770709037781,-0.3158210217952728,0.02472192794084549,-0.3762201964855194,0.20751075446605682,-0.36008161306381226,0.05607025697827339,0.0571073479950428,-0.561909019947052,-0.301843523979187,-0.8163519501686096,0.2654857635498047,-0.5376014113426208,-0.2194075733423233,0.5439212322235107,0.10321242362260818,-0.31949740648269653,-0.7968311309814453,0.18379351496696472,-0.1927158236503601,-0.08336784690618515,-0.0796271488070488,-0.5118513703346252,-0.20600782334804535,0.28768259286880493,0.5902687907218933,0.28340595960617065,-0.2288927286863327,0.2391185164451599,0.33364251255989075,-0.021685678511857986,-0.27804794907569885,-0.30882951617240906,-0.11120504140853882,-0.14001590013504028,-0.42797592282295227,-0.09262604266405106,-0.27730274200439453,0.09984486550092697,0.0655641034245491,-0.04453182965517044,-0.30059850215911865,-0.8744475841522217,-0.16705328226089478,0.6573278903961182,0.124314084649086,-0.5821924209594727,-0.08791513741016388,-0.4741870164871216,0.11197146773338318,-0.06711804121732712,0.2054041028022766,0.5596340894699097,-0.7416982650756836
347.0,-0.01841476745903492,0.22929327189922333,-0.10571177303791046,0.2978817820549011,-0.12347281724214554,-0.24123121798038483,-0.7860519289970398,-0.38787782192230225,-0.7930306792259216,-0.12360552698373795,0.48485270142555237,-0.4325948655605316,0.038003064692020416,-0.35687774419784546,0.26998499035835266,-0.4200923442840576,0.005120377987623215,-0.06233775243163109,-0.6236299872398376,-0.1712205410003662,-1.044219732284546,0.2730681598186493,-0.6984771490097046,-0.11967404186725616,0.517486035823822,0.06903090327978134,-0.31552326679229736,-0.8437246084213257,0.3444352447986603,-0.1237114891409874,-0.13221393525600433,-0.12650707364082336,-0.4903348386287689,-0.08852913230657578,0.34421566128730774,0.7377592325210571,0.34345418214797974,-0.2472357302904129,0.2885451316833496,0.3239893913269043,0.026245426386594772,-0.12768574059009552,-0.22448161244392395,-0.17016464471817017,-0.1408798098564148,-0.33313480019569397,-0.034372057765722275,-0.29797089099884033,-0.013235155493021011,0.1339033544063568,-0.08347482234239578,-0.22833742201328278,-0.8789798021316528,-0.08562808483839035,0.7205153107643127,0.17760920524597168,-0.7373045682907104,-0.07099893689155579,-0.4347168207168579,0.24172717332839966,0.034687258303165436,0.32428082823753357,0.570951521396637,-0.744221568107605
348.0,-0.08740745484828949,0.3065149784088135,-6.22989609837532e-05,0.38850873708724976,-0.11041956394910812,-0.08225773274898529,-0.6314365863800049,-0.2947476804256439,-0.6262875199317932,-0.28110694885253906,0.43435782194137573,-0.3285313546657562,0.08992104232311249,-0.3879777789115906,0.18986791372299194,-0.45068877935409546,-0.004402366932481527,0.002355914795771241,-0.5847310423851013,-0.38998016715049744,-0.9161277413368225,0.25820162892341614,-0.5702241063117981,-0.14517290890216827,0.4375159740447998,0.1641557514667511,-0.2820383906364441,-0.773234486579895,0.26046887040138245,-0.1861877590417862,-0.08716286718845367,0.025600414723157883,-0.34460216760635376,-0.18976792693138123,0.374644935131073,0.43419304490089417,0.16226361691951752,-0.2591750919818878,0.43575090169906616,0.27262234687805176,0.07504571229219437,-0.26725128293037415,-0.1654251217842102,-0.004046800080686808,-0.07010257989168167,-0.38173919916152954,-0.1883133500814438,-0.27350690960884094,0.055146560072898865,-0.022963009774684906,-0.04967578873038292,-0.16685543954372406,-0.8375542163848877,-0.265865296125412,0.688346266746521,0.08695615828037262,-0.7066076993942261,0.01387224905192852,-0.4157983064651489,0.257953017950058,-0.045290227979421616,0.2158842831850052,0.4813508093357086,-0.8078749775886536
349.0,0.017561715096235275,0.33301058411598206,-0.20479683578014374,0.14481221139431,-0.16106493771076202,-0.07071232050657272,-0.5395678877830505,-0.1639908105134964,-0.7975072264671326,-0.531818151473999,0.40760865807533264,-0.5866446495056152,-0.09184578061103821,-0.6674886345863342,0.03255119174718857,-0.41953909397125244,0.04280868172645569,-0.13450415432453156,-0.3827263116836548,-0.6428825855255127,-0.6647190451622009,0.45998403429985046,-0.4250858426094055,-0.08099279552698135,0.6729437112808228,0.38180485367774963,-0.37485644221305847,-0.9502112865447998,0.2688522934913635,0.0806989073753357,0.29798397421836853,-0.2351226806640625,-0.6751007437705994,-0.08985568583011627,0.5010212659835815,0.8019967675209045,0.46780744194984436,0.0362565778195858,0.22495248913764954,0.623873770236969,0.2061094343662262,-0.47715502977371216,-0.4047949016094208,0.14896522462368011,-0.09009456634521484,-0.29179006814956665,0.07004544138908386,-0.14491593837738037,0.3695518374443054,0.006174366921186447,0.10854867845773697,-0.3500499427318573,-1.0553520917892456,-0.26289018988609314,0.9945477247238159,0.0455835722386837,-0.9661407470703125,-0.27851012349128723,-0.6294481158256531,-0.11568091064691544,-0.4165281355381012,0.3907041847705841,0.7150439620018005,-0.975114643573761
350.0,0.06371916830539703,-0.9670764803886414,-0.5849103927612305,-0.01854470744729042,-0.4613305330276489,-0.11808119714260101,-0.5752034187316895,0.21010421216487885,-0.5107405185699463,0.49276497960090637,0.0021805153228342533,-0.4302683174610138,-0.4379483163356781,0.2964983582496643,-0.1966041922569275,0.21257901191711426,-0.12130431830883026,0.567634642124176,0.05320930480957031,0.5076326131820679,-0.1064203605055809,0.036312323063611984,0.1423378735780716,-0.11544312536716461,0.3291056156158447,-0.06113984435796738,-0.6635655760765076,0.017124997451901436,0.13516449928283691,-0.4413645267486572,0.9551916122436523,0.28706181049346924,0.41522592306137085,-0.199351504445076,-0.3028227984905243,1.4616470336914062,0.793387770652771,0.9431504607200623,-0.056981924921274185,-0.31032463908195496,0.06894551217556,-0.5690357685089111,-0.19581253826618195,-0.5089909434318542,0.07405021041631699,0.21684223413467407,0.05937341973185539,0.37988439202308655,0.3399772346019745,-0.6287708878517151,0.055270250886678696,0.07922294735908508,0.5070745348930359,0.03987809643149376,-0.9030502438545227,0.7880500555038452,0.0010448317043483257,-0.5729464888572693,0.33270418643951416,-0.028366215527057648,0.0360848568379879,0.3196593225002289,-0.27784574031829834,0.4146645963191986
351.0,0.13554289937019348,-1.0389888286590576,-0.5591099262237549,-0.05006764829158783,-0.5403311252593994,0.035460829734802246,-0.7381902933120728,0.15224701166152954,-0.5172529220581055,0.4910098612308502,0.06400848180055618,-0.6270897388458252,-0.41702723503112793,0.21933867037296295,-0.304244726896286,0.12162622809410095,-0.18551652133464813,0.7107473015785217,0.16508729755878448,0.42526793479919434,-0.08399170637130737,0.19682417809963226,0.01845995895564556,-0.1284749060869217,0.48810628056526184,-0.12340204417705536,-0.5872133374214172,0.026447420939803123,0.2149016410112381,-0.5600652694702148,0.9951043128967285,0.19024229049682617,0.4721815884113312,-0.18832820653915405,-0.3148179352283478,1.5287727117538452,0.8833728432655334,1.077426552772522,-0.06250648945569992,-0.32554346323013306,0.11515209823846817,-0.6017255187034607,-0.11109817773103714,-0.6185189485549927,0.015585231594741344,0.34073057770729065,-0.08860152214765549,0.3181886374950409,0.3000510334968567,-0.5996732711791992,0.10261265933513641,-0.013452994637191296,0.4622035622596741,0.060286588966846466,-0.9607311487197876,0.8945193290710449,-0.03819233179092407,-0.6606993675231934,0.3779398500919342,0.09746035933494568,-0.05616696551442146,0.2975657284259796,-0.26712703704833984,0.4459077715873718
352.0,0.07616204023361206,-1.0200303792953491,-0.5164727568626404,-0.04646438732743263,-0.4412422776222229,-0.045694500207901,-0.6132693290710449,0.22277218103408813,-0.41827020049095154,0.550855278968811,0.0359414704144001,-0.44250351190567017,-0.40666940808296204,0.3115251660346985,-0.196395143866539,0.1896572858095169,-0.12079620361328125,0.6005963683128357,0.032705944031476974,0.41549474000930786,-0.1506946086883545,0.04651213809847832,0.13658291101455688,-0.1773921549320221,0.35830405354499817,-0.049846455454826355,-0.5836672186851501,0.07199005037546158,0.15367364883422852,-0.48152345418930054,0.7839077115058899,0.24715489149093628,0.42980092763900757,-0.18800708651542664,-0.2931637167930603,1.4038680791854858,0.7475962042808533,0.8280829191207886,-0.007089443039149046,-0.3481656610965729,0.061353899538517,-0.5138128399848938,-0.08420366793870926,-0.5436937808990479,0.0045158094726502895,0.2365257740020752,0.010588576085865498,0.30047371983528137,0.2916899621486664,-0.5887370705604553,0.009133940562605858,0.14969715476036072,0.5205509662628174,0.07799989730119705,-0.8883578181266785,0.7316469550132751,-0.054915957152843475,-0.44983091950416565,0.33348509669303894,-0.03396802395582199,0.06060309708118439,0.2923112213611603,-0.2247644066810608,0.41660523414611816
353.0,0.22597600519657135,-1.0360159873962402,-0.4873352646827698,-0.0533607192337513,-0.5670512318611145,0.09329050779342651,-0.5631872415542603,0.3840738534927368,-0.4600665867328644,0.3145659863948822,-0.1062820702791214,-0.6651230454444885,-0.42682644724845886,0.15290497243404388,-0.22625750303268433,0.3025661110877991,-0.25308090448379517,0.4962832033634186,0.2064896523952484,0.4165039658546448,-0.0626232773065567,0.1516185700893402,0.38191667199134827,-0.25411731004714966,0.36373400688171387,0.02374373748898506,-0.8212583661079407,0.09272836893796921,0.24074938893318176,-0.5465049743652344,1.0557234287261963,0.3172621428966522,0.515892505645752,-0.04169877618551254,-0.31710585951805115,1.6163185834884644,0.9893615245819092,1.2454009056091309,0.026350371539592743,-0.26530906558036804,0.25954994559288025,-0.8289145827293396,-0.19347748160362244,-0.36678510904312134,-0.04359240457415581,0.46872666478157043,0.1227983683347702,0.4675087034702301,0.5566995739936829,-0.5862552523612976,0.14481569826602936,0.18504080176353455,0.6199648380279541,0.14235222339630127,-0.8090340495109558,0.8834459781646729,-0.2828010618686676,-0.5958261489868164,0.32204028964042664,-0.20924729108810425,-0.045735523104667664,0.30443981289863586,-0.2698078453540802,0.2923247814178467
354.0,0.07904432713985443,-0.9248145818710327,-0.5174227356910706,-0.05649423226714134,-0.4932478964328766,-0.06782924383878708,-0.6932511329650879,0.13202574849128723,-0.4625197649002075,0.5276970863342285,0.03424302116036415,-0.5499169826507568,-0.3533110022544861,0.31532132625579834,-0.22943909466266632,0.20841091871261597,-0.14981265366077423,0.5919325351715088,0.09990016371011734,0.44920283555984497,-0.18817710876464844,0.10208354890346527,0.01923467218875885,-0.07705886662006378,0.364666610956192,-0.052962757647037506,-0.5478768944740295,0.006178790237754583,0.1307688057422638,-0.4528733789920807,0.8824203610420227,0.19111186265945435,0.42734819650650024,-0.2931298613548279,-0.2987474799156189,1.490437626838684,0.7828955054283142,0.9514243602752686,-0.022069640457630157,-0.3637217879295349,0.08012158423662186,-0.5391718149185181,-0.12406463176012039,-0.5333495140075684,0.03439442440867424,0.2568785548210144,-0.09116547554731369,0.27775686979293823,0.201496884226799,-0.5945360660552979,0.04403848201036453,0.0003621545620262623,0.4457951784133911,-0.025790652260184288,-0.9252470135688782,0.7558255791664124,-0.024049339815974236,-0.5478095412254333,0.3845601975917816,0.04351141303777695,-0.001045144977979362,0.2382056564092636,-0.2275579273700714,0.42843154072761536
355.0,0.47945934534072876,-0.44270819425582886,-0.7728011608123779,0.486884206533432,-0.2489161640405655,-1.1465115547180176,-0.22429297864437103,0.40247616171836853,-0.6575523018836975,1.1804568767547607,-0.14029663801193237,-0.5943515300750732,-0.4223174452781677,0.5116961002349854,0.42262500524520874,-0.227322518825531,0.21194148063659668,0.11596241593360901,-0.3702511787414551,0.27212053537368774,-0.24015174806118011,-0.2201830893754959,-0.3307260572910309,0.5143048763275146,-0.12122823297977448,-0.12488540261983871,0.424195796251297,-0.22944454848766327,0.5178871154785156,-0.47752952575683594,0.521047055721283,0.10975395143032074,-0.1612158566713333,0.2018601894378662,0.7124103307723999,0.3594900965690613,0.478831946849823,0.5589141249656677,0.26314279437065125,0.15244033932685852,0.021784033626317978,-0.10890154540538788,0.16312257945537567,-0.3610950708389282,0.1640803962945938,-0.2440781444311142,0.5552327632904053,0.20832474529743195,-0.06473041325807571,-0.2219744473695755,0.494745135307312,0.5249906182289124,0.16882097721099854,0.4161996841430664,-0.28061386942863464,0.6906763911247253,-0.8216471672058105,-0.32703614234924316,-0.20260393619537354,-0.5191259980201721,0.05588217079639435,0.007783427834510803,0.2387930303812027,-0.005147861782461405
356.0,0.3570283353328705,-0.3734769821166992,-0.8721713423728943,0.3825511038303375,-0.24647925794124603,-1.3904496431350708,-0.27872899174690247,0.3924426734447479,-0.6545572280883789,1.4014897346496582,0.007703280542045832,-0.5444530844688416,-0.4657581150531769,0.6255068778991699,0.48901841044425964,-0.22914475202560425,0.3422642946243286,0.12078537046909332,-0.42463913559913635,0.4407649040222168,-0.30947378277778625,-0.35275182127952576,-0.5049158930778503,0.5709413886070251,-0.23014391958713531,-0.2043907344341278,0.49020302295684814,-0.3157202899456024,0.4616660177707672,-0.2763703167438507,0.5093940496444702,0.02488047629594803,-0.2844431698322296,0.2136634886264801,0.7971970438957214,0.4637167453765869,0.5879272818565369,0.45678699016571045,0.20982320606708527,0.07246246933937073,-0.09564097225666046,-0.1123182624578476,0.10573653876781464,-0.5056272745132446,0.17752626538276672,-0.349763959646225,0.5843493938446045,0.23367884755134583,-0.16831812262535095,-0.18783341348171234,0.4238574504852295,0.5179420709609985,0.24786268174648285,0.5491209626197815,-0.41690170764923096,0.6133294105529785,-0.862841784954071,-0.44446226954460144,-0.2449234277009964,-0.6255418658256531,0.20225182175636292,0.037432678043842316,0.25709718465805054,0.03730575367808342
357.0,0.29116666316986084,-0.3327192962169647,-0.9440991282463074,0.4713243842124939,-0.1324521005153656,-1.085629940032959,-0.2555391788482666,0.3407306373119354,-0.6803230047225952,1.230978012084961,-0.11576687544584274,-0.3794081509113312,-0.4536089599132538,0.4985194504261017,0.3584432601928711,-0.32924920320510864,0.2539784908294678,0.17288851737976074,-0.4784381091594696,0.2566545009613037,-0.2695309519767761,-0.37368905544281006,-0.34805646538734436,0.5473325848579407,-0.14085952937602997,-0.23897315561771393,0.3631727695465088,-0.3201822340488434,0.5835294127464294,-0.4115183651447296,0.6345180869102478,0.1493687927722931,-0.21748299896717072,0.09113624691963196,0.4577291011810303,0.38164272904396057,0.4794369339942932,0.47855958342552185,0.23463015258312225,0.08726036548614502,0.016138307750225067,-0.18153050541877747,0.21539349853992462,-0.354775071144104,0.18772615492343903,-0.2801000773906708,0.543793261051178,0.38667845726013184,0.10161623358726501,-0.289480060338974,0.5370673537254333,0.5529404878616333,0.18931812047958374,0.3442884385585785,-0.4445608854293823,0.6562379002571106,-0.7193901538848877,-0.36454373598098755,-0.2241600602865219,-0.5137829184532166,0.11847534030675888,0.23707948625087738,0.2257859706878662,-0.09754706919193268
358.0,0.5650305151939392,-0.3604885935783386,-0.8339487314224243,0.4662129282951355,-0.3343748152256012,-1.2142822742462158,-0.17896361649036407,0.5092653036117554,-0.5500308275222778,1.0984145402908325,-0.1723533272743225,-0.6704301238059998,-0.4077281951904297,0.48978695273399353,0.4998645782470703,-0.16027283668518066,0.20686456561088562,0.07013048231601715,-0.37837621569633484,0.3097821772098541,-0.14372877776622772,-0.28283947706222534,-0.2891479432582855,0.5273584723472595,-0.16097746789455414,-0.14494620263576508,0.4521516263484955,-0.29703137278556824,0.569453239440918,-0.5529800057411194,0.7028588056564331,0.12212327867746353,-0.21124602854251862,0.2552594840526581,0.7205016016960144,0.3844982385635376,0.5779491066932678,0.7793782353401184,0.3169323801994324,0.19757428765296936,0.07245641946792603,-0.3262886106967926,0.08528542518615723,-0.3303230404853821,0.10478567332029343,-0.19761480391025543,0.5443787574768066,0.28499677777290344,0.053859077394008636,-0.23593053221702576,0.6074137687683105,0.5236058831214905,0.3351096510887146,0.5498509407043457,-0.33820733428001404,0.8018903136253357,-1.0187686681747437,-0.5097957253456116,-0.24026818573474884,-0.7665776014328003,0.019194455817341805,-0.014917101711034775,0.2169462889432907,-0.041108690202236176
359.0,0.47958284616470337,-0.48410627245903015,-0.8689200282096863,0.48330724239349365,-0.27725598216056824,-1.315849781036377,-0.2069128155708313,0.4338729679584503,-0.7031995058059692,1.3096191883087158,-0.11239857226610184,-0.6239898800849915,-0.4839780330657959,0.5881705284118652,0.44693660736083984,-0.20709513127803802,0.2509796917438507,0.08111129701137543,-0.4224354028701782,0.3702589273452759,-0.2862517833709717,-0.3082575500011444,-0.3123674988746643,0.5621514916419983,-0.19946128129959106,-0.06766129285097122,0.4221033751964569,-0.22857610881328583,0.487980455160141,-0.45347559452056885,0.5540818572044373,0.06658237427473068,-0.14540217816829681,0.20464716851711273,0.7968171238899231,0.4701392948627472,0.5517514944076538,0.5811116099357605,0.3155212104320526,0.15445353090763092,-0.005175578407943249,-0.13638854026794434,0.10243211686611176,-0.4487813413143158,0.16679371893405914,-0.2873445749282837,0.5881256461143494,0.221872016787529,-0.07411300390958786,-0.24545352160930634,0.4606594443321228,0.5664793848991394,0.2506900727748871,0.4881223738193512,-0.29831287264823914,0.6411799192428589,-0.8606621623039246,-0.37497952580451965,-0.22986097633838654,-0.6558793783187866,0.05087357759475708,0.03632122650742531,0.28390538692474365,0.03934755176305771
360.0,0.13395573198795319,0.6772786378860474,-0.7901079058647156,-0.35881853103637695,0.21294793486595154,-0.08728372305631638,-0.6239542365074158,0.0867811068892479,-0.16018477082252502,0.32391396164894104,0.26899418234825134,0.11468196660280228,-0.027757961302995682,0.1523793488740921,-0.03483407571911812,-0.7570052146911621,0.22068874537944794,0.06379511207342148,-0.18909887969493866,-0.5113533735275269,0.19984562695026398,-0.14432738721370697,-0.5905173420906067,0.5110909938812256,0.11448528617620468,-0.5650457143783569,0.6972857713699341,-0.5464429259300232,0.658458948135376,0.36277469992637634,0.5297132730484009,-0.029681693762540817,-0.4745340943336487,-0.08428297936916351,-0.46931013464927673,-0.007619526702910662,-0.14861415326595306,0.28536826372146606,-0.9590446949005127,-0.3807836174964905,0.035858154296875,-0.16336315870285034,0.7464293837547302,-0.2849513292312622,0.005633586086332798,-0.040924109518527985,-0.3505891263484955,0.5665362477302551,0.625038743019104,0.23369145393371582,1.0013095140457153,0.04705062136054039,0.3077528178691864,0.18326860666275024,-0.8174294233322144,0.4207194745540619,-0.9971115589141846,0.08672720938920975,-0.22490721940994263,-0.33820411562919617,0.17126163840293884,0.7336134910583496,0.5032517313957214,-0.20255962014198303
361.0,0.26638177037239075,0.6719697713851929,-0.851868212223053,-0.37923216819763184,0.17851752042770386,-0.13664156198501587,-0.5667579174041748,0.09029567986726761,-0.1628103107213974,0.36732321977615356,0.2605540454387665,0.028438396751880646,-0.05921250209212303,0.0325905866920948,-0.07531528919935226,-0.8370656371116638,0.21398797631263733,0.07214894890785217,-0.10697158426046371,-0.6366065740585327,0.3924854099750519,-0.0935196802020073,-0.6060535907745361,0.5301805734634399,0.19461938738822937,-0.5699107050895691,0.947879433631897,-0.5680558085441589,0.7632959485054016,0.3834068179130554,0.653961181640625,-0.07667748630046844,-0.4700871407985687,0.03291758894920349,-0.40348899364471436,-0.06626686453819275,-0.12236538529396057,0.44896936416625977,-0.9654460549354553,-0.3235029876232147,0.12580154836177826,-0.16177652776241302,0.783877968788147,-0.26566070318222046,-0.016183776780962944,0.05370769649744034,-0.3783295154571533,0.6339626908302307,0.7143469452857971,0.3462732434272766,1.1240861415863037,0.10196191817522049,0.2981390655040741,0.30974799394607544,-0.8394320011138916,0.4907870590686798,-1.163927674293518,-0.03265365958213806,-0.21869094669818878,-0.40943044424057007,0.062129415571689606,0.8151335716247559,0.538806140422821,-0.18501798808574677
362.0,0.18443749845027924,0.6771724224090576,-0.8640926480293274,-0.3067522644996643,0.20479153096675873,-0.18561187386512756,-0.5730239748954773,0.09586196392774582,-0.24454674124717712,0.4194555878639221,0.2756510376930237,0.10115782916545868,-0.06125418096780777,0.14303211867809296,-0.026012780144810677,-0.8029801845550537,0.24880799651145935,-0.006910379976034164,-0.15246805548667908,-0.5174051523208618,0.2018636167049408,-0.14810332655906677,-0.5268127918243408,0.5441359877586365,0.07803716510534286,-0.4672486186027527,0.7036330699920654,-0.540795087814331,0.6688535213470459,0.40429097414016724,0.5967673659324646,-0.04810917377471924,-0.4296027421951294,-0.06622258573770523,-0.3951832354068756,0.05316374823451042,-0.1258595734834671,0.3239458501338959,-0.9185353517532349,-0.365022748708725,0.12207430601119995,-0.13998468220233917,0.7381763458251953,-0.23902460932731628,0.0814211517572403,-0.036371953785419464,-0.3526115417480469,0.5882625579833984,0.6684633493423462,0.28379109501838684,1.028751015663147,0.09560861438512802,0.24914149940013885,0.18945258855819702,-0.7868106961250305,0.3642530143260956,-1.0664201974868774,0.07276221364736557,-0.21873116493225098,-0.3568616211414337,0.05791236087679863,0.7774551510810852,0.5376940369606018,-0.24068979918956757
363.0,0.1803581565618515,0.7336546182632446,-0.8797563910484314,-0.30028867721557617,0.23944434523582458,-0.12657825648784637,-0.5502693057060242,0.11725755035877228,-0.2313648909330368,0.3423752784729004,0.19185569882392883,0.12455300241708755,-0.09484037011861801,0.13307900726795197,-0.05362650752067566,-0.8398146033287048,0.24904765188694,-0.029821565374732018,-0.15170663595199585,-0.540643036365509,0.25494691729545593,-0.15219207108020782,-0.43515661358833313,0.5568377375602722,0.0035715391859412193,-0.48719924688339233,0.7209804058074951,-0.4773956537246704,0.7171350717544556,0.2877846956253052,0.5611504912376404,-0.05389638990163803,-0.4003084599971771,-0.07033590227365494,-0.42694592475891113,-0.07705722004175186,-0.17642661929130554,0.34469032287597656,-0.9620887637138367,-0.3316583037376404,0.10078093409538269,-0.12031245976686478,0.8043128848075867,-0.2039428949356079,0.099469393491745,0.001906701596453786,-0.3499983847141266,0.6224636435508728,0.7545430660247803,0.3059185743331909,1.1134812831878662,0.09558245539665222,0.3055367171764374,0.17753764986991882,-0.7697033882141113,0.3588945269584656,-1.0570029020309448,0.1327361762523651,-0.21343570947647095,-0.36502572894096375,0.015599911101162434,0.8105557560920715,0.5480630397796631,-0.2513582706451416
364.0,0.4105955958366394,0.7783007025718689,-0.8106534481048584,-0.4290975332260132,0.05118117108941078,-0.1341906040906906,-0.4304763674736023,0.19863246381282806,-0.07774659991264343,0.17267440259456635,0.030593007802963257,0.0216665156185627,-0.1560361087322235,-0.0195482037961483,-0.1808759719133377,-0.7226899266242981,0.20670880377292633,-0.14085011184215546,0.05094905197620392,-0.6023375988006592,0.4367934763431549,-0.12326302379369736,-0.4715806245803833,0.652971088886261,0.051761195063591,-0.5303926467895508,0.9846348166465759,-0.609735369682312,0.6404579281806946,0.37629398703575134,0.6716510653495789,-0.2518492639064789,-0.5042083263397217,0.08425698429346085,-0.2484274059534073,-0.07010669261217117,-0.14781907200813293,0.5963416695594788,-0.9299514889717102,-0.19359371066093445,0.0676681324839592,-0.2981651723384857,0.7546618580818176,-0.272466778755188,-0.15380921959877014,0.19835102558135986,-0.3391309380531311,0.6228477358818054,0.8469353914260864,0.30610620975494385,1.0571473836898804,0.08659835904836655,0.43527472019195557,0.3841840922832489,-0.7539135217666626,0.3109750747680664,-1.1595228910446167,0.11829644441604614,-0.3838249742984772,-0.683188259601593,-0.04350379481911659,0.6055833697319031,0.6324678659439087,-0.19216881692409515
365.0,0.411014199256897,0.08827736228704453,-0.7684289813041687,0.3013639450073242,-0.24508030712604523,-0.49359819293022156,-0.48551538586616516,0.04634060710668564,-0.3956993818283081,-0.28821542859077454,-0.1260521560907364,-0.5862654447555542,0.3552006781101227,0.65131676197052,0.2522357702255249,0.13191570341587067,0.02322317659854889,-0.2569604516029358,0.11446934193372726,0.36612290143966675,0.14926481246948242,0.38767120242118835,-0.22349578142166138,0.7626306414604187,0.010703870095312595,0.2560811936855316,-0.748172402381897,-0.1957293450832367,-0.01461981050670147,-0.11874187737703323,1.210526466369629,0.5603713989257812,0.08218366652727127,-0.49334201216697693,0.05557398870587349,0.5098855495452881,-0.4421784579753876,0.8005340695381165,-1.0650959014892578,-0.07574930042028427,0.023295782506465912,0.02172372117638588,-0.251761257648468,-0.25018924474716187,0.6421845555305481,-0.4642069637775421,-0.19310377538204193,-0.10396629571914673,0.4895787537097931,-0.6580419540405273,0.43265068531036377,-0.32677388191223145,0.15307623147964478,-0.5755542516708374,-0.22041283547878265,0.6871294379234314,-0.13329024612903595,-0.02558049187064171,0.09763546288013458,0.2989043593406677,-0.2844533324241638,-0.29318177700042725,-0.1574305295944214,0.5850397348403931
366.0,0.32548296451568604,0.14576669037342072,-0.6918333768844604,0.4079578220844269,-0.2825274169445038,-0.3158220648765564,-0.5996384620666504,-0.09434707462787628,-0.2514376640319824,-0.3012738525867462,0.029884884133934975,-0.550134003162384,0.5594791769981384,0.7457197308540344,0.23038733005523682,0.019126035273075104,-0.027681833133101463,-0.16942095756530762,0.05626312643289566,0.3798884451389313,-0.01805758662521839,0.36438992619514465,-0.4998728036880493,0.7958720326423645,-0.09660021960735321,0.12500306963920593,-0.7717646360397339,-0.13391566276550293,-0.03607472404837608,-0.05463280528783798,1.0368226766586304,0.5742951035499573,0.2634529769420624,-0.4649076759815216,0.06439731270074844,0.2510448694229126,-0.6270735263824463,0.6297754049301147,-0.9489181041717529,-0.24214810132980347,-0.060313738882541656,0.08992676436901093,-0.1822328120470047,-0.426516056060791,0.596737265586853,-0.46453893184661865,-0.39665284752845764,-0.211749866604805,0.3825319707393646,-0.7196840047836304,0.24582014977931976,-0.3069758117198944,0.25373026728630066,-0.5542972683906555,-0.23107294738292694,0.5995387434959412,-0.08588849753141403,0.07205317169427872,0.10889105498790741,0.5224223732948303,-0.0917152538895607,-0.36319369077682495,-0.2827305197715759,0.665779709815979
367.0,0.24025821685791016,0.06200525537133217,-0.7116664052009583,0.3446398079395294,-0.29697322845458984,-0.25891733169555664,-0.7098696827888489,-0.048471782356500626,-0.37819188833236694,-0.2513844072818756,0.04307403787970543,-0.5575190186500549,0.4243621528148651,0.7404040694236755,0.16769184172153473,-0.07316150516271591,-0.02984164096415043,-0.16908207535743713,0.07524476200342178,0.3004205524921417,-0.16581934690475464,0.4491250216960907,-0.501308262348175,0.7165431976318359,0.06527234613895416,0.20496566593647003,-0.8807344436645508,-0.15449516475200653,-0.03828684240579605,0.03857990726828575,1.0301991701126099,0.5769839882850647,0.2955138087272644,-0.49446210265159607,0.08429495990276337,0.4538745582103729,-0.5971764922142029,0.5966413021087646,-0.9804505705833435,-0.3422795236110687,-0.1199246197938919,0.20471008121967316,-0.07851605862379074,-0.4900968074798584,0.6593805551528931,-0.49797138571739197,-0.4272839426994324,-0.14632683992385864,0.42572879791259766,-0.8249217867851257,0.2554844915866852,-0.2882493734359741,0.30328860878944397,-0.6278972625732422,-0.2765060067176819,0.5314621925354004,-0.04210355132818222,0.1459009051322937,0.13992996513843536,0.607343316078186,-0.07082363963127136,-0.3291848301887512,-0.2928470969200134,0.640415370464325
368.0,0.23922689259052277,0.015057709068059921,-0.672450065612793,0.2398810237646103,-0.2943819761276245,-0.27195215225219727,-0.6334966421127319,-0.07300496101379395,-0.28865355253219604,-0.32480841875076294,0.13640041649341583,-0.6222153902053833,0.5309157967567444,0.7427740097045898,0.1692199409008026,0.04285068064928055,0.01106936763972044,-0.046961475163698196,0.15923623740673065,0.3060793876647949,0.10009998828172684,0.4956091344356537,-0.5078332424163818,0.655786395072937,0.10477753728628159,0.21208961308002472,-0.8251690864562988,-0.09249446541070938,-0.0796503871679306,0.1206122487783432,1.1333469152450562,0.6180000901222229,0.28951478004455566,-0.48501089215278625,0.03877092897891998,0.4330219328403473,-0.5620587468147278,0.6884028315544128,-1.1219701766967773,-0.32233840227127075,-0.08752477169036865,0.18268786370754242,-0.2540363669395447,-0.4327104389667511,0.6783890724182129,-0.5229913592338562,-0.42783159017562866,-0.16476964950561523,0.3947431445121765,-0.7552796006202698,0.2670564353466034,-0.35952189564704895,0.2457919716835022,-0.5857545137405396,-0.32311567664146423,0.6153666973114014,-0.03398453816771507,-0.062492989003658295,0.21317224204540253,0.6078627109527588,-0.10783866047859192,-0.29230576753616333,-0.36081311106681824,0.7846459150314331
369.0,0.28109461069107056,-0.10551079362630844,-0.5451177358627319,0.3617917001247406,-0.31412941217422485,-0.3271661102771759,-0.6048218607902527,-0.07113923132419586,-0.3950577676296234,-0.24198652803897858,-0.068352110683918,-0.5191153883934021,0.3001716732978821,0.5645889639854431,0.1429169774055481,0.09296266734600067,0.00016547029372304678,0.006973656825721264,0.11964213848114014,0.3300478160381317,0.07626635581254959,0.4722178876399994,-0.37551966309547424,0.5217987298965454,0.11094219237565994,0.1969037503004074,-0.7042828798294067,-0.15784189105033875,-0.022973470389842987,-0.10835766047239304,1.041366696357727,0.6966518759727478,0.22507253289222717,-0.4289843440055847,0.09788475930690765,0.44242075085639954,-0.4591359794139862,0.6461737751960754,-0.9485905766487122,-0.2451239377260208,-0.10228253901004791,0.09322746843099594,-0.2060275673866272,-0.3119601905345917,0.6046348214149475,-0.4418547451496124,-0.2674623727798462,-0.1822374314069748,0.37986406683921814,-0.6929931044578552,0.22982855141162872,-0.2408699244260788,0.11842388659715652,-0.5631152391433716,-0.3124476671218872,0.6823658347129822,-0.08452487736940384,0.048320069909095764,0.18391604721546173,0.5941058397293091,-0.10439220070838928,-0.26312941312789917,-0.27619341015815735,0.6022473573684692
370.0,-0.41364917159080505,-0.07272149622440338,-0.32354268431663513,-0.4721231758594513,0.15738101303577423,-0.6045988202095032,-0.711395800113678,0.024342166259884834,-0.6231855750083923,0.5436304807662964,-0.19255109131336212,0.20348000526428223,-0.8472680449485779,0.1847667396068573,-0.32874825596809387,0.012173417955636978,0.38436055183410645,-0.20757584273815155,-0.10389984399080276,0.20341135561466217,-0.2965157628059387,-0.5713366270065308,0.439475417137146,-0.3832557797431946,-0.4216904640197754,0.38481757044792175,0.16396234929561615,-0.4016265869140625,0.32738807797431946,0.156932070851326,0.22860918939113617,0.10340195149183273,-0.07594167441129684,-0.6048141717910767,-0.07027143985033035,1.061639428138733,0.41110092401504517,0.12856806814670563,-0.5459192991256714,-0.44792577624320984,-0.34440165758132935,-0.23316653072834015,0.10754551738500595,-0.2313045710325241,0.1792183220386505,-0.1403219997882843,-0.06696178019046783,0.49764060974121094,0.8771779537200928,0.09843599796295166,0.13015663623809814,0.4994867444038391,0.3732322156429291,0.04551155865192413,-0.6334883570671082,-0.46129488945007324,-0.7500086426734924,0.41874268651008606,-0.05671484023332596,-0.6429793834686279,0.06969279795885086,0.8783484697341919,0.559887170791626,-0.02278214879333973
371.0,-0.3668510615825653,0.03160658851265907,-0.42931222915649414,-0.5601792335510254,0.18415527045726776,-0.5246331691741943,-0.8561367392539978,-0.02551729790866375,-0.6286371946334839,0.5461964011192322,-0.16091547906398773,0.19252470135688782,-0.8107428550720215,0.16378901898860931,-0.4009905159473419,-0.0922621339559555,0.35916703939437866,-0.2529217600822449,-0.06960764527320862,0.23099374771118164,-0.3075096011161804,-0.6139212846755981,0.2659560739994049,-0.30940109491348267,-0.41114193201065063,0.29523134231567383,0.2559790015220642,-0.4664832055568695,0.4473988711833954,0.24778614938259125,0.3140139877796173,0.026523366570472717,-0.03178214281797409,-0.5756555795669556,-0.13020473718643188,1.0647400617599487,0.36458584666252136,0.18361611664295197,-0.7313321232795715,-0.4845794439315796,-0.40235668420791626,-0.1855337768793106,0.18374842405319214,-0.44701796770095825,0.10966438055038452,-0.09989216178655624,-0.1442444622516632,0.5631210803985596,1.1114946603775024,0.1306459903717041,0.16361519694328308,0.521571934223175,0.4720276892185211,0.16872632503509521,-0.6841209530830383,-0.5135732293128967,-0.7798135280609131,0.48407524824142456,-0.1542588621377945,-0.665387749671936,0.08962883800268173,0.969007134437561,0.6070827841758728,0.04934799671173096
372.0,-0.3749414384365082,-0.06458693742752075,-0.43379712104797363,-0.39140060544013977,0.09989456832408905,-0.5217145681381226,-0.7693811655044556,-0.009682130999863148,-0.7000204920768738,0.5788958668708801,-0.16944648325443268,0.12737642228603363,-0.8276544809341431,0.24723601341247559,-0.3618594706058502,-0.09521517902612686,0.28146153688430786,-0.232872873544693,-0.1573590338230133,0.1852790266275406,-0.4574809968471527,-0.5955509543418884,0.3472330868244171,-0.22478003799915314,-0.47970083355903625,0.32237961888313293,0.06259964406490326,-0.3786054849624634,0.3958568274974823,0.22347024083137512,0.2964036762714386,0.02928292565047741,0.0681246891617775,-0.5298300385475159,-0.1085919439792633,1.0382249355316162,0.441015362739563,0.24063323438167572,-0.43495288491249084,-0.511895477771759,-0.30624985694885254,-0.23152215778827667,0.19355635344982147,-0.32451149821281433,0.15894536674022675,-0.04682733863592148,-0.07173456996679306,0.5834552049636841,0.861023485660553,-0.013141397386789322,0.17814764380455017,0.5081926584243774,0.4941819906234741,0.03735865280032158,-0.6104045510292053,-0.46763646602630615,-0.7469444870948792,0.42698976397514343,-0.09496007859706879,-0.6160115003585815,0.12216681241989136,0.9044992327690125,0.5503601431846619,-0.007889533415436745
373.0,-0.19885732233524323,0.10934082418680191,-0.5057294368743896,-0.574409544467926,0.1904420405626297,-0.5744585990905762,-0.7033857703208923,0.0689893513917923,-0.6252883672714233,0.4374660849571228,-0.37622010707855225,0.1466725468635559,-0.8135270476341248,0.1672690212726593,-0.37713897228240967,0.06084031984210014,0.32548218965530396,-0.4117884039878845,0.04120957478880882,0.36461395025253296,-0.15725640952587128,-0.6368879079818726,0.33244702219963074,-0.1121387705206871,-0.4904312789440155,0.2302646040916443,0.23956744372844696,-0.485365092754364,0.44940435886383057,0.2806141972541809,0.49074479937553406,-0.03264155983924866,-0.14422853291034698,-0.48923221230506897,-0.16820946335792542,1.0670762062072754,0.41919639706611633,0.4241817593574524,-0.879102349281311,-0.31322211027145386,-0.38578927516937256,-0.27887535095214844,0.11308042705059052,-0.3539973795413971,0.05744500458240509,0.009982645511627197,0.10323480516672134,0.6597039699554443,1.193130373954773,0.10902802646160126,0.2552957832813263,0.46434837579727173,0.4952456057071686,0.20923824608325958,-0.6283590793609619,-0.4198901057243347,-0.7230960726737976,0.3953169882297516,-0.2490556687116623,-0.8710639476776123,0.0505494549870491,0.8884352445602417,0.6195762753486633,0.07103190571069717
374.0,-0.3911310136318207,-0.06441716849803925,-0.33670875430107117,-0.45003512501716614,0.17594079673290253,-0.5851646065711975,-0.8670895099639893,-0.032997604459524155,-0.698522686958313,0.6336542367935181,-0.22384189069271088,0.09940887987613678,-0.8305167555809021,0.17627067863941193,-0.3314851224422455,0.023565679788589478,0.3163644075393677,-0.2502833306789398,-0.06478443741798401,0.34034469723701477,-0.42405417561531067,-0.6519296765327454,0.27014198899269104,-0.3800038993358612,-0.4493401050567627,0.38019371032714844,0.19014088809490204,-0.40604057908058167,0.45577725768089294,0.18995830416679382,0.30069971084594727,0.09869412332773209,0.0715368315577507,-0.5892932415008545,-0.05793697014451027,1.0744637250900269,0.4579552114009857,0.21543599665164948,-0.5410367846488953,-0.47098037600517273,-0.3992151916027069,-0.142608642578125,0.10767257958650589,-0.40082454681396484,0.15704825520515442,-0.1563999503850937,-0.031448908150196075,0.5575191378593445,1.0365830659866333,0.06192123517394066,0.09364630281925201,0.6093753576278687,0.42981651425361633,0.15264052152633667,-0.6237866282463074,-0.5105814337730408,-0.6975445747375488,0.41944754123687744,-0.1096930280327797,-0.6025757193565369,0.11607956141233444,0.8597959280014038,0.49292486906051636,0.04568520560860634
375.0,-0.207016721367836,-0.19522184133529663,-1.0709762573242188,-0.08640588819980621,-0.46111419796943665,-0.08574891090393066,-0.42138293385505676,0.7405372858047485,-0.15160289406776428,0.8967177867889404,0.30722883343696594,0.2914670705795288,-0.6544719338417053,0.3792285621166229,-0.04417445510625839,-0.5787420272827148,0.33934465050697327,0.1955731362104416,-0.1804260015487671,0.08108178526163101,-0.686381459236145,-0.04948115348815918,-0.1094059944152832,0.3480086624622345,0.39167338609695435,-0.1884901076555252,-0.555443286895752,-0.2775231897830963,-0.18067698180675507,0.08537483215332031,0.2430083006620407,-0.27986791729927063,-0.3988385498523712,0.0005919467657804489,-0.037035007029771805,1.2661422491073608,0.32472312450408936,-0.29537907242774963,0.09056846052408218,-0.373243123292923,0.0321442075073719,-0.1868184357881546,0.5655233860015869,-0.7488686442375183,-0.0592791922390461,-0.11473891139030457,0.0059312195517122746,0.31367069482803345,0.4662768542766571,-0.554864227771759,0.03868114948272705,0.268322229385376,0.4994385242462158,0.17002014815807343,-0.9027352929115295,-0.2325884848833084,-0.19637122750282288,0.23322902619838715,-0.34063854813575745,-0.436574250459671,-0.08832641690969467,0.23211291432380676,0.1715109795331955,-0.41066810488700867
376.0,-0.18882660567760468,-0.1674756407737732,-1.2138274908065796,-0.12039144337177277,-0.46572208404541016,-0.09880748391151428,-0.447768896818161,0.7771427035331726,-0.1543380618095398,1.00956130027771,0.3832412362098694,0.3856900930404663,-0.6826997399330139,0.4275883138179779,-0.0639813095331192,-0.6969680190086365,0.36984285712242126,0.20068836212158203,-0.21281589567661285,0.024081934243440628,-0.7334608435630798,-0.06419920921325684,-0.17586785554885864,0.42795515060424805,0.4892714321613312,-0.21595141291618347,-0.5227428674697876,-0.36074480414390564,-0.17950478196144104,0.18418000638484955,0.27934736013412476,-0.33946871757507324,-0.452968567609787,-0.00641261599957943,-0.09640692174434662,1.4099777936935425,0.27950695157051086,-0.3413785398006439,0.02165388874709606,-0.4243689775466919,0.031024305149912834,-0.12751103937625885,0.6517962217330933,-0.8490380644798279,-0.08372779935598373,-0.1319967657327652,-0.07457726448774338,0.348285436630249,0.5272819399833679,-0.5600600242614746,0.07837963104248047,0.26342442631721497,0.49378320574760437,0.1899745613336563,-1.026593565940857,-0.3001202940940857,-0.21957792341709137,0.29225820302963257,-0.37751054763793945,-0.45459166169166565,-0.12122583389282227,0.33011361956596375,0.23650190234184265,-0.4340966045856476
377.0,-0.049240145832300186,-0.037121303379535675,-1.1676604747772217,-0.16891787946224213,-0.4563206732273102,-0.19948534667491913,-0.39477792382240295,0.7409635186195374,-0.2183922529220581,0.7347723245620728,0.244756281375885,0.3281560242176056,-0.6820333003997803,0.36906883120536804,-0.07934834063053131,-0.571884036064148,0.3728204071521759,0.03782530501484871,-0.1742658019065857,0.09771167486906052,-0.5692198872566223,-0.10627109557390213,0.06803034991025925,0.43585261702537537,0.2615925669670105,-0.16061624884605408,-0.5367406606674194,-0.43091464042663574,-0.1981850564479828,0.023763014003634453,0.3888797461986542,-0.3257811665534973,-0.4710690677165985,-0.08429733663797379,-0.05208771303296089,1.345719575881958,0.3193821310997009,-0.11122731119394302,-0.09411899745464325,-0.28951603174209595,0.04334424063563347,-0.38503584265708923,0.4954260587692261,-0.7515293955802917,-0.09435100108385086,-0.05888194590806961,-0.10716404020786285,0.3288958668708801,0.6697738170623779,-0.42742881178855896,0.13952238857746124,0.19099198281764984,0.5039420127868652,0.2000397890806198,-0.8976637125015259,-0.2370205819606781,-0.35301920771598816,0.3133222758769989,-0.4699244499206543,-0.6789306402206421,-0.22729788720607758,0.2993741035461426,0.4127253592014313,-0.4240865409374237
378.0,-0.14761857688426971,-0.15349215269088745,-1.1405243873596191,-0.08849537372589111,-0.40340396761894226,0.007287612184882164,-0.3277939558029175,0.7490406036376953,-0.12937934696674347,0.8518296480178833,0.27200889587402344,0.3898727297782898,-0.6232869625091553,0.40967077016830444,-0.09107527881860733,-0.6592115759849548,0.3446505069732666,0.1430942267179489,-0.1349877566099167,0.029060805216431618,-0.5782068967819214,-0.008182709105312824,0.015005532652139664,0.4370977282524109,0.38362064957618713,-0.1912870705127716,-0.5874320864677429,-0.16426512598991394,-0.24420581758022308,0.057609472423791885,0.20462287962436676,-0.3394163250923157,-0.35574838519096375,0.008221583440899849,-0.11126712709665298,1.1148667335510254,0.18467986583709717,-0.3437890112400055,-0.02496279962360859,-0.3454620838165283,0.06780342757701874,-0.05299661308526993,0.6390894055366516,-0.7512778639793396,-0.018694806843996048,-0.08125618100166321,-0.03250040113925934,0.30183979868888855,0.5039618015289307,-0.4945741891860962,0.08147139847278595,0.2188812792301178,0.490286260843277,0.13474880158901215,-0.8663514256477356,-0.3159652054309845,-0.035752519965171814,0.3711073696613312,-0.3342885375022888,-0.38660067319869995,-0.21665014326572418,0.21710139513015747,0.20801584422588348,-0.3649905323982239
379.0,-0.16805528104305267,-0.06024815887212753,-1.053792119026184,-0.18340958654880524,-0.5389499664306641,-0.0864916518330574,-0.4988376498222351,0.809533953666687,-0.020857812836766243,0.886698842048645,0.43505850434303284,0.3423442542552948,-0.5740774869918823,0.38269463181495667,0.07088170945644379,-0.5909213423728943,0.38232019543647766,0.2113349735736847,-0.1741025298833847,0.049699317663908005,-0.6863850951194763,0.014661327935755253,-0.19837118685245514,0.2987297773361206,0.5158295631408691,-0.22733241319656372,-0.5352061986923218,-0.36074918508529663,-0.25782307982444763,0.1046646311879158,0.22719499468803406,-0.22814126312732697,-0.49481287598609924,-0.0126081183552742,-0.07680337131023407,1.3492521047592163,0.2648186981678009,-0.3533862829208374,0.003673686645925045,-0.4870397746562958,0.03567458316683769,-0.2469058781862259,0.5996971726417542,-0.7784792184829712,-0.10868556052446365,-0.15975376963615417,-0.17733357846736908,0.2553480863571167,0.4777447581291199,-0.48238760232925415,0.06830132752656937,0.2513003349304199,0.5271371006965637,0.2206721305847168,-1.0516475439071655,-0.169841930270195,-0.3379099369049072,0.3044714331626892,-0.34776800870895386,-0.423263281583786,-0.051153261214494705,0.1438945233821869,0.20483596622943878,-0.4759131968021393
380.0,-0.45877811312675476,-0.15213072299957275,-0.6409515738487244,0.28218454122543335,0.1809249371290207,-0.16939868032932281,-0.46545061469078064,-0.3494063913822174,-0.4059630036354065,0.6011641025543213,0.5080947875976562,0.03716866299510002,-0.047546204179525375,0.09651722759008408,-0.19923512637615204,-0.5944589972496033,0.19597910344600677,0.49425292015075684,-0.21415260434150696,-0.1250973790884018,-0.23156365752220154,0.09584791213274002,-0.8694218397140503,0.4079705476760864,0.2644061744213104,-0.38336846232414246,-0.07234783470630646,-0.3361930549144745,0.1715284138917923,0.32417595386505127,0.32782667875289917,-0.03421185910701752,-0.2091342657804489,-0.13580560684204102,0.1036711186170578,0.059304460883140564,-0.031108370050787926,-0.45994818210601807,-0.18237043917179108,-0.1063782200217247,-0.10934974253177643,0.1536962389945984,0.2567278742790222,-0.5031793713569641,0.3578331768512726,-0.37613505125045776,-0.040652550756931305,0.010682882741093636,-0.14012937247753143,-0.41907480359077454,-0.05980458855628967,-0.11974874138832092,-0.3274208903312683,-0.2822166383266449,-0.26940104365348816,0.13430486619472504,0.09613801538944244,-0.32225117087364197,-0.10165585577487946,0.6834850907325745,0.1597031056880951,0.41412797570228577,-0.11375081539154053,0.028838476166129112
381.0,-0.5910414457321167,-0.1052803173661232,-0.5821623802185059,0.22828924655914307,0.218304842710495,-0.1083611398935318,-0.6287526488304138,-0.4708326458930969,-0.22330377995967865,0.6110838055610657,0.7480196952819824,0.029826175421476364,0.175187885761261,0.023088760673999786,-0.10806716233491898,-0.5775283575057983,0.10969322919845581,0.6962149143218994,-0.3806415796279907,-0.35166776180267334,-0.39107444882392883,0.15087860822677612,-1.510263442993164,0.5423629879951477,0.5097838044166565,-0.6692197322845459,0.013122445903718472,-0.5962778925895691,0.21387365460395813,0.7800261974334717,0.34638577699661255,0.08041726052761078,-0.49975040555000305,-0.04330684244632721,0.04135902225971222,-0.045281749218702316,-0.08250536024570465,-0.6873175501823425,-0.15117569267749786,-0.20606443285942078,-0.13445940613746643,0.01592768356204033,0.28089404106140137,-0.54960697889328,0.17520853877067566,-0.40898892283439636,0.09248640388250351,0.01601218618452549,-0.45656540989875793,-0.619209349155426,-0.2267056107521057,-0.12388016283512115,-0.4021846652030945,-0.32423582673072815,-0.34338486194610596,0.37542468309402466,-0.03694995865225792,-0.4205282926559448,-0.14246384799480438,0.7795817852020264,0.6894801259040833,0.3732357919216156,-0.20526465773582458,-0.035384293645620346
382.0,-0.3796161711215973,-0.08027293533086777,-0.4214203357696533,0.23134875297546387,0.17974060773849487,-0.11259621381759644,-0.5155076384544373,-0.369501531124115,-0.2267109602689743,0.3386804163455963,0.37498465180397034,0.07488832622766495,0.08564306050539017,0.0641704574227333,-0.06147110089659691,-0.35049471259117126,0.08299607783555984,0.4541694223880768,-0.31057819724082947,-0.14377520978450775,-0.2229524552822113,0.0930652990937233,-0.9299551248550415,0.4178987443447113,0.24674972891807556,-0.4945526123046875,-0.09845814108848572,-0.42334914207458496,0.16194280982017517,0.2843303084373474,0.2761610448360443,0.1908278614282608,-0.3289584517478943,-0.15576308965682983,2.5070912670344114e-05,-0.12957099080085754,-0.16709880530834198,-0.47536349296569824,-0.23348429799079895,-0.1463775485754013,-0.15542614459991455,-0.07899875193834305,0.19968776404857635,-0.43118131160736084,0.1778361052274704,-0.29090139269828796,0.015270071104168892,-0.0429014228284359,-0.2035893201828003,-0.4626188278198242,-0.13414794206619263,-0.0985000729560852,-0.2455921322107315,-0.3176417648792267,-0.2570088803768158,0.33995792269706726,0.005321107339113951,-0.11736103892326355,-0.1277640014886856,0.5805245041847229,0.4771462082862854,0.21832969784736633,-0.06534849107265472,0.034270018339157104
383.0,-0.4102812111377716,-0.03013276495039463,-0.500916600227356,0.18882690370082855,0.21757836639881134,-0.27605339884757996,-0.4163060486316681,-0.32931187748908997,-0.4086333215236664,0.4064975678920746,0.24086321890354156,0.14248543977737427,-0.09344260394573212,0.08197231590747833,-0.22327375411987305,-0.3501463532447815,0.13759110867977142,0.23501786589622498,-0.3534313142299652,-0.05850110948085785,-0.29482054710388184,-0.14901487529277802,-0.6262277364730835,0.4073120653629303,-0.05869074910879135,-0.29472270607948303,0.0052246274426579475,-0.42279472947120667,0.16983163356781006,0.3226880133152008,0.2457084059715271,0.016978122293949127,-0.25523069500923157,-0.24884361028671265,0.06883694231510162,0.04463251307606697,-0.03938215225934982,-0.3378739058971405,-0.16808730363845825,-0.06324079632759094,-0.2212442308664322,-0.0652243122458458,0.1272168755531311,-0.381676584482193,0.17680425941944122,-0.2727106511592865,0.12663419544696808,0.13428117334842682,-0.00115145742893219,-0.3974127173423767,-0.1235409528017044,0.0039636846631765366,-0.1663038283586502,-0.28098103404045105,-0.14802546799182892,0.034956783056259155,-0.016711927950382233,-0.05051403492689133,-0.21574914455413818,0.2646665573120117,0.36908334493637085,0.44094979763031006,0.1321401298046112,0.012426662258803844
384.0,-0.48963290452957153,-0.04444047436118126,-0.5014967918395996,0.17112568020820618,0.12522147595882416,-0.17243248224258423,-0.633834719657898,-0.44824522733688354,-0.20208869874477386,0.5636688470840454,0.7639577984809875,-0.0819062814116478,0.208018496632576,0.006994656752794981,-0.049637727439403534,-0.5114831924438477,0.17343980073928833,0.6399487853050232,-0.2698853015899658,-0.2618670165538788,-0.25083398818969727,0.22039566934108734,-1.401806354522705,0.45631545782089233,0.4809674918651581,-0.600341260433197,0.050894804298877716,-0.5449682474136353,0.1988152712583542,0.6355645656585693,0.35900264978408813,0.08036880195140839,-0.47071030735969543,-0.060432251542806625,0.1515141725540161,0.01030321978032589,-0.05244133993983269,-0.5666869878768921,-0.24960803985595703,-0.19340060651302338,-0.10701610893011093,-0.016965512186288834,0.2119157910346985,-0.5118288397789001,0.20702174305915833,-0.40923014283180237,-0.04157352074980736,-0.10609103739261627,-0.3941580057144165,-0.4178803861141205,-0.15926943719387054,-0.17304672300815582,-0.3994690179824829,-0.250270277261734,-0.3153340816497803,0.4091571867465973,-0.14976587891578674,-0.45490092039108276,-0.10669473558664322,0.7706196308135986,0.5712293982505798,0.29507726430892944,-0.13597147166728973,-0.02107180468738079
385.0,-0.4074363708496094,0.01565597765147686,-0.18119142949581146,0.18804161250591278,0.09630052000284195,-0.006625660229474306,-0.7966278195381165,-0.3285145163536072,-0.08517023921012878,0.26786869764328003,0.3193727731704712,0.09384232759475708,0.05760938301682472,0.1182057112455368,0.11272604018449783,-0.2639220654964447,0.04278626665472984,0.6140334606170654,-0.47962164878845215,-0.15493245422840118,-0.46963149309158325,0.042895182967185974,-1.2877200841903687,0.2128206342458725,0.44541606307029724,-0.7529205083847046,0.04890112951397896,-0.6492806673049927,0.29635629057884216,0.28985148668289185,0.12708240747451782,0.3528788685798645,-0.4668649435043335,-0.08041896671056747,-0.17222623527050018,-0.108938068151474,-0.10551297664642334,-0.4771113097667694,-0.20036804676055908,-0.41062575578689575,-0.38188230991363525,-0.05630254000425339,0.33074483275413513,-0.4223763048648834,-0.06028364598751068,-0.28417932987213135,0.023365946486592293,0.006617304403334856,-0.3778320848941803,-0.5965408682823181,-0.059011757373809814,-0.07479260861873627,-0.023943856358528137,-0.20102061331272125,-0.5248559713363647,0.6287975311279297,-0.1881502866744995,-0.09504006057977676,-0.10587356984615326,0.5604713559150696,0.9116019606590271,0.179080069065094,-0.18727879226207733,-0.0723203718662262
386.0,-0.39897915720939636,0.05026095733046532,-0.15842950344085693,0.13237248361110687,0.03393922746181488,-0.05249647796154022,-0.8580158948898315,-0.3869640827178955,-0.07418898493051529,0.24963587522506714,0.4987460970878601,-0.0357283316552639,0.1651691496372223,0.03452587127685547,0.1487843543291092,-0.2919343113899231,0.059528857469558716,0.6327759027481079,-0.3876821994781494,-0.16648916900157928,-0.4043790102005005,0.18064342439174652,-1.3926178216934204,0.19270683825016022,0.5033853650093079,-0.6946417689323425,0.05577101185917854,-0.6661032438278198,0.25066739320755005,0.37494614720344543,0.20589932799339294,0.3600318729877472,-0.5083921551704407,-0.06730041652917862,-0.060453057289123535,0.012155391275882721,-0.08985906839370728,-0.4438300132751465,-0.27130186557769775,-0.4014055132865906,-0.31412050127983093,-0.15649394690990448,0.27786919474601746,-0.43656912446022034,-0.023271044716238976,-0.3234904408454895,-0.12387668341398239,-0.08306615054607391,-0.37439897656440735,-0.4657670259475708,-0.07012372463941574,-0.1240980476140976,-0.14133389294147491,-0.17955324053764343,-0.5199325084686279,0.6706476807594299,-0.36162495613098145,-0.19831323623657227,-0.09048078954219818,0.6523610353469849,0.8690236210823059,0.13778360188007355,-0.1622743010520935,-0.07804276049137115
387.0,-0.3428545594215393,-0.019971057772636414,-0.17626819014549255,0.19310212135314941,0.11346461623907089,0.015176983550190926,-0.5691881775856018,-0.29665499925613403,-0.14341387152671814,0.2445380985736847,0.2935372591018677,0.04036911576986313,0.04099561274051666,0.05918337404727936,0.028502551838755608,-0.2739645540714264,0.02514558658003807,0.47663864493370056,-0.3544768989086151,-0.11931240558624268,-0.3740578889846802,0.04173547029495239,-0.9212294816970825,0.18026524782180786,0.30657145380973816,-0.5014392733573914,0.004860772285610437,-0.4343007504940033,0.2476017326116562,0.2219734936952591,0.1110759973526001,0.22344553470611572,-0.27376291155815125,-0.09517434984445572,-0.10438009351491928,-0.07290583848953247,-0.07543770223855972,-0.3768988251686096,-0.09151031076908112,-0.24898631870746613,-0.2500345706939697,0.0033421250991523266,0.25014787912368774,-0.30721649527549744,0.03494623303413391,-0.241215318441391,0.009864388965070248,-0.010636272840201855,-0.2502427101135254,-0.4467690587043762,-0.06705110520124435,-0.07956834882497787,-0.11046914011240005,-0.18946343660354614,-0.32792654633522034,0.3849329352378845,-0.08190322667360306,-0.10582805424928665,-0.07397277653217316,0.5205140709877014,0.5586161613464355,0.2169719636440277,-0.1323946863412857,-0.06921765208244324
388.0,-0.3401123881340027,0.05603952333331108,-0.1125078946352005,0.07005652785301208,0.04863541200757027,-0.135453999042511,-0.5885741114616394,-0.2074214220046997,-0.11743466556072235,0.2023468166589737,0.17576846480369568,-0.004487904720008373,0.03330741822719574,0.1969730108976364,0.1269207000732422,-0.08555282652378082,0.035451360046863556,0.3060135841369629,-0.3520652651786804,0.028100118041038513,-0.39842718839645386,-0.036317434161901474,-0.6778497099876404,0.12371572107076645,0.1444125473499298,-0.32583433389663696,-0.049945030361413956,-0.31959009170532227,0.16705653071403503,0.06514723598957062,0.04933856427669525,0.25474441051483154,-0.25745058059692383,-0.273084819316864,-0.13016991317272186,0.08075467497110367,-0.011732179671525955,-0.2161448448896408,-0.10564233362674713,-0.29649046063423157,-0.24049891531467438,-0.06421040743589401,0.14133602380752563,-0.19097377359867096,0.10183330625295639,-0.2554016411304474,-0.043598636984825134,0.0004719626158475876,-0.24952737987041473,-0.35288310050964355,0.029149463400244713,-0.10172107815742493,-0.0008072648197412491,-0.29005253314971924,-0.3352212905883789,0.35603106021881104,-0.11502324044704437,-0.049668557941913605,0.0024431608617305756,0.3173378109931946,0.49627771973609924,0.08145785331726074,-0.05624375492334366,-0.058667972683906555
389.0,-0.35067734122276306,0.0761406198143959,-0.20409837365150452,0.17567209899425507,0.01622411236166954,-0.11582338809967041,-0.7499487996101379,-0.3546336889266968,-0.12538152933120728,0.30880218744277954,0.5437085628509521,-0.07698249071836472,0.20307715237140656,0.01404225081205368,0.16909512877464294,-0.3403438329696655,0.0921458750963211,0.5310195088386536,-0.3792891204357147,-0.22709466516971588,-0.4085654020309448,0.17856276035308838,-1.3165340423583984,0.2180868238210678,0.4902186691761017,-0.5492164492607117,0.06735510379076004,-0.643137514591217,0.26608625054359436,0.40156009793281555,0.23846954107284546,0.3314339518547058,-0.49021634459495544,-0.06674975901842117,-0.001961381873115897,0.07229824364185333,-0.07068265229463577,-0.41448599100112915,-0.1890266090631485,-0.3278990685939789,-0.2012697011232376,-0.10181338340044022,0.21072617173194885,-0.3326577842235565,0.06294243037700653,-0.34331372380256653,-0.11163315176963806,-0.0764344334602356,-0.36280718445777893,-0.3768841624259949,-0.02512523904442787,-0.13125468790531158,-0.2393777221441269,-0.20642241835594177,-0.4144248068332672,0.5777028203010559,-0.3980175256729126,-0.24919967353343964,-0.08542903512716293,0.6302088499069214,0.6993193030357361,0.15645572543144226,-0.10035599768161774,-0.141610786318779
390.0,-0.28821030259132385,-0.044517774134874344,-0.27866095304489136,0.16948014497756958,0.09901391714811325,-0.14507871866226196,-0.75347501039505,-0.35488462448120117,-0.17943060398101807,0.22976522147655487,0.3055361211299896,0.030914070084691048,0.05217086896300316,0.0569051094353199,0.039997875690460205,-0.22315751016139984,0.11737748980522156,0.508365273475647,-0.31663790345191956,-0.03270234540104866,-0.1928802728652954,0.1268692910671234,-0.9464870095252991,0.2617702782154083,0.2790232002735138,-0.5900337100028992,-0.0609847716987133,-0.5560550093650818,0.20295001566410065,0.05483606457710266,0.27923041582107544,0.3373970091342926,-0.4132617115974426,-0.18001937866210938,-0.002352826064452529,-0.0339643768966198,-0.11038803309202194,-0.3801063001155853,-0.3830831050872803,-0.23096242547035217,-0.2665221095085144,-0.2404087781906128,0.2343394160270691,-0.4748882055282593,0.090335913002491,-0.30143770575523376,-0.08346262574195862,-0.12231042236089706,-0.16019469499588013,-0.3746914863586426,-0.07238537073135376,-0.11150144785642624,-0.11071372777223587,-0.2048216462135315,-0.4022968113422394,0.5888537764549255,-0.20220518112182617,-0.022780727595090866,-0.14964057505130768,0.5449183583259583,0.6067491769790649,0.14967933297157288,-0.0021247025579214096,0.03190575912594795
391.0,-0.38752177357673645,0.054784517735242844,-0.10828036814928055,-0.19604523479938507,0.15966863930225372,-0.15693192183971405,-0.6600821018218994,-0.3380366563796997,-0.11620000749826431,0.11657524108886719,0.4334215521812439,-0.10739106684923172,0.19082161784172058,-0.03983228653669357,0.04568298161029816,-0.0028930986300110817,0.12983736395835876,0.3375733196735382,-0.15848539769649506,-0.22433334589004517,-0.03216404467821121,0.20962604880332947,-0.7148888111114502,0.06838763505220413,0.2890409231185913,-0.31519901752471924,-0.06894226372241974,-0.45239996910095215,0.07927151024341583,0.4520769715309143,0.26043185591697693,0.33396169543266296,-0.4877350628376007,-0.27873697876930237,-0.12774011492729187,0.1927659809589386,0.06263148784637451,-0.3043179214000702,-0.5278322696685791,-0.2920039892196655,-0.09903713315725327,-0.3336424231529236,0.033188413828611374,-0.09457175433635712,0.14496158063411713,-0.2622745633125305,-0.08151890337467194,-0.0698038712143898,-0.26977038383483887,-0.10076510906219482,0.008484188467264175,-0.17335230112075806,-0.20769788324832916,-0.3461456894874573,-0.3155198097229004,0.4876006245613098,-0.419247567653656,-0.14246541261672974,0.00954574253410101,0.363891065120697,0.5520100593566895,0.2561974823474884,0.1076861321926117,-0.02508918009698391
392.0,-0.33314836025238037,0.11786706000566483,-0.21500666439533234,0.008105839602649212,0.11100667715072632,-0.1780461221933365,-0.8119720816612244,-0.44026532769203186,-0.14606569707393646,0.192630797624588,0.4594223201274872,-0.06281504034996033,0.1887962967157364,-0.004558862186968327,0.043459776788949966,-0.24081061780452728,0.17712576687335968,0.43837007880210876,-0.2004203349351883,-0.05156387388706207,-0.06974111497402191,0.1943226009607315,-1.076781153678894,0.2199709713459015,0.19756615161895752,-0.5933717489242554,0.05651313066482544,-0.5514925122261047,0.20188435912132263,0.3017498552799225,0.26953983306884766,0.2780133783817291,-0.4681338667869568,-0.13821826875209808,0.029883412644267082,-0.08443819731473923,-0.09763509035110474,-0.34877803921699524,-0.5765304565429688,-0.30943402647972107,-0.26517370343208313,-0.22741259634494781,0.1809307038784027,-0.46618714928627014,0.10828157514333725,-0.28928667306900024,-0.1915702223777771,-0.1533481925725937,-0.14106132090091705,-0.1307590752840042,-0.060503553599119186,-0.13581478595733643,-0.12882249057292938,-0.11578568071126938,-0.4100421965122223,0.5433867573738098,-0.40886640548706055,-0.09112967550754547,-0.11431437730789185,0.5503062009811401,0.6231957674026489,0.19275033473968506,0.016024580225348473,0.0842171236872673
393.0,-0.30402672290802,0.04021798446774483,-0.2530268728733063,0.14316962659358978,0.0442667081952095,-0.18477994203567505,-0.7857167720794678,-0.39016982913017273,-0.1579877883195877,0.2515612244606018,0.4817475378513336,-0.044550009071826935,0.20397759974002838,0.02033396065235138,0.12883393466472626,-0.2751396894454956,0.13339592516422272,0.5022923946380615,-0.26803234219551086,-0.0846545472741127,-0.20024126768112183,0.25031277537345886,-1.1699793338775635,0.2568776309490204,0.36369794607162476,-0.6020524501800537,-0.029736759141087532,-0.6074275970458984,0.16199730336666107,0.22356681525707245,0.29493945837020874,0.3747386038303375,-0.5016279816627502,-0.1205548569560051,0.06885957717895508,-0.004652985371649265,-0.12939690053462982,-0.38012489676475525,-0.420713871717453,-0.25699296593666077,-0.2311095893383026,-0.22533603012561798,0.17006558179855347,-0.46867653727531433,0.10378498584032059,-0.343359112739563,-0.13436096906661987,-0.17487168312072754,-0.26116058230400085,-0.3106169104576111,-0.09221883118152618,-0.13752533495426178,-0.22156313061714172,-0.17337796092033386,-0.40071192383766174,0.6524302363395691,-0.31625521183013916,-0.14782048761844635,-0.11430510133504868,0.6328990459442139,0.6605605483055115,0.10659866780042648,-0.05222231149673462,-0.0032239104621112347
394.0,-0.26923227310180664,-0.09034674614667892,-0.29318180680274963,0.14009392261505127,0.06429766863584518,-0.07474294304847717,-0.7155721187591553,-0.3706883490085602,-0.13851813971996307,0.1782039850950241,0.443635493516922,-0.05530758947134018,0.16044655442237854,-0.0015896600671112537,0.034826066344976425,-0.2596326768398285,0.09834585338830948,0.5137873888015747,-0.26958781480789185,-0.06799710541963577,-0.13873827457427979,0.23266367614269257,-0.9216938614845276,0.21084880828857422,0.3092498183250427,-0.557442307472229,-0.13376043736934662,-0.4939732551574707,0.18707580864429474,0.0536772683262825,0.29001933336257935,0.3294495940208435,-0.3711886405944824,-0.10502412170171738,0.020701227709650993,-0.0019589257426559925,-0.10118864476680756,-0.33297231793403625,-0.384966105222702,-0.21491639316082,-0.16146674752235413,-0.3029930293560028,0.1587323397397995,-0.49327075481414795,0.07115543633699417,-0.24250616133213043,-0.13312359154224396,-0.19963839650154114,-0.12987837195396423,-0.2963658571243286,-0.14337091147899628,-0.09102790057659149,-0.1312699168920517,-0.15498949587345123,-0.3552974462509155,0.5835160613059998,-0.2563231289386749,-0.06910619884729385,-0.11243835091590881,0.547723114490509,0.5655540823936462,0.15416550636291504,-0.034507375210523605,0.06967439502477646
395.0,-0.19868656992912292,-0.0035518973600119352,-0.5624231100082397,0.16702356934547424,0.013480095192790031,-0.35795852541923523,-0.6860007643699646,-0.4221508800983429,-0.23712189495563507,0.27924594283103943,0.619766354560852,-0.06808775663375854,0.22034119069576263,0.011830908246338367,0.007539988495409489,-0.456741064786911,0.31050288677215576,0.4217188060283661,-0.08038930594921112,0.10876207798719406,0.07555706799030304,0.37897729873657227,-0.9327841401100159,0.4405967891216278,0.17036555707454681,-0.511896014213562,-0.19904054701328278,-0.4821980595588684,-0.014653126709163189,-0.007958647795021534,0.45078030228614807,0.2598397731781006,-0.4501544237136841,-0.14036495983600616,0.3433956801891327,0.05566683039069176,-0.23092445731163025,-0.43880197405815125,-0.6785323023796082,-0.13252508640289307,-0.16864444315433502,-0.2508847117424011,0.06456319242715836,-0.7419930100440979,0.3106831908226013,-0.41592657566070557,-0.37749427556991577,-0.4403669238090515,-0.029007146134972572,-0.08783871680498123,-0.21982038021087646,-0.2274058610200882,-0.2855354845523834,-0.13947604596614838,-0.320436030626297,0.4325747489929199,-0.15361347794532776,-0.05133766680955887,-0.19258925318717957,0.7195573449134827,0.23191800713539124,0.012378735467791557,0.056870318949222565,0.21739505231380463
396.0,-0.2638353705406189,-0.02151648886501789,-0.4996275305747986,0.21897490322589874,0.10892020165920258,-0.36259758472442627,-0.6154390573501587,-0.4301421642303467,-0.2536878287792206,0.3351884186267853,0.4991156756877899,0.028333555907011032,0.17431694269180298,0.047442756593227386,-0.024057136848568916,-0.40801921486854553,0.29275763034820557,0.3841269910335541,-0.1110508143901825,0.13790474832057953,0.08175850659608841,0.26492583751678467,-0.7768336534500122,0.38594260811805725,0.07136979699134827,-0.4509507119655609,-0.18404647707939148,-0.39581117033958435,0.012436880730092525,-0.08107638359069824,0.38201606273651123,0.23970752954483032,-0.3853268027305603,-0.24856296181678772,0.2581428289413452,-0.007564987521618605,-0.22485995292663574,-0.4424503445625305,-0.626615047454834,-0.08887772262096405,-0.15873093903064728,-0.19246160984039307,0.075914666056633,-0.641789972782135,0.37061700224876404,-0.4245031177997589,-0.33625197410583496,-0.3506719768047333,-0.026513246819376945,-0.09485651552677155,-0.17867301404476166,-0.1950894594192505,-0.3084872364997864,-0.21651385724544525,-0.31199410557746887,0.36242738366127014,-0.07889232039451599,-0.02825169451534748,-0.17077749967575073,0.695022463798523,0.17585958540439606,0.09515480697154999,0.05854550004005432,0.17443715035915375
397.0,-0.3115476071834564,0.32666245102882385,-0.36186447739601135,0.09039639681577682,0.11472973227500916,-0.25178292393684387,-0.6999803781509399,-0.48773106932640076,-0.15869702398777008,0.1019149199128151,0.7988325357437134,-0.22126072645187378,0.4647767245769501,-0.07673308253288269,-0.09639471024274826,-0.43208158016204834,0.2078755497932434,0.26409703493118286,-0.07873329520225525,-0.17746752500534058,-0.04367252439260483,0.250169962644577,-0.9383649826049805,0.45533287525177,-0.12792178988456726,-0.2566007375717163,-0.09948644787073135,-0.5058282017707825,-0.06938708573579788,0.17781969904899597,0.3733006417751312,0.06156708672642708,-0.24864891171455383,-0.4117274880409241,0.41852858662605286,-0.22738699615001678,-0.16000038385391235,-0.35567158460617065,-0.3183284401893616,-0.0647311881184578,0.0075754281133413315,-0.6099787354469299,-0.05569678917527199,-0.55412757396698,0.301082968711853,-0.4635975658893585,-0.6030504107475281,-0.4068806767463684,-0.09975656867027283,-0.07422519475221634,-0.24770180881023407,-0.22412411868572235,-0.397235244512558,-0.3508407771587372,-0.02407565526664257,0.1818600445985794,-0.37968406081199646,-0.10257531702518463,-0.2936056852340698,0.5763190984725952,0.2090253382921219,-0.07405831664800644,0.2168288230895996,0.020752444863319397
398.0,-0.1839250773191452,-0.014366799034178257,-0.39613181352615356,0.17187821865081787,0.07179436087608337,-0.27515867352485657,-0.5337709784507751,-0.3428838849067688,-0.2436070442199707,0.13932661712169647,0.3595166802406311,-0.00929616391658783,0.08184780925512314,-0.027768181636929512,-0.07123766094446182,-0.2929514944553375,0.24716484546661377,0.2851736545562744,-0.09408865869045258,0.06247594580054283,0.06184738874435425,0.24737678468227386,-0.5558053255081177,0.30580875277519226,0.0586383193731308,-0.3174881935119629,-0.17718587815761566,-0.3609810173511505,-0.02086019702255726,-0.14936524629592896,0.3416285812854767,0.2197953462600708,-0.3269716501235962,-0.23597846925258636,0.24079471826553345,-0.03483349829912186,-0.1970265656709671,-0.34576308727264404,-0.4963788390159607,-0.04961258918046951,-0.1543261706829071,-0.29033413529396057,0.04761006310582161,-0.5634365677833557,0.26176732778549194,-0.3283025324344635,-0.28492236137390137,-0.3221602439880371,0.0705152153968811,-0.09851208329200745,-0.15514062345027924,-0.1535903364419937,-0.23098494112491608,-0.20776623487472534,-0.19188614189624786,0.28701433539390564,-0.09444103389978409,0.0759616568684578,-0.1858360469341278,0.48954132199287415,0.0962509736418724,0.0309904832392931,0.1276685893535614,0.11682358384132385
399.0,-0.23033294081687927,-0.010463426820933819,-0.4187949001789093,0.14821089804172516,0.034761473536491394,-0.3397388458251953,-0.681114912033081,-0.43464499711990356,-0.1788616180419922,0.27485552430152893,0.6046481728553772,-0.07528656721115112,0.2368634045124054,-0.013943200930953026,0.05566289648413658,-0.347102552652359,0.2839932441711426,0.4439585506916046,-0.0703517496585846,0.09555904567241669,0.0808633416891098,0.38764429092407227,-0.9762186408042908,0.34648847579956055,0.24582608044147491,-0.47684186697006226,-0.14085176587104797,-0.4874495267868042,-0.019202228635549545,0.042795587331056595,0.39769911766052246,0.30688101053237915,-0.4545484781265259,-0.1706281304359436,0.2891693115234375,0.01295403391122818,-0.18694767355918884,-0.4289970099925995,-0.6412556171417236,-0.1582835465669632,-0.1557658165693283,-0.2259431928396225,0.013817811384797096,-0.654908299446106,0.28638896346092224,-0.42408284544944763,-0.36276790499687195,-0.4151782691478729,-0.1385362595319748,-0.0736224502325058,-0.20544904470443726,-0.22901979088783264,-0.3435361087322235,-0.1657579094171524,-0.3425862789154053,0.507986307144165,-0.19616137444972992,-0.10328243672847748,-0.13322634994983673,0.7517613768577576,0.29798901081085205,0.001636117696762085,0.010675511322915554,0.17946790158748627
400.0,-0.2794990539550781,0.06612342596054077,0.029738985002040863,0.25142255425453186,-0.11816839873790741,-0.006306088995188475,-0.5904646515846252,-0.14792022109031677,-0.43960264325141907,0.3410372734069824,-0.07683734595775604,0.011947192251682281,-0.44093984365463257,0.2861098349094391,0.16119682788848877,-0.4978899359703064,0.14020569622516632,0.38495370745658875,-0.2912745475769043,0.13067801296710968,-0.5212622880935669,0.012514186091721058,-0.6365302801132202,-0.31675201654434204,0.4216434359550476,-0.20564918220043182,0.257535457611084,-0.22852030396461487,0.4502525329589844,-0.1417728066444397,-0.145934596657753,0.19011074304580688,0.06885368376970291,-0.01608116365969181,-0.09607629477977753,0.11065211147069931,-0.009639285504817963,-0.05777379497885704,-0.06460190564393997,-0.48498690128326416,-0.49110519886016846,0.9375381469726562,0.3912754952907562,-0.022761596366763115,0.29657864570617676,-0.3065982758998871,-0.16998299956321716,0.10942524671554565,-0.2246166467666626,-0.1894548535346985,0.4381835162639618,-0.17864453792572021,-0.037985071539878845,0.0025737429969012737,-0.4976673126220703,0.13764408230781555,0.027307912707328796,-0.22674697637557983,0.33919644355773926,0.6766441464424133,0.09217198193073273,0.24314311146736145,-0.37481072545051575,-0.13394394516944885
401.0,-0.16379612684249878,0.12269584089517593,0.014971727505326271,0.23770102858543396,-0.20769482851028442,-0.028144923970103264,-0.5645624995231628,-0.18820184469223022,-0.470008909702301,0.20163828134536743,0.16384229063987732,-0.17132461071014404,-0.24581824243068695,0.16221503913402557,0.14708276093006134,-0.5471128225326538,0.11906418204307556,0.22641627490520477,-0.2043916881084442,0.10191459208726883,-0.5631058812141418,0.10353683680295944,-0.5786842703819275,-0.3490455150604248,0.3733472526073456,0.0031529723200947046,0.11937334388494492,-0.24793162941932678,0.39862290024757385,-0.13461732864379883,-0.10426008701324463,0.10917815566062927,0.14918360114097595,-0.014166953042149544,0.13052675127983093,0.3043234944343567,0.03662697970867157,0.027717014774680138,-0.01271342858672142,-0.34951600432395935,-0.321952223777771,0.7573438286781311,0.18188102543354034,-0.09237704426050186,0.27678394317626953,-0.3084332346916199,-0.40018168091773987,-0.04656128212809563,-0.05297156423330307,-0.011821921914815903,0.28863078355789185,-0.17719639837741852,-0.18839070200920105,0.06965501606464386,-0.22156383097171783,0.00247574457898736,-0.19286465644836426,-0.2380651831626892,0.24144130945205688,0.6516246795654297,-0.11598289012908936,0.20082694292068481,-0.23509077727794647,-0.17168539762496948
402.0,-0.16876517236232758,0.04731324315071106,0.0008239415474236012,0.3364361524581909,-0.19018815457820892,0.03652564808726311,-0.6777955889701843,-0.1643303781747818,-0.4592669606208801,0.2548248767852783,-0.05794733390212059,-0.08093257248401642,-0.3865686058998108,0.2387634962797165,0.14612844586372375,-0.5602350831031799,0.10862506181001663,0.33557698130607605,-0.2223168909549713,0.17553994059562683,-0.5126518607139587,0.07840672880411148,-0.5020685791969299,-0.3571334779262543,0.32623252272605896,-0.15147170424461365,0.14034105837345123,-0.1852370947599411,0.5094581246376038,-0.4102115035057068,-0.09420189261436462,0.22037933766841888,0.2362252175807953,-0.0046839420683681965,0.005354141816496849,0.15138483047485352,-0.033150095492601395,0.08588013797998428,-0.07998326420783997,-0.4723565876483917,-0.3890223801136017,0.8009108304977417,0.40690767765045166,-0.1119474470615387,0.3224838972091675,-0.2189924567937851,-0.37850821018218994,0.000492751132696867,-0.03185591846704483,-0.11584319174289703,0.42673277854919434,-0.12844401597976685,0.00965296383947134,0.06259667873382568,-0.4541483521461487,0.17185498774051666,-0.1237688735127449,-0.14080673456192017,0.3409053683280945,0.742119550704956,-0.06209105998277664,0.20014388859272003,-0.35058119893074036,-0.11321163177490234
403.0,-0.182808518409729,0.09761163592338562,-0.0030102264136075974,0.3376792073249817,-0.2448839694261551,0.0050240689888596535,-0.7815507650375366,-0.18002530932426453,-0.5653337240219116,0.3292601406574249,-0.11647630482912064,-0.13738232851028442,-0.49235910177230835,0.29849833250045776,0.15157486498355865,-0.6374167203903198,0.12710626423358917,0.3257806897163391,-0.2507591247558594,0.2267616093158722,-0.6234776973724365,0.052248917520046234,-0.6425468921661377,-0.3600880801677704,0.35409969091415405,-0.16698014736175537,0.24218882620334625,-0.22726063430309296,0.5917981266975403,-0.3590405583381653,-0.11132834851741791,0.1731748729944229,0.24445518851280212,0.001466413028538227,0.007014933507889509,0.17356890439987183,-0.00545928068459034,0.14544890820980072,-0.09580957144498825,-0.5485478043556213,-0.5005284547805786,0.9829182028770447,0.45504310727119446,-0.13658872246742249,0.3509982228279114,-0.24149268865585327,-0.3746996223926544,0.054677218198776245,-0.07425370067358017,-0.1126432716846466,0.5356820821762085,-0.17049318552017212,0.06676443666219711,0.10482890903949738,-0.5057765245437622,0.14551615715026855,-0.15612685680389404,-0.1980242282152176,0.38123130798339844,0.7517168521881104,-0.050821512937545776,0.24160721898078918,-0.3914823830127716,-0.10471686720848083
404.0,-0.1984061300754547,-0.0033747591078281403,-0.08435669541358948,0.2708755433559418,-0.0784839540719986,0.010175274685025215,-0.6049060821533203,-0.28961172699928284,-0.49170196056365967,0.28028836846351624,0.08479954302310944,-0.08788629621267319,-0.286159873008728,0.158852681517601,0.11853358149528503,-0.5460859537124634,0.10180610418319702,0.23550651967525482,-0.24746789038181305,0.2718876898288727,-0.5204488635063171,0.10269735008478165,-0.5008679628372192,-0.2681669592857361,0.25105464458465576,-0.18417908251285553,-0.017662106081843376,-0.16202445328235626,0.4368155300617218,-0.2847543954849243,-0.2059040069580078,0.0538044311106205,0.1344301700592041,0.05843416601419449,0.03399444743990898,0.19165939092636108,0.040288206189870834,-0.09010057896375656,-0.11956119537353516,-0.29201027750968933,-0.33189672231674194,0.7816100120544434,0.28696557879447937,-0.2026270478963852,0.2756333351135254,-0.18877647817134857,-0.25982940196990967,-0.09903522580862045,-0.09065715223550797,0.0757346898317337,0.22507910430431366,-0.1769012212753296,-0.13825012743473053,0.12922902405261993,-0.18094873428344727,0.07962577790021896,-0.03550569713115692,-0.1719765067100525,0.24453973770141602,0.7359820008277893,-0.032008033245801926,0.2998961806297302,-0.24470941722393036,-0.08619424700737
405.0,-0.3397175073623657,-0.03528987616300583,-0.2998577952384949,0.2525021731853485,0.1347775161266327,-0.12956590950489044,-0.7333706021308899,-0.4086931049823761,-0.21831360459327698,0.2524877190589905,0.47261133790016174,0.00535694882273674,0.1921876221895218,0.004214785993099213,0.1014440506696701,-0.30930379033088684,0.09497509896755219,0.5297154188156128,-0.409430593252182,-0.15338724851608276,-0.27172088623046875,0.163221538066864,-1.1041806936264038,0.2689113914966583,0.36442652344703674,-0.5905925631523132,-0.0868285596370697,-0.6207751631736755,0.2790093421936035,0.21226677298545837,0.2792925238609314,0.40767231583595276,-0.45213890075683594,-0.11903055012226105,-0.02058274857699871,-0.017295684665441513,-0.12196746468544006,-0.4683693051338196,-0.2869265079498291,-0.2257859706878662,-0.16729584336280823,-0.22629059851169586,0.2123282551765442,-0.4030526876449585,0.07962091267108917,-0.34923261404037476,-0.08475833386182785,-0.13843876123428345,-0.23658502101898193,-0.410315603017807,-0.1012382060289383,-0.09379589557647705,-0.26206380128860474,-0.2562822997570038,-0.34839871525764465,0.6360010504722595,-0.28442445397377014,-0.12074682116508484,-0.1439935564994812,0.6480259299278259,0.654167652130127,0.24029137194156647,-0.03527053818106651,-0.05805406719446182
406.0,-0.35601606965065,-0.07726610451936722,-0.22715960443019867,0.23496809601783752,0.10323859006166458,0.007155816536396742,-0.7236717343330383,-0.3517687916755676,-0.14242908358573914,0.2281283289194107,0.4490610957145691,-0.011934750713407993,0.1712189018726349,-0.01661798357963562,0.05927954986691475,-0.2756858170032501,0.028541283681988716,0.6011607646942139,-0.4177025854587555,-0.2150140106678009,-0.3193202018737793,0.15671737492084503,-1.0747064352035522,0.18988434970378876,0.4305603802204132,-0.5889225006103516,-0.0721830204129219,-0.5678114891052246,0.2758857011795044,0.19895358383655548,0.2735263705253601,0.3973275423049927,-0.36907804012298584,-0.1399795114994049,-0.07351533323526382,-0.033606965094804764,-0.10395200550556183,-0.4143120050430298,-0.19008968770503998,-0.249818816781044,-0.17836332321166992,-0.2592354118824005,0.2243414968252182,-0.36678409576416016,0.04864899814128876,-0.2915492355823517,-0.053788308054208755,-0.07413878291845322,-0.2434578835964203,-0.48650965094566345,-0.10643320530653,-0.06352340430021286,-0.21508552134037018,-0.2529841661453247,-0.3750680088996887,0.6519259214401245,-0.25671178102493286,-0.16218847036361694,-0.09281014651060104,0.6344842314720154,0.7165414690971375,0.2125101536512375,-0.12229330837726593,-0.08165941387414932
407.0,-0.16441430151462555,0.12434467673301697,-0.2815570533275604,-0.042779773473739624,-0.1206987053155899,-0.4238297939300537,-0.6732252240180969,-0.2500782608985901,-0.007789052091538906,0.24628020823001862,0.6149353981018066,-0.3441392779350281,0.3747403025627136,-0.007231224328279495,0.023283464834094048,-0.04236764460802078,0.06982158869504929,0.2295103222131729,-0.14109419286251068,-0.303962379693985,-0.24347124993801117,0.20818327367305756,-1.06598961353302,0.4573560953140259,0.28400349617004395,-0.1349414587020874,0.08659742772579193,-0.6477330327033997,-0.10990914702415466,0.49672582745552063,0.4541832506656647,0.13071346282958984,-0.4074508547782898,-0.3775419592857361,0.32360517978668213,0.2807175815105438,-0.040902990847826004,-0.17289325594902039,-0.07845959812402725,-0.18598829209804535,0.006276648957282305,-0.5890194177627563,-0.06067214533686638,-0.4560174345970154,0.010838613845407963,-0.36128130555152893,-0.4143121540546417,-0.2182285040616989,-0.23666061460971832,-0.3883450925350189,-0.2152557671070099,-0.08758244663476944,-0.13862068951129913,-0.3376615047454834,-0.29218751192092896,0.34670406579971313,-0.5965344905853271,-0.11360546946525574,-0.2102590948343277,0.22496026754379272,0.4412711262702942,-0.19204962253570557,0.1764412522315979,-0.01353178359568119
408.0,-0.22576011717319489,-0.1692366600036621,-0.17646536231040955,0.24248790740966797,0.06511805206537247,-0.010857617482542992,-0.5493516325950623,-0.3265264332294464,-0.13949961960315704,0.10454583168029785,0.10788984596729279,0.07785240560770035,-0.08572222292423248,-0.11164325475692749,-0.11621401458978653,-0.19732946157455444,0.023875772953033447,0.4837591052055359,-0.30206960439682007,-0.16097155213356018,-0.14843954145908356,0.13253948092460632,-0.7634186744689941,0.2005711793899536,0.34522536396980286,-0.5222735404968262,0.03417350724339485,-0.515583336353302,0.16560745239257812,0.028820307925343513,0.22421595454216003,0.28054845333099365,-0.33005619049072266,-0.10020533204078674,0.005039747804403305,-0.14237502217292786,-0.172520250082016,-0.36550426483154297,-0.19732974469661713,-0.13382621109485626,-0.29137757420539856,-0.17620357871055603,0.2392636388540268,-0.4125072658061981,-0.03486694023013115,-0.13636286556720734,-0.0225794930011034,-0.10797605663537979,-0.11623329669237137,-0.4557458758354187,-0.1535082757472992,-0.03507291525602341,-0.10143031179904938,-0.19220758974552155,-0.27499234676361084,0.4758557379245758,-0.0961378663778305,0.05923711881041527,-0.14535413682460785,0.4594091475009918,0.4897145926952362,0.1435779482126236,-0.02039492502808571,0.022555341944098473
409.0,-0.3143063187599182,-0.005449672229588032,-0.27409008145332336,0.1405792534351349,0.062256257981061935,-0.05535605549812317,-0.748505175113678,-0.3612309396266937,-0.16971780359745026,0.2759527862071991,0.49461987614631653,-0.08847609162330627,0.17342346906661987,-0.0019251508638262749,0.10410431772470474,-0.3348773121833801,0.04780355095863342,0.5673751831054688,-0.3667847812175751,-0.23995408415794373,-0.34552785754203796,0.1966835856437683,-1.2229058742523193,0.2605385184288025,0.4813910126686096,-0.5880985260009766,0.019042637199163437,-0.5968759059906006,0.25658905506134033,0.3748232424259186,0.2917301654815674,0.2938399314880371,-0.4417065680027008,-0.04459340125322342,-0.023879386484622955,0.01645943708717823,-0.08350741863250732,-0.3909306526184082,-0.2417626976966858,-0.3005249500274658,-0.17048560082912445,-0.14945368468761444,0.22396893799304962,-0.3904469609260559,0.03628256916999817,-0.308987557888031,-0.0713837519288063,-0.05835626274347305,-0.3155269920825958,-0.39433029294013977,-0.036885734647512436,-0.08414391428232193,-0.19619107246398926,-0.19557355344295502,-0.38635626435279846,0.5928478837013245,-0.3422984778881073,-0.21180690824985504,-0.10348140448331833,0.606638491153717,0.7005733847618103,0.1853211224079132,-0.09745976328849792,-0.06189413368701935
410.0,-0.26339319348335266,0.339920312166214,-0.01893468201160431,0.21205198764801025,-0.2878883481025696,-0.23547843098640442,-0.7067922949790955,-0.15358437597751617,-0.42366328835487366,0.3126325011253357,0.13013926148414612,-0.16880394518375397,-0.25236156582832336,0.3040907680988312,0.2530958950519562,-0.4731351137161255,0.19931362569332123,0.18823565542697906,-0.20678898692131042,0.15603409707546234,-0.6599568128585815,0.05678749829530716,-0.8345339894294739,-0.19841571152210236,0.3297293484210968,-0.0008780378848314285,0.20784588158130646,-0.40095093846321106,0.3448943793773651,0.043383896350860596,0.038733579218387604,0.21517950296401978,-0.015031545422971249,-0.17791390419006348,0.14820930361747742,0.3934778869152069,-0.0027231606654822826,0.06951440125703812,-0.07649515569210052,-0.5389509797096252,-0.4035899341106415,0.7240962982177734,0.23128139972686768,-0.015150589868426323,0.3843349516391754,-0.44771069288253784,-0.4638507068157196,0.022374317049980164,-0.15549732744693756,-0.1618081033229828,0.4037536680698395,-0.21296879649162292,-0.08622248470783234,-0.08385774493217468,-0.5131663680076599,0.042494580149650574,-0.30690494179725647,-0.27578073740005493,0.28578707575798035,0.6399904489517212,-0.004700727295130491,0.07028788328170776,-0.29943111538887024,-0.23336708545684814
411.0,-0.10416621714830399,0.09236344695091248,0.04021184891462326,0.3306455910205841,-0.24575471878051758,-0.009566063061356544,-0.7598474025726318,-0.1427333652973175,-0.5645864009857178,0.2194078117609024,-0.24372348189353943,-0.1512995958328247,-0.516040563583374,0.27095746994018555,0.17574740946292877,-0.5321371555328369,0.11998943984508514,0.2474123239517212,-0.21533575654029846,0.2295961230993271,-0.5744728446006775,0.06488463282585144,-0.41980355978012085,-0.3938157558441162,0.28039389848709106,-0.08297364413738251,0.1601523458957672,-0.20199958980083466,0.5481292009353638,-0.5170707106590271,-0.08511592447757721,0.23990292847156525,0.2541816830635071,-0.06845765560865402,0.013259912841022015,0.19758543372154236,0.002599919680505991,0.21872957050800323,-0.11167263239622116,-0.5101432800292969,-0.4538557231426239,0.8354782462120056,0.4263949394226074,-0.07559807598590851,0.3388642370700836,-0.19326801598072052,-0.3712295591831207,0.02441406063735485,0.027965718880295753,-0.09627439826726913,0.5468893051147461,-0.13653334975242615,0.08149433135986328,0.053559377789497375,-0.46464353799819946,0.1633903682231903,-0.2162042260169983,-0.0572148934006691,0.34761014580726624,0.6382651925086975,-0.13783380389213562,0.181505024433136,-0.2881256639957428,-0.14959965646266937
412.0,-0.14974114298820496,0.19414003193378448,0.04699896648526192,0.3176245391368866,-0.2755156457424164,-0.07223640382289886,-0.7675039768218994,-0.15835753083229065,-0.5151260495185852,0.27316099405288696,-0.048081204295158386,-0.14206242561340332,-0.4087177515029907,0.27167683839797974,0.2624090313911438,-0.5885068774223328,0.18392324447631836,0.24784545600414276,-0.2350001335144043,0.25609466433525085,-0.6112923622131348,0.06958136707544327,-0.5868099331855774,-0.42580583691596985,0.3052331805229187,-0.0832550898194313,0.1745099425315857,-0.2556057274341583,0.5008329749107361,-0.3814675211906433,-0.11938990652561188,0.23809751868247986,0.1907508820295334,-0.03376172110438347,0.07923641800880432,0.2615465819835663,-0.01422909926623106,0.1322389394044876,-0.10795970261096954,-0.5380783677101135,-0.4268386960029602,0.8758525848388672,0.36913496255874634,-0.07575962692499161,0.36613133549690247,-0.29868924617767334,-0.4949282705783844,-0.04212401807308197,-0.04602138325572014,0.012898053973913193,0.5009196996688843,-0.15284883975982666,-0.003017144976183772,0.10413780808448792,-0.4791209101676941,0.11493362486362457,-0.26869845390319824,-0.15810735523700714,0.3578319549560547,0.7362352013587952,-0.09209549427032471,0.14494985342025757,-0.3334835469722748,-0.18886536359786987
413.0,-0.16138611733913422,0.19165322184562683,0.06622104346752167,0.38606274127960205,-0.19972430169582367,-0.08296971768140793,-0.7367275357246399,-0.20506124198436737,-0.5411797761917114,0.23002243041992188,-0.20075231790542603,-0.054304271936416626,-0.4472375214099884,0.2785106897354126,0.2421984076499939,-0.5301526188850403,0.1452077478170395,0.21554426848888397,-0.2734346091747284,0.296822190284729,-0.6184967160224915,0.006756224203854799,-0.47978633642196655,-0.3849950432777405,0.20491498708724976,-0.09105280041694641,0.16610747575759888,-0.23669329285621643,0.521915853023529,-0.5050783753395081,-0.1484445333480835,0.2817128896713257,0.22953693568706512,-0.09476961940526962,0.03999067470431328,0.14531636238098145,-0.05845554172992706,0.08916155993938446,-0.09936226159334183,-0.5052382349967957,-0.4775504171848297,0.8907183408737183,0.4057264029979706,-0.04503116384148598,0.3710373044013977,-0.2718866765499115,-0.427333265542984,-0.01175778079777956,-0.030557801946997643,-0.05945054441690445,0.4879154860973358,-0.14360955357551575,0.008976448327302933,0.026311827823519707,-0.4469227194786072,0.12129681557416916,-0.16733017563819885,-0.0550965778529644,0.3476411700248718,0.7280530333518982,-0.10202062875032425,0.15993614494800568,-0.3184572756290436,-0.18675094842910767
414.0,-0.1337151974439621,0.19422923028469086,0.07330114394426346,0.3789922893047333,-0.26361292600631714,-0.06709881126880646,-0.6986247897148132,-0.1619335263967514,-0.5861380696296692,0.22612164914608002,-0.2221483290195465,-0.07090666145086288,-0.5083210468292236,0.29253220558166504,0.22878971695899963,-0.5928372144699097,0.1686435043811798,0.17093601822853088,-0.22145679593086243,0.32929837703704834,-0.6258797645568848,0.02853580005466938,-0.37293878197669983,-0.4479077160358429,0.19022005796432495,-0.021228959783911705,0.16533654928207397,-0.17749330401420593,0.5133606791496277,-0.5521990060806274,-0.191261425614357,0.21364876627922058,0.28415876626968384,-0.06068301573395729,0.09753412753343582,0.18495075404644012,-0.042238157242536545,0.14775089919567108,-0.06410951912403107,-0.507597804069519,-0.4714035093784332,0.9839597940444946,0.409128874540329,-0.024366751313209534,0.42413529753685,-0.2796644866466522,-0.46571964025497437,-0.0197971872985363,0.008895456790924072,0.0030600170139223337,0.5431817173957825,-0.15809480845928192,0.01751377247273922,0.06944328546524048,-0.414605975151062,0.015181655064225197,-0.13555021584033966,-0.05423133820295334,0.3745793402194977,0.73945552110672,-0.24152502417564392,0.15483629703521729,-0.32777196168899536,-0.1923217922449112
415.0,-0.2671000063419342,-0.04037560150027275,-0.20614947378635406,0.07479233294725418,0.08137287199497223,-0.28354835510253906,-0.6704509854316711,-0.3150867819786072,-0.1557691991329193,0.21038232743740082,0.3994213938713074,0.01418600045144558,0.10093136131763458,0.015577791258692741,0.18932326138019562,-0.10494235903024673,0.17121410369873047,0.48974722623825073,-0.29997098445892334,-0.05973660573363304,-0.08613283187150955,0.21704252064228058,-0.9010123014450073,0.12182547152042389,0.4481641352176666,-0.4768807590007782,-0.04938257485628128,-0.5863600969314575,0.07239724695682526,0.13180950284004211,0.3153614103794098,0.48219701647758484,-0.5795469880104065,-0.22178669273853302,-0.026333175599575043,0.1590753197669983,-0.08402436226606369,-0.43258073925971985,-0.4735005795955658,-0.24649323523044586,-0.20232602953910828,-0.25290849804878235,0.08032932132482529,-0.31863319873809814,0.11847710609436035,-0.40739914774894714,-0.10952948033809662,-0.21120449900627136,-0.2445373684167862,-0.2271222174167633,-0.06124497577548027,-0.17384858429431915,-0.304966539144516,-0.2634950280189514,-0.45886608958244324,0.672013521194458,-0.262790709733963,-0.0911102220416069,-0.05325816944241524,0.5051825046539307,0.5474535822868347,0.11952755600214005,0.02514546364545822,-0.03192663937807083
416.0,-0.25621771812438965,-0.010470445267856121,-0.23135626316070557,0.1601903736591339,0.07015671581029892,-0.1118302121758461,-0.7206355333328247,-0.33596789836883545,-0.17558397352695465,0.14936505258083344,0.33233776688575745,0.023088328540325165,0.11731124669313431,0.020028186962008476,0.11650987714529037,-0.21690034866333008,0.09693067520856857,0.4475637674331665,-0.3455796241760254,-0.047676119953393936,-0.22274149954319,0.15566536784172058,-0.90635085105896,0.1926184892654419,0.28593993186950684,-0.5435242056846619,-0.12431081384420395,-0.5386853814125061,0.1982286423444748,0.04673402011394501,0.2747977375984192,0.41028517484664917,-0.42274314165115356,-0.15151454508304596,-0.060122717171907425,0.0436088889837265,-0.11796731501817703,-0.34190255403518677,-0.3852587044239044,-0.25538694858551025,-0.2151544690132141,-0.29205045104026794,0.18631209433078766,-0.40849387645721436,0.06117697432637215,-0.2863466143608093,-0.13065209984779358,-0.1369437426328659,-0.12473832815885544,-0.3232080638408661,-0.045763470232486725,-0.073082335293293,-0.1400197595357895,-0.2049911916255951,-0.3814268708229065,0.6326307654380798,-0.2965186536312103,-0.0009205448441207409,-0.10960708558559418,0.49893343448638916,0.6170851588249207,0.16773314774036407,0.011392951011657715,-0.019640136510133743
417.0,-0.22173906862735748,0.035640615969896317,-0.2228868305683136,0.1777838170528412,-0.0378982238471508,-0.12644481658935547,-0.8562039136886597,-0.3177485466003418,-0.21423542499542236,0.24427975714206696,0.46785441040992737,-0.16297031939029694,0.17629261314868927,0.013689409010112286,0.17405545711517334,-0.28954997658729553,0.07345961779356003,0.5087112784385681,-0.3613237738609314,-0.21565741300582886,-0.4035492539405823,0.2604624032974243,-1.1707628965377808,0.18363013863563538,0.5072318315505981,-0.5314129590988159,-0.018809322267770767,-0.6766853332519531,0.30423831939697266,0.2513604760169983,0.32614558935165405,0.3935767114162445,-0.47266826033592224,-0.07534915208816528,0.009518371894955635,0.17821089923381805,-0.023807475343346596,-0.27769923210144043,-0.25023290514945984,-0.32228219509124756,-0.16621175408363342,-0.21222446858882904,0.1973470151424408,-0.3376540243625641,0.029630323871970177,-0.2913707196712494,-0.11199688166379929,-0.10499470680952072,-0.24750521779060364,-0.34944263100624084,0.030949540436267853,-0.07560069113969803,-0.20254506170749664,-0.17268173396587372,-0.3896026015281677,0.6961305141448975,-0.5459200739860535,-0.15469779074192047,-0.08858076483011246,0.5560370683670044,0.6818187832832336,0.1777338981628418,-0.004379697609692812,-0.14851699769496918
418.0,-0.29836905002593994,0.035149507224559784,-0.2774040699005127,0.20268048346042633,0.00969813484698534,-0.1372639536857605,-0.8920467495918274,-0.35233375430107117,-0.22267432510852814,0.2852212190628052,0.5573557019233704,-0.15104536712169647,0.19995614886283875,-0.006804917473345995,0.1903882920742035,-0.3725820481777191,0.08088131994009018,0.5706101059913635,-0.38732725381851196,-0.24430520832538605,-0.4027998149394989,0.25276824831962585,-1.332069754600525,0.22522680461406708,0.5602800250053406,-0.5840392708778381,0.002875181147828698,-0.7159110307693481,0.30912551283836365,0.3329915404319763,0.35484281182289124,0.4058297574520111,-0.5154567956924438,-0.0630774274468422,0.01714920811355114,0.1420017033815384,-0.07312513887882233,-0.3588748872280121,-0.25920313596725464,-0.3275648057460785,-0.19313016533851624,-0.2092089056968689,0.2282833606004715,-0.3837379515171051,0.06971670687198639,-0.369753897190094,-0.15216705203056335,-0.1194167286157608,-0.2842119634151459,-0.4149377942085266,-0.0021346239373087883,-0.10396526008844376,-0.27630433440208435,-0.19263708591461182,-0.4216806888580322,0.7107767462730408,-0.5206735730171204,-0.2155340313911438,-0.08534366637468338,0.6479387879371643,0.7443034648895264,0.2031289041042328,-0.05106564983725548,-0.15403351187705994
419.0,-0.23040173947811127,0.14244218170642853,-0.3226703703403473,-0.18936783075332642,0.052023470401763916,-0.6687639951705933,-0.4369117021560669,-0.0932706743478775,-0.0650361180305481,0.4484785199165344,0.70562744140625,-0.16829383373260498,0.294232577085495,0.08624991029500961,0.30091995000839233,-0.01882634311914444,0.3009415566921234,0.3507838249206543,-0.19153578579425812,-0.24015705287456512,0.07055786997079849,0.1872188299894333,-0.8505347967147827,0.22289611399173737,0.5013777017593384,-0.07670620083808899,0.19403928518295288,-0.556035578250885,-0.10563770681619644,0.4342767000198364,0.5035690069198608,0.34804388880729675,-0.7152380347251892,-0.41750216484069824,0.10616280883550644,0.4647008776664734,0.08446093648672104,-0.24424761533737183,-0.3507647216320038,-0.1701461523771286,0.08895255625247955,-0.33670172095298767,-0.1941842883825302,-0.07161886245012283,0.26180845499038696,-0.6456313133239746,-0.24109336733818054,-0.13818883895874023,-0.3779010474681854,-0.08153685927391052,0.09397077560424805,-0.17299909889698029,-0.47769370675086975,-0.33333295583724976,-0.4990573823451996,0.5621830821037292,-0.5083494186401367,-0.4359244704246521,0.026649540290236473,0.24039839208126068,0.28282028436660767,-0.028164386749267578,0.10419462621212006,-0.11377014964818954
420.0,-0.4780665636062622,-0.2373085618019104,-0.7100246548652649,0.273556113243103,0.17555145919322968,-0.15393409132957458,-0.5046626329421997,-0.3569982647895813,-0.46702685952186584,0.5854692459106445,0.5150603652000427,-0.05786043033003807,-0.018725920468568802,0.0592559315264225,-0.2802751958370209,-0.5405874252319336,0.14826197922229767,0.5219382643699646,-0.2570548355579376,-0.25549551844596863,-0.22666235268115997,0.14963892102241516,-0.9499623775482178,0.5656983852386475,0.313808411359787,-0.38186725974082947,-0.11181441694498062,-0.38596755266189575,0.1874290257692337,0.489657998085022,0.4791952073574066,0.011654220521450043,-0.2628989517688751,-0.14036162197589874,0.1298990547657013,0.05815228819847107,-0.009752459824085236,-0.4115529954433441,-0.1548120379447937,-0.06140334904193878,-0.08060744404792786,0.020671792328357697,0.21189776062965393,-0.5018479824066162,0.35362687706947327,-0.36151960492134094,0.1434786021709442,0.09023717790842056,-0.14452332258224487,-0.566834568977356,-0.10099752247333527,-0.09311583638191223,-0.36748695373535156,-0.40710678696632385,-0.1940692961215973,0.20043335855007172,0.07261944562196732,-0.3137120008468628,-0.14722110331058502,0.5955935716629028,0.2679564356803894,0.3963375687599182,-0.038634076714515686,0.05277227610349655
421.0,-0.43311557173728943,-0.24830713868141174,-0.7191500067710876,0.2934606969356537,0.216877281665802,-0.15617960691452026,-0.4691343605518341,-0.3726804554462433,-0.46686720848083496,0.5353320240974426,0.4630937874317169,0.004916267469525337,-0.03567882627248764,0.07187449932098389,-0.28150245547294617,-0.5158507227897644,0.16165128350257874,0.48131000995635986,-0.22601301968097687,-0.14588186144828796,-0.1509682834148407,0.12824413180351257,-0.8083933591842651,0.5439808368682861,0.19536204636096954,-0.3944912254810333,-0.18839654326438904,-0.33738774061203003,0.1513899266719818,0.3506159782409668,0.4702865183353424,0.022369543090462685,-0.22902368009090424,-0.16333438456058502,0.11144623905420303,0.00913899764418602,-0.06977018713951111,-0.4262186884880066,-0.25472787022590637,-0.03947097063064575,-0.08697681874036789,-0.010272783227264881,0.21189293265342712,-0.5484573245048523,0.34733879566192627,-0.3142685890197754,0.11408627778291702,0.03550110012292862,-0.06829729676246643,-0.4974147081375122,-0.13543128967285156,-0.08671559393405914,-0.3191470503807068,-0.3583860397338867,-0.17676571011543274,0.18932785093784332,0.15262845158576965,-0.22953906655311584,-0.15199780464172363,0.5953488349914551,0.23285537958145142,0.38700348138809204,-0.03311549499630928,0.1073552742600441
422.0,-0.38831284642219543,-0.035931479185819626,-0.47169482707977295,0.2152460366487503,0.24320843815803528,-0.3326260447502136,-0.4251812696456909,-0.41637077927589417,-0.331387996673584,0.4358156621456146,0.47613200545310974,0.23328135907649994,0.04868341609835625,0.013009917922317982,-0.0959206074476242,-0.3835197985172272,0.21826805174350739,0.42050299048423767,-0.3407360911369324,-0.10966107994318008,-0.13077780604362488,0.05697086080908775,-0.8383845686912537,0.38824358582496643,0.26317712664604187,-0.41401395201683044,0.01857055351138115,-0.5386441349983215,0.0536111481487751,0.34713152050971985,0.28042277693748474,0.1558372676372528,-0.4536762833595276,-0.24980150163173676,0.06828880310058594,0.026603691279888153,-0.17413392663002014,-0.5875086188316345,-0.34299182891845703,-0.0706481784582138,-0.17225420475006104,-0.0530318021774292,0.09903831034898758,-0.4250612258911133,0.2358355075120926,-0.4315432608127594,-0.034001581370830536,-0.10684702545404434,-0.18641799688339233,-0.2905411124229431,-0.19923634827136993,-0.11543487757444382,-0.45009222626686096,-0.2853519320487976,-0.2592572569847107,0.2605555057525635,0.04843124747276306,-0.09263238310813904,-0.16579364240169525,0.5742199420928955,0.34884902834892273,0.33215656876564026,0.07507825642824173,0.022273508831858635
423.0,-0.3844512701034546,-0.25243711471557617,-0.7228083610534668,0.2923884987831116,0.1896238625049591,-0.19655147194862366,-0.4318525195121765,-0.319439172744751,-0.49881792068481445,0.5230098962783813,0.3511751592159271,-0.009767360985279083,-0.09252195805311203,0.08091819286346436,-0.28662803769111633,-0.49880048632621765,0.1543920487165451,0.40237292647361755,-0.1889103353023529,-0.1138116642832756,-0.12090488523244858,0.11689040064811707,-0.6396799683570862,0.5238689184188843,0.11897696554660797,-0.309596985578537,-0.20777444541454315,-0.2511269152164459,0.1663629412651062,0.2441256046295166,0.4646567404270172,-0.022492123767733574,-0.184193953871727,-0.18581603467464447,0.13523824512958527,0.04824618622660637,-0.03876592591404915,-0.3308693468570709,-0.2538580596446991,-0.005804385989904404,-0.07910096645355225,0.004793819505721331,0.20136496424674988,-0.5066418051719666,0.3856733441352844,-0.2775065004825592,0.11687622219324112,0.05424242839217186,-0.018117845058441162,-0.46767041087150574,-0.09549184888601303,-0.08197958767414093,-0.3001616597175598,-0.36906081438064575,-0.1364920288324356,0.13367050886154175,0.1456993967294693,-0.18357238173484802,-0.15596306324005127,0.5360080599784851,0.11034269630908966,0.38577038049697876,0.010171376168727875,0.11031663417816162
424.0,-0.4638496935367584,-0.18948622047901154,-0.623326301574707,0.2647821009159088,0.14029237627983093,-0.18451398611068726,-0.6647158861160278,-0.4180436432361603,-0.4863048493862152,0.5239824652671814,0.6028081178665161,-0.16316074132919312,0.035353485494852066,0.03229063004255295,-0.15594853460788727,-0.5177638530731201,0.15454833209514618,0.5671432018280029,-0.29360395669937134,-0.28558045625686646,-0.2929283082485199,0.22928571701049805,-1.1104531288146973,0.46346527338027954,0.40353477001190186,-0.4079265594482422,-0.11595240235328674,-0.5092016458511353,0.21130535006523132,0.4979867935180664,0.5159066319465637,0.12825539708137512,-0.3288094997406006,-0.15515679121017456,0.142330601811409,0.11212478578090668,-0.005415435880422592,-0.4079480469226837,-0.19582359492778778,-0.1224980279803276,-0.08439843356609344,-0.030563579872250557,0.17587853968143463,-0.47326910495758057,0.32743024826049805,-0.39882782101631165,0.034209802746772766,-0.005036741029471159,-0.21368704736232758,-0.5154484510421753,-0.07798092812299728,-0.11758161336183548,-0.4196711778640747,-0.39054033160209656,-0.20800745487213135,0.36474189162254333,-0.11937068402767181,-0.34512826800346375,-0.12040725350379944,0.6891360282897949,0.3692651391029358,0.37539801001548767,-0.02872343547642231,-0.03244277462363243
425.0,-0.2714913785457611,-0.037769872695207596,-0.30488166213035583,0.21414047479629517,0.027776874601840973,-0.093631312251091,-0.7079139351844788,-0.3132350444793701,-0.2952054440975189,0.2475856989622116,0.37248194217681885,-0.09393274784088135,0.07411359995603561,0.02552463486790657,0.04421481490135193,-0.2939338684082031,0.05165507644414902,0.45529410243034363,-0.34283578395843506,-0.20117326080799103,-0.33636221289634705,0.19008927047252655,-0.9505980014801025,0.21520428359508514,0.40702277421951294,-0.43211740255355835,-0.06321199238300323,-0.5563129186630249,0.2614390552043915,0.19544970989227295,0.35012269020080566,0.31461066007614136,-0.34679585695266724,-0.11770740896463394,-0.011620760895311832,0.13639061152935028,-0.04757539927959442,-0.27466362714767456,-0.23744511604309082,-0.2447858452796936,-0.1511082649230957,-0.14665977656841278,0.20013441145420074,-0.33552423119544983,0.11028961837291718,-0.28710463643074036,-0.04527054727077484,-0.04966198652982712,-0.15570367872714996,-0.41628605127334595,0.02427048794925213,-0.08271194994449615,-0.20647597312927246,-0.25482264161109924,-0.32362908124923706,0.5391116738319397,-0.34916412830352783,-0.1317140758037567,-0.09755312651395798,0.48234954476356506,0.5274590849876404,0.2491307258605957,0.0036494408268481493,-0.08838482201099396
426.0,-0.2652100920677185,-0.09467113018035889,-0.23291213810443878,0.06391297280788422,0.12597791850566864,-0.2931644022464752,-0.46754372119903564,-0.22124134004116058,-0.23106874525547028,0.20351389050483704,0.29632219672203064,0.11145289242267609,0.0022284751757979393,-0.014157474040985107,0.12827014923095703,-0.08576299250125885,0.19635562598705292,0.422734797000885,-0.29745984077453613,-0.07063259929418564,-0.03123926743865013,0.16575251519680023,-0.5337245464324951,0.057205453515052795,0.41614341735839844,-0.29426026344299316,-0.10152601450681686,-0.47087106108665466,0.0516916923224926,0.026136888191103935,0.2958992123603821,0.4155800938606262,-0.5229207277297974,-0.23471470177173615,-0.06592543423175812,0.22320759296417236,-0.029990289360284805,-0.3688683807849884,-0.40471822023391724,-0.13724610209465027,-0.1482611745595932,-0.1607847660779953,0.027697039768099785,-0.1677938550710678,0.16731958091259003,-0.40663474798202515,0.022930603474378586,-0.13133881986141205,-0.15891169011592865,-0.19300083816051483,-0.013503855094313622,-0.14771127700805664,-0.35391825437545776,-0.27874642610549927,-0.33922627568244934,0.5224422216415405,-0.14663253724575043,-0.08945269137620926,-0.028069667518138885,0.3950303792953491,0.3330175280570984,0.21084091067314148,0.07591938227415085,-0.05412140488624573
427.0,-0.14430812001228333,-0.1250121295452118,-0.21217621862888336,0.02248631790280342,-0.03396614268422127,-0.2673260569572449,-0.42286157608032227,-0.11066723614931107,0.07180238515138626,0.16601325571537018,0.33419692516326904,-0.06817859411239624,0.224822536110878,0.0954095646739006,0.11202894896268845,0.07843399047851562,0.025273606181144714,0.3360973596572876,-0.21404840052127838,-0.15486176311969757,-0.05639129877090454,0.2051316201686859,-0.7538995146751404,0.25014689564704895,0.4989042282104492,-0.2266903668642044,-0.032614417374134064,-0.4249037206172943,-0.08836095780134201,0.27779874205589294,0.37910211086273193,0.4082335829734802,-0.4215002655982971,-0.28360700607299805,-0.018506884574890137,0.2635335922241211,-0.18548858165740967,-0.20921272039413452,-0.2573353946208954,-0.19702734053134918,-0.1065167486667633,-0.24889203906059265,-0.0417185053229332,-0.26888370513916016,0.054347068071365356,-0.32501932978630066,-0.11597105860710144,-0.13958755135536194,-0.2407802790403366,-0.47321075201034546,-0.12176967412233353,-0.11011536419391632,-0.09611345082521439,-0.3357134163379669,-0.41954851150512695,0.5462407469749451,-0.15589432418346405,-0.057024840265512466,0.012944204732775688,0.324516624212265,0.47767332196235657,-0.11117280274629593,-0.05625176429748535,0.10279660671949387
428.0,-0.2514403760433197,-0.10998287796974182,-0.29253432154655457,0.18067584931850433,0.07822241634130478,-0.060685571283102036,-0.5753642916679382,-0.26429104804992676,-0.2301560491323471,0.17421919107437134,0.2830887734889984,-0.01545674167573452,0.04721420630812645,0.016549887135624886,0.002680553589016199,-0.22051091492176056,0.06508713960647583,0.40875688195228577,-0.30026885867118835,-0.1166839525103569,-0.19285692274570465,0.15530186891555786,-0.704537034034729,0.20933663845062256,0.26941606402397156,-0.41095298528671265,-0.1369365006685257,-0.424476683139801,0.17969079315662384,0.05287296697497368,0.27539148926734924,0.2927815914154053,-0.29020652174949646,-0.15439924597740173,-0.03308360278606415,0.029131531715393066,-0.06916987150907516,-0.27956050634384155,-0.25189441442489624,-0.15163175761699677,-0.124611996114254,-0.24219606816768646,0.17119966447353363,-0.35172122716903687,0.08555643260478973,-0.23581789433956146,-2.8824899345636368e-05,-0.06908604502677917,-0.08586712926626205,-0.3565663993358612,-0.05483688786625862,-0.03753485530614853,-0.15946157276630402,-0.24224232137203217,-0.2582443654537201,0.4760091304779053,-0.1712215095758438,-0.03894903510808945,-0.11717350780963898,0.4384821653366089,0.437215119600296,0.20009812712669373,0.004317212384194136,-0.012816783040761948
429.0,-0.292164146900177,0.01709948666393757,-0.28473976254463196,0.18647214770317078,0.015066910535097122,-0.14143948256969452,-0.8294838666915894,-0.37388625741004944,-0.2714281976222992,0.2772991955280304,0.5388920307159424,-0.1843603253364563,0.15272913873195648,-0.01796499639749527,0.13620561361312866,-0.3802024722099304,0.07076975703239441,0.5363249182701111,-0.3764679729938507,-0.2320825308561325,-0.40584564208984375,0.27484452724456787,-1.2457705736160278,0.24975916743278503,0.5128136277198792,-0.5290570259094238,-0.015248180367052555,-0.6795147061347961,0.3068369925022125,0.3410024344921112,0.3577525019645691,0.32976269721984863,-0.4664366543292999,-0.05626977980136871,0.06304287910461426,0.11964744329452515,-0.038557883352041245,-0.32579171657562256,-0.25201693177223206,-0.30181965231895447,-0.17292284965515137,-0.1472795009613037,0.2221541851758957,-0.36918872594833374,0.08044575899839401,-0.34263503551483154,-0.07956792414188385,-0.0959928035736084,-0.27332642674446106,-0.3698396682739258,0.0011053646448999643,-0.12546558678150177,-0.2651788592338562,-0.23024994134902954,-0.3252243101596832,0.6477242708206177,-0.47275224328041077,-0.22029522061347961,-0.10782896727323532,0.6129969358444214,0.6484225988388062,0.20232434570789337,-0.03738701716065407,-0.1461443156003952
430.0,-0.10140638053417206,0.08717680722475052,-0.08348838984966278,0.33123210072517395,-0.14453858137130737,-0.10540281981229782,-0.6752762794494629,-0.2323468029499054,-0.5304296612739563,0.20071850717067719,-0.08497115969657898,-0.05503398925065994,-0.33546358346939087,0.18380314111709595,0.15324530005455017,-0.4930860102176666,0.1452794373035431,0.15822909772396088,-0.2550624907016754,0.3337709903717041,-0.5076628923416138,0.06839442998170853,-0.3915089964866638,-0.21598848700523376,0.14861717820167542,-0.16791583597660065,0.003641171380877495,-0.218321293592453,0.40319040417671204,-0.5264835357666016,-0.12889358401298523,0.151607483625412,0.10186108201742172,-0.059880051761865616,0.08222485333681107,0.17179371416568756,-0.03519335389137268,-0.009727533906698227,-0.20269912481307983,-0.3000166118144989,-0.3839470446109772,0.6204357147216797,0.3001919388771057,-0.2245304137468338,0.2826079726219177,-0.21072852611541748,-0.32438862323760986,-0.12635476887226105,0.03230426833033562,0.03549383208155632,0.29511746764183044,-0.15872250497341156,-0.05120722949504852,0.05843965336680412,-0.244258314371109,0.13021618127822876,-0.126984104514122,0.018519237637519836,0.16623230278491974,0.6243515014648438,-0.09501757472753525,0.18038251996040344,-0.13691741228103638,-0.09992648661136627
431.0,-0.18946747481822968,0.34610337018966675,0.10084053874015808,0.1403944045305252,-0.35339343547821045,-0.17091596126556396,-0.6910870671272278,-0.10349447280168533,-0.37242618203163147,0.17394642531871796,0.17068509757518768,-0.2853756844997406,-0.1920737326145172,0.19752465188503265,0.24913033843040466,-0.41675642132759094,0.15136992931365967,0.14760421216487885,-0.14811305701732635,0.09057985246181488,-0.663842499256134,0.1059335246682167,-0.7895256876945496,-0.2980836033821106,0.41339489817619324,0.10333388298749924,0.2087322473526001,-0.4119427800178528,0.3181089460849762,0.062221772968769073,0.01747334934771061,0.1531267762184143,0.003108864650130272,-0.12796500325202942,0.1930626928806305,0.46842798590660095,0.07571551948785782,0.15853427350521088,0.007937843911349773,-0.46917426586151123,-0.33987846970558167,0.6239071488380432,0.13289698958396912,0.010431450791656971,0.27780377864837646,-0.4026114046573639,-0.4724341034889221,0.009861569851636887,-0.09681594371795654,-0.10080637782812119,0.36335888504981995,-0.19941869378089905,-0.12171434611082077,-0.022630803287029266,-0.37906602025032043,0.007720782421529293,-0.41130170226097107,-0.30196812748908997,0.2434253990650177,0.5406810641288757,-0.03370033949613571,0.005019640550017357,-0.23492774367332458,-0.2910229563713074
432.0,-0.11650162190198898,0.151781365275383,0.020278200507164,0.30177634954452515,-0.16787026822566986,-0.09663058072328568,-0.5964159369468689,-0.16184864938259125,-0.4116505980491638,0.1383432298898697,-0.12052633613348007,-0.001763583393767476,-0.3069312870502472,0.22571508586406708,0.2005327343940735,-0.42142194509506226,0.15181994438171387,0.15915995836257935,-0.21115051209926605,0.29130804538726807,-0.4330745339393616,0.040105029940605164,-0.29412373900413513,-0.29161614179611206,0.11895734071731567,-0.06465261429548264,0.036259494721889496,-0.19334538280963898,0.34020209312438965,-0.528812050819397,-0.10252479463815689,0.28257477283477783,0.12723372876644135,-0.151869997382164,0.04753037914633751,0.12953774631023407,-0.10806302726268768,0.021768704056739807,-0.1590586155653,-0.3757754862308502,-0.36551010608673096,0.5682646632194519,0.2809358835220337,-0.1127903163433075,0.30929866433143616,-0.25047019124031067,-0.4246564209461212,-0.12157195061445236,0.05305927246809006,0.008928356692194939,0.3461921811103821,-0.11875878274440765,-0.01047516893595457,0.00918973796069622,-0.36106011271476746,0.10740525275468826,-0.15109919011592865,0.05700436234474182,0.239554762840271,0.5750036835670471,-0.1200418770313263,0.0855712816119194,-0.19444918632507324,-0.11826498061418533
433.0,-0.13778208196163177,0.13131479918956757,-0.05817706510424614,0.33557429909706116,-0.20732568204402924,-0.10851876437664032,-0.6958869099617004,-0.19429029524326324,-0.498677134513855,0.24290740489959717,-0.05068734660744667,-0.08583998680114746,-0.37847620248794556,0.21882179379463196,0.15327128767967224,-0.5547013282775879,0.1884041130542755,0.2275986224412918,-0.18473905324935913,0.25578662753105164,-0.46525001525878906,0.09373190253973007,-0.4655483663082123,-0.2670658528804779,0.19543598592281342,-0.11302874237298965,0.10932745039463043,-0.23420101404190063,0.3969230651855469,-0.43855932354927063,-0.06064373999834061,0.21071918308734894,0.16180065274238586,-0.08300108462572098,0.12538179755210876,0.1463199108839035,-0.07824317365884781,0.05983893945813179,-0.17668059468269348,-0.43507105112075806,-0.39305347204208374,0.6861922740936279,0.3442400395870209,-0.1840364634990692,0.34931036829948425,-0.27235129475593567,-0.4492206573486328,-0.1044202446937561,0.008824535645544529,-0.016634199768304825,0.39042747020721436,-0.13974931836128235,-0.02213645726442337,0.047000497579574585,-0.4195154309272766,0.12917602062225342,-0.18164393305778503,-0.03447937220335007,0.2462061494588852,0.6876214742660522,-0.12461981177330017,0.1346985101699829,-0.22095182538032532,-0.10101863741874695
434.0,-0.15629597008228302,0.09224433451890945,0.020130209624767303,0.37865138053894043,-0.10939352214336395,0.022083060815930367,-0.5572836995124817,-0.14344321191310883,-0.40197989344596863,0.13664519786834717,-0.08122063428163528,-0.017017683014273643,-0.28242331743240356,0.1459270566701889,0.1349252462387085,-0.45400387048721313,0.08693661540746689,0.20968781411647797,-0.2588617503643036,0.10451366752386093,-0.5234979391098022,0.027223628014326096,-0.35242173075675964,-0.28382089734077454,0.2173536717891693,-0.049373578280210495,0.018393822014331818,-0.2159312665462494,0.4015171229839325,-0.43529701232910156,-0.09344502538442612,0.25235703587532043,0.1554918736219406,-0.11508778482675552,0.004193620756268501,0.12253380566835403,-0.07824280858039856,-0.005393425468355417,0.020745648071169853,-0.3286684453487396,-0.2705017328262329,0.5050116181373596,0.3206741213798523,-0.011584902182221413,0.277608186006546,-0.22382014989852905,-0.32069602608680725,-0.034557245671749115,0.02665000781416893,-0.11592825502157211,0.31456807255744934,-0.0725250169634819,-0.07490016520023346,-0.08122190088033676,-0.2831011712551117,0.11280059069395065,-0.15247131884098053,-0.01177182886749506,0.21435613930225372,0.5931512713432312,-0.06782233715057373,0.16052420437335968,-0.21813592314720154,-0.23464205861091614
435.0,-0.19558148086071014,0.21097128093242645,0.014278557151556015,0.4766403138637543,0.13412152230739594,-0.15215104818344116,-0.5407246947288513,-0.2557606101036072,-0.26764318346977234,-0.14515891671180725,0.02648472599685192,0.18759785592556,0.17027497291564941,-0.07405169308185577,0.23030364513397217,-0.023805946111679077,-0.01043807901442051,0.06824943423271179,-0.5011240243911743,-0.1633611023426056,-0.5071320533752441,-0.008180025964975357,-0.3221808969974518,0.0065890224650502205,0.06304671615362167,-0.02605714462697506,-0.38603052496910095,-0.6085977554321289,0.1641218513250351,-0.2655795216560364,0.21338242292404175,0.747374415397644,-0.22986680269241333,-0.5046671032905579,-0.1192433312535286,0.11425814032554626,-0.2591519057750702,-0.2689080834388733,0.03097160905599594,-0.1986684799194336,0.017287420108914375,-0.5371755361557007,0.10063563287258148,0.17311587929725647,0.16524167358875275,-0.3314811587333679,-0.2501378655433655,-0.10177520662546158,0.13361147046089172,-0.37354782223701477,0.003891056403517723,0.1289105862379074,-0.28919267654418945,-0.5919232368469238,-0.14027701318264008,0.4273887276649475,-0.4962632954120636,0.3885924518108368,-0.10118858516216278,0.42724135518074036,0.3613702952861786,0.10119162499904633,0.11792638897895813,-0.46922820806503296
436.0,-0.25283512473106384,0.3356754183769226,-0.05673447996377945,0.6560519933700562,0.20219522714614868,-0.23867978155612946,-0.45394933223724365,-0.338834285736084,-0.29827746748924255,-0.15114547312259674,0.05257638543844223,0.3248347342014313,0.27352091670036316,-0.07422082871198654,0.2853890061378479,-0.09079061448574066,0.021571021527051926,-0.058468565344810486,-0.5591147541999817,-0.10492128878831863,-0.5710169076919556,-0.06511415541172028,-0.30275991559028625,0.1285567432641983,-0.08947111666202545,0.033035196363925934,-0.48813876509666443,-0.6445127725601196,0.10350959748029709,-0.2755679488182068,0.21726268529891968,0.8114169239997864,-0.2685161530971527,-0.568263590335846,-0.030286207795143127,0.0430154949426651,-0.4153590202331543,-0.44979536533355713,0.06792129576206207,-0.12724937498569489,0.04763637110590935,-0.5569584965705872,0.05466586351394653,0.21091338992118835,0.2577989101409912,-0.4357545077800751,-0.2951153516769409,-0.1646430641412735,0.17532885074615479,-0.36598557233810425,-0.09237037599086761,0.1386852115392685,-0.4363557696342468,-0.6995311975479126,-0.029536111280322075,0.3234177529811859,-0.4268571734428406,0.5014859437942505,-0.16939681768417358,0.5120006203651428,0.29774850606918335,0.09109638631343842,0.1465677171945572,-0.5569736361503601
437.0,-0.2800600528717041,0.2949773967266083,0.00875278189778328,0.598249077796936,0.1352049559354782,-0.24904578924179077,-0.5734987854957581,-0.3122832775115967,-0.41185373067855835,-0.07567576318979263,0.20207491517066956,0.12273777276277542,0.23626713454723358,-0.11470919847488403,0.32181796431541443,-0.13098768889904022,0.011183192022144794,0.1047118604183197,-0.6317535638809204,-0.38746604323387146,-0.7384533286094666,0.03297067806124687,-0.6196233630180359,0.06611868739128113,0.2457481026649475,0.053717318922281265,-0.3332372009754181,-0.8007016181945801,0.20491266250610352,0.03326698765158653,0.2903934717178345,0.8297914266586304,-0.3559246361255646,-0.5385347604751587,-0.02551886811852455,0.18585899472236633,-0.27480173110961914,-0.3773076832294464,0.1984788328409195,-0.1911710798740387,0.07681706547737122,-0.47166067361831665,0.059990569949150085,0.3207317590713501,0.21714071929454803,-0.5210919380187988,-0.20747466385364532,-0.05428880825638771,-0.00013414910063147545,-0.4796661138534546,0.0321243517100811,0.11440970748662949,-0.5970390439033508,-0.7441778779029846,-0.04415234923362732,0.4482940137386322,-0.6248261332511902,0.2474454641342163,-0.100396066904068,0.5338943600654602,0.44074979424476624,0.14511163532733917,0.12182991951704025,-0.6699287295341492
438.0,-0.3018540143966675,0.2842124402523041,-0.03965025022625923,0.5044492483139038,0.09774000197649002,-0.26757633686065674,-0.6848698854446411,-0.3478471338748932,-0.42166268825531006,-0.04600132629275322,0.2606760263442993,0.05825863778591156,0.22899772226810455,-0.09857359528541565,0.32613083720207214,-0.14208610355854034,0.02956715226173401,0.18549036979675293,-0.6041467189788818,-0.35255706310272217,-0.6851444840431213,0.08664117008447647,-0.7413116693496704,0.057498980313539505,0.3196163773536682,0.005116601940244436,-0.29144495725631714,-0.835469126701355,0.24120467901229858,0.08118511736392975,0.3190145194530487,0.7625536322593689,-0.41351205110549927,-0.49971047043800354,-0.019666220992803574,0.26749804615974426,-0.20632487535476685,-0.3556896150112152,0.08377915620803833,-0.25216931104660034,0.036955609917640686,-0.4657638370990753,0.06775040924549103,0.21936072409152985,0.1981472671031952,-0.5084940195083618,-0.21432562172412872,-0.061519622802734375,-0.03296341001987457,-0.4431239664554596,0.06885102391242981,0.05681709572672844,-0.5778059363365173,-0.6681627035140991,-0.13069766759872437,0.49618250131607056,-0.6831291317939758,0.1754390448331833,-0.10214467346668243,0.5465419888496399,0.47541236877441406,0.18714097142219543,0.12837150692939758,-0.6074840426445007
439.0,-0.16856522858142853,0.2999212443828583,0.19393420219421387,0.5011314153671265,0.00425893347710371,0.03650916740298271,-0.6767404675483704,-0.23295187950134277,-0.18277348577976227,-0.36737385392189026,-0.08765525370836258,0.18701107800006866,0.17815741896629333,-0.08755917847156525,0.255848228931427,0.03844787925481796,-0.16121582686901093,0.00932166539132595,-0.594519317150116,-0.2657710611820221,-0.7894459962844849,-0.10267353057861328,-0.32388177514076233,-0.1367204487323761,0.051300324499607086,0.0059834313578903675,-0.4178505837917328,-0.7331362366676331,0.23662050068378448,-0.2692343294620514,0.15552854537963867,0.8211144804954529,-0.07748903334140778,-0.5191220045089722,-0.22128617763519287,0.2104450911283493,-0.3013959527015686,-0.1429654210805893,0.2319534868001938,-0.34797969460487366,0.007115893065929413,-0.6890568137168884,0.16039349138736725,0.2707454264163971,-0.01754002459347248,-0.17379823327064514,-0.4081234335899353,-0.015537948347628117,0.20870862901210785,-0.5212312936782837,-0.01611519046127796,0.2075512707233429,-0.07383555918931961,-0.5926762223243713,-0.21392109990119934,0.40874892473220825,-0.7274584174156189,0.5277073383331299,-0.08034061640501022,0.2994718849658966,0.5049068927764893,0.1020769476890564,0.0916421189904213,-0.6164036989212036
440.0,-0.24838928878307343,-0.07134585082530975,-0.5372054576873779,0.1574324518442154,0.04520915448665619,-0.31945186853408813,-0.6365443468093872,-0.3984397351741791,-0.35433298349380493,0.2726287245750427,0.517832338809967,-0.12466688454151154,0.1319582313299179,-0.030855227261781693,-0.09755672514438629,-0.3434041738510132,0.22835086286067963,0.36705899238586426,-0.1124003529548645,-0.06547192484140396,0.00010152909089811146,0.3404901623725891,-0.8264796733856201,0.43298742175102234,0.22243806719779968,-0.32470110058784485,-0.22284044325351715,-0.4594632387161255,0.04088757932186127,0.165481299161911,0.5445425510406494,0.25273433327674866,-0.3893229365348816,-0.21482722461223602,0.24556972086429596,0.12499789893627167,-0.11384160816669464,-0.3207281231880188,-0.5159440040588379,-0.0996035784482956,-0.105086550116539,-0.28454333543777466,0.05011583864688873,-0.549145519733429,0.3264841139316559,-0.3923346996307373,-0.17449627816677094,-0.22160682082176208,-0.0041134594939649105,-0.2214665412902832,-0.12137150764465332,-0.14340145885944366,-0.33062511682510376,-0.2864890694618225,-0.21100114285945892,0.40176138281822205,-0.1882595270872116,-0.08728829026222229,-0.18810275197029114,0.5761330127716064,0.23287677764892578,0.14863529801368713,0.1411477029323578,0.11199954152107239
441.0,-0.35264942049980164,-0.09493760019540787,-0.5611303448677063,0.22187098860740662,0.10478895902633667,-0.262062668800354,-0.6707791686058044,-0.4407108426094055,-0.3781853914260864,0.33167320489883423,0.5307601094245911,-0.04747697338461876,0.11864811927080154,-0.0012764662969857454,-0.07944737374782562,-0.412162184715271,0.22751249372959137,0.474842369556427,-0.2288389801979065,-0.05541368946433067,-0.0780344307422638,0.2867879569530487,-0.944568395614624,0.43415340781211853,0.24981579184532166,-0.45912012457847595,-0.20435892045497894,-0.5063469409942627,0.07620993256568909,0.17829540371894836,0.49338796734809875,0.25653356313705444,-0.40775617957115173,-0.20765511691570282,0.19919031858444214,0.048004522919654846,-0.14373213052749634,-0.41477349400520325,-0.460449755191803,-0.12742409110069275,-0.17471174895763397,-0.19379787147045135,0.08992236852645874,-0.6044373512268066,0.32343631982803345,-0.4078543782234192,-0.15029719471931458,-0.18425840139389038,-0.05620436370372772,-0.3265577554702759,-0.15658585727214813,-0.15935681760311127,-0.36661604046821594,-0.3214271068572998,-0.27024033665657043,0.42499369382858276,-0.115785151720047,-0.13478606939315796,-0.19393755495548248,0.6847888827323914,0.33733075857162476,0.22104884684085846,0.04227568954229355,0.08436919003725052
442.0,-0.2517049014568329,-0.08232192695140839,-0.4711500108242035,0.14137761294841766,0.2015104591846466,-0.1825227439403534,-0.5723799467086792,-0.3839292824268341,-0.27180877327919006,0.25660648941993713,0.41381600499153137,0.001138900057412684,0.10117968916893005,-0.019395751878619194,-0.1735738068819046,-0.3242926299571991,0.16120031476020813,0.29662615060806274,-0.13738910853862762,0.0547054298222065,0.01689298078417778,0.04730601608753204,-0.5076759457588196,0.28468987345695496,-0.17319543659687042,-0.4006280303001404,-0.1880224347114563,-0.3353350758552551,0.1536063402891159,-0.05631290748715401,0.3359680473804474,0.1488765925168991,-0.1498771458864212,-0.19625772535800934,0.15154814720153809,-0.07463815063238144,-0.04706849157810211,-0.2845875024795532,-0.4240682125091553,-0.05412760376930237,-0.09292314946651459,-0.4636889696121216,0.09682496637105942,-0.5851501226425171,0.19552253186702728,-0.20236371457576752,-0.18609127402305603,-0.16232353448867798,0.17313936352729797,-0.1041485071182251,-0.19551335275173187,0.02274647168815136,-0.1209944412112236,-0.11956313252449036,-0.15213027596473694,0.27436286211013794,-0.21099524199962616,0.031046980991959572,-0.23298828303813934,0.39351987838745117,0.28549379110336304,0.276070237159729,0.1580304354429245,0.15799112617969513
443.0,-0.20890119671821594,-0.11166757345199585,-0.4799400866031647,0.19800080358982086,0.08920042961835861,-0.21618959307670593,-0.5073861479759216,-0.30831947922706604,-0.29143422842025757,0.23536427319049835,0.33390331268310547,0.015886448323726654,0.04531531780958176,0.03199904412031174,-0.09598572552204132,-0.30658718943595886,0.1752719134092331,0.3528114855289459,-0.17268264293670654,0.03639630600810051,0.015323732979595661,0.19226859509944916,-0.5627500414848328,0.3428562581539154,0.0822923332452774,-0.38749635219573975,-0.21953509747982025,-0.34174397587776184,0.055362969636917114,-0.06844421476125717,0.34265753626823425,0.18699075281620026,-0.2973474860191345,-0.19909118115901947,0.1444406360387802,-0.03583034500479698,-0.13655610382556915,-0.30307212471961975,-0.42693403363227844,-0.04189780727028847,-0.13416536152362823,-0.25814205408096313,0.11164590716362,-0.5366207957267761,0.23554834723472595,-0.28956565260887146,-0.11884792894124985,-0.19572682678699493,0.03669551759958267,-0.21912238001823425,-0.14367571473121643,-0.1158728078007698,-0.20518702268600464,-0.21952693164348602,-0.19540303945541382,0.34214547276496887,-0.04608345031738281,0.023354917764663696,-0.20131556689739227,0.46157363057136536,0.19973379373550415,0.1513841599225998,0.11734840273857117,0.11888522654771805
444.0,-0.2815810441970825,-0.01337851956486702,-0.48811277747154236,0.22638727724552155,0.044653184711933136,-0.3320050835609436,-0.7493095993995667,-0.4551655948162079,-0.3427700698375702,0.2694697082042694,0.6163001656532288,-0.10224435478448868,0.20714712142944336,-0.050619445741176605,0.01561848446726799,-0.3577217161655426,0.23356220126152039,0.43978258967399597,-0.2053263783454895,-0.06212364137172699,-0.07508605718612671,0.36192587018013,-1.0333205461502075,0.3936707079410553,0.3028777241706848,-0.4387373924255371,-0.22936198115348816,-0.5947760343551636,0.038193125277757645,0.16589951515197754,0.5243937969207764,0.3544999957084656,-0.5008272528648376,-0.2308691442012787,0.24276281893253326,0.12066026777029037,-0.15257786214351654,-0.4135342836380005,-0.5574095845222473,-0.1573542207479477,-0.12494904547929764,-0.34283459186553955,0.04403659328818321,-0.5938563942909241,0.31139445304870605,-0.4549652636051178,-0.2660817801952362,-0.29387152194976807,-0.0757632702589035,-0.23905640840530396,-0.17686060070991516,-0.18474949896335602,-0.41390812397003174,-0.3293154835700989,-0.26782891154289246,0.5166827440261841,-0.28040459752082825,-0.0860980674624443,-0.189072847366333,0.7063829898834229,0.37804555892944336,0.10029014945030212,0.10633881390094757,0.049000587314367294
445.0,-0.3395959436893463,-0.09989583492279053,-0.2408754527568817,0.1562630534172058,0.21061141788959503,0.05707580968737602,-0.6368250846862793,-0.34506550431251526,-0.26657941937446594,0.12059696018695831,0.34954026341438293,-0.032461345195770264,0.10050071030855179,-0.08434455841779709,-0.13181298971176147,-0.28502604365348816,0.02729007601737976,0.44148945808410645,-0.319011926651001,-0.326190322637558,-0.1920122355222702,0.11489422619342804,-0.7001325488090515,0.14969086647033691,0.2531370520591736,-0.3851817846298218,-0.10252479463815689,-0.45526233315467834,0.3151697516441345,0.19882673025131226,0.3283592462539673,0.3236718773841858,-0.21114954352378845,-0.1918809413909912,-0.11433444172143936,-0.027629420161247253,-0.06000722199678421,-0.26496952772140503,-0.255249947309494,-0.19753262400627136,-0.07522998005151749,-0.3245302438735962,0.2136359065771103,-0.2586205303668976,0.09448972344398499,-0.1678115427494049,-0.04641713947057724,0.031507790088653564,-0.0003879154101014137,-0.3384385406970978,-0.015396085567772388,0.008061429485678673,-0.1799677461385727,-0.3058723509311676,-0.2262800633907318,0.4544045031070709,-0.3370414078235626,-0.051658451557159424,-0.10851531475782394,0.4515097141265869,0.5198677182197571,0.4125458300113678,0.04440193623304367,-0.06948821991682053
446.0,-0.2631402015686035,-0.04603838175535202,-0.066962331533432,0.11192536354064941,0.05523056164383888,-0.012669761665165424,-0.5667667984962463,-0.2597183287143707,-0.0008491694461554289,0.053913768380880356,0.3283705711364746,-0.05652559921145439,0.1722906231880188,-0.16343557834625244,-0.10324423015117645,-0.09358134865760803,-0.043127913028001785,0.33536434173583984,-0.24562115967273712,-0.4119872450828552,-0.2186124622821808,0.09777940809726715,-0.663229763507843,0.08781465888023376,0.24747394025325775,-0.20479892194271088,0.0044603412970900536,-0.5104013681411743,0.12538458406925201,0.21201935410499573,0.26157405972480774,0.33652013540267944,-0.20405131578445435,-0.2690485715866089,0.02942773327231407,0.030552584677934647,-0.11269169300794601,-0.2296922504901886,0.028152035549283028,-0.22402898967266083,-0.01984182745218277,-0.5530431866645813,0.1279510259628296,-0.1954054832458496,-0.04212360456585884,-0.12245260924100876,-0.26039549708366394,-0.039019063115119934,-0.05548172444105148,-0.43153226375579834,-0.1585470736026764,0.08601667732000351,-0.07535939663648605,-0.3244278132915497,-0.26184454560279846,0.36991873383522034,-0.4931197464466095,0.047754645347595215,-0.09305223077535629,0.299900084733963,0.5164192914962769,0.12981300055980682,0.04603109136223793,-0.1328844130039215
447.0,-0.19106271862983704,-0.22360576689243317,-0.26102834939956665,0.1712132692337036,0.07774504274129868,0.009095577523112297,-0.5875100493431091,-0.24255117774009705,-0.21619321405887604,0.14752636849880219,0.26094502210617065,-0.06388130784034729,0.03721792995929718,-0.035425979644060135,-0.03028859943151474,-0.17931081354618073,0.013831069692969322,0.4785866141319275,-0.2823842167854309,-0.1975110024213791,-0.13584326207637787,0.15848609805107117,-0.5806493163108826,0.1156480684876442,0.33968210220336914,-0.3656674027442932,-0.17505702376365662,-0.3920802175998688,0.21739277243614197,-0.027149980887770653,0.30887895822525024,0.32493412494659424,-0.2322358936071396,-0.14412589371204376,-0.08658750355243683,0.12406817823648453,0.002053824719041586,-0.18753276765346527,-0.20834065973758698,-0.1530943363904953,-0.07347162812948227,-0.31646987795829773,0.14949442446231842,-0.322715699672699,0.04882373288273811,-0.15181005001068115,-0.03985185921192169,-0.031015396118164062,-0.025212978944182396,-0.36614033579826355,-0.049182843416929245,-0.028617149218916893,-0.12635546922683716,-0.23042112588882446,-0.2932305634021759,0.5509483218193054,-0.2443418949842453,-0.05391377955675125,-0.08763300627470016,0.40543270111083984,0.4013173282146454,0.24317802488803864,0.026676369830965996,-0.015360048972070217
448.0,-0.2701241970062256,-0.04548477381467819,-0.278551310300827,0.24884890019893646,0.09265850484371185,-0.0841091051697731,-0.6876640915870667,-0.3367912173271179,-0.3220767676830292,0.2097291499376297,0.3471277058124542,-0.07400796562433243,0.06006111204624176,-0.0271572545170784,0.0449727401137352,-0.2972642481327057,0.037790343165397644,0.45637062191963196,-0.42342978715896606,-0.24758850038051605,-0.3721783757209778,0.17353378236293793,-0.9386828541755676,0.21525172889232635,0.4018411636352539,-0.41293901205062866,-0.12149591743946075,-0.5932803153991699,0.2947100102901459,0.23507584631443024,0.3214070796966553,0.363289475440979,-0.3682081997394562,-0.12328507006168365,-0.036503877490758896,0.10066532343626022,-0.03650413826107979,-0.28808584809303284,-0.1646304875612259,-0.2192792147397995,-0.12561394274234772,-0.19022531807422638,0.19104793667793274,-0.2913788855075836,0.06433629989624023,-0.29170969128608704,0.022888755425810814,-0.010216731578111649,-0.15434473752975464,-0.4540877044200897,-0.0012488766806200147,-0.04256388917565346,-0.2556086480617523,-0.31800585985183716,-0.2332339584827423,0.5663549304008484,-0.351132333278656,-0.09593858569860458,-0.12847961485385895,0.4921714663505554,0.569620668888092,0.2948026657104492,0.02665088325738907,-0.15691670775413513
449.0,-0.2264222353696823,-0.24509871006011963,-0.2813895642757416,0.23728659749031067,0.10259480029344559,0.0824417844414711,-0.5568879246711731,-0.2472810596227646,-0.25270479917526245,0.13925139605998993,0.2969602346420288,-0.07340593636035919,0.03734072297811508,-0.06298332661390305,-0.07872972637414932,-0.24754805862903595,-0.04096238687634468,0.4803023934364319,-0.2967509627342224,-0.24680213630199432,-0.22946292161941528,0.18066731095314026,-0.5925890803337097,0.12411010265350342,0.3796778619289398,-0.37244167923927307,-0.2027232050895691,-0.38097620010375977,0.26840877532958984,-0.00860685110092163,0.28096625208854675,0.30038541555404663,-0.1767071932554245,-0.11645166575908661,-0.08544208854436874,0.08227232098579407,-0.018765520304441452,-0.2165205180644989,-0.09682053327560425,-0.11052399128675461,-0.022128108888864517,-0.2617422640323639,0.18622887134552002,-0.3025706112384796,0.048580583184957504,-0.1402004063129425,0.0036907801404595375,-0.037253059446811676,-0.0410548634827137,-0.4266207218170166,-0.06320248544216156,0.0058594211004674435,-0.18744060397148132,-0.25887253880500793,-0.1976250261068344,0.5158121585845947,-0.19354675710201263,-0.0689363181591034,-0.08382284641265869,0.4684890806674957,0.3841323256492615,0.27862349152565,-0.014269117265939713,-0.04826479032635689
450.0,-0.20817537605762482,-0.045889321714639664,-0.06354964524507523,0.1658480167388916,-0.09236076474189758,-0.2610577940940857,-0.5036651492118835,-0.12514281272888184,-0.5081197023391724,0.33712175488471985,-0.0891883596777916,0.0530768558382988,-0.5020925998687744,0.2360861748456955,0.19116953015327454,-0.392890989780426,0.2889813184738159,0.35748255252838135,-0.18812024593353271,0.26795709133148193,-0.18628717958927155,0.11679157614707947,-0.26441866159439087,-0.38238728046417236,0.40917015075683594,-0.07050853967666626,0.17171262204647064,-0.1672024130821228,0.28952398896217346,-0.41385596990585327,-0.04290853440761566,0.2883259057998657,-0.08871578425168991,-0.16352634131908417,-0.03463457152247429,0.29400724172592163,0.020727431401610374,-0.06636592745780945,-0.36601024866104126,-0.3462459146976471,-0.4238792061805725,0.831042468547821,0.21888001263141632,-0.03176193684339523,0.4409095048904419,-0.4122835695743561,-0.21571248769760132,-0.06629044562578201,-0.12898029386997223,0.04743851721286774,0.42912837862968445,-0.2474486380815506,-0.20935827493667603,-0.02898852527141571,-0.5103902220726013,0.22599457204341888,0.0752086341381073,-0.20429645478725433,0.3771919012069702,0.6288497447967529,-0.19599492847919464,0.24370934069156647,-0.22383438050746918,-0.03267444297671318
451.0,-0.16936849057674408,-0.09024322777986526,-0.0425509549677372,0.004026960115879774,-0.1016327366232872,-0.12318261712789536,-0.3918569087982178,-0.0028499094769358635,-0.320931613445282,0.3544141352176666,0.24871507287025452,0.08330778777599335,-0.2986750304698944,0.16109158098697662,0.22712640464305878,-0.37232261896133423,0.22019754350185394,0.3966141939163208,-0.2337769716978073,0.06480029970407486,-0.27692607045173645,0.07163121551275253,-0.3346063196659088,-0.492898166179657,0.6212102174758911,-0.06484152376651764,0.10940246284008026,-0.2393658310174942,0.25872936844825745,-0.10541706532239914,-0.07603376358747482,0.25582215189933777,-0.11021313816308975,-0.01615941897034645,-0.12405039370059967,0.5647943019866943,0.12121732532978058,-0.13414506614208221,-0.20046116411685944,-0.36436349153518677,-0.2364439219236374,0.5927964448928833,0.1306624412536621,-0.05259404331445694,0.2012505829334259,-0.3496512770652771,-0.27080804109573364,-0.017686722800135612,-0.08768044412136078,0.08411438763141632,0.2784329950809479,-0.11658807098865509,-0.21552519500255585,0.13081884384155273,-0.5287532806396484,0.20560400187969208,-0.12151876091957092,-0.27908334136009216,0.29333147406578064,0.4698617160320282,-0.04725177586078644,0.30593520402908325,-0.19955913722515106,-0.15080365538597107
452.0,-0.1546526551246643,-0.06520257145166397,0.02076348289847374,0.15798091888427734,-0.09949671477079391,-0.16869397461414337,-0.4874367117881775,-0.0882682204246521,-0.4387342929840088,0.2714385986328125,-0.049923840910196304,0.014101315289735794,-0.40858104825019836,0.1670432686805725,0.21152137219905853,-0.3326228857040405,0.22832341492176056,0.34958595037460327,-0.17894701659679413,0.18234172463417053,-0.20728620886802673,0.12129553407430649,-0.232998326420784,-0.4342520833015442,0.4335346817970276,-0.037911660969257355,0.16448867321014404,-0.1793207824230194,0.29263395071029663,-0.42477619647979736,-0.056831538677215576,0.301492303609848,-0.06009013205766678,-0.1243354082107544,-0.034957073628902435,0.3135155439376831,0.034182947129011154,-0.03523579239845276,-0.2510611414909363,-0.34604039788246155,-0.3352982699871063,0.6702626943588257,0.20821131765842438,0.015562431886792183,0.34755009412765503,-0.33392828702926636,-0.2601076662540436,-0.09109199047088623,-0.09468957781791687,0.05095581337809563,0.3930271863937378,-0.17376424372196198,-0.19051402807235718,-0.0213138647377491,-0.46443188190460205,0.2495078146457672,-0.04381928965449333,-0.17647403478622437,0.3471422493457794,0.5795063376426697,-0.16773320734500885,0.1918518990278244,-0.207426518201828,-0.08909126371145248
453.0,-0.20286530256271362,-0.14935185015201569,-0.08204048871994019,0.139885812997818,-0.06710553169250488,-0.23702070116996765,-0.5017282962799072,-0.08619257807731628,-0.5313634276390076,0.3681837022304535,-0.002870746422559023,-0.013496113009750843,-0.4621966481208801,0.1709870547056198,0.17496050894260406,-0.3600512742996216,0.24838139116764069,0.4203428626060486,-0.20609870553016663,0.11516740173101425,-0.18174399435520172,0.1659247875213623,-0.22597838938236237,-0.40113717317581177,0.5331788659095764,-0.006920251064002514,0.13432776927947998,-0.2088947594165802,0.3109331429004669,-0.3666769564151764,0.05236734449863434,0.32131242752075195,-0.12063699960708618,-0.18356925249099731,-0.08132807165384293,0.44896167516708374,0.09427794814109802,-0.05009397491812706,-0.29678577184677124,-0.3104904294013977,-0.2864416241645813,0.6537975668907166,0.20278498530387878,0.03269312530755997,0.4035429358482361,-0.377617210149765,-0.16550201177597046,-0.03496818244457245,-0.11327578127384186,-0.0035116286017000675,0.435654878616333,-0.19642816483974457,-0.2871735692024231,-0.09988956153392792,-0.48393142223358154,0.3133537471294403,-0.04422776773571968,-0.24737869203090668,0.3798973858356476,0.5758392810821533,-0.19168409705162048,0.30888885259628296,-0.17853769659996033,-0.10382601618766785
454.0,-0.06254490464925766,-0.08163043856620789,-0.005285279825329781,0.21027463674545288,-0.26508378982543945,-0.15070658922195435,-0.6037123799324036,-0.047421641647815704,-0.4724290370941162,0.3237002491950989,-0.04238318279385567,-0.11618443578481674,-0.4334534704685211,0.21041950583457947,0.21588651835918427,-0.39732566475868225,0.21240414679050446,0.2902832627296448,-0.11640018224716187,0.31445953249931335,-0.32222509384155273,0.10703051835298538,-0.22354091703891754,-0.4914394021034241,0.3231143653392792,-0.00670540751889348,0.07775091379880905,-0.11735927313566208,0.364789217710495,-0.5478834509849548,-0.02248423732817173,0.28114399313926697,0.17268973588943481,-0.060765184462070465,0.07913617044687271,0.4239535331726074,0.10932830721139908,0.141065776348114,-0.16898123919963837,-0.42046457529067993,-0.3266490399837494,0.6494616270065308,0.2340259999036789,-0.10399577766656876,0.3518044948577881,-0.25440332293510437,-0.4097159802913666,-0.09489259123802185,0.02536889538168907,0.09281039237976074,0.3867640197277069,-0.08923749625682831,-0.005354856140911579,0.153865247964859,-0.5050250291824341,0.22667735815048218,-0.1893662065267563,-0.1578567773103714,0.38190752267837524,0.5674663782119751,-0.2156652957201004,0.15167975425720215,-0.25888222455978394,-0.0632525160908699
455.0,-0.4209619164466858,-0.2813016176223755,-0.48780736327171326,0.2081289291381836,0.21898426115512848,-0.1310245394706726,-0.32006871700286865,-0.19437868893146515,-0.49876868724823,0.42227184772491455,0.20112085342407227,0.031156025826931,-0.2134396880865097,0.039982862770557404,-0.2163337916135788,-0.31307342648506165,0.08164361119270325,0.45298635959625244,-0.3480549156665802,-0.32389092445373535,-0.22880983352661133,0.03874380141496658,-0.5198179483413696,0.292155921459198,0.3783842921257019,-0.19156892597675323,-0.06517569720745087,-0.3485231399536133,0.21913714706897736,0.3155319094657898,0.3700934052467346,0.11156965792179108,-0.2906688153743744,-0.22598518431186676,-0.1164449080824852,0.15334562957286835,0.0646519735455513,-0.29118162393569946,-0.06963273137807846,-0.028333755210042,-0.05876617133617401,0.08320356905460358,0.16983656585216522,-0.16090412437915802,0.2535296082496643,-0.28573593497276306,0.3326249420642853,0.22442643344402313,-0.12126513570547104,-0.5413845181465149,0.0525837168097496,-0.04805813357234001,-0.37176817655563354,-0.45512649416923523,-0.18510779738426208,0.23731380701065063,0.10604336112737656,-0.24754562973976135,-0.03032216802239418,0.3556140661239624,0.20163187384605408,0.49083077907562256,0.0034307739697396755,-0.10018400847911835
456.0,-0.44059187173843384,-0.2933712303638458,-0.559939980506897,0.26468032598495483,0.24587559700012207,-0.1498696357011795,-0.36894094944000244,-0.24366481602191925,-0.5371443033218384,0.4742473363876343,0.24733872711658478,0.10212481766939163,-0.23477981984615326,0.04271448403596878,-0.215017631649971,-0.42840105295181274,0.1596006602048874,0.4772428274154663,-0.3320748805999756,-0.2362465262413025,-0.19300685822963715,0.06330836564302444,-0.5192166566848755,0.2905135154724121,0.3441019356250763,-0.23427756130695343,-0.1346583217382431,-0.3285447359085083,0.1995224803686142,0.22050803899765015,0.3520105481147766,0.1252836287021637,-0.27153679728507996,-0.23001576960086823,-0.05781407281756401,0.15587204694747925,0.021235577762126923,-0.37638726830482483,-0.13255278766155243,-0.024387793615460396,-0.09414216876029968,0.10605192929506302,0.18634797632694244,-0.24949142336845398,0.3181065320968628,-0.339033842086792,0.22982189059257507,0.1567460596561432,-0.1021486148238182,-0.5188650488853455,0.015781164169311523,-0.07033493369817734,-0.38883912563323975,-0.4249032437801361,-0.2052937150001526,0.1941506564617157,0.17658674716949463,-0.23314201831817627,-0.04964674636721611,0.48235854506492615,0.13630832731723785,0.5165892243385315,-0.012541275471448898,-0.08525191247463226
457.0,-0.4121238589286804,-0.25378015637397766,-0.6691401600837708,0.2915470004081726,0.14035330712795258,-0.09505265951156616,-0.5481133460998535,-0.28948134183883667,-0.5593589544296265,0.5569667816162109,0.46767520904541016,-0.15624991059303284,-0.10646312683820724,0.018790816888213158,-0.2633137106895447,-0.5279951691627502,0.09684533625841141,0.49882471561431885,-0.34557002782821655,-0.3750592768192291,-0.40394797921180725,0.14815303683280945,-0.8903034329414368,0.4548984169960022,0.42270591855049133,-0.31075674295425415,-0.15584352612495422,-0.47712835669517517,0.25858721137046814,0.4987994134426117,0.5008878111839294,0.0006533387349918485,-0.2820371985435486,-0.1209084615111351,0.05863527953624725,0.22633464634418488,0.12412054091691971,-0.32314687967300415,0.0025706952437758446,-0.075605109333992,-0.021329019218683243,-0.04960703104734421,0.23089753091335297,-0.3924010396003723,0.23436090350151062,-0.2932276427745819,0.2186427116394043,0.18048352003097534,-0.10538572072982788,-0.6262228488922119,0.00030887546017766,-0.025125212967395782,-0.3658103346824646,-0.38371986150741577,-0.13054439425468445,0.2557659149169922,-0.11837697774171829,-0.3061130940914154,-0.17431199550628662,0.4780316650867462,0.29633745551109314,0.47704023122787476,0.045329220592975616,-0.11691783368587494
458.0,-0.426728218793869,-0.17339889705181122,-0.5775521397590637,0.2677057683467865,0.09707105159759521,-0.13008949160575867,-0.6407610177993774,-0.32784560322761536,-0.5547455549240112,0.47889307141304016,0.5010294318199158,-0.1752970963716507,-0.04699455574154854,-0.00830959714949131,-0.17708906531333923,-0.4651700258255005,0.10207550972700119,0.4939953684806824,-0.3460499942302704,-0.35918107628822327,-0.4092082381248474,0.19969677925109863,-1.0184322595596313,0.4046419858932495,0.4478043019771576,-0.30959323048591614,-0.11084889620542526,-0.5350579023361206,0.27384719252586365,0.5313053727149963,0.47487562894821167,0.09805832803249359,-0.3219043016433716,-0.15373609960079193,0.09285584092140198,0.19462263584136963,0.07517159730195999,-0.3239818811416626,-0.04703111946582794,-0.1348729133605957,-0.0696297362446785,-0.06511387228965759,0.2102275937795639,-0.3519410789012909,0.2551904022693634,-0.3378082513809204,0.15554870665073395,0.1376260221004486,-0.15468266606330872,-0.5584191083908081,0.0012683843960985541,-0.07557738572359085,-0.38681161403656006,-0.4087282419204712,-0.1556527316570282,0.3110845983028412,-0.1976492553949356,-0.31930941343307495,-0.1335853785276413,0.530821681022644,0.3858261704444885,0.4074329733848572,0.025688618421554565,-0.1608865112066269
459.0,-0.3981701731681824,0.08553062379360199,-0.27911219000816345,0.10723904520273209,0.010234740562736988,-0.2894359827041626,-0.5448674559593201,-0.34125855565071106,-0.3857532739639282,0.4395372271537781,0.5090764164924622,-0.21458442509174347,0.07853734493255615,0.14935840666294098,-0.0720381811261177,-0.3237735331058502,0.046891819685697556,0.31810814142227173,-0.36304202675819397,-0.3328821063041687,-0.565421462059021,0.025490308180451393,-1.1541050672531128,0.3251801133155823,0.4264489412307739,-0.10428635776042938,0.22660915553569794,-0.573106586933136,0.1792391836643219,0.805813193321228,0.2274121791124344,0.0039836023934185505,-0.2941124141216278,-0.25400424003601074,0.12960606813430786,0.3467499613761902,0.027529612183570862,-0.21033969521522522,0.0353982038795948,-0.25624004006385803,-0.1903444528579712,0.21366967260837555,0.061676301062107086,-0.18735003471374512,0.1475626528263092,-0.40462639927864075,-0.04991917312145233,0.14872752130031586,-0.4165544807910919,-0.5128235220909119,-0.04270482435822487,-0.1430242955684662,-0.3099750280380249,-0.35220277309417725,-0.25162166357040405,0.11096755415201187,-0.26885533332824707,-0.38972797989845276,0.004767360631376505,0.4327789843082428,0.4475287199020386,0.29462936520576477,-0.044390685856342316,-0.11798148602247238
460.0,-0.2638836205005646,0.14599119126796722,-0.14208930730819702,0.34512534737586975,-0.2054305076599121,-0.12255610525608063,-0.638238787651062,0.003086503129452467,-0.534254252910614,0.297897070646286,-0.1528088003396988,0.012228713370859623,-0.515724778175354,0.23036791384220123,0.20717307925224304,-0.5154871940612793,0.2636648416519165,0.1541043370962143,-0.18901526927947998,0.23729722201824188,-0.5544887781143188,0.14055263996124268,-0.24361008405685425,-0.27044451236724854,0.2668816149234772,0.024694543331861496,-0.12490808963775635,-0.19353222846984863,0.3003818988800049,-0.4583183825016022,-0.06381126493215561,0.22959528863430023,-0.021232888102531433,-0.16529104113578796,0.05057094246149063,0.37344205379486084,-0.008008349686861038,-0.09090260416269302,-0.1380576491355896,-0.3991648852825165,-0.2968069314956665,0.7273628115653992,0.4012162983417511,0.042765744030475616,0.48549684882164,-0.34030163288116455,-0.2615804374217987,-0.00696120411157608,0.04116332158446312,-0.11388348788022995,0.45480629801750183,-0.14503628015518188,-0.10017183423042297,-0.13242273032665253,-0.408958375453949,0.02589966356754303,-0.1307101994752884,0.0036479863338172436,0.2654893696308136,0.6420210599899292,-0.26016902923583984,0.1621977537870407,-0.2281767576932907,-0.33913663029670715
461.0,-0.1723860651254654,0.15274137258529663,-0.1152305155992508,0.3537513315677643,-0.24020345509052277,-0.11098571866750717,-0.6372076869010925,0.04826287552714348,-0.5503771901130676,0.23582881689071655,-0.26708856225013733,-0.011746752075850964,-0.5574694275856018,0.25006526708602905,0.2071986347436905,-0.48674896359443665,0.23667453229427338,0.05234546214342117,-0.1411127895116806,0.31613704562187195,-0.5399925112724304,0.12290818244218826,-0.06322631239891052,-0.29981622099876404,0.16132816672325134,0.0984085351228714,-0.16950203478336334,-0.13553068041801453,0.3023478090763092,-0.6322420835494995,-0.09439282864332199,0.22122348845005035,0.050273071974515915,-0.1908770501613617,0.0631161704659462,0.39647558331489563,0.0027607721276581287,0.013347837142646313,-0.149835005402565,-0.3709065914154053,-0.26962411403656006,0.7040725350379944,0.4114917814731598,0.050190072506666183,0.4835525155067444,-0.27347293496131897,-0.30018895864486694,-0.026791628450155258,0.14350776374340057,-0.037925124168395996,0.5105205774307251,-0.13302333652973175,-0.02909693866968155,-0.1086503192782402,-0.39131683111190796,0.0026038815267384052,-0.13811849057674408,0.09090346097946167,0.2596057653427124,0.5463448762893677,-0.3864067494869232,0.11566327512264252,-0.1824563890695572,-0.3317762613296509
462.0,-0.1550779491662979,0.14897935092449188,-0.0874750167131424,0.37668025493621826,-0.2659485638141632,-0.14985014498233795,-0.6947388052940369,-0.15538617968559265,-0.6581910252571106,0.28999900817871094,-0.022968066856265068,-0.19142471253871918,-0.4177219569683075,0.199687659740448,0.1403801590204239,-0.6161373257637024,0.17736205458641052,0.15234850347042084,-0.1989590972661972,0.13142985105514526,-0.6322105526924133,0.10686410963535309,-0.4138122797012329,-0.2879861295223236,0.25731992721557617,0.1280677169561386,0.06471790373325348,-0.2752566635608673,0.44737809896469116,-0.3605590760707855,0.0224989615380764,0.17045871913433075,0.22286222875118256,-0.15011128783226013,0.18795423209667206,0.3796340227127075,0.014801863580942154,0.14366546273231506,0.00834979023784399,-0.4001978933811188,-0.2783656716346741,0.7193201184272766,0.31471705436706543,-0.045418065041303635,0.43439897894859314,-0.30939581990242004,-0.44149067997932434,-0.00805804505944252,0.07608693838119507,-0.05884566530585289,0.46374788880348206,-0.10434980690479279,-0.13257212936878204,-0.06904560327529907,-0.31089407205581665,0.0008899634703993797,-0.3060608208179474,-0.09224026650190353,0.2846599221229553,0.6595726013183594,-0.27638185024261475,0.18827643990516663,-0.17001302540302277,-0.2629880905151367
463.0,-0.0797736868262291,0.18760332465171814,-0.040302857756614685,0.40108948945999146,-0.29374960064888,-0.1770373284816742,-0.7566978931427002,-0.14008142054080963,-0.6565366983413696,0.203593447804451,-0.15060707926750183,-0.1528729498386383,-0.4533359110355377,0.24013815820217133,0.20531412959098816,-0.556959867477417,0.2019500583410263,0.11138445883989334,-0.18318529427051544,0.28057125210762024,-0.5843873620033264,0.10263167321681976,-0.2775268852710724,-0.377581387758255,0.16089119017124176,0.10067448765039444,0.02514556236565113,-0.24914874136447906,0.44537490606307983,-0.6316040754318237,-0.03319709375500679,0.2665066719055176,0.2330016791820526,-0.18550391495227814,0.1725262701511383,0.3711142838001251,-0.01477550808340311,0.19608838856220245,-0.1255955845117569,-0.43286603689193726,-0.3456295132637024,0.7067688703536987,0.31717395782470703,-0.04554742947220802,0.46152040362358093,-0.30581116676330566,-0.5260589718818665,-0.08354376256465912,0.1403997540473938,0.0281102005392313,0.49323686957359314,-0.1386062204837799,-0.06417661905288696,-0.015280320309102535,-0.35088860988616943,0.05491766333580017,-0.30882394313812256,0.009830137714743614,0.3085189759731293,0.6483521461486816,-0.3317479193210602,0.1462538093328476,-0.16459305584430695,-0.24001604318618774
464.0,-0.44874173402786255,0.4309985637664795,-0.07351291924715042,0.21152718365192413,-0.21796481311321259,-0.21150164306163788,-0.5963494181632996,-0.054380182176828384,-0.25325098633766174,0.30210021138191223,0.18140771985054016,0.06388476490974426,-0.19919000566005707,0.26797136664390564,0.287682443857193,-0.3843866288661957,0.26364967226982117,0.07981432229280472,-0.21457135677337646,0.15758295357227325,-0.7175678014755249,0.04310300946235657,-0.6915950179100037,-0.08218449354171753,0.237730011343956,0.03610941022634506,-0.09396669268608093,-0.3652161955833435,0.0701720342040062,0.1415151059627533,-0.04821154475212097,0.20125649869441986,-0.21643716096878052,-0.24725811183452606,0.10162589699029922,0.37451475858688354,-0.06839947402477264,-0.28910666704177856,0.024128414690494537,-0.5027729272842407,-0.2716594338417053,0.5281906127929688,0.24556761980056763,0.08256925642490387,0.40432074666023254,-0.49010881781578064,-0.36148497462272644,-0.014532329514622688,-0.20229646563529968,-0.2618136703968048,0.21066448092460632,-0.19182626903057098,-0.09980115294456482,-0.2549472153186798,-0.48063984513282776,-0.12104526907205582,-0.18521545827388763,-0.12351500988006592,0.19188739359378815,0.6055774688720703,0.04217752441763878,-0.02858567424118519,-0.2912553548812866,-0.40728843212127686
465.0,-0.19683301448822021,-0.09889053553342819,-0.22485657036304474,0.046574801206588745,0.02911652810871601,-0.21521276235580444,-0.6640587449073792,-0.23318804800510406,-0.21495375037193298,0.1694946438074112,0.29669564962387085,-0.01445502694696188,0.0013810396194458008,-8.019652159418911e-05,0.1443820595741272,-0.08338548988103867,0.1428360790014267,0.4882444739341736,-0.34110525250434875,-0.12294474989175797,-0.13363774120807648,0.21577787399291992,-0.7930471897125244,0.11140621453523636,0.5063455700874329,-0.43207499384880066,-0.06820859014987946,-0.5966415405273438,0.1200285479426384,0.09533032774925232,0.35379254817962646,0.44186508655548096,-0.5440567135810852,-0.19776484370231628,-0.0656856894493103,0.19671303033828735,-0.04642399773001671,-0.28977978229522705,-0.41009634733200073,-0.21809202432632446,-0.19173075258731842,-0.27357223629951477,0.10179826617240906,-0.3054117262363434,0.054792724549770355,-0.3438813090324402,-0.0004001256311312318,-0.13950054347515106,-0.168892040848732,-0.3076249063014984,0.0010521122021600604,-0.11996948719024658,-0.2301194667816162,-0.2614019513130188,-0.3997242748737335,0.719499409198761,-0.32457393407821655,-0.05308687314391136,-0.07204414904117584,0.39356958866119385,0.5562446713447571,0.17044883966445923,0.08196256309747696,-0.0478648915886879
466.0,-0.19288089871406555,-0.07066057622432709,-0.24241887032985687,0.13135038316249847,0.060127247124910355,-0.10097037255764008,-0.6650983095169067,-0.26455509662628174,-0.21366943418979645,0.12378799915313721,0.26962727308273315,-0.055256325751543045,0.042218830436468124,-0.004162870813161135,0.018281640484929085,-0.1362147480249405,0.0621907114982605,0.41904208064079285,-0.3052974343299866,-0.131983682513237,-0.21904820203781128,0.14464986324310303,-0.7720382213592529,0.2281753420829773,0.30785995721817017,-0.45447301864624023,-0.11881142109632492,-0.5315672159194946,0.17096896469593048,0.09192264080047607,0.3215219974517822,0.3446360230445862,-0.3878861367702484,-0.17072772979736328,-0.0417625717818737,0.06097186729311943,-0.05086439847946167,-0.2377859354019165,-0.299806147813797,-0.1780872493982315,-0.18493133783340454,-0.3710574209690094,0.1540755331516266,-0.38152337074279785,-0.0018836141098290682,-0.22816401720046997,-0.013764021918177605,-0.08049770444631577,-0.07905086874961853,-0.391650527715683,-0.04419434070587158,-0.056568510830402374,-0.09752562642097473,-0.2509172558784485,-0.29625028371810913,0.5803123116493225,-0.3059353828430176,0.016451489180326462,-0.18242058157920837,0.3357734680175781,0.5473628640174866,0.14568471908569336,0.09609148651361465,-0.038688138127326965
467.0,-0.2063598781824112,-0.04059763252735138,-0.27160587906837463,0.1191863939166069,0.01046951673924923,-0.09272442013025284,-0.7410370707511902,-0.2980141043663025,-0.26047003269195557,0.198007270693779,0.4775223433971405,-0.20925180613994598,0.1574419140815735,-0.05252198502421379,0.0836181566119194,-0.21008853614330292,0.01563281938433647,0.4591441750526428,-0.3631979823112488,-0.3380962610244751,-0.35452958941459656,0.24293723702430725,-1.0512021780014038,0.2736779749393463,0.516594648361206,-0.4153739809989929,-0.10024695098400116,-0.660870373249054,0.21731829643249512,0.44144174456596375,0.433454304933548,0.33150389790534973,-0.4521305561065674,-0.09809142351150513,-0.010212368331849575,0.18830716609954834,0.01656213589012623,-0.23874016106128693,-0.1998763382434845,-0.22988589107990265,-0.07430855929851532,-0.36486977338790894,0.14514592289924622,-0.310473769903183,-0.0050241099670529366,-0.28415191173553467,0.025324782356619835,0.01646403782069683,-0.16803063452243805,-0.42833152413368225,-0.003089732024818659,-0.019086817279458046,-0.25526395440101624,-0.2681959867477417,-0.2652764618396759,0.663644552230835,-0.5287884473800659,-0.17198343575000763,-0.14433209598064423,0.37983110547065735,0.6899378895759583,0.21838194131851196,0.09940025955438614,-0.13221952319145203
468.0,-0.23252128064632416,-0.08454769104719162,-0.2965286672115326,0.1927608847618103,0.04749004915356636,-0.1538030207157135,-0.7913715839385986,-0.35058164596557617,-0.33490070700645447,0.2275991439819336,0.46363377571105957,-0.21072092652320862,0.14262062311172485,-0.06738796830177307,0.11122971773147583,-0.2272646725177765,0.04558200761675835,0.5164398550987244,-0.4305029511451721,-0.2831548750400543,-0.36138802766799927,0.25426822900772095,-1.0941048860549927,0.21405211091041565,0.5090854167938232,-0.4732758402824402,-0.10160624235868454,-0.6851023435592651,0.30960479378700256,0.33624494075775146,0.43609482049942017,0.42961716651916504,-0.4759206473827362,-0.10178479552268982,-0.003826953936368227,0.20366407930850983,0.045981165021657944,-0.23947034776210785,-0.24679319560527802,-0.24932853877544403,-0.08781974762678146,-0.3410399556159973,0.14323945343494415,-0.3166402280330658,0.04337536543607712,-0.3103753626346588,0.02233896218240261,-0.02113630808889866,-0.19243428111076355,-0.4210866689682007,-0.0025634802877902985,-0.0350569412112236,-0.2811782956123352,-0.27642834186553955,-0.2925877869129181,0.7285107374191284,-0.520423173904419,-0.1617095172405243,-0.13707968592643738,0.4786306917667389,0.6869978904724121,0.27762094140052795,0.06657823920249939,-0.14158758521080017
469.0,-0.2319607138633728,0.17470791935920715,-0.2952163517475128,-0.28572896122932434,-0.048733189702034,-0.5511909127235413,-0.7576197385787964,-0.3571982681751251,-0.11450064182281494,0.3420906364917755,0.6345343589782715,-0.3971474766731262,0.23400208353996277,-0.0019319690763950348,-0.05081577226519585,-0.029523346573114395,0.1699773222208023,0.2763671875,-0.07188425958156586,-0.3230839967727661,-0.08336789160966873,0.21862204372882843,-1.1955517530441284,0.43788862228393555,0.3639460802078247,-0.14979882538318634,0.40377697348594666,-0.7254533171653748,-0.040749818086624146,0.80776047706604,0.513899564743042,0.007283986546099186,-0.5743464827537537,-0.38701531291007996,0.2583991587162018,0.35515227913856506,0.064364954829216,-0.08904685825109482,-0.40192848443984985,-0.22421114146709442,-0.11792218685150146,-0.36001768708229065,-0.08846280723810196,-0.3756263256072998,0.0805835872888565,-0.3680267333984375,-0.28815311193466187,-0.08199260383844376,-0.34881463646888733,-0.26305800676345825,-0.07050734013319016,-0.2263294756412506,-0.20093709230422974,-0.29253894090652466,-0.419671893119812,0.34353771805763245,-0.6386076211929321,-0.3606148660182953,-0.08487113565206528,0.19670237600803375,0.4866556227207184,0.028312092646956444,0.17657072842121124,0.09300950914621353
470.0,-0.22876836359500885,-0.16171807050704956,-0.48641225695610046,0.381174772977829,-0.03579458221793175,-0.13630659878253937,-0.4790003001689911,-0.26842400431632996,-0.6298761963844299,0.48157286643981934,0.09132449328899384,-0.02971060946583748,-0.38552147150039673,0.18925796449184418,-0.18048952519893646,-0.7439481019973755,0.24448531866073608,0.2743680775165558,-0.040512509644031525,0.25232940912246704,-0.1785578727722168,0.12552499771118164,-0.2740679681301117,0.04218598082661629,0.01601722463965416,-0.09951150417327881,-0.0793420597910881,-0.0002701813355088234,0.2977144718170166,-0.44298291206359863,0.15237349271774292,-0.017600221559405327,0.2690334916114807,-0.12416986376047134,0.23252041637897491,0.10999739170074463,-0.067293681204319,-0.056165385991334915,-0.2627168297767639,-0.1784501075744629,-0.2422458976507187,0.6060137748718262,0.3082447052001953,-0.4669811725616455,0.5684928297996521,-0.25718122720718384,-0.3702138066291809,-0.10164262354373932,0.1735982745885849,-0.041914865374565125,0.18079932034015656,-0.14147913455963135,-0.13557660579681396,-0.05195818841457367,-0.26065337657928467,-0.11038383841514587,0.20091646909713745,-0.1054697334766388,0.14377392828464508,0.7532707452774048,-0.4338054955005646,0.29255369305610657,-0.16286315023899078,0.12825113534927368
471.0,-0.17880454659461975,0.02415943704545498,-0.24490420520305634,0.36869773268699646,-0.176372230052948,-0.07639697194099426,-0.46394672989845276,-0.27116790413856506,-0.5950556397438049,0.3169728219509125,0.012536697089672089,-0.10140429437160492,-0.467321515083313,0.1358388513326645,-0.14972861111164093,-0.7598789930343628,0.16862204670906067,0.245310440659523,-0.15971671044826508,0.13701367378234863,-0.4339697062969208,0.0767776146531105,-0.6388865113258362,-0.018101859837770462,0.23107589781284332,-0.145003542304039,0.28069379925727844,-0.23395800590515137,0.37748950719833374,-0.1475723832845688,-0.042409151792526245,-0.19577176868915558,0.16701990365982056,0.06347163766622543,0.3425034284591675,0.0042071109637618065,-0.06858178228139877,-0.03041529469192028,-0.04058791324496269,-0.16410338878631592,-0.4831969141960144,0.9224575161933899,0.2835944890975952,-0.4089459180831909,0.29524049162864685,-0.2535587251186371,-0.21043306589126587,-0.014208887703716755,0.029803551733493805,-0.13877592980861664,0.1985744684934616,-0.19430646300315857,-0.15668411552906036,0.09771434962749481,-0.10412812978029251,-0.21628440916538239,0.1560474932193756,-0.1897464543581009,0.05890021473169327,0.6200602650642395,-0.23914137482643127,0.2563532590866089,-0.16724048554897308,0.010883701033890247
472.0,-0.14713987708091736,-0.04682554304599762,-0.22504788637161255,0.31096985936164856,-0.25552499294281006,-0.07897642254829407,-0.5327535271644592,-0.2370613068342209,-0.5852081775665283,0.24530868232250214,0.0006954250857234001,-0.18164309859275818,-0.5451540350914001,0.011358185671269894,-0.2082662284374237,-0.6854143142700195,0.19032667577266693,0.28911134600639343,-0.06344384700059891,0.008720332756638527,-0.2896197736263275,0.20952638983726501,-0.46464231610298157,-0.08737163245677948,0.30583950877189636,-0.01359320618212223,0.24611301720142365,-0.2530749440193176,0.29812437295913696,-0.2803665101528168,0.08979086577892303,-0.14913491904735565,0.15779446065425873,-0.022994225844740868,0.38749659061431885,0.09464036673307419,-0.015905510634183884,0.0387006439268589,-0.021961575374007225,-0.1550193578004837,-0.3846583366394043,0.7086597681045532,0.26326340436935425,-0.3739294707775116,0.3367382287979126,-0.22235889732837677,-0.32505083084106445,-0.09118298441171646,0.06797504425048828,-0.13107839226722717,0.2349955290555954,-0.2344190925359726,-0.17264024913311005,0.003975755535066128,-0.14366257190704346,-0.15614843368530273,0.03151324763894081,-0.16801679134368896,0.09491833299398422,0.5624328255653381,-0.41094914078712463,0.17713993787765503,-0.10014749318361282,-0.017799917608499527
473.0,-0.18003717064857483,-0.09205345064401627,-0.40925726294517517,0.36819687485694885,-0.14091530442237854,-0.14631816744804382,-0.5150813460350037,-0.15623529255390167,-0.7370100617408752,0.482293039560318,-0.11128495633602142,-0.1308315396308899,-0.5746132135391235,0.27039462327957153,-0.13902243971824646,-0.73470538854599,0.2120763063430786,0.15601475536823273,-0.06463050097227097,0.24606889486312866,-0.36063602566719055,0.06212420016527176,-0.16253206133842468,-0.045607686042785645,0.04710475727915764,0.05562819167971611,0.04204856604337692,-0.0044904132373631,0.3825680613517761,-0.4528796672821045,0.09045447409152985,-0.08949736505746841,0.32354021072387695,-0.12265066802501678,0.2320256382226944,0.24962784349918365,0.03888089954853058,0.14368262887001038,-0.13840444386005402,-0.21690136194229126,-0.2898919880390167,0.8560562133789062,0.3670741021633148,-0.2907712757587433,0.5652527213096619,-0.22257950901985168,-0.30093756318092346,0.04329138994216919,0.17370639741420746,-0.08869300782680511,0.4080137610435486,-0.14706061780452728,-0.053646430373191833,-0.03132031857967377,-0.2525986135005951,-0.19651812314987183,0.11249981075525284,-0.13213232159614563,0.2350415736436844,0.6060130000114441,-0.5447506308555603,0.3174452483654022,-0.18605713546276093,0.006203773431479931
474.0,-0.1328979730606079,-0.034121643751859665,-0.30042749643325806,0.33836841583251953,-0.13857229053974152,-0.1355971246957779,-0.5371279716491699,-0.1654832661151886,-0.5937484502792358,0.33883801102638245,-0.1439070999622345,-0.06048892065882683,-0.4732010066509247,0.2632462978363037,-0.05800984054803848,-0.6112525463104248,0.21096782386302948,0.17415356636047363,-0.0980500876903534,0.30063948035240173,-0.29933080077171326,0.047227129340171814,-0.18314535915851593,-0.09002985805273056,0.027184559032320976,-0.049561504274606705,0.024626707658171654,-0.030977651476860046,0.3450779318809509,-0.5488884449005127,0.019414225593209267,0.014064903371036053,0.2601083517074585,-0.1471429020166397,0.15711581707000732,0.13163039088249207,-0.059337809681892395,0.10447206348180771,-0.23032648861408234,-0.24607990682125092,-0.356619656085968,0.6965543627738953,0.33986496925354004,-0.31301596760749817,0.48304423689842224,-0.21489009261131287,-0.35157057642936707,-0.05214324966073036,0.1638711541891098,-0.04859963804483414,0.3552890121936798,-0.14490246772766113,0.007464256603270769,-0.015069401822984219,-0.30236953496932983,-0.07174380868673325,0.0835106149315834,-0.034490734338760376,0.2073315531015396,0.5914193987846375,-0.4127109944820404,0.21130594611167908,-0.17311373353004456,0.04784882068634033
475.0,-0.2477259486913681,-0.10712132602930069,-0.3834517300128937,0.13916432857513428,0.08640076220035553,-0.15890619158744812,-0.6231468319892883,-0.3322238326072693,-0.25543496012687683,0.25217583775520325,0.5410078763961792,-0.12313787639141083,0.1830073744058609,-0.04953334853053093,0.023296616971492767,-0.23367340862751007,0.07011326402425766,0.49362969398498535,-0.3411696255207062,-0.27698686718940735,-0.2169487327337265,0.24242369830608368,-1.0114840269088745,0.3528606593608856,0.4354039430618286,-0.45658907294273376,-0.14687928557395935,-0.5950143933296204,0.1644391268491745,0.40985676646232605,0.4689640998840332,0.3246729075908661,-0.45889806747436523,-0.10492951422929764,0.02927669696509838,0.13285693526268005,-0.03635823354125023,-0.34214603900909424,-0.25129005312919617,-0.17348584532737732,-0.06294803321361542,-0.3754727840423584,0.1129775270819664,-0.38547685742378235,0.06264491379261017,-0.2960682511329651,0.03571320325136185,-0.05762866884469986,-0.16687488555908203,-0.4240235686302185,-0.1022791787981987,-0.03544830158352852,-0.2954215109348297,-0.3026094436645508,-0.2575403153896332,0.6038163900375366,-0.3610283136367798,-0.15898767113685608,-0.1896139234304428,0.46909767389297485,0.6161072254180908,0.25476333498954773,0.07557335495948792,-0.03750326484441757
476.0,-0.18058697879314423,-0.21976347267627716,-0.22320953011512756,0.2163543999195099,0.08938963711261749,-0.004620858933776617,-0.5681376457214355,-0.24912260472774506,-0.20698054134845734,0.06479336321353912,0.37093859910964966,-0.0955662876367569,0.14897893369197845,-0.10503911226987839,-0.01624150201678276,-0.1577739119529724,-0.008470729924738407,0.479346364736557,-0.3091733753681183,-0.28669294714927673,-0.13982614874839783,0.2347078174352646,-0.6305375695228577,0.12604035437107086,0.3720402121543884,-0.32862207293510437,-0.263089120388031,-0.4514584541320801,0.18028110265731812,0.03749953955411911,0.3696047067642212,0.41202178597450256,-0.2596191167831421,-0.1448042094707489,-0.037255123257637024,0.10849688947200775,-0.02229050174355507,-0.22493889927864075,-0.16877585649490356,-0.10402736812829971,0.0032089415472000837,-0.45940643548965454,0.09699667245149612,-0.2788397967815399,0.022065527737140656,-0.19571779668331146,-0.048188719898462296,-0.09654467552900314,-0.027547618374228477,-0.38473501801490784,-0.11511830240488052,0.01833755522966385,-0.23817498981952667,-0.2999139130115509,-0.1754513382911682,0.6125054955482483,-0.3325660228729248,-0.011763225309550762,-0.1375734657049179,0.4129299521446228,0.45047086477279663,0.22864514589309692,0.06987636536359787,-0.06942042708396912
477.0,-0.39632365107536316,0.04766358062624931,-0.2742258608341217,-0.08440613746643066,0.08697707206010818,-0.1213439330458641,-0.5129899978637695,-0.208196759223938,-0.07580962777137756,0.2255261242389679,0.4958123564720154,-0.1605301946401596,0.1597118377685547,-0.00845943670719862,-0.11291825026273727,-0.18832822144031525,0.067848801612854,0.34493914246559143,-0.17869338393211365,-0.31593701243400574,-0.17048430442810059,0.09922733902931213,-0.7905674576759338,0.2687267065048218,0.2022409290075302,-0.22784501314163208,0.0480354018509388,-0.3910866379737854,0.06645573675632477,0.41568654775619507,0.31217893958091736,0.08533205091953278,-0.3435017764568329,-0.3058980703353882,0.0359879769384861,0.10640629380941391,0.06474114209413528,-0.20625996589660645,-0.11855266243219376,-0.14012411236763,-0.04588191211223602,-0.3900218904018402,0.033739227801561356,-0.2654726803302765,0.10136882215738297,-0.2776237428188324,-0.11558279395103455,0.038605693727731705,-0.13106441497802734,-0.35918939113616943,-0.06495179235935211,-0.08214325457811356,-0.1681848168373108,-0.34775006771087646,-0.23832492530345917,0.24873970448970795,-0.30198803544044495,-0.2074432522058487,-0.12731240689754486,0.24236591160297394,0.41489091515541077,0.17025692760944366,0.08518806844949722,-0.0803450271487236
478.0,-0.19714516401290894,-0.08869375288486481,-0.32042524218559265,0.20216280221939087,0.06428472697734833,-0.12780863046646118,-0.6727375388145447,-0.25504058599472046,-0.32872575521469116,0.08865252882242203,0.21090583503246307,-0.03411584347486496,0.005810535047203302,-0.011373736895620823,0.021014928817749023,-0.17669573426246643,0.058736834675073624,0.3729190528392792,-0.3377188444137573,-0.13705895841121674,-0.1852978765964508,0.14489655196666718,-0.6452117562294006,0.22199107706546783,0.27223771810531616,-0.37342217564582825,-0.2167917788028717,-0.5383105874061584,0.1992776095867157,-0.04912393540143967,0.3936607539653778,0.40254461765289307,-0.34607094526290894,-0.23860779404640198,-0.04209296777844429,0.12181303650140762,-0.06298220157623291,-0.21976211667060852,-0.3364902138710022,-0.13322481513023376,-0.12668539583683014,-0.39190754294395447,0.1322893351316452,-0.3646436035633087,0.09289713203907013,-0.23146609961986542,-0.016659116372466087,-0.06929738819599152,0.029731905087828636,-0.39060088992118835,-0.02307731658220291,-0.03957314416766167,-0.1642484813928604,-0.3103775084018707,-0.27854761481285095,0.6057748198509216,-0.316635400056839,0.07057059556245804,-0.1826324462890625,0.36255890130996704,0.4393140375614166,0.2133253961801529,0.1464037448167801,-0.03580793738365173
479.0,-0.1506851613521576,-0.12252914160490036,-0.2302606701850891,0.14805415272712708,-0.031773269176483154,-0.12664297223091125,-0.8614851832389832,-0.29247552156448364,-0.2806650400161743,0.1296582967042923,0.5111352205276489,-0.2454148381948471,0.19614267349243164,-0.10913869738578796,0.13285976648330688,-0.1502886861562729,0.027569441124796867,0.5446733832359314,-0.3888193368911743,-0.35026314854621887,-0.3372569978237152,0.33153635263442993,-1.0429667234420776,0.18589110672473907,0.6210964918136597,-0.4464360475540161,-0.16176944971084595,-0.7622615694999695,0.27052736282348633,0.31099411845207214,0.4919045865535736,0.531075119972229,-0.4950582683086395,-0.11425498127937317,-0.028315363451838493,0.31924208998680115,0.045670267194509506,-0.19390006363391876,-0.2516474723815918,-0.2688523530960083,-0.028756776824593544,-0.5283665060997009,0.09826906770467758,-0.3055228292942047,-0.0539453849196434,-0.2726043164730072,-0.05696171149611473,-0.051539089530706406,-0.1185469925403595,-0.41064199805259705,-0.02556585520505905,-0.0035286028869450092,-0.24943684041500092,-0.2746906876564026,-0.3390805423259735,0.866126298904419,-0.7072436213493347,-0.09610617160797119,-0.15506285429000854,0.43027278780937195,0.7327132225036621,0.23998382687568665,0.13353273272514343,-0.16189344227313995
480.0,-0.261097252368927,-0.175394207239151,-0.44055718183517456,0.17671963572502136,0.053988076746463776,-0.08358605206012726,-0.7349424958229065,-0.2625495195388794,-0.41360676288604736,0.2691119313240051,0.3977261185646057,-0.15219001471996307,0.011625301092863083,-0.02660379186272621,-0.055426593869924545,-0.2784861922264099,0.057157982140779495,0.49201712012290955,-0.3675420582294464,-0.31384798884391785,-0.34998035430908203,0.21273420751094818,-0.8921450972557068,0.2845345735549927,0.45872318744659424,-0.3906618356704712,-0.19417355954647064,-0.6073344349861145,0.2535249590873718,0.3035299479961395,0.4836329519748688,0.31092768907546997,-0.3662562668323517,-0.18596692383289337,-0.028237540274858475,0.23650474846363068,0.04995940625667572,-0.23047448694705963,-0.18998479843139648,-0.17493340373039246,-0.0545552521944046,-0.347019761800766,0.1690753698348999,-0.37720584869384766,0.07611570507287979,-0.26740097999572754,0.0952717512845993,0.06082812696695328,-0.08708373457193375,-0.5246769785881042,0.005555951967835426,-0.02931958995759487,-0.2270876169204712,-0.35899680852890015,-0.26362594962120056,0.6017762422561646,-0.3764530122280121,-0.10904693603515625,-0.16783355176448822,0.3930269479751587,0.5449845194816589,0.3534436821937561,0.09514130651950836,-0.11195699125528336
481.0,-0.21406571567058563,-0.2713466286659241,-0.3222717344760895,0.0876161977648735,0.09690732508897781,-0.08839131146669388,-0.4884341061115265,-0.1830468326807022,-0.310940682888031,0.21733412146568298,0.2501610517501831,-0.048576366156339645,-0.07573969662189484,-0.025840062648057938,-0.05274432525038719,-0.13195598125457764,0.08207529783248901,0.4660559296607971,-0.2707238793373108,-0.25090083479881287,-0.09931386262178421,0.1792108714580536,-0.5192759037017822,0.14985167980194092,0.4571501314640045,-0.284536212682724,-0.1445142775774002,-0.41423720121383667,0.11277519166469574,0.1572161614894867,0.3764549195766449,0.2940329611301422,-0.3708595037460327,-0.18350981175899506,-0.10651455819606781,0.23510602116584778,0.06064050272107124,-0.23596276342868805,-0.23766443133354187,-0.1006534993648529,-0.04576495662331581,-0.24839362502098083,0.10552817583084106,-0.2393956035375595,0.0753604844212532,-0.24944640696048737,0.14133834838867188,0.01535063050687313,-0.10989625751972198,-0.40038493275642395,0.006228175014257431,-0.06100274622440338,-0.25830233097076416,-0.3224446475505829,-0.2602548897266388,0.5169885754585266,-0.14328637719154358,-0.0999886766076088,-0.06322359293699265,0.3079005181789398,0.3624260723590851,0.29724743962287903,0.08194046467542648,-0.03978269547224045
482.0,-0.4071498513221741,-0.008263867348432541,-0.34335383772850037,0.015907982364296913,0.12708896398544312,-0.24124181270599365,-0.5444363951683044,-0.26183977723121643,-0.10545046627521515,0.36571741104125977,0.4329041540622711,0.005741954315453768,0.14396914839744568,0.09689880162477493,0.021704822778701782,-0.13864697515964508,0.12149334698915482,0.33020347356796265,-0.27554479241371155,-0.10971471667289734,-0.2557138204574585,0.058439988642930984,-0.7864469885826111,0.334492951631546,0.18745039403438568,-0.34504595398902893,-0.10414399206638336,-0.39354467391967773,-0.01622120477259159,0.3200330436229706,0.21808357536792755,0.16958382725715637,-0.42002880573272705,-0.31279993057250977,-0.021197659894824028,0.12319052219390869,-0.016121959313750267,-0.4138898253440857,-0.1992018222808838,-0.19327586889266968,-0.11432726681232452,-0.2690393030643463,0.09055902808904648,-0.3803407847881317,0.13566644489765167,-0.34960654377937317,-0.05886499583721161,-0.07377175241708755,-0.28372135758399963,-0.3633016049861908,-0.14673644304275513,-0.09916085749864578,-0.15852108597755432,-0.3603011965751648,-0.31406861543655396,0.3246830403804779,-0.11996039748191833,-0.0641607940196991,-0.10498032718896866,0.36051145195961,0.5027836561203003,0.10134299844503403,0.06486445665359497,-0.008731883019208908
483.0,-0.2308156043291092,-0.1474943608045578,-0.3942619264125824,0.23732848465442657,0.09506337344646454,-0.11579682677984238,-0.5868144035339355,-0.2474663257598877,-0.3908781409263611,0.17047938704490662,0.2299516797065735,-0.0415092296898365,-0.027701854705810547,-0.034363921731710434,-0.08224765956401825,-0.23877482116222382,0.030173953622579575,0.37434983253479004,-0.35915637016296387,-0.23420315980911255,-0.2775704264640808,0.11975499987602234,-0.6267224550247192,0.2896040380001068,0.27883726358413696,-0.32447928190231323,-0.21686170995235443,-0.5309686064720154,0.22244668006896973,0.10913118720054626,0.4122987985610962,0.30484238266944885,-0.306599885225296,-0.20007802546024323,-0.023546183481812477,0.15125684440135956,-0.002280074404552579,-0.22503143548965454,-0.18086408078670502,-0.08726365119218826,-0.07190418243408203,-0.34678471088409424,0.16510164737701416,-0.2985972762107849,0.09326595813035965,-0.20949743688106537,0.10137800872325897,0.025485912337899208,0.04572000727057457,-0.4593792259693146,-0.006250596605241299,0.0025789132341742516,-0.19873131811618805,-0.3560641407966614,-0.16220298409461975,0.48241716623306274,-0.28263360261917114,0.029658479616045952,-0.1962847262620926,0.3061493933200836,0.4197385311126709,0.3225160837173462,0.13841187953948975,-0.11255412548780441
484.0,-0.19489751756191254,-0.10750460624694824,-0.3930996358394623,0.19016575813293457,0.039068929851055145,-0.13693884015083313,-0.7048462629318237,-0.25770676136016846,-0.40926212072372437,0.23304571211338043,0.32584378123283386,-0.1825563758611679,0.00876952800899744,-0.033988337963819504,-0.004229885060340166,-0.2637404799461365,0.026456035673618317,0.42693719267845154,-0.37236836552619934,-0.3115823566913605,-0.3490622043609619,0.18934224545955658,-0.8324944376945496,0.2954444885253906,0.4250040352344513,-0.34486231207847595,-0.14094781875610352,-0.6122363805770874,0.2805503010749817,0.27150028944015503,0.4732706844806671,0.29096952080726624,-0.33775073289871216,-0.12696902453899384,-0.021252967417240143,0.23076623678207397,0.05936427786946297,-0.16174782812595367,-0.2023308128118515,-0.18559622764587402,-0.0645994320511818,-0.31429117918014526,0.17273952066898346,-0.3116627633571625,0.061399731785058975,-0.23680084943771362,0.07829362154006958,0.06546662747859955,-0.03125406429171562,-0.46534961462020874,0.058739468455314636,0.00022921102936379611,-0.23232817649841309,-0.29828566312789917,-0.2398926168680191,0.572116494178772,-0.43964123725891113,-0.09135282784700394,-0.16029703617095947,0.3550543487071991,0.5068036317825317,0.3313559293746948,0.12714862823486328,-0.12962478399276733
485.0,0.001073191873729229,0.16285161674022675,-0.04606439918279648,0.24859385192394257,-0.30469396710395813,-0.1746523380279541,-0.7812806367874146,-0.1759851574897766,-0.52885901927948,0.09683652967214584,-0.12242233753204346,-0.14326947927474976,-0.42100074887275696,0.19534309208393097,0.15780456364154816,-0.5228235721588135,0.258232980966568,0.12194781005382538,-0.06703274697065353,0.43743324279785156,-0.29475176334381104,0.16880261898040771,-0.2320270538330078,-0.3353153169155121,0.053825538605451584,-0.057758063077926636,0.034725237637758255,-0.20269998908042908,0.327264666557312,-0.8007245659828186,-0.03432045876979828,0.20109911262989044,0.16620953381061554,-0.15871669352054596,0.22710870206356049,0.25898095965385437,-0.04393606632947922,0.21036265790462494,-0.3967731297016144,-0.3718472719192505,-0.4249652028083801,0.5391222238540649,0.2529812455177307,-0.3040061295032501,0.3986469805240631,-0.24084115028381348,-0.6282591223716736,-0.237557053565979,0.20639169216156006,0.205779567360878,0.41703537106513977,-0.21358199417591095,0.053998544812202454,0.1359788030385971,-0.39515990018844604,0.12582601606845856,-0.24969163537025452,0.08705160021781921,0.20300012826919556,0.5892284512519836,-0.35851797461509705,0.02833019196987152,-0.08954483270645142,-0.016961388289928436
486.0,0.003009679727256298,0.17066709697246552,-0.11593062430620193,0.25548404455184937,-0.3205936849117279,-0.29163414239883423,-0.8452720046043396,-0.19456112384796143,-0.603603184223175,0.17049652338027954,-0.09016422927379608,-0.19799131155014038,-0.39855724573135376,0.2098027467727661,0.19293159246444702,-0.5046772956848145,0.29199907183647156,0.09791319817304611,-0.036964017897844315,0.4482862055301666,-0.3096123933792114,0.20848561823368073,-0.2565389573574066,-0.30417582392692566,0.07620640844106674,-0.003711765632033348,-0.01533469744026661,-0.2431030571460724,0.34802162647247314,-0.7441216707229614,0.06904235482215881,0.272026389837265,0.13863901793956757,-0.1875040978193283,0.2646886706352234,0.3948309123516083,-0.0247430969029665,0.22985121607780457,-0.4627738296985626,-0.40710732340812683,-0.3895302712917328,0.5201805830001831,0.24199393391609192,-0.2698017954826355,0.47337305545806885,-0.30093201994895935,-0.6344773173332214,-0.2395648956298828,0.2403159886598587,0.21199890971183777,0.4315071702003479,-0.19563132524490356,0.010489881969988346,0.08540868014097214,-0.42966195940971375,0.15613999962806702,-0.3737761676311493,0.06002115458250046,0.24261850118637085,0.6311732530593872,-0.3646130859851837,0.05767000839114189,-0.06768018007278442,-0.026062076911330223
487.0,-0.02846979722380638,0.08656375855207443,-0.026009442284703255,0.17361479997634888,-0.2564804255962372,-0.19387580454349518,-0.6382964849472046,-0.09832440316677094,-0.5064175128936768,0.050654977560043335,-0.10190530866384506,-0.1158747524023056,-0.44695428013801575,0.13674701750278473,0.13635072112083435,-0.4479456841945648,0.28858184814453125,0.160508394241333,-0.06109842658042908,0.35239624977111816,-0.1584092229604721,0.1928327977657318,-0.05353008210659027,-0.43925416469573975,0.16501712799072266,0.05104634538292885,0.04073600098490715,-0.15693573653697968,0.2450535148382187,-0.8432321548461914,-0.03934532403945923,0.18413209915161133,0.08390942215919495,-0.2169685810804367,0.2028864622116089,0.3087036609649658,0.019238175824284554,0.1601586639881134,-0.3747417628765106,-0.2562430202960968,-0.3827977180480957,0.5115113854408264,0.1546056866645813,-0.19047600030899048,0.4167846441268921,-0.31556248664855957,-0.5458194017410278,-0.25326037406921387,0.1938881129026413,0.2513849139213562,0.4112945795059204,-0.2668948173522949,-0.0989154651761055,0.05964115262031555,-0.3327917754650116,0.09124342352151871,-0.1601269692182541,-0.009323665872216225,0.23639295995235443,0.5082924962043762,-0.47942572832107544,0.05200675129890442,-0.03234498202800751,-0.045404594391584396
488.0,-0.19048093259334564,0.3126240670681,0.10290531069040298,-0.09818189591169357,-0.17014092206954956,-0.20420849323272705,-0.6191360354423523,-0.1774272918701172,-0.30721068382263184,-0.04023425653576851,0.30416473746299744,-0.19891028106212616,-0.12057971954345703,0.1040886640548706,0.303375244140625,-0.30978962779045105,0.3702290654182434,0.20854030549526215,-0.012695243582129478,0.339123010635376,-0.0859968364238739,0.2611011266708374,-0.3264114558696747,-0.4388970136642456,0.17605087161064148,-0.04311668500304222,-0.04124279320240021,-0.1906515657901764,0.07175122946500778,-0.43879687786102295,-0.0679832175374031,0.1585540473461151,-0.15600594878196716,-0.19642825424671173,0.19521373510360718,0.219034343957901,0.1307186335325241,-0.04142582044005394,-0.4627053141593933,-0.2597237229347229,-0.3093177378177643,0.31063321232795715,-0.09963973611593246,-0.14371232688426971,0.40134477615356445,-0.47338443994522095,-0.5434489846229553,-0.36455464363098145,-0.07300983369350433,0.4256080090999603,0.2882338762283325,-0.43924444913864136,-0.2846091091632843,0.05802441015839577,-0.2167186588048935,0.12900978326797485,-0.19097518920898438,-0.24318116903305054,0.14279691874980927,0.510688841342926,-0.269039124250412,-0.08897959440946579,-0.022871647030115128,-0.06894635409116745
489.0,-0.005692982114851475,0.14178292453289032,-0.10291048139333725,0.2470976561307907,-0.3340952694416046,-0.25359830260276794,-0.8272964358329773,-0.16968201100826263,-0.5970772504806519,0.19652128219604492,-0.04344458132982254,-0.21586644649505615,-0.39554616808891296,0.22001329064369202,0.19958092272281647,-0.5217469930648804,0.2663193941116333,0.12607458233833313,-0.03681112080812454,0.3927116394042969,-0.3456498086452484,0.2171778678894043,-0.2552812993526459,-0.3561139404773712,0.1516880840063095,0.03605460748076439,0.0197935551404953,-0.23349520564079285,0.3361470401287079,-0.7046923637390137,0.03658619895577431,0.25918516516685486,0.1576072871685028,-0.19300293922424316,0.24943886697292328,0.42062902450561523,-0.019076280295848846,0.2193303257226944,-0.4140549600124359,-0.41393810510635376,-0.3671843707561493,0.5756977796554565,0.243684783577919,-0.24417495727539062,0.46650683879852295,-0.29159894585609436,-0.6552698016166687,-0.23249903321266174,0.20204922556877136,0.2032957822084427,0.43623611330986023,-0.18852554261684418,-0.030381612479686737,0.08150666952133179,-0.42428624629974365,0.13152143359184265,-0.3672581613063812,0.021201463416218758,0.2856505513191223,0.6462020874023438,-0.38859879970550537,0.07512454688549042,-0.08965194970369339,-0.05080168694257736
490.0,-0.26988351345062256,-0.3270740807056427,-0.21288128197193146,-0.15040001273155212,-0.09210985898971558,-0.21217387914657593,-0.3802424669265747,0.03621990606188774,-0.07028904557228088,0.3589824438095093,0.6008099317550659,-0.28134334087371826,0.16430997848510742,0.021122664213180542,-0.032202526926994324,0.0905073955655098,0.028104867786169052,0.4796542227268219,-0.09756805002689362,-0.27884429693222046,-0.08261688798666,0.14792834222316742,-0.535884439945221,-0.02640198916196823,0.529375433921814,0.05067605525255203,-0.1289118081331253,-0.3214781880378723,-0.05455285683274269,0.39083054661750793,0.5141116976737976,0.288280189037323,-0.24524609744548798,-0.3081659972667694,0.014373010024428368,0.7433541417121887,0.3103858232498169,0.00877578929066658,0.03650901839137077,-0.18649940192699432,0.1573261022567749,-0.5252413749694824,-0.21603627502918243,-0.12709008157253265,0.06284871697425842,-0.2931799292564392,-0.09691711515188217,0.06722709536552429,-0.14477795362472534,-0.4152207374572754,-0.1526334285736084,0.03963397815823555,-0.18891014158725739,-0.26002374291419983,-0.47850871086120605,0.44782647490501404,-0.34387314319610596,-0.46650856733322144,0.09406287968158722,0.15277493000030518,0.3114408254623413,0.11906810104846954,-0.0814468115568161,-0.03884502127766609
491.0,-0.18594352900981903,-0.4684717059135437,-0.14093181490898132,0.040896784514188766,0.12510234117507935,-0.015063626691699028,-0.3665963411331177,-0.12373039871454239,-0.23359414935112,0.14113080501556396,0.38384145498275757,-0.07646262645721436,0.03749599680304527,-0.1891450136899948,0.01319225411862135,-0.0018366494914516807,0.03613416478037834,0.628797709941864,-0.2795749604701996,-0.4305099546909332,0.054826948791742325,0.2928089499473572,-0.3774474561214447,-0.10725410282611847,0.7452407479286194,-0.18241043388843536,-0.17988170683383942,-0.3922790586948395,0.13600368797779083,0.08392795920372009,0.429953396320343,0.5195154547691345,-0.39874494075775146,-0.16288946568965912,-0.21321183443069458,0.3958888649940491,0.1364448070526123,-0.23147182166576385,-0.16529609262943268,-0.0808422863483429,0.11870715022087097,-0.40367013216018677,-0.04074888303875923,-0.0281929112970829,0.03138665482401848,-0.24401314556598663,0.12285200506448746,-0.02176053076982498,-0.11001508682966232,-0.32155418395996094,-0.022539086639881134,0.0049140420742332935,-0.42933163046836853,-0.32201260328292847,-0.2946626543998718,0.7390958070755005,-0.27254486083984375,-0.2214890867471695,0.05201559513807297,0.33154138922691345,0.35423827171325684,0.33702608942985535,0.05352037772536278,-0.09726797789335251
492.0,-0.18756403028964996,-0.16720277070999146,-0.31463056802749634,0.06563261151313782,0.06174982711672783,-0.2615396976470947,-0.5052549839019775,-0.17649739980697632,-0.35284623503685,0.24000436067581177,0.3639002740383148,-0.07300222665071487,-0.020107319578528404,-0.06489952653646469,0.06989310681819916,-0.09615510702133179,0.119672991335392,0.44938191771507263,-0.337568074464798,-0.30647897720336914,-0.14101170003414154,0.24576608836650848,-0.6478285789489746,0.16559267044067383,0.5628683567047119,-0.2504974603652954,-0.09624195843935013,-0.5788702964782715,0.12691856920719147,0.26355934143066406,0.4842420518398285,0.4052356481552124,-0.527524471282959,-0.21084433794021606,-0.04273727536201477,0.3558761477470398,0.07256370037794113,-0.2581315040588379,-0.2700817584991455,-0.1226251944899559,-0.02053169719874859,-0.29624471068382263,0.018153944984078407,-0.14061930775642395,0.11029518395662308,-0.3402920663356781,0.1466040313243866,-0.01812191680073738,-0.15637323260307312,-0.3541981279850006,0.02629910409450531,-0.06697120517492294,-0.3947448134422302,-0.36826661229133606,-0.2894032597541809,0.6181694269180298,-0.33899736404418945,-0.1261690855026245,-0.08084511756896973,0.2709719240665436,0.4252094626426697,0.25955310463905334,0.1581573635339737,-0.13933973014354706
493.0,-0.08235049247741699,-0.472165048122406,-0.26152533292770386,0.06001431122422218,-0.09100748598575592,3.370572812855244e-05,-0.5888010859489441,-0.2003091424703598,-0.2190983146429062,0.22356033325195312,0.503753662109375,-0.3408040404319763,0.17352761328220367,-0.1274692565202713,-0.07116290181875229,-0.03525101765990257,-0.05047882720828056,0.6480188369750977,-0.1524083912372589,-0.3047199249267578,-0.06958325207233429,0.3504197299480438,-0.5399088859558105,0.041054919362068176,0.5744168162345886,-0.18765529990196228,-0.2750897705554962,-0.3935641944408417,0.11354044824838638,0.009276816621422768,0.5991585850715637,0.3679060935974121,-0.17099057137966156,-0.22313575446605682,-0.06935961544513702,0.5921867489814758,0.2407997101545334,0.027956634759902954,-0.05765676870942116,-0.1586059033870697,0.2089911699295044,-0.6697797179222107,-0.03742167353630066,-0.31630003452301025,-0.006270358804613352,-0.08336144685745239,-0.15028931200504303,-0.09154647588729858,-0.08053465187549591,-0.38495323061943054,-0.13914211094379425,-0.02567973919212818,-0.27501964569091797,-0.30310946702957153,-0.3816159963607788,0.737089216709137,-0.377926230430603,-0.29954132437705994,0.04136732220649719,0.35554268956184387,0.32366323471069336,0.19654814898967743,0.055778395384550095,0.014759538695216179
494.0,-0.14213904738426208,-0.5300965905189514,-0.20297975838184357,0.039025600999593735,0.031217552721500397,0.005000890698283911,-0.46089014410972595,-0.1408839374780655,-0.23152922093868256,0.24226604402065277,0.3502918481826782,-0.18180151283740997,0.027175646275281906,-0.09862794727087021,-0.08503357321023941,-0.00838431529700756,-0.03605779632925987,0.6607054471969604,-0.16986018419265747,-0.289642333984375,0.013448423705995083,0.24075675010681152,-0.3221014142036438,-0.07340069115161896,0.6212941408157349,-0.18924953043460846,-0.1853146106004715,-0.2871267795562744,0.13281789422035217,-0.0772765651345253,0.4576188027858734,0.3491987884044647,-0.19311784207820892,-0.22226735949516296,-0.23693296313285828,0.5501224398612976,0.2760004699230194,-0.007456234656274319,-0.07518181949853897,-0.12077047675848007,0.1643756628036499,-0.48454222083091736,0.010889047756791115,-0.17338868975639343,0.0001321451272815466,-0.07671958208084106,-0.02111033909022808,-0.01708017662167549,-0.13890188932418823,-0.3425998091697693,-0.022943716496229172,-0.03140382468700409,-0.292823851108551,-0.29057827591896057,-0.41729408502578735,0.7120489478111267,-0.1982416808605194,-0.3032914996147156,0.1094631776213646,0.29556092619895935,0.2357400804758072,0.2833084166049957,0.02021794393658638,0.0025384947657585144
495.0,-0.0701347216963768,0.4601874053478241,-0.3019164502620697,0.006661909632384777,-0.39448392391204834,-0.1731368750333786,-0.5849447250366211,0.17103850841522217,-0.15135954320430756,0.5225236415863037,0.3303331434726715,-0.266032874584198,-0.12543360888957977,0.3512051999568939,0.3012048006057739,-0.6608542203903198,0.2446104884147644,0.2260151356458664,-0.03369319438934326,0.024360258132219315,-0.4108744263648987,0.14835011959075928,-0.9935808181762695,0.08463040739297867,0.48431339859962463,-0.20194831490516663,0.41856977343559265,-0.2967756688594818,0.34106987714767456,0.20029786229133606,0.16355803608894348,-0.011843396350741386,-0.2106015831232071,0.0801682323217392,0.11042217165231705,0.36895373463630676,0.055037591606378555,0.19410286843776703,-0.19620996713638306,-0.5151820182800293,-0.21087315678596497,0.6657869219779968,0.4167952537536621,-0.17452877759933472,0.269731342792511,-0.37182024121284485,-0.4278070330619812,0.1715879887342453,-0.06361985206604004,-0.02887607365846634,0.6363339424133301,-0.16965307295322418,0.0915863960981369,0.19650065898895264,-0.729636013507843,0.132116436958313,-0.4491555094718933,-0.40287330746650696,0.16574586927890778,0.3792192041873932,-0.058432772755622864,-0.026727713644504547,-0.23204238712787628,-0.25579845905303955
496.0,-0.020138848572969437,0.1404477059841156,-0.04958611726760864,0.2839432954788208,-0.14446528255939484,-0.10048461705446243,-0.6593994498252869,-0.09382782876491547,-0.4059831202030182,0.19561384618282318,-0.10528485476970673,-0.1436137855052948,-0.2664736211299896,0.20244070887565613,0.26224198937416077,-0.4055256247520447,0.08992303907871246,0.2319784313440323,-0.29661786556243896,0.10128242522478104,-0.42951610684394836,0.021481674164533615,-0.4787876605987549,-0.1754249483346939,0.23296520113945007,-0.20356136560440063,0.1635720133781433,-0.30366283655166626,0.4991607666015625,-0.39734822511672974,0.03363897278904915,0.2903910279273987,0.018720805644989014,-0.057488929480314255,-0.043025583028793335,0.10663768649101257,-0.0067804413847625256,0.17563696205615997,-0.1490180939435959,-0.36217471957206726,-0.28752318024635315,0.4134998619556427,0.3408282399177551,-0.05919543653726578,0.19432322680950165,-0.20926153659820557,-0.2572023272514343,0.04169518128037453,0.020305640995502472,-0.07679848372936249,0.5027088522911072,-0.04957246035337448,0.04580003768205643,0.0383218377828598,-0.4095659852027893,0.40050941705703735,-0.38581517338752747,-0.06860319525003433,0.18594428896903992,0.4218798279762268,0.06608279049396515,0.16263066232204437,-0.12982618808746338,-0.17649109661579132
497.0,-0.1062869280576706,0.03408364579081535,-0.08134327083826065,0.30832406878471375,-0.2469330132007599,-0.07581812888383865,-0.8029432892799377,-0.12381666898727417,-0.5906146764755249,0.2568240761756897,-0.12693484127521515,-0.179463192820549,-0.4490635097026825,0.22129882872104645,0.15654365718364716,-0.5073374509811401,0.11150307953357697,0.2776499390602112,-0.27640965580940247,0.14169536530971527,-0.5977714657783508,0.08531311899423599,-0.4539795219898224,-0.32051482796669006,0.34293076395988464,-0.07841923832893372,0.0802098736166954,-0.31959283351898193,0.5069760084152222,-0.44334253668785095,0.02650528773665428,0.274245947599411,0.11611095815896988,-0.10075073689222336,0.03206003084778786,0.38726165890693665,0.07667426764965057,0.1833459734916687,-0.099965900182724,-0.4342096745967865,-0.358528196811676,0.5851747989654541,0.38142067193984985,-0.10524649173021317,0.2810283303260803,-0.23268334567546844,-0.32704466581344604,0.047088466584682465,0.06324265152215958,-0.14260338246822357,0.47497501969337463,-0.07526834309101105,-0.0010136531200259924,-0.00647484976798296,-0.4441920816898346,0.27104416489601135,-0.3513508141040802,-0.07314899563789368,0.2598309814929962,0.5510907173156738,-0.05958914756774902,0.262302428483963,-0.16189879179000854,-0.21268507838249207
498.0,0.13013042509555817,0.26555928587913513,-0.1408219039440155,0.20377959311008453,-0.16460499167442322,-0.13198797404766083,-0.45204588770866394,0.06761151552200317,-0.2766771614551544,0.26806122064590454,-0.07732629776000977,-0.07483473420143127,-0.19707836210727692,0.24938811361789703,0.3172474503517151,-0.44436272978782654,0.08922943472862244,0.11617511510848999,-0.25866368412971497,0.042495641857385635,-0.3260357677936554,-0.03726312145590782,-0.39781150221824646,-0.08981236815452576,0.23688402771949768,-0.16580726206302643,0.3267773687839508,-0.2405579537153244,0.4873048961162567,-0.31291279196739197,0.032707929611206055,0.2008708417415619,-0.008495590649545193,0.014280101284384727,-0.10169464349746704,0.11583995819091797,-0.03510429710149765,0.26828521490097046,-0.1101248636841774,-0.3391716480255127,-0.16144980490207672,0.45562997460365295,0.4005133807659149,-0.003399658016860485,0.146987184882164,-0.1671222299337387,-0.28200867772102356,0.14520223438739777,0.06048005074262619,0.05517563968896866,0.641376256942749,-0.015349730849266052,0.10443083941936493,0.16249263286590576,-0.4739067852497101,0.3313940763473511,-0.421977162361145,-0.06591084599494934,0.15793541073799133,0.21437501907348633,-0.041105642914772034,0.13704177737236023,-0.08673518151044846,-0.22845955193042755
499.0,-0.09140680730342865,0.032285112887620926,-0.11111035943031311,0.26217561960220337,-0.15567517280578613,-0.11794216930866241,-0.6161040663719177,-0.15328450500965118,-0.44993776082992554,0.207684725522995,-0.07668988406658173,-0.0893108919262886,-0.3510822057723999,0.18978971242904663,0.09175893664360046,-0.43025097250938416,0.13653743267059326,0.1960519552230835,-0.1843772828578949,0.21327129006385803,-0.3760026693344116,0.05240194872021675,-0.32883021235466003,-0.17403550446033478,0.13321533799171448,-0.11594060808420181,0.049583327025175095,-0.2161036878824234,0.36740627884864807,-0.4461486041545868,0.018137460574507713,0.17407487332820892,0.09915576875209808,-0.10092175751924515,0.06173984706401825,0.17930831015110016,-0.010422456078231335,0.07890448719263077,-0.16173774003982544,-0.3185773193836212,-0.3204009532928467,0.4609285295009613,0.2944374680519104,-0.1996726393699646,0.2849622070789337,-0.2045304924249649,-0.2943539023399353,-0.05265291780233383,0.08239266276359558,-0.06461037695407867,0.3200650215148926,-0.09654932469129562,0.027232548221945763,0.0060154832899570465,-0.334467351436615,0.17148016393184662,-0.1831643432378769,-0.005283629521727562,0.1720767766237259,0.47877228260040283,-0.08518727123737335,0.16266149282455444,-0.11641610413789749,-0.06097671017050743
500.0,-0.1453564614057541,0.010107116773724556,-0.11857472360134125,0.27274221181869507,-0.1461874097585678,-0.06392960995435715,-0.6703629493713379,-0.16063687205314636,-0.47299498319625854,0.2297959178686142,-0.01302490197122097,-0.12544536590576172,-0.3200988173484802,0.158417209982872,0.04543787240982056,-0.42945578694343567,0.11317560821771622,0.26803508400917053,-0.21620546281337738,0.09637875854969025,-0.43995773792266846,0.08955875039100647,-0.46222907304763794,-0.14442676305770874,0.2398476004600525,-0.1273905634880066,0.04264543205499649,-0.26594454050064087,0.37759146094322205,-0.2794361710548401,0.07403966039419174,0.17867960035800934,0.07482487708330154,-0.12132365256547928,0.048406075686216354,0.18723255395889282,0.008062586188316345,0.04585995525121689,-0.11365129798650742,-0.33092114329338074,-0.29710814356803894,0.3991142511367798,0.305056095123291,-0.18880344927310944,0.25887611508369446,-0.1985907256603241,-0.25798287987709045,-0.008319987915456295,0.02958182618021965,-0.18220528960227966,0.29459670186042786,-0.09390361607074738,-0.032902542501688004,-0.05461600050330162,-0.34004974365234375,0.2048097401857376,-0.19307397305965424,-0.06286369264125824,0.14837931096553802,0.504438042640686,0.00026635779067873955,0.1891695261001587,-0.13641376793384552,-0.09563279151916504
501.0,-0.11593733727931976,0.03409971296787262,-0.08626686036586761,0.27602115273475647,-0.19133742153644562,-0.04187746345996857,-0.6336079239845276,-0.09299446642398834,-0.5202801823616028,0.22927764058113098,-0.14717388153076172,-0.13083066046237946,-0.44792240858078003,0.19676613807678223,0.058543357998132706,-0.4746684432029724,0.09835172444581985,0.20223410427570343,-0.19536520540714264,0.13171929121017456,-0.49824434518814087,0.051191993057727814,-0.3285441994667053,-0.2291562259197235,0.22833260893821716,-0.042072419077157974,0.09237103164196014,-0.21368785202503204,0.43191662430763245,-0.3786681592464447,-0.010040908120572567,0.12773603200912476,0.15354903042316437,-0.1085231602191925,0.047093041241168976,0.25158417224884033,0.05039185658097267,0.16490188241004944,-0.07034210115671158,-0.3388711214065552,-0.33450421690940857,0.5737298727035522,0.33989566564559937,-0.11080854386091232,0.274131178855896,-0.17086763679981232,-0.2413608729839325,0.052535396069288254,0.056589677929878235,-0.1484624594449997,0.40218880772590637,-0.09322361648082733,0.030635418370366096,-0.017750531435012817,-0.3283332288265228,0.10351485013961792,-0.19259013235569,-0.06079689785838127,0.20168904960155487,0.4547897279262543,-0.12333079427480698,0.21652835607528687,-0.1533849835395813,-0.14543703198432922
502.0,-0.14551711082458496,0.058396629989147186,-0.12732024490833282,0.37185123562812805,-0.11011657118797302,-0.08392729610204697,-0.5580293536186218,-0.1204921081662178,-0.48843851685523987,0.17316535115242004,-0.16043566167354584,-0.04217645153403282,-0.35548436641693115,0.18261249363422394,0.07361901551485062,-0.424774169921875,0.09780991077423096,0.1501614898443222,-0.2523861527442932,0.14537592232227325,-0.45598721504211426,-0.008716123178601265,-0.2654392719268799,-0.14546331763267517,0.1151810884475708,-0.05141740292310715,0.011701665818691254,-0.25006967782974243,0.37506556510925293,-0.4725564122200012,0.02527601830661297,0.20497868955135345,0.10746630281209946,-0.19515244662761688,0.03707066550850868,0.18337583541870117,-0.055652473121881485,0.07097908854484558,-0.057586491107940674,-0.24567624926567078,-0.27285364270210266,0.4117368161678314,0.2834669351577759,-0.10342027246952057,0.3058830797672272,-0.2187308669090271,-0.24766552448272705,-0.01133821438997984,0.11430899798870087,-0.19430826604366302,0.3076247274875641,-0.07656542956829071,-0.04601253569126129,-0.11151812225580215,-0.2669539451599121,0.11369544267654419,-0.15013083815574646,0.04218831658363342,0.12884968519210815,0.4441968500614166,-0.12538927793502808,0.1948855072259903,-0.10210324823856354,-0.1663139909505844
503.0,-0.1410006582736969,0.6573308110237122,0.013665512204170227,-0.0485818088054657,-0.3130117356777191,-0.453145295381546,-0.6458858251571655,-0.08712698519229889,-0.2515023946762085,0.29409077763557434,0.24655622243881226,-0.3379870653152466,-0.11937905102968216,0.21867923438549042,0.405944287776947,-0.4086853861808777,0.3213212788105011,0.011754077859222889,0.019910110160708427,0.13219915330410004,-0.3069414794445038,0.07335789501667023,-0.8961107730865479,-0.17125459015369415,0.22526197135448456,0.04372132569551468,0.5090994238853455,-0.43221116065979004,0.32318177819252014,0.25602105259895325,0.2230280041694641,0.14945700764656067,-0.16480346024036407,-0.07204415649175644,0.3024590015411377,0.2843377888202667,0.10440144687891006,0.28638118505477905,-0.2577832043170929,-0.5023583173751831,-0.2722703218460083,0.5521965622901917,0.10488151758909225,0.1253271847963333,0.4183017909526825,-0.4765368103981018,-0.5866430997848511,0.05418785288929939,-0.12355559319257736,0.19325558841228485,0.621110200881958,-0.23588842153549194,-0.06824560463428497,0.11562138050794601,-0.5341017246246338,0.06958188861608505,-0.692685604095459,-0.48750758171081543,0.2549917697906494,0.4069479703903198,-0.08741689473390579,-0.0753353089094162,-0.21919380128383636,-0.2563784420490265
504.0,-0.11862049996852875,0.05681328848004341,-0.10965541005134583,0.28318682312965393,-0.1849285513162613,-0.13549651205539703,-0.6918084025382996,-0.12601874768733978,-0.5510531663894653,0.23069939017295837,-0.0046543520875275135,-0.18262889981269836,-0.32235488295555115,0.16692548990249634,0.14785374701023102,-0.4358011484146118,0.13810837268829346,0.20206449925899506,-0.22397194802761078,0.06931020319461823,-0.5009751915931702,0.10051145404577255,-0.44650405645370483,-0.18845027685165405,0.30171141028404236,-0.008336147293448448,0.038441527634859085,-0.3300495147705078,0.40984633564949036,-0.28866735100746155,0.0983087345957756,0.24670740962028503,0.056432005017995834,-0.15304380655288696,0.08806946873664856,0.35657796263694763,0.037557926028966904,0.11847555637359619,-0.10074930638074875,-0.3518722355365753,-0.23824892938137054,0.4184233844280243,0.2723761796951294,-0.08412320911884308,0.3038843274116516,-0.25610291957855225,-0.30138587951660156,-0.0006946175126358867,0.04792431741952896,-0.10920719057321548,0.387087881565094,-0.08420924842357635,-0.11595172435045242,-0.0611073262989521,-0.33599644899368286,0.20307935774326324,-0.36975836753845215,-0.07635801285505295,0.18498769402503967,0.4903208911418915,-0.07774217426776886,0.22450220584869385,-0.09293157607316971,-0.21073132753372192
505.0,-0.1792951226234436,-0.0811740830540657,-0.3516174554824829,-0.05686664208769798,0.13904765248298645,-0.13347315788269043,-0.7603926062583923,-0.4607422947883606,-0.4273513853549957,0.18215766549110413,0.38944998383522034,-0.3012198507785797,0.12752626836299896,-0.06890569627285004,-0.12471416592597961,-0.1852552443742752,0.10755513608455658,0.22411423921585083,-0.0868241935968399,-0.19134387373924255,-0.07653806358575821,0.3861832916736603,-0.6994527578353882,0.3275759220123291,0.14067342877388,-0.33657267689704895,-0.20848673582077026,-0.38742560148239136,0.18888285756111145,0.5352287888526917,0.409018874168396,0.1878127157688141,-0.2851504683494568,-0.02283136174082756,0.07292818278074265,0.13735631108283997,0.03915491700172424,-0.16660968959331512,-0.6558455228805542,-0.2463701367378235,-0.04860387369990349,-0.19645224511623383,0.1564052402973175,-0.31103911995887756,0.18870364129543304,-0.06577390432357788,0.02600306272506714,-0.040020477026700974,-0.0957154929637909,-0.037295371294021606,0.010139819234609604,-0.09481553733348846,-0.14150717854499817,-0.252942830324173,-0.06555642932653427,0.41500014066696167,-0.5300418734550476,-0.016682621091604233,-0.06806834042072296,0.4515867531299591,0.47775208950042725,0.4089893698692322,0.24045464396476746,0.1375517100095749
506.0,-0.19885210692882538,-0.04891548678278923,-0.2756144404411316,-0.05135689675807953,0.1753595918416977,0.02934740111231804,-0.8708875179290771,-0.4649603068828583,-0.5348460078239441,-0.014262577518820763,0.30382484197616577,-0.3476051390171051,0.06742582470178604,-0.1811438649892807,-0.2626168429851532,-0.1817198097705841,0.07503250241279602,0.2805316150188446,-0.008932532742619514,-0.34815311431884766,-0.004510181024670601,0.3681172728538513,-0.5320080518722534,0.2529982626438141,0.09933307021856308,-0.28055208921432495,-0.23668460547924042,-0.4455186128616333,0.23538105189800262,0.39322081208229065,0.5089496970176697,0.2021234929561615,-0.19891467690467834,-0.1625823676586151,-0.02110445499420166,0.06437058001756668,0.09052740782499313,-0.012803888879716396,-0.6609598398208618,-0.22904931008815765,-0.0031047433149069548,-0.4324129819869995,0.1887478530406952,-0.23890835046768188,0.22341318428516388,-0.00023005582625046372,-0.010555732995271683,0.030016474425792694,0.07338570803403854,-0.08081129193305969,0.1251765936613083,-0.12092504650354385,-0.16983483731746674,-0.36609122157096863,-0.06699497997760773,0.45929527282714844,-0.5579894185066223,0.006927434355020523,-0.11341748386621475,0.37755733728408813,0.39524829387664795,0.41287946701049805,0.27411195635795593,0.05433611571788788
507.0,-0.1780250370502472,-0.04561783745884895,-0.28704634308815,-0.1895592212677002,0.14891913533210754,-0.10077925026416779,-0.8783851861953735,-0.33583906292915344,-0.3628474771976471,0.08717504888772964,0.5040638446807861,-0.33574116230010986,0.15775300562381744,-0.1934061348438263,-0.11705666780471802,-0.074040487408638,0.07172700762748718,0.3681184947490692,-0.12680521607398987,-0.46051526069641113,-0.03031616285443306,0.2861826419830322,-0.7389127612113953,0.17758505046367645,0.30872997641563416,-0.2630102038383484,-0.06647247076034546,-0.6029629707336426,0.30223241448402405,0.5823572874069214,0.6580228209495544,0.37096986174583435,-0.36872896552085876,-0.1933719515800476,-0.09410268813371658,0.32132795453071594,0.1659477949142456,0.044437382370233536,-0.5772911906242371,-0.2868996560573578,0.08972293883562088,-0.6927802562713623,0.09036493301391602,-0.21384696662425995,0.04814109206199646,-0.10313180834054947,-0.038881026208400726,0.16839882731437683,0.14432232081890106,-0.14795219898223877,0.14215414226055145,0.0744389221072197,-0.16899582743644714,-0.28997325897216797,-0.29721778631210327,0.6885860562324524,-0.8943681716918945,-0.11055155843496323,-0.10980527102947235,0.17239373922348022,0.6417301297187805,0.5061002373695374,0.3312293291091919,-0.01709960773587227
508.0,-0.2229745239019394,0.0064362091943621635,-0.35976627469062805,-0.15706297755241394,0.12037946283817291,-0.21493349969387054,-0.8037904500961304,-0.38274186849594116,-0.3253501355648041,0.13571950793266296,0.629067063331604,-0.31171858310699463,0.26698315143585205,-0.17238324880599976,-0.0765380784869194,-0.09815676510334015,0.10493982583284378,0.3540453314781189,-0.14511153101921082,-0.44650188088417053,-0.06309322267770767,0.33357322216033936,-0.9308639168739319,0.37075281143188477,0.3366861343383789,-0.32587701082229614,-0.11193758249282837,-0.6563047766685486,0.16731956601142883,0.7437756657600403,0.6853839755058289,0.3366387188434601,-0.5013253688812256,-0.1770627498626709,0.0015298216603696346,0.28867459297180176,0.07190058380365372,-0.14740973711013794,-0.5570896863937378,-0.253007173538208,0.07729373872280121,-0.6587136387825012,0.04654918238520622,-0.2846015989780426,0.0704006776213646,-0.22792305052280426,0.015442587435245514,0.07339183241128922,0.009031273424625397,-0.21460144221782684,-0.0007822145707905293,-0.013496012426912785,-0.27084439992904663,-0.3724316954612732,-0.22866234183311462,0.6103950142860413,-0.7333022952079773,-0.12077604979276657,-0.21676155924797058,0.26809704303741455,0.6780169606208801,0.37021684646606445,0.3202984929084778,-0.029472555965185165
509.0,-0.38309261202812195,0.16928863525390625,-0.1006026640534401,-0.4743514060974121,0.08397319167852402,-0.24610495567321777,-0.9121013283729553,-0.3096460998058319,-0.18666984140872955,0.2108672708272934,0.5765698552131653,-0.49197056889533997,0.2561892569065094,0.04439230635762215,-0.13780143857002258,0.0848952978849411,0.10965937376022339,0.1776934713125229,0.13210529088974,-0.2654041349887848,-0.03890353441238403,0.18763914704322815,-0.7355175018310547,0.14388132095336914,0.062245916575193405,-0.0009245118126273155,0.0582440011203289,-0.38577157258987427,0.06035953015089035,0.8150402307510376,0.4656898081302643,0.13749884068965912,-0.25596901774406433,-0.44855833053588867,-0.024086201563477516,0.39346322417259216,0.25121018290519714,0.07257399708032608,-0.5743298530578613,-0.47884711623191833,0.03083730675280094,-0.4558700621128082,-0.017101936042308807,-0.12457645684480667,0.2438589185476303,-0.20368768274784088,-0.26677849888801575,0.10030502080917358,-0.1749342530965805,-0.04006730392575264,0.11240904778242111,-0.11930328607559204,-0.008500248193740845,-0.35312455892562866,-0.4198630452156067,0.28307417035102844,-0.7500982284545898,-0.25694772601127625,0.10978972911834717,0.19818897545337677,0.49224910140037537,0.18865051865577698,0.15778544545173645,0.09717380255460739
510.0,-0.31152409315109253,-0.4169605076313019,-0.6750720143318176,0.2509244978427887,0.17630156874656677,-0.016433991491794586,-0.3876733183860779,-0.1844632476568222,-0.5382283926010132,0.40963366627693176,0.3226446807384491,-0.10155874490737915,-0.10782220959663391,-0.029800232499837875,-0.356431782245636,-0.4016225337982178,0.019353853538632393,0.4288584887981415,-0.26501014828681946,-0.43631237745285034,-0.21046563982963562,0.12528592348098755,-0.44694599509239197,0.42346829175949097,0.30826568603515625,-0.13553135097026825,-0.28617656230926514,-0.27421191334724426,0.2206035852432251,0.3093491196632385,0.5465588569641113,0.030271289870142937,-0.09388783574104309,-0.19892989099025726,-0.01928263157606125,0.26275256276130676,0.09465283900499344,-0.17304009199142456,-0.010784631595015526,0.03412088006734848,0.14088642597198486,-0.22021882236003876,0.1883382648229599,-0.3172410726547241,0.2405163049697876,-0.14667992293834686,0.23533399403095245,0.22694623470306396,0.10157185792922974,-0.6116177439689636,-0.04045198857784271,0.04127510264515877,-0.30838751792907715,-0.4572495222091675,-0.05413851886987686,0.2108287513256073,-0.030842415988445282,-0.16951559484004974,-0.16053539514541626,0.31122836470603943,0.12190231680870056,0.5027397871017456,0.1150299608707428,-0.05720466747879982
511.0,-0.2912752628326416,-0.24285665154457092,-0.6194825768470764,0.22546853125095367,0.1254897117614746,-0.16192470490932465,-0.5105787515640259,-0.2536584734916687,-0.5966353416442871,0.36007609963417053,0.40599140524864197,-0.19808261096477509,-0.02536592446267605,-0.07101107388734818,-0.24809929728507996,-0.3344188928604126,0.07448381930589676,0.34327036142349243,-0.29951372742652893,-0.485827773809433,-0.33320698142051697,0.19670583307743073,-0.6686493158340454,0.4939502477645874,0.34334927797317505,-0.11987385898828506,-0.2860698699951172,-0.49412643909454346,0.18149127066135406,0.5034378170967102,0.6178238987922668,0.14635324478149414,-0.2877069413661957,-0.24024637043476105,0.09124309569597244,0.31335559487342834,0.1134234368801117,-0.2012816071510315,-0.057191118597984314,-0.009117224253714085,0.12068779766559601,-0.3568273186683655,0.0995602011680603,-0.2431778609752655,0.22810205817222595,-0.27068257331848145,0.23865948617458344,0.18861544132232666,0.041937340050935745,-0.5697731375694275,-0.03838994354009628,0.029882611706852913,-0.38934531807899475,-0.543163001537323,-0.018215160816907883,0.2863144278526306,-0.29330959916114807,-0.14528430998325348,-0.23827847838401794,0.2902294397354126,0.2720729112625122,0.4470156729221344,0.21170999109745026,-0.1671776920557022
512.0,-0.23573966324329376,-0.33668044209480286,-0.4969222843647003,0.2925891876220703,0.12864358723163605,-0.016069529578089714,-0.4207790493965149,-0.14950476586818695,-0.5047600865364075,0.27529773116111755,0.1533227562904358,-0.0927097350358963,-0.1599634885787964,-0.04515402019023895,-0.29096975922584534,-0.2725185453891754,-0.030421053990721703,0.35562050342559814,-0.2904229760169983,-0.37747934460639954,-0.2895044684410095,0.09725940972566605,-0.2938081622123718,0.27696722745895386,0.2816643714904785,-0.054207779467105865,-0.2757086455821991,-0.3222615718841553,0.2194811999797821,0.10950619727373123,0.46589764952659607,0.155409038066864,-0.06783878058195114,-0.26524487137794495,-0.0477348193526268,0.278389573097229,0.08655548095703125,-0.10418364405632019,0.05856446549296379,-0.0058461581356823444,0.0827249065041542,-0.27923429012298584,0.17622192203998566,-0.2025381475687027,0.16611413657665253,-0.11810588091611862,0.17707927525043488,0.1890079528093338,0.1307464987039566,-0.5836902856826782,0.012163526378571987,0.08483517915010452,-0.24058212339878082,-0.4562714695930481,-0.06086859479546547,0.24778486788272858,-0.1554914265871048,-0.0643516555428505,-0.1369514912366867,0.23508678376674652,0.11904950439929962,0.442466139793396,0.11794889718294144,-0.13720642030239105
513.0,-0.29205256700515747,-0.20927859842777252,-0.2752707898616791,0.33058419823646545,0.08865057677030563,0.0728292465209961,-0.4300317168235779,-0.20340022444725037,-0.202345609664917,0.30009129643440247,0.39215099811553955,0.0026604761369526386,0.1121019721031189,-0.04216839373111725,-0.0913340374827385,-0.3571167588233948,-0.07665558159351349,0.45555809140205383,-0.4047181010246277,-0.421918123960495,-0.4367579519748688,0.03528209403157234,-0.7268465161323547,0.1627504974603653,0.40993520617485046,-0.2516688108444214,-0.09469655901193619,-0.4360235929489136,0.23877717554569244,0.22552143037319183,0.20592336356639862,0.23969553411006927,-0.11177314072847366,-0.13589026033878326,-0.04127790406346321,0.13181625306606293,-0.03014085814356804,-0.3146418631076813,0.22733335196971893,-0.14036330580711365,0.025146452710032463,-0.21124300360679626,0.19639936089515686,-0.23080606758594513,0.02531556412577629,-0.19884595274925232,-0.04936923831701279,0.0860864520072937,-0.11244098842144012,-0.5552127957344055,-0.13543158769607544,0.110333152115345,-0.23174330592155457,-0.2957359850406647,-0.19094087183475494,0.3348334729671478,-0.21287037432193756,-0.11240833252668381,-0.07675455510616302,0.4484180510044098,0.4249139130115509,0.317097932100296,-0.06917670369148254,-0.2169898897409439
514.0,-0.29488351941108704,-0.40044981241226196,-0.7092739343643188,0.16024693846702576,0.11383198946714401,-0.09701988846063614,-0.5817212462425232,-0.2479136884212494,-0.6541786193847656,0.4469453692436218,0.547436535358429,-0.3197375237941742,-0.04711252450942993,-0.12320126593112946,-0.3654482066631317,-0.4182216227054596,0.06441884487867355,0.47256627678871155,-0.19003035128116608,-0.5323865413665771,-0.2233920693397522,0.31965458393096924,-0.6650348901748657,0.46952739357948303,0.4380350112915039,-0.10436241328716278,-0.3208863139152527,-0.43618980050086975,0.1774785816669464,0.5579082369804382,0.743138313293457,0.0792747288942337,-0.20410707592964172,-0.18605563044548035,0.11105798184871674,0.4100378453731537,0.19205033779144287,-0.13019120693206787,-0.12289097160100937,-0.014469688758254051,0.1726607084274292,-0.3565918803215027,0.10423414409160614,-0.37876570224761963,0.25223425030708313,-0.21009096503257751,0.20565302670001984,0.1766940802335739,0.05150480940937996,-0.5718674659729004,-0.01971273124217987,0.02804579958319664,-0.4131736159324646,-0.49455684423446655,-0.05278661102056503,0.32318028807640076,-0.2815087139606476,-0.24670712649822235,-0.1834171712398529,0.3249131441116333,0.20063161849975586,0.509365439414978,0.2222042828798294,-0.06122317165136337
515.0,-0.11828849464654922,-0.12304359674453735,-0.20715078711509705,0.39036062359809875,-0.15336334705352783,-0.0038456846959888935,-0.6123692989349365,-0.08179318904876709,-0.6287456750869751,0.2549270689487457,-0.19544437527656555,-0.12954896688461304,-0.48930615186691284,0.17332763969898224,-0.020706668496131897,-0.5230445265769958,0.05006199702620506,0.2531857192516327,-0.2460370510816574,0.06587404012680054,-0.49548134207725525,0.03286264091730118,-0.21313335001468658,-0.19106566905975342,0.2563275694847107,-0.018181784078478813,-0.027727490290999413,-0.20138227939605713,0.4850829243659973,-0.4990215301513672,0.08220244199037552,0.15518374741077423,0.21599392592906952,-0.15020547807216644,0.008453600108623505,0.3089241087436676,0.06315896660089493,0.17890267074108124,-0.008293936029076576,-0.26682090759277344,-0.26225441694259644,0.5189624428749084,0.36038288474082947,-0.11534540355205536,0.31634533405303955,-0.14730696380138397,-0.19914844632148743,0.09019312262535095,0.17183001339435577,-0.25901082158088684,0.4008205235004425,-0.038607947528362274,-0.016248464584350586,-0.10292651504278183,-0.29094797372817993,0.1403583586215973,-0.1521783471107483,-0.037282440811395645,0.19729578495025635,0.4737401604652405,-0.2232973873615265,0.3280182480812073,-0.14382705092430115,-0.1742200255393982
516.0,-0.18149667978286743,-0.04682118073105812,-0.12838493287563324,0.3505292534828186,-0.1671113222837448,-0.05886024236679077,-0.5636141300201416,-0.07561937719583511,-0.5409738421440125,0.306532084941864,-0.12273256480693817,-0.06954936683177948,-0.4445762634277344,0.2232980579137802,0.07508672773838043,-0.44767633080482483,0.09322027117013931,0.24606607854366302,-0.30204305052757263,0.12175121903419495,-0.594318687915802,-0.056448858231306076,-0.33033275604248047,-0.2339579164981842,0.19827917218208313,-0.04567275196313858,0.013133246451616287,-0.2201741486787796,0.415835976600647,-0.33518895506858826,0.0007083956152200699,0.16617006063461304,0.19063319265842438,-0.1082955002784729,0.02846658229827881,0.28388431668281555,0.09285129606723785,0.07691678404808044,0.10145779699087143,-0.33890005946159363,-0.312578409910202,0.5197515487670898,0.3118387460708618,-0.1017904132604599,0.2635149359703064,-0.20288671553134918,-0.16978102922439575,0.10260520875453949,0.040853455662727356,-0.26330703496932983,0.3157932162284851,-0.003864261321723461,0.00920020043849945,-0.041146714240312576,-0.33396440744400024,0.08087912201881409,-0.13968688249588013,-0.07465449720621109,0.18607492744922638,0.4348294734954834,-0.04753975570201874,0.25309279561042786,-0.19570747017860413,-0.20235984027385712
517.0,-0.05001620948314667,0.031787991523742676,-0.10105698555707932,0.3209123909473419,-0.32311421632766724,-0.1377396285533905,-0.7297059893608093,-0.05078374966979027,-0.7246906161308289,0.2917923033237457,-0.20899756252765656,-0.24870476126670837,-0.5913273692131042,0.24652239680290222,0.09170239418745041,-0.5739251971244812,0.15983469784259796,0.15444913506507874,-0.1431838721036911,0.18785454332828522,-0.5913097858428955,0.10110849887132645,-0.25565436482429504,-0.3271237909793854,0.2904073894023895,0.14016400277614594,0.12999285757541656,-0.2148590236902237,0.4854477345943451,-0.4883837401866913,0.0193284023553133,0.10200539976358414,0.2711293697357178,-0.1208680123090744,0.13640232384204865,0.480144202709198,0.10671835392713547,0.33184361457824707,-0.06209392100572586,-0.40327122807502747,-0.34156134724617004,0.7850131392478943,0.3594474196434021,-0.06795843690633774,0.4044778048992157,-0.20476990938186646,-0.35442787408828735,0.06688090413808823,0.13631591200828552,-0.060810573399066925,0.5717993378639221,-0.10793626308441162,-0.016253715381026268,0.01765039563179016,-0.3830556571483612,0.03964909166097641,-0.27978888154029846,-0.09734850376844406,0.3170388638973236,0.49948257207870483,-0.3754521310329437,0.23335587978363037,-0.16977185010910034,-0.20343893766403198
518.0,-0.10479509830474854,-0.000870562857016921,-0.1738625317811966,0.30320560932159424,-0.2313767969608307,-0.13707807660102844,-0.7850595116615295,-0.11127845197916031,-0.664314329624176,0.2817399501800537,-0.08439751714468002,-0.23006689548492432,-0.45654022693634033,0.1932177096605301,0.09877246618270874,-0.4940298795700073,0.13030850887298584,0.2446262389421463,-0.24793080985546112,0.08489684015512466,-0.5658730864524841,0.11880180239677429,-0.4129326641559601,-0.2119586318731308,0.34346655011177063,0.0042074136435985565,0.03702482581138611,-0.3347247242927551,0.47994738817214966,-0.33722350001335144,0.13832123577594757,0.21497449278831482,0.10070285201072693,-0.14416952431201935,0.06284274905920029,0.4698764383792877,0.12153487652540207,0.21805821359157562,-0.11675713956356049,-0.3855220377445221,-0.2794243097305298,0.5179766416549683,0.32626667618751526,-0.1204151138663292,0.31239548325538635,-0.22716207802295685,-0.2566978633403778,0.069574736058712,0.10941597074270248,-0.1769997775554657,0.47578510642051697,-0.06505320966243744,-0.05030570924282074,-0.05193289369344711,-0.39090967178344727,0.21412645280361176,-0.3869370222091675,-0.09543754905462265,0.22082480788230896,0.4803793132305145,-0.13506487011909485,0.288024365901947,-0.09702477604150772,-0.20071877539157867
519.0,-0.2195698767900467,-0.05766772851347923,-0.07368691265583038,0.08886876702308655,-0.1859222948551178,-0.05010427534580231,-0.3463589549064636,-0.003979961387813091,-0.24665597081184387,0.42315760254859924,0.1268709897994995,0.01962406560778618,-0.3062945604324341,0.28579181432724,0.040323201566934586,-0.3496275544166565,0.07994657754898071,0.3551861643791199,-0.23853623867034912,0.04384211078286171,-0.4788253605365753,-0.11663166433572769,-0.4568256139755249,-0.24998731911182404,0.42500367760658264,-0.028145862743258476,0.24312429130077362,-0.2036658227443695,0.26472970843315125,-0.022601593285799026,-0.011364265345036983,0.082003153860569,0.09214050322771072,-0.15726615488529205,-0.12708203494548798,0.5018457770347595,0.1161356121301651,0.06284113228321075,0.14592523872852325,-0.4073620140552521,-0.2771040201187134,0.528298020362854,0.19242912530899048,-0.09014240652322769,0.12827959656715393,-0.22292090952396393,-0.2933402359485626,0.15020853281021118,-0.13995280861854553,-0.25354835391044617,0.22220441699028015,-0.10441546887159348,-0.016455838456749916,0.005638671573251486,-0.5796175599098206,0.009833595715463161,0.01875363290309906,-0.30995672941207886,0.28830716013908386,0.3432660400867462,-0.012538562528789043,0.24010105431079865,-0.24801591038703918,-0.09907547384500504
520.0,-0.003007332095876336,-0.26866593956947327,-0.6815164089202881,0.30462589859962463,0.18564431369304657,-0.26898008584976196,-0.2764921486377716,-0.13591140508651733,-0.3783719539642334,0.46768543124198914,0.3958469033241272,-0.23646694421768188,0.17666426301002502,0.007189508527517319,-0.06577551364898682,-0.36408355832099915,0.043821800500154495,0.32647570967674255,-0.271515429019928,-0.3193047046661377,0.05824791267514229,0.136236310005188,-0.40877947211265564,0.5362699627876282,0.12020687013864517,-0.23128598928451538,-0.07236982136964798,-0.24166077375411987,0.26023831963539124,-0.035038433969020844,0.56393963098526,0.1545408070087433,-0.19630111753940582,-0.0930325910449028,0.134186252951622,-0.005197299178689718,0.03255091980099678,-0.03792421519756317,-0.08901048451662064,0.15523497760295868,0.2673204243183136,-0.4331624507904053,0.14410486817359924,-0.3259375989437103,0.20406058430671692,-0.16498009860515594,0.08052705973386765,0.04183889180421829,0.02673494629561901,-0.23115308582782745,0.12958921492099762,0.10778166353702545,-0.27594685554504395,-0.20458704233169556,-0.03445384278893471,0.5315377712249756,-0.36750930547714233,-0.2205243855714798,-0.19154196977615356,0.17233246564865112,0.09692145884037018,0.30700579285621643,0.21093802154064178,-0.01839197613298893
521.0,-0.008222939446568489,-0.1810101419687271,-0.7140429019927979,0.405875563621521,0.24684548377990723,-0.29037025570869446,-0.1774318963289261,-0.09768061339855194,-0.39035993814468384,0.48657435178756714,0.4195191562175751,-0.18865785002708435,0.24211598932743073,-0.016552457585930824,0.02236427366733551,-0.4229165017604828,0.011660393327474594,0.28992959856987,-0.3552185893058777,-0.4228810667991638,0.002247192431241274,0.07689481228590012,-0.39368101954460144,0.5899587869644165,0.10140537470579147,-0.21483783423900604,-0.0819002166390419,-0.22523906826972961,0.32085666060447693,0.004141633398830891,0.5811443328857422,0.19765429198741913,-0.1998080313205719,-0.08055363595485687,0.07147034257650375,-0.06776117533445358,0.03607732802629471,-0.0441434383392334,0.04909063130617142,0.19341936707496643,0.3972591757774353,-0.48216256499290466,0.15877605974674225,-0.16978879272937775,0.2342251092195511,-0.2172548919916153,0.15893197059631348,0.13134241104125977,0.03159746900200844,-0.26533403992652893,0.21251630783081055,0.16433779895305634,-0.34746137261390686,-0.26414766907691956,0.017125530168414116,0.5564924478530884,-0.4020557701587677,-0.26401495933532715,-0.22149014472961426,0.14485567808151245,0.08795875310897827,0.34996116161346436,0.21561063826084137,-0.17281322181224823
522.0,0.004961713217198849,-0.008084406144917011,-0.7549963593482971,0.1989494264125824,0.15026579797267914,-0.36770305037498474,-0.29340264201164246,-0.09909753501415253,-0.41991743445396423,0.5165671110153198,0.48372310400009155,-0.282562792301178,0.225900337100029,-0.00619406858459115,-0.012730768881738186,-0.3917231559753418,0.10722038149833679,0.2614959180355072,-0.20544861257076263,-0.4697060286998749,0.03226260468363762,0.16466747224330902,-0.7203600406646729,0.7399905323982239,0.20645682513713837,-0.22115376591682434,0.04919794946908951,-0.40562117099761963,0.2195054143667221,0.4416581988334656,0.7685608863830566,0.1366943120956421,-0.36439836025238037,-0.08898056298494339,0.14227840304374695,0.022004038095474243,0.07303937524557114,0.02239101752638817,-0.17028243839740753,0.09664605557918549,0.30421510338783264,-0.4247640371322632,0.12988395988941193,-0.19664587080478668,0.22653450071811676,-0.30173739790916443,0.20497317612171173,0.21611282229423523,0.019187351688742638,-0.3039838373661041,0.2715527415275574,0.08367816358804703,-0.3570067882537842,-0.31640928983688354,-0.09475696086883545,0.5417316555976868,-0.4608535170555115,-0.317209392786026,-0.26620447635650635,0.10075150430202484,0.18535739183425903,0.2947568893432617,0.29149535298347473,-0.11695961654186249
523.0,-0.0916767567396164,-0.1642836183309555,-0.7539297938346863,0.1701216846704483,0.12310224026441574,-0.31354057788848877,-0.43239954113960266,-0.1606663018465042,-0.5187066197395325,0.4616509974002838,0.4583446979522705,-0.27549007534980774,0.04885820671916008,-0.03507964685559273,-0.15244987607002258,-0.3605932891368866,0.09305808693170547,0.34399381279945374,-0.2256595641374588,-0.4839339256286621,-0.07441756129264832,0.21402209997177124,-0.679164469242096,0.6402133107185364,0.276062548160553,-0.18932613730430603,-0.0667160376906395,-0.44985130429267883,0.20956683158874512,0.4419580101966858,0.7861279845237732,0.10447460412979126,-0.33515506982803345,-0.13865762948989868,0.13227267563343048,0.17579111456871033,0.11162865906953812,-0.03228449448943138,-0.17353570461273193,0.041365910321474075,0.20705871284008026,-0.39860501885414124,0.10853777825832367,-0.2979041039943695,0.22728663682937622,-0.2711860239505768,0.21612761914730072,0.20428310334682465,0.045663636177778244,-0.4086817502975464,0.17140963673591614,0.06319818645715714,-0.3616723418235779,-0.3843587040901184,-0.08403322845697403,0.4457613527774811,-0.4123840034008026,-0.2321551889181137,-0.24491164088249207,0.1492283046245575,0.20419399440288544,0.36299264430999756,0.2935844659805298,-0.07131709158420563
524.0,-0.151910200715065,-0.01941588707268238,-0.5092207789421082,0.1345798522233963,0.1036657765507698,-0.556569516658783,-0.22689922153949738,-0.05800028517842293,-0.2103179693222046,0.6968486905097961,0.5600165128707886,-0.20715893805027008,0.16777418553829193,0.13334766030311584,0.14007629454135895,-0.2414568066596985,0.11914223432540894,0.296278178691864,-0.3506094813346863,-0.2813677191734314,-0.19598062336444855,-0.11741860210895538,-0.91752028465271,0.4548308849334717,0.21290569007396698,-0.22178134322166443,0.3264220356941223,-0.47757795453071594,0.2106906771659851,0.5318785905838013,0.40647462010383606,0.07179006934165955,-0.38883209228515625,-0.09693422168493271,0.24074506759643555,0.14166033267974854,0.16535384953022003,-0.1391061395406723,0.1625579595565796,0.005717289634048939,0.09037556499242783,-0.2529072165489197,-0.002954596420750022,-0.1999572366476059,0.08235577493906021,-0.38320186734199524,0.12313887476921082,0.1569916307926178,-0.2946133017539978,-0.3401414752006531,0.025502445176243782,0.14322789013385773,-0.2655234932899475,-0.06908643990755081,-0.26245877146720886,0.37558430433273315,-0.4690283238887787,-0.4813159108161926,-0.17261679470539093,0.04911131039261818,0.4172751307487488,0.18559250235557556,0.045694444328546524,-0.12705768644809723
525.0,-0.047998279333114624,-0.04812394082546234,-0.2964100241661072,0.0871315523982048,-5.7470519095659256e-05,-0.35125961899757385,-0.6722637414932251,-0.28221890330314636,-0.3659730851650238,-0.05501416698098183,0.38594692945480347,-0.11871451884508133,0.15394675731658936,-0.18254177272319794,0.04288099333643913,-0.05112422630190849,0.22298501431941986,0.269614040851593,-0.14869210124015808,-0.1383129209280014,0.0780782476067543,0.4139755964279175,-0.3764212727546692,0.1335160732269287,0.2828373610973358,-0.11658155918121338,-0.36576297879219055,-0.5774329900741577,-0.058193959295749664,-0.10731548070907593,0.5862632989883423,0.575383722782135,-0.4813375174999237,-0.36358699202537537,0.15895861387252808,0.3845122456550598,-0.08936736732721329,-0.17381379008293152,-0.6007975339889526,-0.07133089751005173,0.05811602249741554,-0.6948226094245911,-0.10045778006315231,-0.2916450798511505,0.21227070689201355,-0.3587827682495117,-0.2682771384716034,-0.3025274872779846,0.18490491807460785,-0.06565538048744202,-0.07188869267702103,-0.07903201133012772,-0.421287477016449,-0.38285160064697266,-0.17962118983268738,0.6195462942123413,-0.5375234484672546,0.1558111608028412,-0.18018202483654022,0.3548181653022766,0.1853446513414383,0.10730531811714172,0.34833815693855286,-0.06121526286005974
526.0,-0.2938706874847412,0.19510431587696075,-0.2022411972284317,0.17769788205623627,0.10033062845468521,-0.19223898649215698,-0.6590191125869751,-0.4128337800502777,-0.09099612385034561,0.0845622718334198,0.5425877571105957,0.11259539425373077,0.325951486825943,-0.027952810749411583,0.12322936952114105,-0.28099969029426575,0.16789619624614716,0.358633428812027,-0.28502658009529114,-0.062340907752513885,-0.1485404521226883,0.15554668009281158,-0.7778012752532959,0.12175685167312622,0.14027684926986694,-0.3689527213573456,-0.15763235092163086,-0.5697954297065735,0.03712048381567001,-0.019832391291856766,0.21713221073150635,0.4462721347808838,-0.3446832001209259,-0.3260272443294525,0.06731094419956207,0.00869947299361229,-0.2434798628091812,-0.4471544325351715,-0.38093286752700806,-0.25056570768356323,-0.10083484649658203,-0.451578289270401,0.060399673879146576,-0.3644026815891266,0.19271807372570038,-0.4157258868217468,-0.512393057346344,-0.3421725928783417,-0.07984349131584167,-0.11114649474620819,-0.16544924676418304,-0.09871828556060791,-0.2937948405742645,-0.2612626552581787,-0.32976025342941284,0.43608197569847107,-0.3643704652786255,0.07673124969005585,-0.1116265282034874,0.6323920488357544,0.3967735171318054,0.07395298779010773,0.0628826767206192,-0.06917926669120789
527.0,-0.06541624665260315,-0.21111074090003967,-0.3902686536312103,0.16883781552314758,0.018902387470006943,-0.18538285791873932,-0.7029011845588684,-0.2502160668373108,-0.37928062677383423,0.060810234397649765,0.3397659659385681,-0.1561262160539627,0.09049449861049652,-0.12929677963256836,-0.07257536798715591,-0.16358351707458496,0.09406325221061707,0.3757864236831665,-0.21162183582782745,-0.20478682219982147,-0.024143224582076073,0.3233925700187683,-0.4468355178833008,0.212215393781662,0.30530980229377747,-0.23978590965270996,-0.34381720423698425,-0.5401581525802612,0.08715681731700897,-0.1291743516921997,0.5715214610099792,0.46634864807128906,-0.3347572684288025,-0.2744297385215759,0.07593414932489395,0.31965672969818115,-0.014582007192075253,-0.08221258968114853,-0.460100919008255,-0.08832883834838867,0.027893224731087685,-0.6582412719726562,0.043377041816711426,-0.40936458110809326,0.13230513036251068,-0.212310329079628,-0.1568739414215088,-0.17054927349090576,0.21094146370887756,-0.2535662055015564,-0.05695420503616333,-0.013260276056826115,-0.22994758188724518,-0.32430365681648254,-0.237960547208786,0.6709531545639038,-0.48442012071609497,0.13746777176856995,-0.20271074771881104,0.3151560425758362,0.2761266827583313,0.2283851057291031,0.2866021990776062,-0.02360677346587181
528.0,0.016431774944067,0.06267427653074265,-0.3359903395175934,0.11372409015893936,-0.055451899766922,-0.3573310375213623,-0.752953052520752,-0.322885662317276,-0.3806212842464447,-0.09765472263097763,0.4207952320575714,-0.23600487411022186,0.23527655005455017,-0.1765272319316864,0.07385752350091934,-0.08882547914981842,0.1709943413734436,0.1787112057209015,-0.14301936328411102,-0.1779661923646927,-0.002484932541847229,0.45236292481422424,-0.556927502155304,0.3104168474674225,0.21764129400253296,-0.14951927959918976,-0.38351452350616455,-0.6536267995834351,-0.05721927806735039,-0.030701983720064163,0.6567196846008301,0.5308436155319214,-0.4970400929450989,-0.3545974791049957,0.24341529607772827,0.3456854224205017,-0.13568270206451416,-0.09440242499113083,-0.5878180861473083,-0.07301841676235199,0.047211967408657074,-0.779762864112854,-0.08885827660560608,-0.3401046693325043,0.18756775557994843,-0.3290213942527771,-0.2837972044944763,-0.2901513874530792,0.19660890102386475,-0.0972571149468422,-0.07487856596708298,-0.07863978296518326,-0.3495347797870636,-0.3925972580909729,-0.12393860518932343,0.629804253578186,-0.6715118885040283,0.21983197331428528,-0.2913660705089569,0.3359334170818329,0.23217691481113434,0.010818645358085632,0.4223949611186981,-0.063807412981987
529.0,-0.03725278750061989,-0.06117946282029152,-0.2849140167236328,0.15733447670936584,-0.0056731197983026505,-0.2217717170715332,-0.597571074962616,-0.21753336489200592,-0.34030207991600037,-0.053258635103702545,0.19244371354579926,-0.12120334059000015,0.04661431908607483,-0.10436821728944778,-0.030787289142608643,-0.09450175613164902,0.10181119292974472,0.15923921763896942,-0.16212938725948334,-0.10177512466907501,-0.048051320016384125,0.266448974609375,-0.2564167082309723,0.1593959927558899,0.12726566195487976,-0.10020194947719574,-0.33058100938796997,-0.483052134513855,0.04141942039132118,-0.22847458720207214,0.46029120683670044,0.38990962505340576,-0.2907349169254303,-0.3334873616695404,0.1328839659690857,0.28729933500289917,-0.05864502862095833,-0.0775061845779419,-0.39811965823173523,-0.03593883290886879,0.013498468324542046,-0.584105908870697,0.006459904834628105,-0.29775774478912354,0.141854926943779,-0.20910440385341644,-0.19003331661224365,-0.2027892768383026,0.2658156752586365,-0.16666914522647858,-0.03599293902516365,-0.020333068445324898,-0.2200428545475006,-0.3175314664840698,-0.10233687609434128,0.4489707946777344,-0.4719291627407074,0.2210475653409958,-0.20193655788898468,0.22650142014026642,0.14638838171958923,0.1370764523744583,0.32767432928085327,-0.06926244497299194
530.0,-0.09851878881454468,-0.01253303699195385,-0.23856250941753387,0.2836882174015045,-0.16769839823246002,-0.20011743903160095,-0.6809177994728088,-0.21437254548072815,-0.5378308892250061,0.2260347306728363,0.026751559227705002,-0.1240496039390564,-0.31344929337501526,0.13895899057388306,0.01802556775510311,-0.4998258352279663,0.23400743305683136,0.20829281210899353,-0.051527176052331924,0.2995463013648987,-0.22250181436538696,0.1880558878183365,-0.24839861690998077,-0.14299415051937103,0.07989440858364105,-0.05821549892425537,-0.08420535176992416,-0.18636979162693024,0.2768171429634094,-0.5728243589401245,0.13630780577659607,0.19141536951065063,0.11838711053133011,-0.19925197958946228,0.20501190423965454,0.2801535129547119,-0.04110473394393921,0.08498304337263107,-0.35578635334968567,-0.26638421416282654,-0.26541751623153687,0.3434290289878845,0.21852946281433105,-0.3458007574081421,0.433700293302536,-0.23978574573993683,-0.46995335817337036,-0.18912895023822784,0.20555377006530762,0.05946208909153938,0.24872377514839172,-0.13851431012153625,-0.062032897025346756,-0.014830196276307106,-0.3321017622947693,0.12386736273765564,-0.16779060661792755,0.003007447812706232,0.1400270164012909,0.6064025163650513,-0.2896091938018799,0.1415129005908966,-0.05974307656288147,0.016613788902759552
531.0,-0.11284536123275757,0.21426928043365479,-0.1330675333738327,0.2867182195186615,-0.1825522929430008,-0.08721597492694855,-0.5927311778068542,-0.2978404462337494,-0.38250213861465454,0.1921880543231964,0.19021742045879364,-0.13681583106517792,-0.08536312729120255,0.23094776272773743,0.10594911128282547,-0.5822803378105164,0.1766522079706192,0.1937566101551056,-0.03126770257949829,0.41355860233306885,-0.2686019539833069,0.12390726059675217,-0.6015943884849548,-0.08871104568243027,-0.02204841561615467,-0.210392564535141,0.0017735374858602881,-0.11478967219591141,0.2848319411277771,-0.30722111463546753,0.03458672761917114,0.1152498796582222,0.2519318461418152,-0.0022118131164461374,0.2339135855436325,-0.026331216096878052,-0.11009427160024643,0.05683138221502304,-0.3090369701385498,-0.3334829807281494,-0.35062840580940247,0.5574910044670105,0.16302983462810516,-0.37389108538627625,0.3981795608997345,-0.3016849160194397,-0.5295781493186951,-0.18833085894584656,0.032121267169713974,0.10263234376907349,0.192094624042511,-0.21555095911026,-0.03480157628655434,0.12647326290607452,-0.2786557376384735,0.06246081739664078,-0.017259370535612106,-0.17270544171333313,0.15782076120376587,0.7868208289146423,-0.10998351871967316,0.018429279327392578,-0.28375673294067383,0.10404521971940994
532.0,-0.13215087354183197,0.045709867030382156,-0.2500845789909363,0.2667293846607208,-0.11689034849405289,-0.210472971200943,-0.6239819526672363,-0.2556593716144562,-0.45953506231307983,0.21231965720653534,0.13568651676177979,-0.06711987406015396,-0.2058665156364441,0.1272687315940857,0.045008689165115356,-0.46045297384262085,0.2514159083366394,0.2032366693019867,-0.07998708635568619,0.23480050265789032,-0.21126990020275116,0.1936199963092804,-0.38187047839164734,-0.03663710132241249,0.08998556435108185,-0.10804663598537445,-0.09277881681919098,-0.22958004474639893,0.185379296541214,-0.4030097723007202,0.15701833367347717,0.21852931380271912,0.02610197477042675,-0.20262041687965393,0.2404649555683136,0.17308686673641205,-0.1148524358868599,-0.04134226590394974,-0.37456661462783813,-0.26714393496513367,-0.27441054582595825,0.2863987684249878,0.1769261360168457,-0.3507547378540039,0.4255598783493042,-0.3185940086841583,-0.4350838363170624,-0.2248762845993042,0.12792348861694336,0.006863842252641916,0.1591992825269699,-0.1554337441921234,-0.13290469348430634,-0.10258464515209198,-0.31076928973197937,0.13134518265724182,-0.12796123325824738,0.041175685822963715,0.0897197425365448,0.6428845524787903,-0.16829246282577515,0.10502010583877563,-0.04952605068683624,0.017421819269657135
533.0,-0.04500265046954155,0.10110778361558914,-0.2681720554828644,0.22350870072841644,-0.2360680103302002,-0.3190325200557709,-0.7618252635002136,-0.2713540494441986,-0.5628948211669922,0.17034827172756195,0.1567065715789795,-0.23586252331733704,-0.2327146828174591,0.10321193188428879,0.05628136545419693,-0.504127025604248,0.32048365473747253,0.15365935862064362,0.01868165098130703,0.276940256357193,-0.13064175844192505,0.3409217596054077,-0.38631293177604675,-0.06028662621974945,0.10573039203882217,-0.030007250607013702,-0.09890482574701309,-0.2916467487812042,0.18437360227108002,-0.45473378896713257,0.27446770668029785,0.21403425931930542,-0.015427649021148682,-0.1877722591161728,0.38362595438957214,0.33600369095802307,-0.09336096048355103,0.08444979786872864,-0.5463603734970093,-0.2902984023094177,-0.2738319933414459,0.30633628368377686,0.138868510723114,-0.41536790132522583,0.48550528287887573,-0.32521113753318787,-0.5610597133636475,-0.2999948263168335,0.218075230717659,0.1550777703523636,0.22878733277320862,-0.2227180451154709,-0.16538578271865845,-0.0277449581772089,-0.311602920293808,0.1721464991569519,-0.29161158204078674,0.014318199828267097,0.09404976665973663,0.6756331920623779,-0.3175528049468994,0.05529031902551651,0.02818896435201168,0.06728480756282806
534.0,-0.034982770681381226,0.018209699541330338,-0.2151849865913391,0.21766677498817444,-0.20091663300991058,-0.1890157014131546,-0.5789971947669983,-0.2121698558330536,-0.43333226442337036,0.10723987221717834,-0.045064691454172134,-0.11151080578565598,-0.23677292466163635,0.17486220598220825,0.005174100399017334,-0.3261134624481201,0.1877593696117401,0.11020832508802414,0.06271906942129135,0.39843347668647766,-0.10148938000202179,0.2023235559463501,-0.16626118123531342,-0.037623364478349686,-0.017653781920671463,-0.052561622112989426,-0.18100932240486145,-0.11107604205608368,0.1192241907119751,-0.5017639994621277,0.2087281495332718,0.15692780911922455,0.13334375619888306,-0.1920296549797058,0.15095175802707672,0.2556806206703186,-0.0871400311589241,0.14794617891311646,-0.4567543566226959,-0.25165849924087524,-0.2747817635536194,0.2955140471458435,0.1188121885061264,-0.35182446241378784,0.4046839773654938,-0.1904861479997635,-0.40807342529296875,-0.19106358289718628,0.1840575784444809,0.0318840816617012,0.1947888284921646,-0.2249143272638321,0.01880759373307228,-0.05755214765667915,-0.3139752447605133,0.123738594353199,-0.005087179131805897,0.04599887505173683,0.14832958579063416,0.5529552698135376,-0.2837522625923157,0.025313016027212143,-0.10017058998346329,0.1477193683385849
535.0,-0.2028762251138687,-0.16813643276691437,-0.34999728202819824,0.385177880525589,-0.11870455741882324,-0.020065251737833023,-0.4917193651199341,-0.09634342044591904,-0.6702522039413452,0.4054467976093292,-0.08037121593952179,-0.11998613178730011,-0.5094828009605408,0.20597881078720093,-0.131106898188591,-0.6563183069229126,0.1117590144276619,0.2600603401660919,-0.18612247705459595,0.0616968497633934,-0.4569975435733795,0.04365144297480583,-0.21854649484157562,-0.10685736685991287,0.19425109028816223,0.027264675125479698,-0.02355961501598358,-0.09597495198249817,0.441606342792511,-0.32633984088897705,0.09592363238334656,-0.015452951192855835,0.2896648645401001,-0.08476725220680237,0.0895046517252922,0.2828792333602905,0.07650095969438553,0.12133921682834625,0.028771456331014633,-0.209403857588768,-0.21982049942016602,0.6751528978347778,0.34745603799819946,-0.1913016438484192,0.4167831242084503,-0.17982995510101318,-0.1559581756591797,0.12617768347263336,0.15566956996917725,-0.22967228293418884,0.35414329171180725,-0.060413047671318054,-0.07190439850091934,-0.07439117133617401,-0.2210141271352768,-0.07245545834302902,0.01598295196890831,-0.1562643051147461,0.19478155672550201,0.5443419814109802,-0.3484107553958893,0.39151325821876526,-0.18096326291561127,-0.10399686545133591
536.0,-0.214093878865242,-0.0591401681303978,-0.31687358021736145,0.2935890555381775,-0.14541780948638916,-0.11639705300331116,-0.6369948387145996,-0.1606292426586151,-0.6709927916526794,0.4045189321041107,0.06809544563293457,-0.20769014954566956,-0.4046221971511841,0.1856442391872406,-0.052110377699136734,-0.5852919220924377,0.14699259400367737,0.27692610025405884,-0.20475618541240692,-0.007511631585657597,-0.4987260401248932,0.11043760925531387,-0.5074894428253174,-0.027859752997756004,0.2861291766166687,-0.012788678519427776,0.026530329138040543,-0.26086652278900146,0.4159211814403534,-0.07576677203178406,0.20147794485092163,0.04859788715839386,0.11305564641952515,-0.12047847360372543,0.12923046946525574,0.33582061529159546,0.10323087871074677,0.09780647605657578,-0.03502443805336952,-0.2798910439014435,-0.22836396098136902,0.5515970587730408,0.3113931119441986,-0.17973706126213074,0.37691885232925415,-0.2563510239124298,-0.14816628396511078,0.1168084368109703,0.04432765394449234,-0.252390593290329,0.3579080402851105,-0.09741542488336563,-0.14850591123104095,-0.1309945434331894,-0.2642013430595398,0.060961853712797165,-0.17729850113391876,-0.20615002512931824,0.146359384059906,0.5252951383590698,-0.14540894329547882,0.3458225429058075,-0.1232919692993164,-0.1395559459924698
537.0,-0.19353339076042175,-0.12987622618675232,-0.38619083166122437,0.36083903908729553,-0.08887206763029099,-0.08754030615091324,-0.5551934242248535,-0.1334991604089737,-0.6440526843070984,0.36003461480140686,-0.12573328614234924,-0.08264049142599106,-0.5052520632743835,0.19602827727794647,-0.12454085052013397,-0.5743628740310669,0.12424226105213165,0.24186724424362183,-0.20864051580429077,0.09477831423282623,-0.42826196551322937,0.029885180294513702,-0.2581941783428192,-0.013881657272577286,0.15442223846912384,-0.054458215832710266,-0.033087197691202164,-0.17882226407527924,0.4015321433544159,-0.38947054743766785,0.13748040795326233,0.016472896561026573,0.14801134169101715,-0.1752963811159134,0.0676531046628952,0.26038986444473267,0.03427118808031082,0.059163302183151245,-0.080384761095047,-0.17848436534404755,-0.26886606216430664,0.5198704600334167,0.3477208912372589,-0.2676473557949066,0.37614068388938904,-0.18403403460979462,-0.13256976008415222,0.06344027817249298,0.16158901154994965,-0.2938350439071655,0.30885621905326843,-0.0990772396326065,-0.065129354596138,-0.13444553315639496,-0.25487521290779114,0.006408258341252804,0.003967744298279285,-0.0568900927901268,0.11153249442577362,0.47010353207588196,-0.25292229652404785,0.35545530915260315,-0.09561605006456375,-0.07779426872730255
538.0,-0.2311769723892212,0.15961304306983948,-0.3400661051273346,0.36136165261268616,-0.08863379806280136,-0.025141887366771698,-0.37300875782966614,-0.04640110582113266,-0.3743124306201935,0.4145319163799286,0.0017607255140319467,0.029714446514844894,-0.31405091285705566,0.2292187213897705,0.06955484300851822,-0.6238135695457458,0.156357079744339,0.13105936348438263,-0.19330687820911407,0.14378871023654938,-0.4990226924419403,0.008702116087079048,-0.4844290614128113,0.11411134153604507,0.10337457805871964,-0.18931400775909424,0.009049622341990471,-0.10018490254878998,0.3227355480194092,-0.11506641656160355,-0.061875298619270325,-0.0744965597987175,0.010324402712285519,0.05766376107931137,0.10725462436676025,-0.00443298788741231,-0.04771703854203224,-0.15656089782714844,0.041857682168483734,-0.21970781683921814,-0.22417685389518738,0.6928313970565796,0.4272342324256897,-0.1629723161458969,0.3290335237979889,-0.23681682348251343,-0.050928108394145966,0.0958608016371727,-0.010726853273808956,-0.18760789930820465,0.30615994334220886,-0.07317943125963211,-0.02608567476272583,-0.01704738661646843,-0.20296233892440796,-0.101496621966362,0.07273011654615402,-0.11097501218318939,0.06558126956224442,0.4923833906650543,-0.10435553640127182,0.16471043229103088,-0.22510133683681488,-0.21157415211200714
539.0,-0.2224656343460083,-0.07303015887737274,-0.3370985686779022,0.3300766050815582,-0.17583319544792175,-0.12027998268604279,-0.627536416053772,-0.13923180103302002,-0.7229094505310059,0.4670693874359131,0.09948011487722397,-0.25926828384399414,-0.4589475989341736,0.17884398996829987,-0.06877893954515457,-0.6408374309539795,0.14218738675117493,0.26923105120658875,-0.17588120698928833,-0.05203242972493172,-0.5552566051483154,0.127181738615036,-0.4892488420009613,-0.06445975601673126,0.32325631380081177,0.07999452948570251,0.039605606347322464,-0.2438245713710785,0.42266589403152466,-0.05172956362366676,0.20080479979515076,0.013812038116157055,0.1830918788909912,-0.1097155213356018,0.17870928347110748,0.4024266302585602,0.14638175070285797,0.12273401021957397,0.05159340426325798,-0.30328983068466187,-0.18883274495601654,0.633569061756134,0.3027894198894501,-0.14379063248634338,0.4301075041294098,-0.27425289154052734,-0.18174149096012115,0.1643102616071701,0.03610547259449959,-0.26837149262428284,0.40145164728164673,-0.07918787747621536,-0.19064059853553772,-0.15223993360996246,-0.26719146966934204,-0.0033470578491687775,-0.18975329399108887,-0.2767367660999298,0.2014421671628952,0.5366448760032654,-0.23300908505916595,0.34861475229263306,-0.14927905797958374,-0.18417887389659882
540.0,-0.10053233057260513,-0.10760100185871124,-0.28980380296707153,0.047967784106731415,0.007328260689973831,-0.10903194546699524,-0.7440910339355469,-0.20539221167564392,-0.3421899974346161,0.05386786535382271,0.34466809034347534,-0.2112659066915512,0.1045449748635292,-0.11186859756708145,0.041945356875658035,-0.031348031014204025,-0.030063295736908913,0.3847735822200775,-0.378349244594574,-0.43622326850891113,-0.3444799482822418,0.23923176527023315,-0.7935804724693298,0.25011247396469116,0.4658304750919342,-0.2953697144985199,-0.2082676887512207,-0.7296436429023743,0.19285638630390167,0.3947496712207794,0.5528746247291565,0.43883049488067627,-0.4669811427593231,-0.1711876094341278,-0.06913431733846664,0.3558538258075714,0.10455535352230072,-0.11133228242397308,-0.23475080728530884,-0.18585242331027985,0.008740941993892193,-0.6549409627914429,0.09562066197395325,-0.21573291718959808,-0.08719323575496674,-0.17654642462730408,0.13629455864429474,0.11561157554388046,0.0008178097777999938,-0.45940983295440674,0.018773837015032768,0.05949879437685013,-0.2098408192396164,-0.380311518907547,-0.20421102643013,0.7423121929168701,-0.6956233978271484,0.04822950437664986,-0.22625412046909332,0.13743315637111664,0.7254939675331116,0.27451813220977783,0.30947113037109375,-0.19098107516765594
541.0,-0.09694612771272659,-0.08668284863233566,-0.18936458230018616,0.13294868171215057,0.04171741008758545,-0.08373017609119415,-0.6866084337234497,-0.16818928718566895,-0.310861736536026,-0.06051444634795189,0.2331465184688568,-0.1406683623790741,0.07874570041894913,-0.11862517148256302,0.04158734157681465,0.015577009879052639,-0.02893741801381111,0.31818681955337524,-0.3886480927467346,-0.3925277888774872,-0.2979617416858673,0.19528260827064514,-0.5820863842964172,0.15649177134037018,0.39229944348335266,-0.2302313894033432,-0.25045233964920044,-0.6559992432594299,0.18865354359149933,0.15066717565059662,0.47069790959358215,0.5208553671836853,-0.40385672450065613,-0.2500145435333252,-0.12354080379009247,0.32621195912361145,0.023778768256306648,-0.09816150367259979,-0.18412812054157257,-0.15104104578495026,0.032724976539611816,-0.688836395740509,0.06470415741205215,-0.13734298944473267,-0.08271822333335876,-0.17427240312099457,0.039369333535432816,0.04272674396634102,0.09974352270364761,-0.44619008898735046,0.011697273701429367,0.06444579362869263,-0.18115800619125366,-0.4014536738395691,-0.22022086381912231,0.7029523849487305,-0.6265578866004944,0.12270237505435944,-0.2180553674697876,0.1286168396472931,0.5703371167182922,0.24148964881896973,0.2738384008407593,-0.2526376247406006
542.0,-0.3394172191619873,0.044343251734972,-0.1598818153142929,0.024275129660964012,0.0704277977347374,-0.14084042608737946,-0.5654915571212769,-0.1530785858631134,0.01004408672451973,0.16557766497135162,0.39361950755119324,-0.008657162077724934,0.24409911036491394,0.1260988414287567,0.15498200058937073,-0.00980411097407341,0.05528663843870163,0.34883278608322144,-0.34634193778038025,-0.15536527335643768,-0.2869453430175781,0.04481702297925949,-0.6379250884056091,0.1521470695734024,0.18055713176727295,-0.28739890456199646,-0.2007588893175125,-0.3875962495803833,0.01404154859483242,0.10732531547546387,0.21356330811977386,0.41696080565452576,-0.3562527000904083,-0.39845389127731323,-0.12166616320610046,0.1537788212299347,-0.03792963922023773,-0.2952282726764679,-0.11562688648700714,-0.28565651178359985,-0.0430397167801857,-0.5451456308364868,0.06006345897912979,-0.23888878524303436,0.04792409762740135,-0.3392031490802765,-0.1944231241941452,-0.06995382905006409,-0.1800280660390854,-0.37591996788978577,-0.08737877756357193,-0.016043826937675476,-0.05571754276752472,-0.3855339586734772,-0.4028392434120178,0.48134973645210266,-0.32395678758621216,0.043804511427879333,-0.07723221927881241,0.23921151459217072,0.5885009765625,0.03409106656908989,0.06911509484052658,-0.11725547909736633
543.0,-0.11339123547077179,-0.13622215390205383,-0.2625512480735779,0.12286462634801865,0.05117706581950188,-0.0864822044968605,-0.6167587041854858,-0.14643071591854095,-0.3033255934715271,0.04132900387048721,0.07924725115299225,-0.09344097226858139,-0.07915715873241425,-0.030653085559606552,0.010596166364848614,-0.0246348325163126,-0.010158389806747437,0.31170397996902466,-0.3523951768875122,-0.21396832168102264,-0.2938680946826935,0.08850046247243881,-0.4576972424983978,0.1569615751504898,0.3101806044578552,-0.26860398054122925,-0.1682746559381485,-0.5560060143470764,0.20762582123279572,0.050118397921323776,0.3859914243221283,0.3485180139541626,-0.3211356997489929,-0.21817247569561005,-0.14999859035015106,0.2825366258621216,0.0572364367544651,-0.08449822664260864,-0.21500201523303986,-0.12806205451488495,-0.08069704473018646,-0.45552435517311096,0.14994046092033386,-0.22227872908115387,-0.07501324266195297,-0.13873355090618134,0.10720691829919815,0.08060122281312943,0.0780029371380806,-0.43618133664131165,0.05384083464741707,0.05810627341270447,-0.06747410446405411,-0.28914934396743774,-0.24358738958835602,0.5931831002235413,-0.41902509331703186,0.1324595957994461,-0.16579771041870117,0.075189508497715,0.4900948107242584,0.2756626307964325,0.2235778123140335,-0.13886284828186035
544.0,-0.07437402009963989,-0.24501308798789978,-0.3235039710998535,0.10354964435100555,-0.0027669870760291815,-0.07488375157117844,-0.7160244584083557,-0.1447288691997528,-0.46068355441093445,0.08421652764081955,0.30486828088760376,-0.3094942569732666,0.01836572214961052,-0.1586843729019165,-0.03687413036823273,-0.075794517993927,-0.03553753346204758,0.3554501235485077,-0.31915414333343506,-0.48194512724876404,-0.31417950987815857,0.27558082342147827,-0.5623279213905334,0.18447555601596832,0.4959076941013336,-0.13649092614650726,-0.2907068133354187,-0.6277695298194885,0.2465648204088211,0.2598864436149597,0.5889068841934204,0.4292021691799164,-0.3332855999469757,-0.19625145196914673,-0.06793331354856491,0.48844611644744873,0.18395157158374786,0.011483654379844666,-0.12849020957946777,-0.13465003669261932,0.14504997432231903,-0.629465639591217,0.08018262684345245,-0.12813670933246613,-0.03622044250369072,-0.1250855177640915,0.09984081983566284,0.11411002278327942,0.10781645029783249,-0.43517741560935974,0.06699774414300919,0.1272536665201187,-0.26898545026779175,-0.39799684286117554,-0.15272273123264313,0.686779260635376,-0.7138084769248962,-0.0019105089595541358,-0.18221743404865265,0.11949838697910309,0.4841509461402893,0.36097878217697144,0.31845229864120483,-0.25651925802230835
545.0,-0.05185116454958916,-0.16724568605422974,-0.43309080600738525,0.11476005613803864,-0.0026717139407992363,-0.21439391374588013,-0.7850223183631897,-0.20558825135231018,-0.43650922179222107,0.14247854053974152,0.27850744128227234,-0.24755977094173431,-0.013766883872449398,-0.08964893966913223,0.013902522623538971,-0.11942093819379807,0.022015182301402092,0.35325947403907776,-0.3475853502750397,-0.32892605662345886,-0.2551186978816986,0.2625623643398285,-0.7250170111656189,0.3329216241836548,0.4369586408138275,-0.3236110806465149,-0.24465066194534302,-0.6971039175987244,0.2131720632314682,0.19398559629917145,0.6242656707763672,0.41307333111763,-0.47070178389549255,-0.17860612273216248,0.0008143597515299916,0.3945524990558624,0.09463584423065186,-0.06880009919404984,-0.37176501750946045,-0.14705003798007965,-0.011951493099331856,-0.5919382572174072,0.13286755979061127,-0.3395519256591797,-0.017800016328692436,-0.17898063361644745,0.10569404810667038,0.04038125276565552,0.08006185293197632,-0.4402790069580078,0.0414184108376503,0.054888926446437836,-0.187541663646698,-0.33617159724235535,-0.2591795325279236,0.7570250630378723,-0.6728482246398926,0.08288907259702682,-0.2421095073223114,0.170877143740654,0.5315859913825989,0.3273645043373108,0.3263527750968933,-0.14708450436592102
546.0,-0.12008325755596161,-0.14813001453876495,-0.4077984690666199,0.1799345761537552,0.037262897938489914,-0.1635751873254776,-0.6420851945877075,-0.17840804159641266,-0.401668906211853,0.10213204473257065,0.23227228224277496,-0.1343359500169754,0.0007001374033279717,-0.0652998611330986,-0.05483563244342804,-0.1312040090560913,0.03522670269012451,0.3058710992336273,-0.3254872262477875,-0.3299235701560974,-0.24345748126506805,0.18299850821495056,-0.5537095665931702,0.31467312574386597,0.2886938452720642,-0.24077655375003815,-0.27561062574386597,-0.5983579754829407,0.16980695724487305,0.11477760225534439,0.517291784286499,0.3588092029094696,-0.3653922975063324,-0.27493682503700256,-0.005990598350763321,0.29682645201683044,0.04248930141329765,-0.09987977147102356,-0.24503691494464874,-0.09588682651519775,-0.002032070653513074,-0.5540993809700012,0.12046822160482407,-0.2840164601802826,0.05952838435769081,-0.21680013835430145,0.09833361208438873,0.04504874348640442,0.10648120939731598,-0.45384088158607483,0.028159981593489647,0.05606865882873535,-0.20204390585422516,-0.4138622581958771,-0.16736425459384918,0.5723870396614075,-0.4844421446323395,0.11368191987276077,-0.23733869194984436,0.14486214518547058,0.39344242215156555,0.2810221314430237,0.2801799476146698,-0.13853883743286133
547.0,-0.2638625204563141,0.05103965476155281,-0.22886885702610016,0.02785376086831093,-0.00258641317486763,-0.3183119595050812,-0.6274899840354919,-0.29884225130081177,-0.02181657776236534,0.2781826853752136,0.3588303327560425,-0.06105094403028488,0.1458064615726471,0.04147728532552719,0.0434245727956295,-0.0744418278336525,0.12665988504886627,0.30180227756500244,-0.18296611309051514,0.0017898050136864185,-0.17007483541965485,0.12857235968112946,-0.9019688367843628,0.34756892919540405,0.18055787682533264,-0.3917562663555145,0.044482115656137466,-0.4854218065738678,-0.05254242196679115,0.21091395616531372,0.23406249284744263,0.16961844265460968,-0.45699095726013184,-0.24852034449577332,0.1366960108280182,0.05570070445537567,-0.064586341381073,-0.32297399640083313,-0.2534462809562683,-0.19104918837547302,-0.2101808786392212,-0.30074265599250793,0.0681750550866127,-0.47141578793525696,0.06245287507772446,-0.29295793175697327,-0.18794439733028412,-0.19252920150756836,-0.2870655357837677,-0.295469731092453,-0.1791115701198578,-0.14917580783367157,-0.056897275149822235,-0.24420265853405,-0.37190699577331543,0.3572348356246948,-0.2082064151763916,-0.04099495708942413,-0.14652632176876068,0.3521915376186371,0.5064904689788818,-0.09246170520782471,0.04403652623295784,0.05506804585456848
548.0,-0.06700438261032104,-0.1388789564371109,-0.3308136761188507,0.0957847535610199,-0.0002173478715121746,-0.16119498014450073,-0.6715103983879089,-0.13448917865753174,-0.35204505920410156,0.07945240288972855,0.11237569898366928,-0.14928732812404633,-0.08878140896558762,-0.023104198276996613,-0.009920841082930565,-0.06291588395833969,0.028224918991327286,0.26971060037612915,-0.25362062454223633,-0.17565062642097473,-0.21549497544765472,0.16920587420463562,-0.47998562455177307,0.21906638145446777,0.28961706161499023,-0.25025567412376404,-0.20130543410778046,-0.5099786520004272,0.1743488311767578,-0.011248154565691948,0.44694212079048157,0.3233982026576996,-0.33861228823661804,-0.22469693422317505,-0.02393627166748047,0.3338049352169037,0.0763259306550026,-0.030773278325796127,-0.3213382363319397,-0.09689664840698242,-0.06901545077562332,-0.4290890395641327,0.1177542582154274,-0.29943978786468506,0.003730562748387456,-0.13737525045871735,0.0682610347867012,0.02580513432621956,0.09765268862247467,-0.3745161294937134,0.037785157561302185,-0.001311929663643241,-0.09905435144901276,-0.2747099995613098,-0.2184516340494156,0.5691389441490173,-0.42870283126831055,0.09805141389369965,-0.19622480869293213,0.11599665135145187,0.3803289830684662,0.2130706012248993,0.2612771987915039,-0.07146555185317993
549.0,-0.07497444748878479,-0.2078610211610794,-0.39677655696868896,0.10536717623472214,-0.003156284336000681,-0.1560451090335846,-0.753206193447113,-0.17877164483070374,-0.47420307993888855,0.16557475924491882,0.28514400124549866,-0.21966134011745453,-0.006338760256767273,-0.0813467726111412,-0.024105878546833992,-0.13544143736362457,0.022573765367269516,0.3729914426803589,-0.3286983072757721,-0.3649745285511017,-0.2796572148799896,0.25163784623146057,-0.632075846195221,0.2691965401172638,0.4316163659095764,-0.22833076119422913,-0.2429521232843399,-0.645350456237793,0.2347952425479889,0.2567167580127716,0.5963103771209717,0.42411935329437256,-0.3709050714969635,-0.19653254747390747,-0.021890241652727127,0.4296751022338867,0.11503428220748901,-0.03986320272088051,-0.2742670178413391,-0.15501579642295837,0.04156798496842384,-0.5777724385261536,0.11013815551996231,-0.25436389446258545,-0.0007384542841464281,-0.18431782722473145,0.09548455476760864,0.09853442758321762,0.11152809858322144,-0.416555255651474,0.06679704040288925,0.0899246335029602,-0.19759511947631836,-0.3562680184841156,-0.24954096972942352,0.6868708729743958,-0.6345297694206238,0.0589553564786911,-0.21528774499893188,0.14381271600723267,0.5245150923728943,0.3637034595012665,0.33120402693748474,-0.1428225338459015
550.0,-0.4071393609046936,0.08545422554016113,-0.5063069462776184,0.2757013440132141,0.2795347571372986,-0.2685774266719818,-0.5594752430915833,-0.521123468875885,-0.39767080545425415,0.3478318452835083,0.4070304036140442,0.08900054544210434,0.09998135268688202,0.038740720599889755,-0.19797928631305695,-0.48404374718666077,0.1244429424405098,0.28240272402763367,-0.3896429240703583,-0.14046722650527954,-0.30750396847724915,-0.04500485956668854,-0.9589778184890747,0.510754406452179,-0.023449432104825974,-0.42992302775382996,0.046238306909799576,-0.5395035147666931,0.2228877991437912,0.3548104166984558,0.23421376943588257,0.060803741216659546,-0.28881898522377014,-0.27465176582336426,0.13740910589694977,-0.16116081178188324,-0.21664753556251526,-0.46106210350990295,-0.2726249396800995,-0.06964432448148727,-0.23455776274204254,-0.0761670395731926,0.18570123612880707,-0.49053558707237244,0.21293413639068604,-0.3513537347316742,-0.06832835078239441,-0.022893695160746574,-0.08382084220647812,-0.35530391335487366,-0.16258370876312256,-0.07514515519142151,-0.2989918887615204,-0.32569584250450134,-0.10320307314395905,0.15557526051998138,-0.11691233515739441,-0.02264629863202572,-0.25836363434791565,0.5431432127952576,0.4581044912338257,0.41422879695892334,0.1264619529247284,0.007156800478696823
551.0,-0.15764130651950836,-0.2466280311346054,-0.6134399771690369,0.1678372621536255,0.07605204731225967,-0.2513185739517212,-0.45414406061172485,-0.1688571572303772,-0.5198026895523071,0.2507232129573822,0.2300705909729004,-0.15559762716293335,-0.09294121712446213,-0.034222312271595,-0.25877463817596436,-0.23016171157360077,0.11687394231557846,0.22483046352863312,-0.13349005579948425,-0.2137991040945053,-0.04351520165801048,0.194259375333786,-0.3067776560783386,0.4395484924316406,0.15337754786014557,-0.05927206203341484,-0.287052184343338,-0.36409538984298706,0.04930882900953293,0.08417227119207382,0.6191233992576599,0.1346452385187149,-0.218081995844841,-0.30727824568748474,0.14615878462791443,0.2812938988208771,0.04783545434474945,-0.07542884349822998,-0.2789729833602905,0.060652878135442734,0.04656137898564339,-0.386772483587265,0.04896220192313194,-0.38227298855781555,0.27186867594718933,-0.22676536440849304,0.0880994126200676,0.026007134467363358,0.21746726334095,-0.39139220118522644,-0.02184729278087616,-0.011043607257306576,-0.2609482407569885,-0.4246985912322998,-0.05648614838719368,0.25335556268692017,-0.18570640683174133,0.010871430858969688,-0.23204469680786133,0.17913386225700378,0.020225852727890015,0.2570772171020508,0.2937030792236328,0.0120453592389822
552.0,-0.21124061942100525,-0.28152111172676086,-0.7683283090591431,0.1979997456073761,0.04001055657863617,-0.271695077419281,-0.5168089866638184,-0.21512776613235474,-0.6451006531715393,0.41249164938926697,0.40169674158096313,-0.23360805213451385,-0.11149883270263672,-0.01634172536432743,-0.3132593333721161,-0.3748474717140198,0.17057287693023682,0.31959274411201477,-0.12724609673023224,-0.31866350769996643,-0.10862401127815247,0.26534247398376465,-0.46352672576904297,0.5524562001228333,0.22675907611846924,-0.026826443150639534,-0.31243425607681274,-0.37689459323883057,0.04008462652564049,0.26772749423980713,0.7261751890182495,0.0675167664885521,-0.22246289253234863,-0.2919290065765381,0.2297629714012146,0.39207664132118225,0.08920489996671677,-0.09225928783416748,-0.26994943618774414,0.034607842564582825,0.11900781840085983,-0.3311355710029602,0.0663856640458107,-0.43348443508148193,0.3642233908176422,-0.29064616560935974,0.09804444015026093,0.0753941684961319,0.19783835113048553,-0.43909239768981934,-0.0035195478703826666,-0.033059511333703995,-0.3566340506076813,-0.4994151294231415,-0.07226160168647766,0.20671869814395905,-0.1798297017812729,-0.09589304774999619,-0.22587350010871887,0.28653356432914734,-0.03905538097023964,0.35028594732284546,0.29207682609558105,0.0036878196988254786
553.0,-0.20782454311847687,-0.2508261501789093,-0.6386418342590332,0.28839945793151855,0.1035078689455986,-0.1845698356628418,-0.3771008551120758,-0.15531976521015167,-0.5729866027832031,0.31289082765579224,0.24117833375930786,-0.09853366017341614,-0.12819775938987732,-0.032082103192806244,-0.29092222452163696,-0.31939542293548584,0.09198030084371567,0.24557888507843018,-0.22667750716209412,-0.3461378812789917,-0.2090834528207779,0.1357264667749405,-0.3069879710674286,0.4595021605491638,0.18523451685905457,-0.0052394806407392025,-0.3204799294471741,-0.33694905042648315,0.08037952333688736,0.16448348760604858,0.578256368637085,0.10147596150636673,-0.17203201353549957,-0.2887404263019562,0.1120411828160286,0.2940520644187927,0.031056012958288193,-0.12973947823047638,-0.06177452951669693,0.08295223861932755,0.12260561436414719,-0.33303651213645935,0.0974428728222847,-0.29917365312576294,0.27201610803604126,-0.22460421919822693,0.14379483461380005,0.13582828640937805,0.17974373698234558,-0.5234982371330261,-0.02943115308880806,0.0509626641869545,-0.31620457768440247,-0.4991375803947449,0.005724275950342417,0.1584085077047348,-0.1476542055606842,-0.01509910449385643,-0.23315928876399994,0.19752994179725647,-0.0031049195677042007,0.36346861720085144,0.2454768270254135,-0.1089337095618248
554.0,-0.20214061439037323,-0.22569511830806732,-0.602048397064209,0.2562223970890045,0.09654030948877335,-0.1723862737417221,-0.4612090289592743,-0.19880330562591553,-0.5661885738372803,0.25253844261169434,0.14603349566459656,-0.09792951494455338,-0.17117014527320862,-0.022334828972816467,-0.27924856543540955,-0.30749988555908203,0.09934865683317184,0.25018778443336487,-0.2024446278810501,-0.22400031983852386,-0.12621687352657318,0.1377672404050827,-0.2672838866710663,0.429034948348999,0.12167879939079285,-0.10588688403367996,-0.31181082129478455,-0.3471985459327698,0.10970011353492737,0.009701409377157688,0.5351322889328003,0.10964985936880112,-0.17693085968494415,-0.3215475380420685,0.07295038551092148,0.24089564383029938,0.010532801039516926,-0.09824275225400925,-0.23622624576091766,0.0722784698009491,0.020042620599269867,-0.3066151738166809,0.12110628932714462,-0.34938955307006836,0.2770642042160034,-0.20830926299095154,0.1252005398273468,0.05974837392568588,0.22271595895290375,-0.4476858079433441,0.015374250710010529,-0.00430696364492178,-0.24812020361423492,-0.4511790871620178,-0.03882581740617752,0.21949166059494019,-0.10280518978834152,0.05105264112353325,-0.22820019721984863,0.22385084629058838,0.011330955661833286,0.33596476912498474,0.24491804838180542,-0.016476919874548912
555.0,0.01771870255470276,-0.08503898978233337,-0.2381834238767624,0.14680008590221405,-0.009548202157020569,-0.1563330441713333,-0.7094153761863708,-0.1301237940788269,-0.3153410851955414,-0.04889064282178879,0.08661404252052307,-0.13038966059684753,0.007807197980582714,-0.035457879304885864,0.11797983944416046,-0.01525835134088993,0.004764115437865257,0.23242886364459991,-0.35146012902259827,-0.19308088719844818,-0.25325921177864075,0.1859389841556549,-0.43692079186439514,0.1474061757326126,0.3025643527507782,-0.23898938298225403,-0.2610572874546051,-0.6088143587112427,0.17600642144680023,-0.09592247754335403,0.4316261112689972,0.5010176301002502,-0.36988791823387146,-0.2498568743467331,-0.07098694145679474,0.3382495939731598,-0.0089962687343359,-0.024937594309449196,-0.3129749596118927,-0.14341919124126434,-0.05853759124875069,-0.591083288192749,0.09982535988092422,-0.21801088750362396,-0.04449291527271271,-0.15221291780471802,0.0015142846386879683,-0.039584726095199585,0.1523676961660385,-0.3354921042919159,0.06364963203668594,0.06780742853879929,-0.09155712276697159,-0.2944974899291992,-0.22579824924468994,0.7083638310432434,-0.5823626518249512,0.23763301968574524,-0.2075144648551941,0.10388492047786713,0.4697610139846802,0.19218704104423523,0.27370747923851013,-0.14631928503513336
556.0,0.027842000126838684,-0.05619707703590393,-0.154774010181427,0.11920642107725143,-0.06692370027303696,-0.14154303073883057,-0.6950139999389648,-0.11639120429754257,-0.3680676221847534,-0.095717653632164,0.12176656723022461,-0.19777625799179077,0.016785675659775734,-0.11892668157815933,0.10995937883853912,0.047803640365600586,-0.029238572344183922,0.2002413123846054,-0.34734025597572327,-0.32495519518852234,-0.32721173763275146,0.2092352956533432,-0.46291738748550415,0.09776876121759415,0.3719176650047302,-0.14607273042201996,-0.24095304310321808,-0.6649812459945679,0.1717069000005722,0.04960649088025093,0.4593711495399475,0.5000755786895752,-0.38656359910964966,-0.24606674909591675,-0.0637814924120903,0.4230940341949463,0.05811968445777893,0.04840698838233948,-0.20494021475315094,-0.16014473140239716,0.016122912988066673,-0.598369836807251,0.07171210646629333,-0.09035886079072952,-0.07851734012365341,-0.13769479095935822,0.017586849629878998,0.02061477117240429,0.11012771725654602,-0.34518352150917053,0.08908002078533173,0.08095689862966537,-0.16123710572719574,-0.35262972116470337,-0.1798623651266098,0.6799346804618835,-0.7103980183601379,0.2035672515630722,-0.1755288690328598,0.04205026850104332,0.48011335730552673,0.180903822183609,0.3340506851673126,-0.26188066601753235
557.0,0.08429039269685745,-0.34410732984542847,-0.23632970452308655,0.15651647746562958,-0.10239680856466293,-0.10127538442611694,-0.6669163107872009,-0.14415942132472992,-0.39900851249694824,-0.02176518738269806,-0.0687112882733345,-0.19377388060092926,-0.26482412219047546,-0.2064226269721985,-0.13727322220802307,-0.039952605962753296,-0.022421158850193024,0.3546917736530304,-0.23278313875198364,-0.2994861602783203,-0.10945799946784973,0.26126977801322937,-0.36249271035194397,0.11865624785423279,0.4776844084262848,-0.2316327691078186,-0.05941686034202576,-0.6372205018997192,0.20733465254306793,-0.16658785939216614,0.48611965775489807,0.31754541397094727,-0.2844468057155609,-0.14750677347183228,0.010242228396236897,0.3378363251686096,0.06440446525812149,0.0789760947227478,-0.21621869504451752,-0.06754877418279648,-0.10720224678516388,-0.47692376375198364,0.17266005277633667,-0.33939096331596375,-0.13374973833560944,0.007247796282172203,0.050273578613996506,-0.016725169494748116,0.2059071809053421,-0.43732520937919617,0.033397309482097626,0.06637585908174515,-0.061485134065151215,-0.20575378835201263,-0.22845526039600372,0.6294499635696411,-0.5143566727638245,0.1777786761522293,-0.17406626045703888,0.040427278727293015,0.2725015878677368,0.2515121102333069,0.2834432125091553,-0.06501602381467819
558.0,-0.19211597740650177,0.08878211677074432,-0.24946340918540955,-0.13022083044052124,-0.1450333595275879,-0.46829307079315186,-0.6393880248069763,-0.17429864406585693,-0.030706113204360008,0.2699876129627228,0.6446397304534912,-0.36378616094589233,0.27859073877334595,-0.027947746217250824,0.04136834666132927,-0.0596550814807415,0.15201857686042786,0.335996150970459,-0.11065234988927841,-0.3308429419994354,-0.10006196051836014,0.2703724503517151,-1.0229485034942627,0.33413901925086975,0.4822532534599304,-0.09091032296419144,0.19617734849452972,-0.6465880274772644,-0.11876922100782394,0.4880910813808441,0.49411359429359436,0.13141492009162903,-0.5304769277572632,-0.38891589641571045,0.3129456639289856,0.38337117433547974,0.03480467200279236,-0.1470738649368286,-0.13920626044273376,-0.16606396436691284,-0.0002670050598680973,-0.4694170653820038,-0.10870327800512314,-0.33756223320961,0.08779259771108627,-0.4410988986492157,-0.3604530692100525,-0.19683358073234558,-0.2854101359844208,-0.32950642704963684,-0.11337653547525406,-0.16646409034729004,-0.27007561922073364,-0.31994783878326416,-0.37439876794815063,0.3759608566761017,-0.5676571130752563,-0.29145607352256775,-0.11289320141077042,0.22014924883842468,0.32006949186325073,-0.15240465104579926,0.15147247910499573,-0.04680236056447029
559.0,0.004952181130647659,-0.13133886456489563,-0.33640676736831665,0.056860920041799545,-0.10922209918498993,-0.1954183280467987,-0.8433075547218323,-0.13183645904064178,-0.5027045607566833,0.05664854869246483,0.24080835282802582,-0.3488927185535431,-0.005429903045296669,-0.10834618657827377,0.05780712887644768,-0.05507835000753403,-0.002320601837709546,0.2778507173061371,-0.3276854157447815,-0.4034084975719452,-0.3454435169696808,0.29404062032699585,-0.6373268365859985,0.20649279654026031,0.4980281591415405,-0.16937139630317688,-0.23664017021656036,-0.724666953086853,0.22400954365730286,0.24488267302513123,0.6162132620811462,0.43000566959381104,-0.40996378660202026,-0.19779229164123535,-0.03304477781057358,0.590232789516449,0.1757785677909851,0.09488002210855484,-0.3046233355998993,-0.2019263356924057,0.03771143779158592,-0.5914044976234436,0.08161690831184387,-0.19789408147335052,-0.04123334959149361,-0.17111565172672272,0.07472747564315796,0.10483019798994064,0.11458686739206314,-0.3885861039161682,0.14835414290428162,0.07824316620826721,-0.16304658353328705,-0.3473319709300995,-0.23112334311008453,0.7601742744445801,-0.8244124054908752,0.07168587297201157,-0.17717064917087555,0.04842714965343475,0.5014951229095459,0.3155517876148224,0.39389851689338684,-0.22199636697769165
560.0,-0.0020567760802805424,0.033220719546079636,-0.15765652060508728,0.2531472146511078,-0.28570735454559326,-0.26304274797439575,-0.7057973146438599,-0.2242937833070755,-0.5461240410804749,0.16712848842144012,-0.10030649602413177,-0.18111661076545715,-0.44456008076667786,0.06820740550756454,0.0069982921704649925,-0.4542379379272461,0.23069943487644196,0.1557944267988205,-0.04277217760682106,0.2545975148677826,-0.22942478954792023,0.23045039176940918,-0.35303425788879395,-0.15878307819366455,0.19518890976905823,-0.04287547618150711,0.11280485987663269,-0.3307202458381653,0.260011225938797,-0.4983762502670288,0.14319393038749695,0.12547476589679718,0.05361666902899742,-0.12629647552967072,0.313017874956131,0.28555792570114136,-0.04589173197746277,0.1619786024093628,-0.3176949918270111,-0.272005170583725,-0.3801058232784271,0.4485938251018524,0.2223655730485916,-0.3415585160255432,0.33159804344177246,-0.20943959057331085,-0.4632466435432434,-0.2038157731294632,0.16998283565044403,0.02727222815155983,0.2889537513256073,-0.1794293075799942,-0.03475441038608551,0.04985256493091583,-0.3422452211380005,0.10264824330806732,-0.24241112172603607,0.03208300843834877,0.14151360094547272,0.5079492926597595,-0.30368465185165405,0.06892750412225723,-0.03220906853675842,0.00658639520406723
561.0,-0.047935258597135544,0.1288788914680481,-0.13769511878490448,0.33674129843711853,-0.14940978586673737,-0.2453911155462265,-0.619546115398407,-0.1963815987110138,-0.4858032763004303,0.1012629047036171,-0.08018285036087036,-0.0333130806684494,-0.2554001212120056,0.12581373751163483,0.1150541827082634,-0.3971203863620758,0.21442390978336334,0.06530170887708664,-0.12093085050582886,0.3056052327156067,-0.2712191641330719,0.11971910297870636,-0.11874235421419144,-0.14699196815490723,-0.025810804218053818,-0.0030705025419592857,-0.12443020939826965,-0.24238356947898865,0.23483267426490784,-0.6852506995201111,0.061593569815158844,0.27503564953804016,0.05947190150618553,-0.27243858575820923,0.18192803859710693,0.2170255184173584,-0.12350667268037796,0.04965641349554062,-0.30675819516181946,-0.21631398797035217,-0.24891434609889984,0.2102295607328415,0.1956031322479248,-0.22530612349510193,0.3901262879371643,-0.2630116939544678,-0.4840293228626251,-0.2354915738105774,0.22960826754570007,0.08233372867107391,0.23887301981449127,-0.127390518784523,-0.09812088310718536,-0.08095958083868027,-0.2572212219238281,0.1106097400188446,-0.22769303619861603,0.17719823122024536,0.08199907094240189,0.5169602036476135,-0.2933597266674042,0.06351516395807266,0.015733271837234497,-0.10279273241758347
562.0,-0.00360261183232069,0.020664559677243233,-0.2636339068412781,0.23041412234306335,-0.24786412715911865,-0.3342570662498474,-0.7722106575965881,-0.21617764234542847,-0.6124300360679626,0.1776154786348343,0.05387801304459572,-0.2475174516439438,-0.2869207262992859,0.10720949620008469,0.0620652474462986,-0.4289587140083313,0.27210140228271484,0.13212034106254578,-0.03313824534416199,0.25972074270248413,-0.18888646364212036,0.28007301688194275,-0.2175879031419754,-0.1227370947599411,0.1295051872730255,0.0527711845934391,-0.11688492447137833,-0.2869320809841156,0.21431338787078857,-0.5721608400344849,0.2843439280986786,0.25633135437965393,0.03798509016633034,-0.2865559458732605,0.28316599130630493,0.44664162397384644,-0.02191636711359024,0.16983544826507568,-0.4751470983028412,-0.26413267850875854,-0.21937775611877441,0.22769290208816528,0.14825217425823212,-0.31373268365859985,0.45401039719581604,-0.30890899896621704,-0.530560314655304,-0.23872239887714386,0.2716141939163208,0.10414659231901169,0.30793213844299316,-0.16037017107009888,-0.1390116959810257,-0.0774172842502594,-0.33187979459762573,0.19297507405281067,-0.36187973618507385,0.04250938817858696,0.1307414174079895,0.5566148161888123,-0.36710813641548157,0.0961943119764328,0.07137233763933182,-0.0005252168048173189
563.0,-0.003226427361369133,0.08065927773714066,-0.15593107044696808,0.2664453685283661,-0.31950893998146057,-0.3016822040081024,-0.7909757494926453,-0.17901109158992767,-0.6555050015449524,0.2185455560684204,-0.04510672017931938,-0.2461843490600586,-0.40865376591682434,0.18179267644882202,0.11136741191148758,-0.5134686827659607,0.27904143929481506,0.12358764559030533,-0.0019207625882700086,0.3359898626804352,-0.2936340868473053,0.24961109459400177,-0.24668359756469727,-0.264005571603775,0.15772657096385956,0.10659094154834747,-0.0261156614869833,-0.2418237179517746,0.2967880666255951,-0.6113871335983276,0.1531265676021576,0.235545814037323,0.14891698956489563,-0.2118203341960907,0.3169357478618622,0.4481699764728546,0.001983464928343892,0.24124553799629211,-0.3874548673629761,-0.35829824209213257,-0.32477110624313354,0.5059274435043335,0.20618295669555664,-0.2571162283420563,0.5106968283653259,-0.29560256004333496,-0.5848400592803955,-0.20844054222106934,0.2291727513074875,0.13683854043483734,0.39871278405189514,-0.17640960216522217,-0.09415462613105774,0.00919253658503294,-0.37002986669540405,0.1151818260550499,-0.31448304653167725,-0.002177036367356777,0.2315252274274826,0.6256779432296753,-0.4289732575416565,0.0823010802268982,-0.05061963200569153,-0.03495702147483826
564.0,0.04213496670126915,0.3114357590675354,-0.006237321998924017,0.28167128562927246,-0.1957852989435196,-0.20967039465904236,-0.6326944231987,-0.31170010566711426,-0.2627803087234497,0.15723364055156708,0.07465732842683792,-0.12616205215454102,-0.1287880539894104,0.07200688123703003,0.18048161268234253,-0.5219531059265137,0.23380844295024872,0.1246463805437088,0.029821030795574188,0.2939172387123108,-0.13823270797729492,0.14820194244384766,-0.592863142490387,-0.0880577564239502,-0.05173904448747635,-0.23809951543807983,0.28171423077583313,-0.2769799530506134,0.2587345242500305,-0.479726642370224,0.0018203738145530224,0.12648819386959076,0.11447608470916748,-0.0007759430445730686,0.38849055767059326,-0.2565023601055145,-0.1978745460510254,0.023546678945422173,-0.26628378033638,-0.30382031202316284,-0.3240227997303009,0.4040314853191376,0.2653699219226837,-0.36198675632476807,0.2927750051021576,-0.23648911714553833,-0.6604811549186707,-0.3471915125846863,0.005684880074113607,0.26086360216140747,0.24811916053295135,-0.13514773547649384,-0.041097380220890045,0.20449864864349365,-0.29204824566841125,0.10226837545633316,-0.2870256006717682,0.01800348423421383,0.08571410179138184,0.6474249362945557,-0.15618661046028137,-0.17453114688396454,-0.10457344353199005,0.04642380774021149
565.0,-0.12474715709686279,0.06217844784259796,-0.04508572816848755,0.4028659164905548,-0.17954722046852112,-0.056937746703624725,-0.572971761226654,-0.03922579064965248,-0.6162877678871155,0.2016267627477646,-0.30428463220596313,-0.09395449608564377,-0.5292257070541382,0.18595188856124878,0.07951856404542923,-0.4457446038722992,0.043554581701755524,0.10011586546897888,-0.3087838590145111,0.05912017449736595,-0.6966553330421448,-0.05462723225355148,-0.13948218524456024,-0.2836631238460541,0.21408256888389587,0.14397196471691132,0.04644140601158142,-0.2520723044872284,0.49465665221214294,-0.4884132742881775,-0.04913431778550148,0.16277912259101868,0.20055556297302246,-0.21750593185424805,-0.027235323563218117,0.3739669919013977,0.066546231508255,0.20628632605075836,0.18672436475753784,-0.278619647026062,-0.24524924159049988,0.5799983739852905,0.34677913784980774,0.12946194410324097,0.2974227964878082,-0.18068568408489227,-0.1753029227256775,0.14094290137290955,0.12409219890832901,-0.25118228793144226,0.4930568039417267,-0.03887525945901871,-0.06190907955169678,-0.14414408802986145,-0.240488201379776,0.012981576845049858,-0.24006472527980804,-0.014401317574083805,0.22728987038135529,0.36884385347366333,-0.25024187564849854,0.29931026697158813,-0.1277502179145813,-0.3661143481731415
566.0,-0.1485048234462738,0.17977066338062286,0.013634413480758667,0.4884538948535919,-0.168359637260437,-0.0992472842335701,-0.5751100182533264,-0.10629542917013168,-0.6000394821166992,0.1332685351371765,-0.27490466833114624,-0.008481749333441257,-0.4354592561721802,0.16863548755645752,0.1710614711046219,-0.44092699885368347,0.07448916882276535,0.04103582352399826,-0.33031487464904785,0.09606098383665085,-0.7150394320487976,-0.06260897219181061,-0.16566400229930878,-0.31304535269737244,0.12175264954566956,0.1631750613451004,-0.024129552766680717,-0.28811711072921753,0.4343934655189514,-0.5139203667640686,-0.06441766768693924,0.297896146774292,0.2061006873846054,-0.261052668094635,0.030649997293949127,0.2786182165145874,-0.048576343804597855,0.10179666429758072,0.17975583672523499,-0.324579119682312,-0.26343557238578796,0.5304850339889526,0.31968989968299866,0.15810374915599823,0.3580746352672577,-0.2587985098361969,-0.3250982165336609,0.03843766450881958,0.1370823085308075,-0.20134063065052032,0.4316587448120117,-0.02189631201326847,-0.11290711164474487,-0.20740777254104614,-0.21916282176971436,-0.011820586398243904,-0.27885153889656067,0.1056760922074318,0.21561716496944427,0.4846753478050232,-0.2403167337179184,0.1989986151456833,-0.14798133075237274,-0.4182628095149994
567.0,-0.1810014247894287,0.4982496500015259,0.12869000434875488,0.17717131972312927,-0.43299180269241333,-0.24899256229400635,-0.7953914999961853,-0.0922623723745346,-0.34495821595191956,0.23546606302261353,0.1576119065284729,-0.3117325007915497,-0.19050556421279907,0.2667085826396942,0.3367452323436737,-0.4466692805290222,0.17734932899475098,0.07867957651615143,-0.11249149590730667,0.13073411583900452,-0.7411201000213623,0.06884558498859406,-0.914647102355957,-0.3120274245738983,0.3202376067638397,0.14181190729141235,0.2821650803089142,-0.4725565016269684,0.3664138615131378,0.09904452413320541,0.08672622591257095,0.25729697942733765,0.07705061882734299,-0.15240056812763214,0.28960782289505005,0.44775962829589844,0.019955040886998177,0.24166733026504517,0.03375204652547836,-0.6264387369155884,-0.37844422459602356,0.6433998942375183,0.19250160455703735,0.04775125905871391,0.3663814067840576,-0.4404542148113251,-0.6772931814193726,0.020167481154203415,-0.07476890087127686,-0.1265864372253418,0.4457310140132904,-0.14849771559238434,0.005056529771536589,0.0034869746305048466,-0.5470066070556641,-0.010107278823852539,-0.6084727048873901,-0.295404314994812,0.30573365092277527,0.5898904800415039,-0.01963104121387005,-0.08879384398460388,-0.33680760860443115,-0.3271370232105255
568.0,-0.18027430772781372,0.1149851605296135,-0.08853089064359665,0.513812780380249,-0.07076938450336456,-0.0909336730837822,-0.43749088048934937,-0.10008140653371811,-0.5623694062232971,0.17370934784412384,-0.17966388165950775,0.02150202915072441,-0.3201528787612915,0.11344677954912186,0.11363410204648972,-0.4317852556705475,0.046262722462415695,0.027134845033288002,-0.3374923765659332,0.00441682618111372,-0.6502239108085632,-0.07474999129772186,-0.09515208005905151,-0.17984932661056519,0.09472039341926575,0.18070831894874573,-0.09033303707838058,-0.240472674369812,0.39009955525398254,-0.45671817660331726,-0.01733597368001938,0.24498680233955383,0.16769267618656158,-0.2759380042552948,0.025618216022849083,0.2577131390571594,-0.04958237707614899,0.02368811145424843,0.24452640116214752,-0.1969490647315979,-0.11516954749822617,0.3808753490447998,0.2673957645893097,0.16822141408920288,0.35241448879241943,-0.24083110690116882,-0.24915191531181335,0.04532695934176445,0.1489277184009552,-0.23866768181324005,0.3289664685726166,0.011617242358624935,-0.2137155532836914,-0.28294605016708374,-0.12736868858337402,-0.03442303091287613,-0.20454329252243042,0.08117101341485977,0.1509677618741989,0.44699785113334656,-0.2489854097366333,0.2364029884338379,-0.0998377725481987,-0.4168976843357086
569.0,-0.11736772209405899,0.07172825932502747,-0.04800516739487648,0.40544426441192627,-0.23209403455257416,-0.08705037832260132,-0.6863622665405273,-0.04487701877951622,-0.6968687176704407,0.22878606617450714,-0.25079792737960815,-0.14368106424808502,-0.5303133726119995,0.20138198137283325,0.13261328637599945,-0.48834437131881714,0.07557201385498047,0.1430647075176239,-0.34238487482070923,-0.0018111479002982378,-0.7533968687057495,-0.009254510514438152,-0.1956477165222168,-0.32290831208229065,0.28080862760543823,0.17101748287677765,0.054783377796411514,-0.30275437235832214,0.5304412841796875,-0.47663411498069763,-0.005698083899915218,0.2182827591896057,0.22392822802066803,-0.242666557431221,0.009026874788105488,0.45707234740257263,0.07326038181781769,0.22781147062778473,0.15850631892681122,-0.3486374318599701,-0.23555266857147217,0.5838877558708191,0.36630159616470337,0.11629340052604675,0.32044875621795654,-0.2116946280002594,-0.26106661558151245,0.1266532987356186,0.12404733896255493,-0.223507359623909,0.5481095314025879,-0.01849735900759697,-0.09442810714244843,-0.16293379664421082,-0.3013492822647095,0.07552770525217056,-0.354937344789505,0.008908607065677643,0.25956955552101135,0.41889405250549316,-0.23460623621940613,0.30179455876350403,-0.10824746638536453,-0.39596375823020935
570.0,-0.01514290552586317,-0.4247779846191406,-0.4019388258457184,0.03929374739527702,0.017229696735739708,-0.020901406183838844,-0.6785151958465576,-0.2127724140882492,-0.4716300070285797,0.08015881478786469,0.06205180287361145,-0.2765291929244995,-0.2574491500854492,-0.26379525661468506,-0.38411033153533936,-0.13350382447242737,-0.04571942985057831,0.4152257740497589,-0.1400691270828247,-0.479868084192276,0.024345608428120613,0.2694644629955292,-0.3745582103729248,0.17827710509300232,0.44937339425086975,-0.20463606715202332,-0.019005674868822098,-0.5367439389228821,0.2810029685497284,0.12925750017166138,0.6397418975830078,0.19890977442264557,-0.2207898497581482,-0.13424378633499146,0.0026740683242678642,0.34924572706222534,0.1496538370847702,0.1466844379901886,-0.30707070231437683,-0.05527903139591217,0.004670212976634502,-0.5030644536018372,0.18918484449386597,-0.36606284976005554,-0.06482198089361191,0.08427699655294418,0.13400033116340637,0.14322933554649353,0.27106255292892456,-0.4432937204837799,0.04269574582576752,0.09941822290420532,-0.05879394710063934,-0.24810655415058136,-0.20091049373149872,0.572749137878418,-0.5363630652427673,0.024295756593346596,-0.17486833035945892,0.05431199446320534,0.28515341877937317,0.46205270290374756,0.31463906168937683,0.024712547659873962
571.0,-0.020555615425109863,-0.4274193048477173,-0.3785289525985718,0.11892253160476685,-0.008178365416824818,0.0639289990067482,-0.6736688017845154,-0.10945504158735275,-0.422782838344574,0.08190049976110458,0.21814092993736267,-0.2923085689544678,-0.08319790661334991,-0.1293826699256897,-0.1593952775001526,-0.11759162694215775,-0.06644517928361893,0.4653952419757843,-0.26373085379600525,-0.4245561361312866,-0.14737634360790253,0.2786979079246521,-0.3869916796684265,0.10755332559347153,0.5177218914031982,-0.20329239964485168,-0.27371251583099365,-0.4568779766559601,0.26915332674980164,-0.024993928149342537,0.5668456554412842,0.3431410789489746,-0.2011416256427765,-0.15995031595230103,-0.10723550617694855,0.450351744890213,0.16668182611465454,0.09439141303300858,-0.20588119328022003,-0.07857685536146164,0.09000133723020554,-0.5578892827033997,0.1226123720407486,-0.2849981486797333,-0.04490739479660988,-0.014234915375709534,0.072675921022892,0.07083569467067719,0.17973187565803528,-0.4578242599964142,0.06604272127151489,0.09516192972660065,-0.1316840797662735,-0.3061102032661438,-0.1908051073551178,0.6977288126945496,-0.5318619012832642,-0.019530927762389183,-0.1158219575881958,0.16191020607948303,0.32651686668395996,0.3784849941730499,0.2267887443304062,-0.08772259205579758
572.0,-0.03406451269984245,-0.24146486818790436,-0.4917554557323456,0.07418793439865112,-0.04206076264381409,-0.1926000714302063,-0.8368718028068542,-0.152162566781044,-0.5892022252082825,0.1404801309108734,0.32987502217292786,-0.39116084575653076,-0.005806485656648874,-0.09215673059225082,-0.036051493138074875,-0.12666311860084534,-0.004729239270091057,0.374472051858902,-0.3498743176460266,-0.4706448018550873,-0.31526535749435425,0.34095656871795654,-0.7294155955314636,0.3121582567691803,0.5578352808952332,-0.18543946743011475,-0.2966648042201996,-0.7687673568725586,0.23739726841449738,0.3687993586063385,0.7707729339599609,0.43935441970825195,-0.44106733798980713,-0.21160902082920074,0.01454679761081934,0.6204517483711243,0.2234504669904709,0.07020839303731918,-0.31365689635276794,-0.15108215808868408,0.09038259834051132,-0.642981231212616,0.07698552310466766,-0.2798526883125305,-0.009777880273759365,-0.1869134157896042,0.1296260505914688,0.14821292459964752,0.1246589794754982,-0.5070874094963074,0.1176256611943245,0.08930541574954987,-0.2258232682943344,-0.4236648678779602,-0.23462128639221191,0.8128011226654053,-0.8085045218467712,-0.010519213043153286,-0.24042941629886627,0.10687344521284103,0.525293231010437,0.41499245166778564,0.4284431040287018,-0.19089047610759735
573.0,-0.03267987444996834,-0.2331552654504776,-0.5399407744407654,0.10062698274850845,-0.06482996046543121,-0.2258867770433426,-0.8452639579772949,-0.15706691145896912,-0.6072642207145691,0.20302042365074158,0.35821688175201416,-0.3706955909729004,-0.052234068512916565,-0.09435062855482101,-0.05497724562883377,-0.16864518821239471,0.03874880447983742,0.3780290484428406,-0.34226977825164795,-0.4923636317253113,-0.35121864080429077,0.31387144327163696,-0.6797664165496826,0.3066934049129486,0.5302342772483826,-0.16205032169818878,-0.2950874865055084,-0.7559074759483337,0.24884752929210663,0.33743008971214294,0.751194953918457,0.39168211817741394,-0.4111405313014984,-0.2276289463043213,0.0058228494599461555,0.6431720852851868,0.20979918539524078,0.054999396204948425,-0.2995642125606537,-0.15710574388504028,0.11245737224817276,-0.6491137742996216,0.10918966680765152,-0.2999715805053711,0.006021569017320871,-0.20421698689460754,0.10473247617483139,0.14368249475955963,0.1762215942144394,-0.484923779964447,0.11761745065450668,0.10479655116796494,-0.2356153130531311,-0.4146513044834137,-0.23855888843536377,0.7524350881576538,-0.8016965985298157,-0.0016007055528461933,-0.2400200068950653,0.10013626515865326,0.4801914691925049,0.4417596459388733,0.4414600431919098,-0.19384925067424774
574.0,-0.31458625197410583,-0.1941079944372177,-0.1657300889492035,-0.12782065570354462,0.09255611896514893,-0.08364608138799667,-0.5125809907913208,-0.3149465322494507,-0.0654260516166687,0.16371487081050873,0.46638211607933044,-0.132166787981987,0.15339289605617523,-0.12692435085773468,-0.13536877930164337,-0.06182132661342621,0.04263995587825775,0.5291485786437988,-0.11424452066421509,-0.3381926417350769,0.10547122359275818,0.2611836791038513,-0.8267895579338074,0.12529657781124115,0.505732536315918,-0.36030301451683044,0.09329476207494736,-0.45328861474990845,0.06787582486867905,0.5399907231330872,0.35812240839004517,0.24064801633358002,-0.3849286735057831,-0.12186819314956665,-0.037376876920461655,0.15408945083618164,0.022120246663689613,-0.25169771909713745,-0.3701503276824951,-0.2152763158082962,-0.09603197872638702,-0.2858554422855377,0.01568913646042347,-0.2757013738155365,0.02417759969830513,-0.17363199591636658,-0.048867907375097275,-0.03787774592638016,-0.2713070511817932,-0.29485565423965454,-0.13742318749427795,-0.12146645039319992,-0.18162213265895844,-0.2331334352493286,-0.35424381494522095,0.5111905336380005,-0.25955116748809814,-0.272596150636673,0.024998243898153305,0.4134286344051361,0.543247640132904,0.26074033975601196,-0.03436686471104622,0.12973473966121674
575.0,0.13957267999649048,0.02960650809109211,-0.5080121159553528,0.04719408601522446,-0.05701683089137077,-0.20872807502746582,-0.45074132084846497,0.06487883627414703,-0.3169810473918915,0.15423499047756195,0.1836911290884018,-0.1411880999803543,-0.014944903552532196,0.02837880700826645,0.05229510739445686,-0.19451534748077393,0.06817209720611572,0.1459687054157257,-0.24750083684921265,-0.3656095266342163,-0.11405711621046066,0.11891025304794312,-0.33341607451438904,0.3581453561782837,0.2975398004055023,-0.13795720040798187,-0.058913394808769226,-0.4994538724422455,0.17125754058361053,0.09612053632736206,0.5536676049232483,0.22636638581752777,-0.3512692153453827,-0.1654830127954483,-0.07975799590349197,0.37972795963287354,0.04584592208266258,0.1396184265613556,-0.2905314266681671,-0.06096682697534561,0.14677904546260834,-0.48467934131622314,0.19790828227996826,-0.19312992691993713,-0.01891547068953514,-0.1333116739988327,0.003654344007372856,0.1553591638803482,0.2514565587043762,-0.232391357421875,0.3037160634994507,0.09292308986186981,-0.049016840755939484,-0.2089930772781372,-0.29040318727493286,0.5157791972160339,-0.6166759133338928,0.12929582595825195,-0.23794466257095337,-0.18341082334518433,0.16949276626110077,0.23605568706989288,0.3987063765525818,-0.21769948303699493
576.0,0.004624638706445694,-0.199950709939003,-0.4596872329711914,0.05414911359548569,-0.07028502225875854,-0.2224254161119461,-0.8072496652603149,-0.13613936305046082,-0.5484223365783691,0.10355427861213684,0.27081117033958435,-0.3633885383605957,-0.019505642354488373,-0.08683382719755173,-0.0412236787378788,-0.09098931401968002,0.037122901529073715,0.3095692992210388,-0.27434709668159485,-0.379354327917099,-0.24315497279167175,0.3026510775089264,-0.5383641123771667,0.2840191721916199,0.4242229461669922,-0.13866353034973145,-0.3221834897994995,-0.6805114150047302,0.16534116864204407,0.19572560489177704,0.7123957276344299,0.40384986996650696,-0.3983052670955658,-0.2343635857105255,0.025324992835521698,0.5812221169471741,0.17538511753082275,0.10026218742132187,-0.34856781363487244,-0.13037459552288055,0.06494919955730438,-0.638741135597229,0.06560627371072769,-0.30736759305000305,-0.0025134412571787834,-0.1729494035243988,0.0646110400557518,0.06426212191581726,0.1996612846851349,-0.40106943249702454,0.1008405014872551,0.06783095747232437,-0.19965289533138275,-0.3711702823638916,-0.19235780835151672,0.7188888788223267,-0.7661718130111694,0.05644499510526657,-0.24278506636619568,0.04664154350757599,0.41249319911003113,0.32557955384254456,0.4139730930328369,-0.13647955656051636
577.0,0.048146579414606094,-0.10289516299962997,-0.5001732707023621,0.18552924692630768,0.008122374303638935,-0.25911667943000793,-0.5735580921173096,-0.05587209016084671,-0.4700811207294464,0.2180897742509842,0.09593719244003296,-0.25590673089027405,-0.08851902931928635,0.020232347771525383,0.0020842980593442917,-0.1881294548511505,0.020500382408499718,0.25243332982063293,-0.2960168123245239,-0.30587852001190186,-0.13496838510036469,0.12421174347400665,-0.43143367767333984,0.38411012291908264,0.2696487307548523,-0.20425966382026672,-0.07467187196016312,-0.5054254531860352,0.2770020365715027,-0.025400275364518166,0.5906403064727783,0.2863493859767914,-0.3233470618724823,-0.1895446479320526,-0.017421778291463852,0.28597307205200195,0.11117815971374512,0.18135924637317657,-0.236100971698761,-0.009899785742163658,0.08436949551105499,-0.4388885498046875,0.16230763494968414,-0.2149854302406311,0.06851553916931152,-0.13976126909255981,0.11304020881652832,0.14973752200603485,0.16752536594867706,-0.34077125787734985,0.2938413918018341,0.07627705484628677,-0.12247882038354874,-0.27209794521331787,-0.1980881243944168,0.6262546181678772,-0.5646367073059082,-0.0007089279824867845,-0.20881976187229156,-0.008635198697447777,0.23142418265342712,0.28868168592453003,0.3029695749282837,-0.12795110046863556
578.0,-0.13110198080539703,0.15755027532577515,-0.45475971698760986,-0.14936847984790802,0.03000824525952339,-0.2841240167617798,-0.3562227785587311,-0.04135214164853096,0.05836266279220581,0.44605764746665955,0.6279454827308655,-0.014870581217110157,0.273337721824646,0.21324901282787323,0.09978578984737396,-0.2942434251308441,0.14727328717708588,0.32990217208862305,-0.21589355170726776,-0.26131609082221985,-0.05043864995241165,0.03520360589027405,-0.8072259426116943,0.38773033022880554,0.36617764830589294,-0.2932868003845215,0.2382963001728058,-0.39495426416397095,-0.0038612792268395424,0.4226960241794586,0.3066016435623169,0.07952742278575897,-0.40980830788612366,-0.24689719080924988,-0.06981869041919708,0.2388611137866974,-0.08040569722652435,-0.22116120159626007,-0.2662455439567566,-0.24279280006885529,0.01633429527282715,-0.19019438326358795,0.11624733358621597,-0.38110655546188354,0.0359952375292778,-0.3728080987930298,-0.30988651514053345,0.016926655545830727,-0.20843695104122162,-0.17130382359027863,0.09406859427690506,-0.09927169978618622,-0.13513892889022827,-0.1325143426656723,-0.5503265857696533,0.32441002130508423,-0.2761383354663849,-0.19058391451835632,-0.08443544059991837,0.13559436798095703,0.28746089339256287,0.0906282439827919,0.1231575533747673,0.001003713347017765
579.0,0.05417475476861,-0.1783633828163147,-0.45700785517692566,0.052097421139478683,-0.09674007445573807,-0.20497487485408783,-0.7095088958740234,-0.08538293093442917,-0.5406261086463928,0.11772795766592026,0.21770407259464264,-0.38227641582489014,-0.0498536117374897,-0.0637008398771286,-0.08199603110551834,-0.08653482794761658,0.02651183307170868,0.2069268524646759,-0.19415290653705597,-0.3990650177001953,-0.21847857534885406,0.29759299755096436,-0.41954901814460754,0.28810977935791016,0.37574177980422974,-0.016948115080595016,-0.28587666153907776,-0.5942375063896179,0.1334110051393509,0.24234698712825775,0.6904356479644775,0.3002599775791168,-0.28336912393569946,-0.22665353119373322,0.061526376754045486,0.585410475730896,0.19795821607112885,0.18417292833328247,-0.2992043197154999,-0.11232944577932358,0.11823656409978867,-0.5641469955444336,0.04441007971763611,-0.22790773212909698,0.027377594262361526,-0.14897622168064117,0.07103917747735977,0.13775192201137543,0.23362445831298828,-0.3917171061038971,0.11978145688772202,0.07279053330421448,-0.16587086021900177,-0.3687286078929901,-0.14242255687713623,0.5618840456008911,-0.7029348611831665,0.06892569363117218,-0.1968390792608261,-0.022869782522320747,0.2550847828388214,0.3131660521030426,0.4131089746952057,-0.13118070363998413
580.0,-0.09410235285758972,0.002828159835189581,-0.02657640539109707,0.18449698388576508,-0.1719866245985031,-0.18631328642368317,-0.6062389016151428,-0.04165301471948624,-0.4978173077106476,0.19205616414546967,-0.1526980996131897,-0.06728458404541016,-0.4603155255317688,0.18657270073890686,0.17899154126644135,-0.2988221347332001,0.18126925826072693,0.21126894652843475,-0.21907535195350647,0.17255663871765137,-0.3552487790584564,0.07323257625102997,-0.18427518010139465,-0.3444092869758606,0.3207002282142639,0.025767404586076736,0.08075255155563354,-0.2707328200340271,0.3323606550693512,-0.4397662580013275,0.013181799091398716,0.26724740862846375,-0.026413463056087494,-0.19912089407444,-0.03713411092758179,0.43509405851364136,0.06608566641807556,0.10654694586992264,-0.20905309915542603,-0.3314463198184967,-0.30508682131767273,0.4789241850376129,0.2216164618730545,-0.00046154181472957134,0.28991907835006714,-0.2651257812976837,-0.2392692118883133,-0.02435583993792534,0.03617703542113304,-0.030018450692296028,0.4236593544483185,-0.1247524842619896,-0.074195496737957,-0.046110719442367554,-0.4339017868041992,0.23453745245933533,-0.22746548056602478,-0.04221642017364502,0.2561589181423187,0.3831842243671417,-0.1427677869796753,0.19523663818836212,-0.0887891948223114,-0.15654006600379944
581.0,-0.04735264927148819,-0.09146826714277267,-0.04390207305550575,0.2275633066892624,-0.17350098490715027,-0.1376209557056427,-0.6087445020675659,-0.03528930991888046,-0.5393010377883911,0.1502930074930191,-0.25873714685440063,-0.08960183709859848,-0.5199158787727356,0.16105462610721588,0.11508428305387497,-0.29138001799583435,0.1517944037914276,0.23352427780628204,-0.20640495419502258,0.19309307634830475,-0.29777368903160095,0.08423323929309845,-0.06516942381858826,-0.3411891758441925,0.31202325224876404,-0.00491517037153244,0.04344908520579338,-0.2240164875984192,0.3956751227378845,-0.6495150923728943,0.042782265692949295,0.26233014464378357,0.015143029391765594,-0.1986088752746582,-0.05151200667023659,0.4196799695491791,0.07294860482215881,0.1654549241065979,-0.2219645082950592,-0.26471447944641113,-0.3043934404850006,0.44071000814437866,0.2543489634990692,-0.04896588623523712,0.27228546142578125,-0.18439321219921112,-0.19327807426452637,-0.03842055797576904,0.12469567358493805,-0.0684584453701973,0.43501681089401245,-0.11778437346220016,-0.053693946450948715,-0.03090464137494564,-0.39864659309387207,0.2820448875427246,-0.203062042593956,-0.007592580746859312,0.23590512573719025,0.3645557761192322,-0.22764167189598083,0.2271609604358673,-0.08553718775510788,-0.13439036905765533
582.0,-0.009714382700622082,0.05938887596130371,-0.04702354595065117,0.20277909934520721,-0.30400505661964417,-0.1418723613023758,-0.7366785407066345,-0.04606688395142555,-0.5622945427894592,0.20677772164344788,-0.08026882261037827,-0.26982972025871277,-0.41717109084129333,0.16770000755786896,0.15396597981452942,-0.3846081495285034,0.12031823396682739,0.16078820824623108,-0.16221986711025238,0.10912801325321198,-0.5114953517913818,0.1310930848121643,-0.3281373083591461,-0.2798912823200226,0.3149746060371399,0.07561566680669785,0.06981195509433746,-0.2993195652961731,0.40666690468788147,-0.3434845805168152,0.086097352206707,0.18079055845737457,0.10809402912855148,-0.1206057146191597,0.08673809468746185,0.4952419102191925,0.12642773985862732,0.277940034866333,-0.09426257014274597,-0.38274046778678894,-0.24506740272045135,0.46550968289375305,0.2613256871700287,-0.06310838460922241,0.2464519739151001,-0.2048293948173523,-0.32573139667510986,0.03331572189927101,0.08625875413417816,-0.05886254459619522,0.4680943191051483,-0.09291186928749084,-0.01006829272955656,-0.003749487455934286,-0.36516690254211426,0.18914107978343964,-0.4380331039428711,-0.06659643352031708,0.24164098501205444,0.38017210364341736,-0.16196927428245544,0.18261370062828064,-0.05336739122867584,-0.20235267281532288
583.0,-0.047018639743328094,0.003732417244464159,-0.0751202404499054,0.28524869680404663,-0.27481067180633545,-0.12927962839603424,-0.7296410202980042,-0.05214502662420273,-0.6601724028587341,0.23973478376865387,-0.17626449465751648,-0.22644616663455963,-0.5259147882461548,0.20631664991378784,0.11803674697875977,-0.4571177363395691,0.1426987498998642,0.1525469869375229,-0.16867229342460632,0.16448472440242767,-0.550389289855957,0.09781643748283386,-0.2009865939617157,-0.3405146300792694,0.24996325373649597,0.11058921366930008,0.06060996279120445,-0.23845423758029938,0.4676317870616913,-0.5166782736778259,0.027848761528730392,0.17634747922420502,0.2173336148262024,-0.1545141190290451,0.08549504727125168,0.48951175808906555,0.10676160454750061,0.27807891368865967,-0.08212834596633911,-0.3881467878818512,-0.2767547369003296,0.5710283517837524,0.30721232295036316,-0.053245171904563904,0.33806267380714417,-0.18865716457366943,-0.33189982175827026,0.0359574630856514,0.14643050730228424,-0.07124583423137665,0.4997106194496155,-0.07573001086711884,-0.015195835381746292,-0.013327798806130886,-0.3537009060382843,0.11904037743806839,-0.3593771457672119,-0.047593917697668076,0.27464836835861206,0.4203586280345917,-0.2934199869632721,0.2209533452987671,-0.11111244559288025,-0.2095625102519989
584.0,-0.34289970993995667,0.13813422620296478,-0.17338593304157257,-0.008035184815526009,-0.24956528842449188,-0.056735094636678696,-0.6356675624847412,0.04710965231060982,-0.1679678112268448,0.3754682242870331,0.33161985874176025,-0.15131919085979462,-0.21421964466571808,0.22001993656158447,0.1384451985359192,-0.4513465464115143,0.3246152997016907,0.30451613664627075,0.07530655711889267,0.17827966809272766,-0.24662593007087708,0.2760923206806183,-0.5638898611068726,-0.17136310040950775,0.34870877861976624,-0.11184600740671158,-0.06705161929130554,-0.09659072756767273,0.07694601267576218,-0.055034440010786057,0.041907522827386856,0.07757961750030518,-0.1502918004989624,-0.07527627050876617,0.13628709316253662,0.32785049080848694,0.07707400619983673,-0.17726823687553406,-0.2906545102596283,-0.43735983967781067,-0.1937694549560547,0.4878714680671692,0.2645677328109741,-0.22917446494102478,0.404228150844574,-0.36728376150131226,-0.37593668699264526,-0.11616900563240051,-0.0946911871433258,-0.027141695842146873,0.25209173560142517,-0.21433158218860626,-0.03272300958633423,0.014348789118230343,-0.5314562320709229,0.04197608307003975,-0.13471373915672302,-0.258698433637619,0.22451218962669373,0.6042154431343079,-0.12065137922763824,-0.052656568586826324,-0.30344462394714355,-0.11642083525657654
585.0,-0.11553482711315155,-0.2075052559375763,-0.537122368812561,0.13783229887485504,0.020679788663983345,-0.18555331230163574,-0.6089199781417847,-0.15385587513446808,-0.5425785183906555,0.1888149082660675,0.232248455286026,-0.24603086709976196,-0.09709636867046356,-0.059766583144664764,-0.16929946839809418,-0.19203519821166992,0.051207512617111206,0.26878198981285095,-0.23704971373081207,-0.3316887617111206,-0.22888632118701935,0.20601975917816162,-0.3897380530834198,0.3367864191532135,0.29702094197273254,-0.06679720431566238,-0.30845963954925537,-0.5206611752510071,0.1273801475763321,0.17400193214416504,0.620407223701477,0.22084800899028778,-0.2769007980823517,-0.28973159193992615,0.07753413915634155,0.4376165568828583,0.13149569928646088,0.00816213060170412,-0.2137378305196762,-0.009006988257169724,0.06752854585647583,-0.47208261489868164,0.06649171561002731,-0.27727171778678894,0.1506849229335785,-0.2095245122909546,0.1154467910528183,0.0978681668639183,0.20572322607040405,-0.4537891745567322,0.05519787222146988,0.03826472535729408,-0.2457197606563568,-0.4328606426715851,-0.09238430857658386,0.4039101302623749,-0.4045938551425934,0.014340606518089771,-0.23305991291999817,0.1117788702249527,0.1890178769826889,0.3583390712738037,0.3298546373844147,-0.13757817447185516
586.0,-0.41442304849624634,-0.03711565583944321,-0.30096182227134705,0.012139204889535904,0.07098665088415146,-0.26867759227752686,-0.5765368938446045,-0.28096693754196167,-0.10985387861728668,0.450663685798645,0.7322258949279785,-0.13538511097431183,0.31067898869514465,0.08469516783952713,0.04291471466422081,-0.22712469100952148,0.10595638304948807,0.5273253321647644,-0.30043089389801025,-0.2834015190601349,-0.25143519043922424,0.14691217243671417,-1.0742887258529663,0.25376251339912415,0.45276564359664917,-0.2896920144557953,0.04553284868597984,-0.4937455654144287,0.030540896579623222,0.4789484441280365,0.30084750056266785,0.25173264741897583,-0.44004902243614197,-0.30885517597198486,0.05548713728785515,0.2733283042907715,0.019762162119150162,-0.3908703923225403,-0.12343092262744904,-0.25408026576042175,-0.04264724254608154,-0.2974657714366913,0.011054069735109806,-0.3346506953239441,0.12631772458553314,-0.4532046616077423,-0.21413829922676086,-0.08564256131649017,-0.3998759090900421,-0.3680970370769501,-0.1701282560825348,-0.09139780700206757,-0.33184874057769775,-0.3520175814628601,-0.41455015540122986,0.44774129986763,-0.29506856203079224,-0.3220821022987366,-0.02961834892630577,0.5040870308876038,0.5554596781730652,0.1327195018529892,-0.01283711101859808,-0.042891912162303925
587.0,-0.12861135601997375,-0.364677369594574,-0.5008736252784729,0.060900866985321045,0.0516979806125164,-0.2643583416938782,-0.477224737405777,-0.09115558117628098,-0.5615190863609314,0.25341692566871643,0.24720975756645203,-0.1622200459241867,-0.17729726433753967,-0.09768791496753693,-0.1424550861120224,-0.0962144285440445,0.11778580397367477,0.36725562810897827,-0.2455386072397232,-0.39541399478912354,-0.07157699763774872,0.2525904178619385,-0.2727944850921631,0.202504500746727,0.5052762627601624,0.003052700078114867,-0.2680504620075226,-0.48573875427246094,0.04848629608750343,0.2013094574213028,0.6363675594329834,0.3007623851299286,-0.40662896633148193,-0.30194705724716187,-0.029297804459929466,0.5811359882354736,0.19396987557411194,-0.04088951274752617,-0.2691563367843628,-0.008755031041800976,0.10396987199783325,-0.4033820927143097,-0.0029686156194657087,-0.1494637131690979,0.16786400973796844,-0.2560665011405945,0.22337394952774048,0.11847542971372604,0.11117640137672424,-0.40150412917137146,0.08442371338605881,0.003991291392594576,-0.36110416054725647,-0.455160915851593,-0.18879446387290955,0.49093762040138245,-0.33373987674713135,-0.0715755820274353,-0.11999499052762985,0.07782461494207382,0.13427414000034332,0.4174724519252777,0.3269501030445099,-0.1226450651884079
588.0,-0.029085522517561913,-0.23281604051589966,-0.5686280727386475,0.0844745859503746,-0.05365432798862457,-0.22750842571258545,-0.6870366930961609,-0.15334339439868927,-0.581574559211731,0.19528916478157043,0.3124316930770874,-0.3429774343967438,-0.05201752111315727,-0.07570943236351013,-0.14935073256492615,-0.1812433898448944,0.07382585853338242,0.29913222789764404,-0.2081495225429535,-0.38728731870651245,-0.18987411260604858,0.3296706974506378,-0.5246923565864563,0.3840799629688263,0.38640913367271423,-0.08121908456087112,-0.29813718795776367,-0.5863581895828247,0.1167706698179245,0.30893057584762573,0.7540329098701477,0.2616274356842041,-0.33456265926361084,-0.2389361560344696,0.11624787002801895,0.5384655594825745,0.15412336587905884,0.06695016473531723,-0.31019511818885803,-0.06577267497777939,0.09503770619630814,-0.5494796633720398,0.07400381565093994,-0.3424989879131317,0.10985963046550751,-0.18960796296596527,0.0829487293958664,0.10541027784347534,0.19765299558639526,-0.44176268577575684,0.033957287669181824,0.05560363456606865,-0.2261074334383011,-0.39797115325927734,-0.1411421000957489,0.5534084439277649,-0.576717734336853,0.023281170055270195,-0.2511020004749298,0.11122105270624161,0.28219151496887207,0.35188809037208557,0.3892415463924408,-0.0951550081372261
589.0,-0.07237090170383453,-0.23001214861869812,-0.4441845118999481,0.1141056939959526,0.032539356499910355,-0.14217519760131836,-0.5594052672386169,-0.12158681452274323,-0.4454032778739929,0.1535489559173584,0.14345601201057434,-0.16370469331741333,-0.10917578637599945,-0.03198462352156639,-0.13552644848823547,-0.13096758723258972,0.0206285547465086,0.2764984369277954,-0.2469162791967392,-0.2682257294654846,-0.1834060400724411,0.15385523438453674,-0.3507657051086426,0.2616700530052185,0.286347359418869,-0.17185580730438232,-0.2502645254135132,-0.47433042526245117,0.13673871755599976,0.07044410705566406,0.4936591386795044,0.23674237728118896,-0.2822958827018738,-0.2435024231672287,-0.0069109052419662476,0.3546122908592224,0.0967816710472107,-0.020656969398260117,-0.24306939542293549,-0.031792063266038895,0.012793449684977531,-0.4530605375766754,0.11259161680936813,-0.2842201292514801,0.046457186341285706,-0.1254589855670929,0.11837634444236755,0.07678822427988052,0.16928307712078094,-0.4028989374637604,0.022928012534976006,0.04095529019832611,-0.14128810167312622,-0.32632675766944885,-0.1581336110830307,0.4687005579471588,-0.3640143871307373,0.07754836976528168,-0.19571934640407562,0.07411136478185654,0.25290971994400024,0.32941943407058716,0.3021308481693268,-0.0688321590423584
590.0,-0.05062452331185341,-0.4213838577270508,-0.5096776485443115,0.04619316756725311,0.020883606746792793,-0.39583542943000793,-0.5594702959060669,-0.10621307790279388,-0.6314142942428589,0.19673913717269897,0.25320157408714294,-0.1539212018251419,-0.19551056623458862,-0.13248251378536224,-0.07684405148029327,-0.05171269178390503,0.20110255479812622,0.3984810411930084,-0.18342402577400208,-0.32298165559768677,0.08772334456443787,0.3671703040599823,-0.1295590102672577,0.164033904671669,0.551144003868103,0.03408459573984146,-0.3391268253326416,-0.5472489595413208,0.00021254702005535364,-0.0035579821560531855,0.731968343257904,0.4773562550544739,-0.5028828382492065,-0.4100143015384674,0.022301143035292625,0.7353416681289673,0.17520757019519806,-0.04184815660119057,-0.506364107131958,0.0016748362686485052,0.12626256048679352,-0.536563515663147,-0.06823833286762238,-0.16798581182956696,0.2465888410806656,-0.33457931876182556,0.10266648977994919,-0.012770877219736576,0.21359214186668396,-0.2670336365699768,0.08363752067089081,-0.005764196161180735,-0.4743218421936035,-0.5189604163169861,-0.2552558481693268,0.669215738773346,-0.4245678782463074,0.014556029811501503,-0.10930178314447403,0.1405000537633896,0.042567748576402664,0.3997671604156494,0.4356478452682495,-0.09178551286458969
591.0,0.03580517694354057,-0.23478089272975922,-0.4063398838043213,0.10978543758392334,-0.09170816093683243,-0.16981002688407898,-0.6925018429756165,-0.11185379326343536,-0.5384107828140259,0.03933761641383171,0.20724791288375854,-0.3619132339954376,-0.06426709145307541,-0.12465163320302963,-0.11796257644891739,-0.10704761743545532,0.019187599420547485,0.2595762312412262,-0.18432071805000305,-0.3375350832939148,-0.191874161362648,0.30750054121017456,-0.32226404547691345,0.18570801615715027,0.37808582186698914,0.007475942373275757,-0.3409632444381714,-0.5415345430374146,0.1450836956501007,0.028651466593146324,0.6457875370979309,0.3544483780860901,-0.21738432347774506,-0.25542131066322327,0.08680564165115356,0.5671741962432861,0.16713017225265503,0.15224766731262207,-0.27949273586273193,-0.06275352835655212,0.09587979316711426,-0.5795071125030518,0.04423364996910095,-0.23754672706127167,0.08873752504587173,-0.14135898649692535,0.0034820421133190393,0.0421474315226078,0.25735536217689514,-0.3513619005680084,0.08271324634552002,0.05144024267792702,-0.18948951363563538,-0.364959180355072,-0.11865098029375076,0.5653157830238342,-0.6384811401367188,0.07835064083337784,-0.17032335698604584,0.07430121302604675,0.1839420348405838,0.3006260097026825,0.3736800253391266,-0.14064821600914001
592.0,-0.0051511116325855255,-0.3309444189071655,-0.30219385027885437,0.0057693785056471825,0.06150541454553604,0.041789744049310684,-0.6200275421142578,-0.1459864228963852,-0.4242308735847473,-0.00020182516891509295,0.0922217071056366,-0.26564526557922363,-0.1350088268518448,-0.15430280566215515,-0.2699023485183716,-0.15327580273151398,0.006036495789885521,0.2967064380645752,-0.08510977774858475,-0.2792930006980896,0.07994437962770462,0.2198060005903244,-0.012688977643847466,-0.02748597227036953,0.19545379281044006,-0.10080049186944962,-0.20350517332553864,-0.29238271713256836,0.31945931911468506,-0.2259780913591385,0.4812481105327606,0.24161577224731445,-0.03355292230844498,-0.21302901208400726,-0.07417619973421097,0.3588227927684784,0.16809169948101044,0.21791459619998932,-0.39398813247680664,-0.04929017275571823,0.08806521445512772,-0.5503799915313721,0.14482125639915466,-0.22958528995513916,0.0756855458021164,0.0634278953075409,-0.06332489848136902,0.06034191697835922,0.417673796415329,-0.13465972244739532,0.1502489447593689,0.07100681215524673,-0.017933087423443794,-0.18154437839984894,-0.15482665598392487,0.4920758306980133,-0.5615026354789734,0.07873073220252991,-0.06313545256853104,0.07873877137899399,0.05468595400452614,0.4501539170742035,0.29741594195365906,0.018112070858478546
593.0,-0.32202672958374023,0.0871771052479744,-0.188893124461174,-0.20381580293178558,0.05090271309018135,-0.2834424674510956,-0.6192126870155334,-0.183288112282753,0.114764004945755,0.3580392301082611,0.6783974170684814,-0.23495100438594818,0.41098690032958984,0.07555977255105972,0.09842593222856522,-0.001987854251638055,0.13452395796775818,0.46281713247299194,-0.09987536072731018,-0.187398299574852,0.01324511133134365,0.08277849853038788,-0.8331427574157715,0.13805727660655975,0.22919225692749023,-0.2559700906276703,0.13293121755123138,-0.38555023074150085,0.03981959447264671,0.2546537518501282,0.4021025598049164,0.28472471237182617,-0.394644170999527,-0.4193161725997925,-0.0413689948618412,0.28616219758987427,0.15507455170154572,-0.11474156379699707,-0.22274886071681976,-0.2976602017879486,0.10489126294851303,-0.6295573711395264,-0.027909191325306892,-0.20387807488441467,0.11189840734004974,-0.32708677649497986,-0.3931407034397125,-0.0834117904305458,-0.3078904151916504,-0.12524475157260895,-0.0016511320136487484,-0.09903670102357864,-0.15827332437038422,-0.25291383266448975,-0.5910770893096924,0.5507999062538147,-0.524939775466919,-0.40685683488845825,0.06319870054721832,0.2976224422454834,0.45516642928123474,0.013743913732469082,0.01689368113875389,-0.006623433902859688
594.0,0.06489235907793045,-0.2703568935394287,-0.40202173590660095,0.069546177983284,-0.10351361334323883,-0.16001667082309723,-0.7171248197555542,-0.07378619909286499,-0.5275276303291321,0.0821075290441513,0.18470215797424316,-0.34712907671928406,-0.11027131229639053,-0.09311778843402863,-0.07526598870754242,-0.10188382863998413,-0.006006038282066584,0.26047903299331665,-0.19414697587490082,-0.35771358013153076,-0.22734834253787994,0.3061560392379761,-0.2957521080970764,0.14327147603034973,0.4382869005203247,-0.01362599153071642,-0.29136866331100464,-0.537855327129364,0.1980181336402893,0.03683716058731079,0.603972852230072,0.3357766568660736,-0.2032909095287323,-0.22715996205806732,0.01714755780994892,0.6414236426353455,0.19152387976646423,0.21206746995449066,-0.2544901371002197,-0.1261587291955948,0.08846452087163925,-0.5042932629585266,0.05966716632246971,-0.21280333399772644,0.03843247517943382,-0.10318515449762344,0.020872002467513084,0.1015995442867279,0.2536529302597046,-0.34575703740119934,0.12883037328720093,0.07872220128774643,-0.1535707265138626,-0.309611976146698,-0.16864892840385437,0.5890345573425293,-0.6697267293930054,0.07497362047433853,-0.14386619627475739,0.03485216200351715,0.22323977947235107,0.33709561824798584,0.36280614137649536,-0.11631489545106888
595.0,0.15313772857189178,-0.25030380487442017,-0.3836541473865509,0.08827652782201767,-0.1806013584136963,-0.28270968794822693,-0.6570200324058533,-0.16562722623348236,-0.46575605869293213,-0.0316879041492939,0.03867886960506439,-0.260865718126297,-0.20329438149929047,-0.19907315075397491,-0.1822638213634491,-0.09516950696706772,0.12460653483867645,0.18895389139652252,0.0024645389057695866,-0.14383624494075775,0.1105046346783638,0.4100828766822815,-0.17672917246818542,0.1978539377450943,0.31745651364326477,-0.052699171006679535,-0.18183204531669617,-0.5086148977279663,-0.0204545296728611,-0.2691550850868225,0.5873479247093201,0.23155051469802856,-0.2891831398010254,-0.22283414006233215,0.2573002874851227,0.440158486366272,-0.006576310843229294,0.14082381129264832,-0.5007699728012085,0.0011717440793290734,-0.0642794743180275,-0.5006316900253296,0.0299982912838459,-0.48320266604423523,0.06692928820848465,-0.07480131089687347,-0.1550949364900589,-0.20330201089382172,0.34022748470306396,-0.1613025814294815,-0.0037116031162440777,-0.030427977442741394,-0.12581676244735718,-0.20477749407291412,-0.16955523192882538,0.47263410687446594,-0.46236881613731384,0.2502320110797882,-0.21224626898765564,0.09912285953760147,-0.0484730489552021,0.10079741477966309,0.3847532272338867,0.09788233041763306
596.0,0.09319435805082321,-0.11498118191957474,-0.5231851935386658,0.06543672829866409,-0.18395139276981354,-0.4429982900619507,-0.7719525694847107,-0.20969946682453156,-0.5877400040626526,0.008002713322639465,0.24744074046611786,-0.33675530552864075,-0.05898809805512428,-0.10156232863664627,-0.09614669531583786,-0.15083365142345428,0.24000634253025055,0.13954612612724304,0.005359879694879055,-0.08991727232933044,0.07662584632635117,0.483044296503067,-0.2543676793575287,0.3032756447792053,0.19088026881217957,0.013295592740178108,-0.42100784182548523,-0.5522229075431824,-0.07104634493589401,-0.18927057087421417,0.7480703592300415,0.35805267095565796,-0.33315885066986084,-0.39821910858154297,0.35347968339920044,0.5727124214172363,0.015382536686956882,0.1585291624069214,-0.6975833773612976,-0.04212135821580887,0.03554433584213257,-0.6589691042900085,-0.07573224604129791,-0.48254844546318054,0.2938075065612793,-0.2753632664680481,-0.2719625234603882,-0.2412610948085785,0.41157764196395874,-0.09838294982910156,0.029236778616905212,-0.07644811272621155,-0.23928236961364746,-0.35820096731185913,-0.17640119791030884,0.49596819281578064,-0.5901870131492615,0.24181585013866425,-0.23389551043510437,0.1929035633802414,-0.097294382750988,0.08352036774158478,0.509406566619873,0.04645594581961632
597.0,0.09441602230072021,-0.26107245683670044,-0.38169777393341064,0.10011964291334152,-0.1104530468583107,-0.18878956139087677,-0.5896481871604919,-0.1327138990163803,-0.43288663029670715,-0.007503377739340067,0.11398786306381226,-0.23586836457252502,-0.07626716047525406,-0.10975886881351471,-0.13515374064445496,-0.1489824652671814,0.14690962433815002,0.19598302245140076,0.019500669091939926,-0.009541619569063187,0.13723626732826233,0.36694759130477905,0.0451667346060276,0.07950308173894882,0.13706253468990326,-0.02810782939195633,-0.3865095376968384,-0.2984519898891449,0.045046366751194,-0.5112055540084839,0.5089524388313293,0.3045382499694824,-0.1290760636329651,-0.289279967546463,0.17310607433319092,0.46997570991516113,0.034254856407642365,0.14345695078372955,-0.5040839314460754,-0.0013392551336437464,0.06084313616156578,-0.516632616519928,0.0005959927220828831,-0.42518460750579834,0.22220973670482635,-0.09208410978317261,-0.2849421799182892,-0.22190135717391968,0.41898030042648315,-0.010184583254158497,0.03347122669219971,-0.02811618335545063,-0.12140379846096039,-0.1908848136663437,-0.16605143249034882,0.44498777389526367,-0.38531193137168884,0.2066928595304489,-0.12993469834327698,0.19923360645771027,-0.20640972256660461,0.13806676864624023,0.31648093461990356,0.06737004220485687
598.0,-0.15069550275802612,-9.038345888257027e-05,-0.17390455305576324,0.06681687384843826,-0.00016657228115946054,-0.16081245243549347,-0.6812195181846619,-0.32578444480895996,0.017802324146032333,0.11849464476108551,0.5625393986701965,-0.15290500223636627,0.3256226181983948,-0.09430605173110962,0.06056518480181694,-0.21873967349529266,0.139558807015419,0.41422751545906067,-0.05245281010866165,-0.034228891134262085,0.0815698578953743,0.3132471442222595,-0.7254691123962402,0.12615887820720673,0.13289330899715424,-0.40004727244377136,-0.0967426523566246,-0.377126008272171,0.0005022254772484303,-0.20800592005252838,0.2635069191455841,0.3062717616558075,-0.27203619480133057,-0.20766040682792664,0.24375183880329132,-0.08589193224906921,-0.10751231759786606,-0.2851400673389435,-0.350331574678421,-0.17789381742477417,-0.0431673638522625,-0.5794795751571655,0.04659312218427658,-0.5461291074752808,0.13147522509098053,-0.26406821608543396,-0.4984521269798279,-0.42375946044921875,-0.08512185513973236,0.004620972089469433,-0.18898026645183563,-0.094710573554039,-0.15240532159805298,-0.09429775178432465,-0.2992127537727356,0.5242757201194763,-0.4153372049331665,-0.0065255179069936275,-0.1314885914325714,0.5392630696296692,0.3261897563934326,-0.13591334223747253,0.06958752870559692,0.08209183067083359
599.0,0.0786256268620491,-0.1498902291059494,-0.5780105590820312,0.08808933943510056,-0.2133151888847351,-0.39759954810142517,-0.8207865953445435,-0.164512038230896,-0.6766349673271179,0.046045515686273575,0.22380748391151428,-0.42658036947250366,-0.12197024375200272,-0.10381131619215012,-0.13912002742290497,-0.20685850083827972,0.1923355609178543,0.1531326174736023,-0.02088029496371746,-0.1793488711118698,-0.020905232056975365,0.4666903018951416,-0.28065910935401917,0.29495078325271606,0.26100486516952515,0.058443184942007065,-0.3787764310836792,-0.5888573527336121,0.023752009496092796,-0.08924642950296402,0.79059237241745,0.3048713803291321,-0.27865490317344666,-0.37339067459106445,0.3209139108657837,0.6832337379455566,0.07696809619665146,0.23797667026519775,-0.6232161521911621,-0.07239142060279846,0.047439925372600555,-0.5548601150512695,-0.0467442087829113,-0.45325276255607605,0.26959294080734253,-0.24142012000083923,-0.20643211901187897,-0.12010300904512405,0.41756853461265564,-0.17353864014148712,0.10098619014024734,-0.06811995804309845,-0.2358553111553192,-0.3763539493083954,-0.17070512473583221,0.49852150678634644,-0.6651678681373596,0.14645415544509888,-0.21300919353961945,0.15007467567920685,-0.09319078922271729,0.19827252626419067,0.4866548478603363,0.00240426417440176
600.0,-0.12221665680408478,-0.32906419038772583,-0.6454169750213623,0.1935301125049591,0.003115244908258319,-0.2095176875591278,-0.5130882859230042,-0.15618188679218292,-0.6222994923591614,0.27272021770477295,0.18901430070400238,-0.22141753137111664,-0.21639631688594818,-0.027241991832852364,-0.30986398458480835,-0.31823644042015076,0.10019111633300781,0.2706824541091919,-0.14441785216331482,-0.25318998098373413,-0.1426585465669632,0.23627516627311707,-0.25151947140693665,0.38272592425346375,0.22953085601329803,-0.008321119472384453,-0.3265017867088318,-0.3584813177585602,0.09626279771327972,0.030985096469521523,0.6366922855377197,0.07689425349235535,-0.13771522045135498,-0.3023372292518616,0.15766826272010803,0.42687246203422546,0.10573036968708038,0.03650865703821182,-0.2048557996749878,0.047499269247055054,0.06517000496387482,-0.30672457814216614,0.08203655481338501,-0.39061808586120605,0.2732546329498291,-0.18175913393497467,0.07696260511875153,0.07284793257713318,0.2622132897377014,-0.4350557327270508,0.043777648359537125,-0.012360887601971626,-0.2424982190132141,-0.3949430286884308,-0.06795064359903336,0.2395389825105667,-0.20903171598911285,-0.02311605215072632,-0.19177782535552979,0.17591942846775055,-0.10454325377941132,0.35258880257606506,0.2892686128616333,-0.0315873809158802
601.0,-0.16793811321258545,-0.2970419228076935,-0.7182736396789551,0.19618071615695953,0.012044418603181839,-0.2379172295331955,-0.42361631989479065,-0.12757623195648193,-0.671118438243866,0.3761451244354248,0.18098632991313934,-0.22702676057815552,-0.26423943042755127,0.009749935939908028,-0.37229180335998535,-0.3563220798969269,0.13967233896255493,0.2233419567346573,-0.10093691200017929,-0.24850091338157654,-0.13257811963558197,0.18898718059062958,-0.20412248373031616,0.4608387053012848,0.1480197310447693,0.047724299132823944,-0.28815892338752747,-0.29494282603263855,0.08740684390068054,0.12361263483762741,0.6262827515602112,-0.0199330672621727,-0.0838373526930809,-0.3169863522052765,0.18620525300502777,0.41991448402404785,0.13913796842098236,0.036722004413604736,-0.18999774754047394,0.08316090703010559,0.05334267392754555,-0.2111951857805252,0.08318851888179779,-0.38172245025634766,0.3503607511520386,-0.19567851722240448,0.11014274507761002,0.14033551514148712,0.2576458752155304,-0.4593331217765808,0.055925916880369186,-0.0033352086320519447,-0.2329990267753601,-0.4248049855232239,-0.04702237620949745,0.07505109161138535,-0.11406715214252472,-0.05344323068857193,-0.19799232482910156,0.14862924814224243,-0.17950011789798737,0.35740506649017334,0.2719627916812897,-0.015436925925314426
602.0,-0.16857735812664032,-0.3718191087245941,-0.709192156791687,0.2341083288192749,0.07837910950183868,-0.2032703012228012,-0.40448489785194397,-0.12265578657388687,-0.6219050288200378,0.3486134111881256,0.15289798378944397,-0.17163251340389252,-0.2166478931903839,-0.0013073711888864636,-0.34495458006858826,-0.36776286363601685,0.09135854989290237,0.25612881779670715,-0.10739865154027939,-0.2344101518392563,-0.07671364396810532,0.17327572405338287,-0.12446016073226929,0.40536385774612427,0.1369980126619339,0.018083471804857254,-0.31994134187698364,-0.23428982496261597,0.14124208688735962,-0.07025686651468277,0.5992369651794434,0.026303473860025406,-0.08729422092437744,-0.29118025302886963,0.13676004111766815,0.37220633029937744,0.09511840343475342,-0.010223375633358955,-0.18653735518455505,0.11376115679740906,0.11077769100666046,-0.2542051672935486,0.10823341459035873,-0.35633665323257446,0.3409653604030609,-0.15180552005767822,0.1093677282333374,0.1057795062661171,0.29393014311790466,-0.41212600469589233,0.04860910400748253,0.019392533227801323,-0.266140878200531,-0.402840793132782,-0.056156594306230545,0.15874584019184113,-0.08801392465829849,-0.01519512478262186,-0.18168939650058746,0.20327070355415344,-0.19248977303504944,0.40856555104255676,0.22696861624717712,0.003458648454397917
603.0,-0.36023199558258057,0.00463046133518219,-0.48711034655570984,0.2979663014411926,0.24474301934242249,-0.23451398313045502,-0.5132883191108704,-0.46098577976226807,-0.32380998134613037,0.3213808834552765,0.5650661587715149,0.05590881407260895,0.1957736760377884,-0.016628045588731766,-0.13926854729652405,-0.47646892070770264,0.13243883848190308,0.37090951204299927,-0.3432517349720001,-0.19302761554718018,-0.1981254667043686,0.0857580378651619,-0.8338077664375305,0.43579864501953125,0.07811050862073898,-0.3696378171443939,-0.07791823893785477,-0.49360617995262146,0.09376210719347,0.16631878912448883,0.2693577706813812,0.12951238453388214,-0.29485633969306946,-0.3062783181667328,0.1962176114320755,-0.144564688205719,-0.17887689173221588,-0.526422381401062,-0.186421200633049,0.009349953383207321,-0.07764504104852676,-0.2778644561767578,0.08124148845672607,-0.5118506550788879,0.22121894359588623,-0.42392483353614807,-0.18846110999584198,-0.19639763236045837,-0.09978523850440979,-0.3144952952861786,-0.2494203895330429,-0.08077403903007507,-0.41877591609954834,-0.34554624557495117,-0.06841227412223816,0.22630155086517334,-0.09114417433738708,-0.04463719576597214,-0.25793442130088806,0.5845933556556702,0.32193902134895325,0.25727707147598267,0.12274987995624542,-0.004945351276546717
604.0,-0.19598376750946045,-0.3530438244342804,-0.8338066935539246,0.18208688497543335,-0.011479713022708893,-0.25136569142341614,-0.5306347012519836,-0.1193917989730835,-0.834782600402832,0.43689531087875366,0.3309001922607422,-0.34002014994621277,-0.26484420895576477,-0.03478982672095299,-0.41677460074424744,-0.45550936460494995,0.1198539137840271,0.3146791160106659,-0.1389274001121521,-0.44883275032043457,-0.24082621932029724,0.2677331566810608,-0.3818049728870392,0.5161141753196716,0.3241143524646759,0.12117092311382294,-0.33296114206314087,-0.39710184931755066,0.10437078773975372,0.3271283507347107,0.8251166343688965,-0.03446533530950546,-0.1360549032688141,-0.30421435832977295,0.23610706627368927,0.5760581493377686,0.22887317836284637,0.0863448977470398,-0.11817694455385208,0.03497527539730072,0.14089776575565338,-0.27414220571517944,0.08993018418550491,-0.3706096112728119,0.3767637610435486,-0.26779431104660034,0.15950065851211548,0.23823152482509613,0.2878698706626892,-0.555121660232544,0.0943504348397255,0.0252014622092247,-0.3491303622722626,-0.5438608527183533,-0.05360977724194527,0.1280156821012497,-0.2764958441257477,-0.1477571725845337,-0.23540224134922028,0.1584373563528061,-0.13779321312904358,0.4719688594341278,0.342960000038147,-0.1014302596449852
605.0,0.013807524926960468,-0.09011474251747131,-0.47277840971946716,0.1596403419971466,-0.09212323278188705,-0.32043057680130005,-0.6117590069770813,-0.16749028861522675,-0.5562546849250793,0.023182839155197144,0.13694560527801514,-0.237028107047081,-0.08929464221000671,-0.08516103774309158,-0.10823822021484375,-0.16380266845226288,0.1386396586894989,0.10460777580738068,-0.10238922387361526,-0.17799003422260284,-0.11540450900793076,0.3071948289871216,-0.20031136274337769,0.31412506103515625,0.1754109114408493,0.06781397759914398,-0.36279088258743286,-0.4976368248462677,0.008445648476481438,-0.07380394637584686,0.6123276948928833,0.2670639753341675,-0.25773826241493225,-0.35631853342056274,0.23006205260753632,0.46928974986076355,0.016659576445817947,0.0797705128788948,-0.38054579496383667,0.0016183280386030674,0.06181258708238602,-0.4998110830783844,0.00651891715824604,-0.31478258967399597,0.24039068818092346,-0.2202286273241043,-0.0766260027885437,-0.07929905503988266,0.3201497793197632,-0.2461048662662506,0.04228968918323517,-0.019169332459568977,-0.24541065096855164,-0.3962089419364929,-0.03899707272648811,0.35295841097831726,-0.475542277097702,0.19415146112442017,-0.22441580891609192,0.13647902011871338,-0.05741940811276436,0.18150876462459564,0.4051235020160675,-0.09188826382160187
606.0,-0.07230444997549057,-0.13123148679733276,-0.4663889706134796,0.20375123620033264,0.010492023080587387,-0.2547582983970642,-0.5390238761901855,-0.17934443056583405,-0.4829440116882324,0.07349670678377151,0.11416778713464737,-0.10754694044589996,-0.10284054279327393,-0.026786217465996742,-0.12178758531808853,-0.167521670460701,0.12211018800735474,0.13472263514995575,-0.14276602864265442,-0.09255915135145187,-0.11563646048307419,0.19962327182292938,-0.19069820642471313,0.28340035676956177,0.08666914701461792,-0.0570412278175354,-0.348575234413147,-0.399152547121048,0.028362739831209183,-0.15854564309120178,0.49789994955062866,0.24133813381195068,-0.21249234676361084,-0.34319958090782166,0.14660514891147614,0.3398895561695099,-0.002338523045182228,-0.010289788246154785,-0.3340887129306793,0.0014258528826758265,-0.003034972120076418,-0.4511435031890869,0.04718954116106033,-0.3405672013759613,0.22260499000549316,-0.1935090571641922,-0.0640668049454689,-0.08386778086423874,0.2973732650279999,-0.2518240809440613,-0.0003609452396631241,-0.015837188810110092,-0.1875980645418167,-0.36280572414398193,-0.0844019278883934,0.2974041998386383,-0.30380427837371826,0.17999175190925598,-0.20583511888980865,0.17682614922523499,-0.007215548772364855,0.19989615678787231,0.3247368037700653,-0.05341380089521408
607.0,-0.22760359942913055,0.07068628072738647,-0.2045021504163742,0.13385853171348572,0.10369068384170532,-0.17972514033317566,-0.5665784478187561,-0.36369726061820984,-0.18139027059078217,0.10541011393070221,0.31666290760040283,0.020570963621139526,0.13580746948719025,0.023882269859313965,0.05763988569378853,-0.22149264812469482,0.18773525953292847,0.25831207633018494,-0.12686054408550262,0.1306566447019577,-0.026262186467647552,0.1502530872821808,-0.5160751342773438,0.12630967795848846,-0.024388466030359268,-0.33785536885261536,-0.17846664786338806,-0.3155263662338257,0.04126546531915665,-0.16505667567253113,0.1914224773645401,0.2738353908061981,-0.22122333943843842,-0.2458948940038681,0.09654155373573303,-0.08574137836694717,-0.12781599164009094,-0.30181416869163513,-0.43199431896209717,-0.1468118131160736,-0.15310584008693695,-0.239836186170578,0.03727676719427109,-0.37840625643730164,0.24792729318141937,-0.30054420232772827,-0.28182700276374817,-0.2935156226158142,-0.03652552515268326,-0.022963587194681168,-0.09591258317232132,-0.14521203935146332,-0.2005452811717987,-0.17438359558582306,-0.2032843381166458,0.32772326469421387,-0.13277260959148407,0.038430582731962204,-0.08876531571149826,0.5249437689781189,0.21088361740112305,0.0243166983127594,0.052692756056785583,0.08015339076519012
608.0,-0.05067554488778114,-0.1306353360414505,-0.43812400102615356,0.11253277957439423,-0.052032530307769775,-0.2515675723552704,-0.6124160289764404,-0.16542276740074158,-0.4973713457584381,0.07164991647005081,0.1108248308300972,-0.18567784130573273,-0.14856407046318054,-0.031070085242390633,-0.11867670714855194,-0.16548921167850494,0.14358477294445038,0.17561419308185577,-0.10745994746685028,-0.11155933886766434,-0.07703794538974762,0.25676730275154114,-0.24423737823963165,0.24932478368282318,0.16695941984653473,-0.0806284174323082,-0.30291298031806946,-0.44007375836372375,0.06909187138080597,-0.12462440133094788,0.5245612263679504,0.23515987396240234,-0.2522073984146118,-0.31215181946754456,0.13204051554203033,0.4109469950199127,0.03901589661836624,0.05850404128432274,-0.41088247299194336,-0.052632931619882584,-0.02251669019460678,-0.3990105092525482,0.05643155053257942,-0.3522365689277649,0.2041407823562622,-0.1826450228691101,-0.029890164732933044,-0.038599103689193726,0.2504194974899292,-0.23313386738300323,0.06999053806066513,-0.047355975955724716,-0.1776677668094635,-0.3178424537181854,-0.1517566293478012,0.3889853060245514,-0.3646682798862457,0.12332799285650253,-0.17508821189403534,0.14659957587718964,0.030439330264925957,0.18674761056900024,0.31479087471961975,-0.02444389835000038
609.0,0.03914196044206619,-0.17261457443237305,-0.5615787506103516,0.11845535039901733,-0.18066918849945068,-0.38406452536582947,-0.7922893762588501,-0.17933586239814758,-0.7156212329864502,0.0989287793636322,0.20199799537658691,-0.4081140160560608,-0.14301754534244537,-0.06960241496562958,-0.12606927752494812,-0.18911580741405487,0.17185808718204498,0.1967698186635971,-0.0982680693268776,-0.25257760286331177,-0.13650183379650116,0.42177271842956543,-0.3503545820713043,0.3012375235557556,0.33091649413108826,0.05152410641312599,-0.3633703887462616,-0.6101129055023193,0.07486511766910553,0.0007652324275113642,0.7986931204795837,0.31559717655181885,-0.28357115387916565,-0.364378422498703,0.25184524059295654,0.6735783219337463,0.12503491342067719,0.20876377820968628,-0.4848175644874573,-0.06465906649827957,0.04522326588630676,-0.5157525539398193,0.014769243076443672,-0.3542604148387909,0.25959038734436035,-0.250241756439209,-0.11395487934350967,-0.03800026699900627,0.3644220530986786,-0.2949775457382202,0.13301700353622437,-0.04089253768324852,-0.2759604752063751,-0.42998895049095154,-0.16402439773082733,0.495475172996521,-0.6346579790115356,0.13059954345226288,-0.22293314337730408,0.1361595243215561,-0.0285564586520195,0.25631341338157654,0.4693068265914917,-0.08500088006258011
610.0,-0.11911570280790329,0.04909421131014824,0.03903885558247566,0.3845354914665222,-0.25199002027511597,-0.16304796934127808,-0.5521821975708008,-0.25395655632019043,-0.44946613907814026,0.20139431953430176,-0.1238781213760376,0.03428429365158081,-0.48466092348098755,0.04675503075122833,0.057279329746961594,-0.48730605840682983,0.1339896023273468,0.2928231656551361,-0.25673866271972656,0.06226234510540962,-0.44956469535827637,0.07058168202638626,-0.6490864157676697,-0.2880963087081909,0.4919232428073883,-0.08403188735246658,0.36589333415031433,-0.5023622512817383,0.3675616383552551,-0.1582680493593216,0.0025153481401503086,0.23185190558433533,0.023803062736988068,-0.015129182487726212,0.178211510181427,0.20123392343521118,-0.16173173487186432,-0.03232395276427269,-0.01198025606572628,-0.382432222366333,-0.5094475746154785,0.7893929481506348,0.27854424715042114,-0.12589135766029358,0.21537290513515472,-0.26713353395462036,-0.36301764845848083,-0.05479878559708595,-0.0525798499584198,-0.22743640840053558,0.2369624376296997,-0.12278439849615097,-0.11699004471302032,0.04196294769644737,-0.43103525042533875,0.0649733766913414,-0.13905639946460724,-0.10951654613018036,0.2446441948413849,0.6460216641426086,-0.05642214044928551,0.18860723078250885,-0.2812788188457489,-0.13007499277591705
611.0,-0.08215999603271484,-0.2901819348335266,-0.22956670820713043,0.396168977022171,-0.19551366567611694,0.04366815835237503,-0.5515313148498535,-0.12212521582841873,-0.6655999422073364,0.31552228331565857,-0.20696403086185455,-0.19511720538139343,-0.6280158758163452,0.04151805490255356,-0.22405655682086945,-0.6287158131599426,0.05318751186132431,0.3191550374031067,-0.11777903884649277,-0.006377164740115404,-0.36405420303344727,0.1252056062221527,-0.14038591086864471,-0.21875204145908356,0.33021894097328186,0.028818370774388313,0.13811329007148743,-0.13629469275474548,0.5116618275642395,-0.546798050403595,0.07648542523384094,-0.06334510445594788,0.31441745162010193,-0.05332312732934952,0.13172072172164917,0.30275827646255493,0.09063589572906494,0.21319323778152466,0.08346737176179886,-0.16782405972480774,-0.24595044553279877,0.6422470211982727,0.3880305290222168,-0.22426284849643707,0.31351566314697266,-0.026545679196715355,-0.20929622650146484,0.050847895443439484,0.20492002367973328,-0.23154190182685852,0.36763960123062134,-0.08396255224943161,-0.06787258386611938,-0.004046388436108828,-0.22671398520469666,-0.01377800665795803,-0.06174033135175705,-0.15386077761650085,0.22597694396972656,0.5008252859115601,-0.4619252681732178,0.36844658851623535,-0.17859110236167908,-0.08124449104070663
612.0,-0.062497884035110474,-0.12976263463497162,-0.21915842592716217,0.3164638578891754,-0.2787403464317322,-0.1383935511112213,-0.6492536664009094,-0.1460573822259903,-0.6964860558509827,0.3466813564300537,-0.15276095271110535,-0.2464168518781662,-0.6371966004371643,0.07125655561685562,-0.13841846585273743,-0.5491061806678772,0.11774446070194244,0.23454497754573822,-0.1082211583852768,-0.015012355521321297,-0.43047550320625305,0.16388963162899017,-0.3457053601741791,-0.14618879556655884,0.38801196217536926,0.0802735760807991,0.22636198997497559,-0.29212087392807007,0.3956599831581116,-0.28046855330467224,0.16048981249332428,-0.04204839840531349,0.18650470674037933,-0.07107370346784592,0.23804883658885956,0.3891562223434448,0.10451590269804001,0.2343728095293045,0.023918714374303818,-0.24447272717952728,-0.32342448830604553,0.6540945172309875,0.32149526476860046,-0.2232123762369156,0.30118921399116516,-0.14179547131061554,-0.24187010526657104,0.04871497303247452,0.10749994218349457,-0.2214534431695938,0.3860816955566406,-0.08492853492498398,-0.09335603564977646,-0.0347868837416172,-0.28219863772392273,-0.03498265519738197,-0.18185873329639435,-0.13455680012702942,0.18365250527858734,0.4425351321697235,-0.35353490710258484,0.25143200159072876,-0.1014382466673851,-0.11148829013109207
613.0,-0.19894902408123016,-0.11628694832324982,-0.34778067469596863,0.40064528584480286,-0.07268278300762177,-0.08021535724401474,-0.5160378217697144,-0.07398803532123566,-0.7031095623970032,0.423849880695343,-0.24675264954566956,-0.07374054193496704,-0.6073591113090515,0.25756722688674927,-0.11982270330190659,-0.6226404905319214,0.1311948597431183,0.18429715931415558,-0.1968778520822525,0.14972630143165588,-0.46372514963150024,-0.031078346073627472,-0.0871952548623085,-0.08447449654340744,0.08773768693208694,0.038201842457056046,0.0444294810295105,-0.07689116150140762,0.5088409781455994,-0.5491117835044861,0.06078392267227173,-0.05511535331606865,0.2462664097547531,-0.20746393501758575,0.028071584179997444,0.2703837454319,0.07010055333375931,0.14662058651447296,-0.008714761584997177,-0.16564467549324036,-0.2578182518482208,0.665751576423645,0.4136330187320709,-0.16621160507202148,0.44060105085372925,-0.14858388900756836,-0.12312529236078262,0.12259433418512344,0.19575349986553192,-0.2273220270872116,0.46381881833076477,-0.09281831979751587,-0.060950834304094315,-0.10795077681541443,-0.25244998931884766,-0.09998027980327606,0.021475303918123245,-0.10468704998493195,0.18373136222362518,0.43724751472473145,-0.43836545944213867,0.39228683710098267,-0.16830606758594513,-0.12301456183195114
614.0,-0.15544864535331726,-0.14638303220272064,-0.25703462958335876,0.4314793348312378,-0.07412112504243851,-0.031154707074165344,-0.5103415846824646,-0.10717455297708511,-0.615617036819458,0.29283303022384644,-0.14799313247203827,-0.11327647417783737,-0.44987964630126953,0.15525662899017334,-0.07455794513225555,-0.5638264417648315,0.07546816021203995,0.1858929544687271,-0.16778583824634552,0.11909283697605133,-0.4106667637825012,0.024587880820035934,-0.04013974219560623,-0.18967360258102417,0.10487017780542374,0.07875819504261017,-0.07318542152643204,-0.07542411237955093,0.4634467363357544,-0.6368647217750549,0.04531557485461235,0.056533295661211014,0.301744282245636,-0.20723488926887512,0.0677088275551796,0.30091699957847595,0.046333979815244675,0.1299227923154831,0.043674271553754807,-0.14153572916984558,-0.14777611196041107,0.48603367805480957,0.3158356845378876,-0.1252041906118393,0.4166252315044403,-0.14442399144172668,-0.27911898493766785,0.0019953246228396893,0.23881550133228302,-0.16482460498809814,0.3577828109264374,-0.050404638051986694,-0.10461273044347763,-0.09776761382818222,-0.19224205613136292,-0.02899973839521408,-0.0671534538269043,-0.0714426189661026,0.1991194486618042,0.5030925869941711,-0.4398180842399597,0.33938926458358765,-0.14970938861370087,-0.1550532579421997
615.0,-0.035024505108594894,-0.2373048961162567,-0.3362133204936981,0.10302415490150452,-0.06469275802373886,-0.2681151032447815,-0.5103071928024292,-0.09149899333715439,-0.6017954349517822,-0.04831865802407265,0.18146906793117523,-0.21703054010868073,-0.22403287887573242,-0.22954927384853363,-0.1292186677455902,-0.15245525538921356,0.1851310282945633,0.2771270275115967,-0.12995083630084991,-0.32436463236808777,0.055122148245573044,0.3821994662284851,0.014269058592617512,-0.006026934366673231,0.42564526200294495,0.19716249406337738,-0.2897680103778839,-0.4906316101551056,-0.01474082376807928,-0.2845926284790039,0.5589092969894409,0.33885014057159424,-0.3325136601924896,-0.42635297775268555,0.18432682752609253,0.5941014885902405,0.14155688881874084,0.04756292700767517,-0.305054634809494,0.10737808793783188,0.08231993764638901,-0.4917146861553192,-0.12255846709012985,-0.13248024880886078,0.2494126260280609,-0.32354727387428284,-0.10678477585315704,-0.12420047074556351,0.2955518960952759,-0.15887337923049927,0.096656933426857,-0.09937001019716263,-0.4981344938278198,-0.46049249172210693,-0.043436966836452484,0.4121988117694855,-0.4058295786380768,0.056770846247673035,-0.13140222430229187,0.13532981276512146,-0.24690380692481995,0.2763173580169678,0.4460260272026062,-0.2131229192018509
616.0,-0.032991666346788406,-0.25218191742897034,-0.3841637372970581,0.07109084725379944,-0.048768870532512665,-0.2826228141784668,-0.4600244164466858,-0.09508257359266281,-0.6097752451896667,-0.0629751905798912,0.27995970845222473,-0.23388642072677612,-0.16949692368507385,-0.2457106113433838,-0.17754897475242615,-0.14371925592422485,0.19300739467144012,0.3131038248538971,-0.13740648329257965,-0.4381592273712158,0.06820473074913025,0.407032310962677,-0.08283750712871552,0.1063193678855896,0.4795053005218506,0.1775418072938919,-0.2876832187175751,-0.5440371632575989,-0.0613311305642128,-0.09746932983398438,0.6596041321754456,0.3052103519439697,-0.40562713146209717,-0.4205988049507141,0.2051340490579605,0.5584526062011719,0.1185818463563919,0.011883838102221489,-0.32452771067619324,0.15465451776981354,0.10477619618177414,-0.5736822485923767,-0.1585843861103058,-0.16676226258277893,0.22012515366077423,-0.3620721697807312,-0.016727950423955917,-0.09879235178232193,0.2652943432331085,-0.23650605976581573,0.03900349512696266,-0.11704745143651962,-0.5835146903991699,-0.5036574602127075,0.027997763827443123,0.43403497338294983,-0.39260926842689514,0.01385077927261591,-0.22191505134105682,0.102357879281044,-0.1912461221218109,0.2652539312839508,0.5034058690071106,-0.17855513095855713
617.0,0.06623975187540054,-0.17224657535552979,-0.5277600884437561,0.054743871092796326,-0.1517537385225296,-0.33953818678855896,-0.7386254668235779,-0.09777995198965073,-0.6276959180831909,0.07194190472364426,0.24447783827781677,-0.41150739789009094,-0.07737552374601364,-0.08845670521259308,-0.09672375023365021,-0.14085717499256134,0.10824751853942871,0.19513435661792755,-0.13520541787147522,-0.33362144231796265,-0.14986293017864227,0.3914641737937927,-0.361458420753479,0.31772759556770325,0.373960942029953,0.06145443022251129,-0.32606831192970276,-0.6128326058387756,0.06508567184209824,0.125973179936409,0.7859426736831665,0.3291041851043701,-0.3335857093334198,-0.3174918591976166,0.20007924735546112,0.6622262597084045,0.13916225731372833,0.21261106431484222,-0.39190515875816345,-0.06441529840230942,0.10570143163204193,-0.6142385601997375,-0.021007006987929344,-0.3130539655685425,0.16627144813537598,-0.23442843556404114,-0.04012886807322502,0.04387902095913887,0.3090953230857849,-0.3303786814212799,0.10684514045715332,0.03827493637800217,-0.23644182085990906,-0.4245622456073761,-0.14852365851402283,0.5350598096847534,-0.6956019997596741,0.10650624334812164,-0.2450469732284546,0.02470928616821766,0.10308200865983963,0.24816520512104034,0.5017245411872864,-0.10714606195688248
618.0,0.10377120226621628,-0.30477994680404663,-0.49144360423088074,0.05002342537045479,-0.1749391257762909,-0.2282758206129074,-0.7359482645988464,-0.08350463956594467,-0.6536321043968201,0.05681820586323738,0.2767832279205322,-0.4734378457069397,-0.07104119658470154,-0.17349842190742493,-0.13998188078403473,-0.11756273359060287,0.06227969378232956,0.2729091942310333,-0.10383370518684387,-0.42139875888824463,-0.07877931743860245,0.4620703458786011,-0.25995245575904846,0.22579964995384216,0.4836975336074829,0.11883743852376938,-0.4186200797557831,-0.5600308775901794,0.0885319635272026,0.07242438942193985,0.8122613430023193,0.3646807074546814,-0.23656870424747467,-0.3004595935344696,0.16125479340553284,0.7624289393424988,0.19567221403121948,0.257967472076416,-0.38893842697143555,-0.06623752415180206,0.19924083352088928,-0.6669472455978394,-0.047062065452337265,-0.277492880821228,0.15309764444828033,-0.14996059238910675,-0.08162350952625275,0.03557954728603363,0.36848822236061096,-0.2877810299396515,0.11515841633081436,0.056552402675151825,-0.26502421498298645,-0.39659440517425537,-0.13258963823318481,0.6177641749382019,-0.7463359832763672,0.08435581624507904,-0.1818065345287323,0.08830838650465012,0.04520253837108612,0.32256361842155457,0.4893549680709839,-0.10623060911893845
619.0,-0.37700900435447693,0.18934385478496552,-0.20298585295677185,0.061945296823978424,0.06213301420211792,-0.2548231780529022,-0.5177769660949707,-0.30665624141693115,-0.16388948261737823,0.11502111703157425,0.7650535702705383,-0.19482100009918213,0.34516772627830505,-0.13397301733493805,-0.03572859615087509,-0.2915043532848358,0.1897238790988922,0.3170751631259918,-0.11248371005058289,-0.35892704129219055,-0.06057625263929367,0.27714627981185913,-0.6714511513710022,0.1646009385585785,0.17770631611347198,0.04819000884890556,-0.08802434802055359,-0.467143714427948,-0.11585064977407455,0.12986241281032562,0.3662744164466858,0.23270192742347717,-0.31604063510894775,-0.5087441205978394,0.3281917870044708,0.12175998836755753,-0.04452073574066162,-0.32846954464912415,-0.07318224012851715,-0.048087988048791885,0.1503714770078659,-0.6070151329040527,-0.15014530718326569,-0.20607410371303558,0.3195783495903015,-0.5437811613082886,-0.547503650188446,-0.3013419508934021,-0.11866556853055954,-0.13875921070575714,-0.1514940708875656,-0.18070027232170105,-0.5546094179153442,-0.5030035972595215,-0.09672583639621735,0.20534838736057281,-0.4130173921585083,-0.20113782584667206,-0.13436195254325867,0.48019105195999146,0.06212054565548897,-0.013070673681795597,0.17716972529888153,-0.21029524505138397
620.0,-0.05886467173695564,-0.203362837433815,-0.47010964155197144,0.08223571628332138,-0.00411094818264246,-0.38596802949905396,-0.43149232864379883,-0.09864775836467743,-0.5323342680931091,0.17145632207393646,0.1309175044298172,-0.1006082147359848,-0.18526795506477356,-0.04146168753504753,-0.09052994847297668,-0.11620582640171051,0.20060300827026367,0.16413655877113342,-0.12316501885652542,-0.11801119893789291,0.016821684315800667,0.24292317032814026,-0.044273681938648224,0.18590553104877472,0.22173549234867096,0.08149255067110062,-0.2791398763656616,-0.39174824953079224,-0.020812442526221275,-0.1132960319519043,0.5333961248397827,0.27495500445365906,-0.3194456994533539,-0.38779062032699585,0.11921722441911697,0.5185334086418152,0.05346368998289108,-0.025527654215693474,-0.393204003572464,0.04437722638249397,0.04834984615445137,-0.334764689207077,-0.04594540223479271,-0.19628150761127472,0.2966923713684082,-0.2837117314338684,-0.012970826588571072,-0.06811664998531342,0.21455271542072296,-0.16332940757274628,0.06539665162563324,-0.04130908474326134,-0.32723692059516907,-0.38502949476242065,-0.12502150237560272,0.29470762610435486,-0.2339712679386139,0.08631879091262817,-0.11894336342811584,0.11899898946285248,-0.12852859497070312,0.24720357358455658,0.33979618549346924,-0.049364157021045685
621.0,-0.14854371547698975,0.3826647996902466,-0.2310817688703537,0.18293441832065582,0.14119142293930054,-0.44108888506889343,-0.4543573260307312,-0.45688915252685547,-0.17940881848335266,0.06698781996965408,0.5682320594787598,2.555735409259796e-05,0.5318040251731873,0.02105851098895073,0.34266746044158936,-0.13440583646297455,0.11100327968597412,0.06046849489212036,-0.35194841027259827,0.0794713944196701,-0.2502687871456146,0.10150759667158127,-0.8943293690681458,0.34077703952789307,0.08527808636426926,-0.27936744689941406,-0.19140887260437012,-0.6060468554496765,0.010057836771011353,0.2804623246192932,0.23812267184257507,0.3145829141139984,-0.5101908445358276,-0.23199528455734253,0.07955414801836014,0.10670565068721771,-0.1548587530851364,-0.3759835362434387,-0.3405369520187378,-0.03227259963750839,-0.00010048830881714821,-0.28290918469429016,-0.19835792481899261,-0.13942454755306244,0.16425035893917084,-0.4551362693309784,-0.252745121717453,-0.2673284113407135,-0.27794545888900757,0.019653307273983955,-0.14427295327186584,-0.22285763919353485,-0.4742306172847748,-0.2508060932159424,-0.00330920098349452,0.44016292691230774,-0.35127153992652893,-0.14141912758350372,-0.1583240032196045,0.510241687297821,0.4247146546840668,0.055676668882369995,0.11621729284524918,-0.14158125221729279
622.0,0.0518924817442894,-0.09451523423194885,-0.4192323684692383,0.14326107501983643,-0.07981320470571518,-0.2933359742164612,-0.6398565769195557,-0.2069951891899109,-0.6283219456672668,0.04747873172163963,0.1461365669965744,-0.30198463797569275,-0.061056338250637054,-0.10341302305459976,-0.005193672608584166,-0.17489202320575714,0.06676310300827026,-0.009255189448595047,-0.1991153508424759,-0.05173516273498535,-0.3153308928012848,0.2877064049243927,-0.1597919464111328,0.20145800709724426,0.1715686321258545,0.05404139682650566,-0.44334912300109863,-0.45522499084472656,0.09898074716329575,-0.15203380584716797,0.37299200892448425,0.143792524933815,-0.2401701956987381,-0.23571479320526123,0.19033585488796234,0.5980761647224426,0.12544004619121552,0.05485691875219345,-0.28915292024612427,0.07364298403263092,0.06512042135000229,-0.3463459312915802,-0.04960264638066292,-0.25961461663246155,0.14393551647663116,-0.13584017753601074,-0.03598652780056,-0.1190347746014595,0.2537184953689575,-0.05702510476112366,0.03429129719734192,-0.06420028209686279,-0.3085198402404785,-0.2603050470352173,0.1425960212945938,0.3058691918849945,-0.4917536973953247,0.17836877703666687,-0.22701631486415863,0.14352276921272278,-0.06946942955255508,0.2554866671562195,0.43205633759498596,-0.17255643010139465
623.0,-0.004293859004974365,-0.12709033489227295,-0.43679165840148926,0.16191942989826202,-0.10057021677494049,-0.26936614513397217,-0.611738383769989,-0.10874533653259277,-0.6173589825630188,0.04992564022541046,0.15652520954608917,-0.30010077357292175,-0.09982679784297943,-0.09825722128152847,-0.104567751288414,-0.13654543459415436,0.0823037251830101,0.11730794608592987,-0.19295808672904968,-0.3558807075023651,-0.25616565346717834,0.2691337466239929,-0.2501148581504822,0.27083274722099304,0.30900371074676514,0.15394598245620728,-0.3648588955402374,-0.5694895386695862,0.05925818905234337,0.0854540690779686,0.6560303568840027,0.3334755003452301,-0.2659641206264496,-0.36174726486206055,0.17440322041511536,0.5972182750701904,0.09361384809017181,0.1147669330239296,-0.19500033557415009,-0.03293920308351517,0.11542236804962158,-0.535662055015564,-0.0036295412573963404,-0.144626647233963,0.1843021661043167,-0.24028605222702026,0.009224873036146164,0.05147821083664894,0.2962549328804016,-0.36365431547164917,0.07932740449905396,0.04700067639350891,-0.3206304907798767,-0.49778813123703003,-0.05038338527083397,0.3942883312702179,-0.589880645275116,0.14769119024276733,-0.22617107629776,0.041625622659921646,0.04398027062416077,0.2556053400039673,0.4440717101097107,-0.2429792582988739
624.0,-0.005525944754481316,-0.07461496442556381,-0.40248697996139526,0.23086273670196533,-0.06967668235301971,-0.29993966221809387,-0.6280609369277954,-0.1454944610595703,-0.5653204321861267,0.02900083363056183,0.06112505868077278,-0.1965932995080948,-0.1307617574930191,-0.041728172451257706,-0.0461389534175396,-0.1433461755514145,0.08889643102884293,0.10925454646348953,-0.23804424703121185,-0.16193941235542297,-0.21959692239761353,0.20845432579517365,-0.17233063280582428,0.1820005178451538,0.17488710582256317,0.07467661052942276,-0.3498067855834961,-0.5279713273048401,0.12376921623945236,-0.20423513650894165,0.5322409868240356,0.3531670570373535,-0.23849482834339142,-0.38195541501045227,0.142388254404068,0.5036230683326721,0.04248407483100891,0.07443059235811234,-0.27318719029426575,-0.03293792903423309,0.03027421049773693,-0.49243053793907166,0.022722840309143066,-0.18759018182754517,0.20827165246009827,-0.2263796180486679,-0.06813561916351318,-0.046365249902009964,0.32886871695518494,-0.26602721214294434,0.1075405403971672,0.01912333071231842,-0.2429768145084381,-0.4003928303718567,-0.07078027725219727,0.3934364318847656,-0.5214700698852539,0.22144027054309845,-0.18202894926071167,0.1121382936835289,-0.0010014798026531935,0.23480089008808136,0.38048020005226135,-0.2101435661315918
625.0,-0.124647356569767,-0.40931200981140137,-0.5614163875579834,0.07998421043157578,0.06293372809886932,-0.06712953001260757,-0.657426655292511,-0.2616431713104248,-0.8286882638931274,0.30983877182006836,0.20063157379627228,-0.4417811334133148,-0.1561608612537384,-0.08562809973955154,-0.1961853951215744,-0.2429531067609787,-0.0830027237534523,0.13756437599658966,-0.31189337372779846,-0.38076359033584595,-0.5247734785079956,0.3213501572608948,-0.40196171402931213,0.32950925827026367,0.40071842074394226,-0.06503913551568985,-0.46234843134880066,-0.39394623041152954,0.30209416151046753,0.523992657661438,0.36037740111351013,-0.04384317994117737,-0.2063511162996292,0.02276933193206787,-0.022668667137622833,0.6075922250747681,0.3698616027832031,-0.04060650244355202,-0.1513097584247589,0.011764590628445148,0.127828910946846,-0.05431055277585983,0.14056125283241272,-0.16274753212928772,0.08330197632312775,0.05575761944055557,0.4920949637889862,0.21562910079956055,-0.06736785173416138,-0.311649352312088,0.06657873094081879,0.001712791039608419,-0.2838458716869354,-0.3488018810749054,0.2895198464393616,0.3243110775947571,-0.4537334442138672,-0.07179500162601471,-0.1635192334651947,0.1425178498029709,0.2585133910179138,0.6736868619918823,0.3955986201763153,-0.15053144097328186
626.0,-0.1644849181175232,-0.04864218831062317,-0.5265544652938843,-0.21061424911022186,-0.016874194145202637,-0.2654687762260437,-0.5760127305984497,-0.19510595500469208,-0.20771284401416779,0.4164285361766815,0.5870748162269592,-0.4173841178417206,0.30646613240242004,0.061217714101076126,0.02213149704039097,-0.020042920485138893,-0.03500620648264885,0.16712041199207306,-0.16298073530197144,-0.34842419624328613,-0.34380975365638733,0.3370717465877533,-1.0603610277175903,0.6296979188919067,0.5434104204177856,-0.23530754446983337,-0.15602751076221466,-0.47641757130622864,-0.02680663950741291,1.0796467065811157,0.3652832508087158,-0.0953429564833641,-0.729268491268158,-0.02521645277738571,-0.036917153745889664,0.646769642829895,0.2617952823638916,-0.19974686205387115,-0.3027160167694092,-0.08878740668296814,0.13903659582138062,-0.2072622925043106,0.009775500744581223,-0.22247666120529175,-0.06844919919967651,-0.10635635256767273,0.3383110761642456,0.11615022271871567,-0.4744245409965515,-0.3554496169090271,-0.108794666826725,-0.1393226981163025,-0.21251261234283447,-0.2964765429496765,-0.13442710041999817,0.457809716463089,-0.4974285364151001,-0.33164727687835693,-0.15598979592323303,0.08228396624326706,0.6458492875099182,0.2651815414428711,0.21902140974998474,-0.09161864221096039
627.0,-0.21829529106616974,-0.47574350237846375,-0.5285183191299438,0.1777668446302414,0.11546315997838974,-0.0677657201886177,-0.35949182510375977,-0.010452017188072205,-0.628234326839447,0.3586198687553406,0.10613995790481567,-0.1560426950454712,-0.3125276267528534,-0.03926485404372215,-0.23748376965522766,-0.2017333060503006,0.005990100093185902,0.3945460915565491,-0.31835463643074036,-0.4895263612270355,-0.2730112373828888,0.10823288559913635,-0.1517488956451416,0.15107683837413788,0.5267054438591003,0.06694599986076355,-0.27198144793510437,-0.3446573317050934,0.22191575169563293,0.2086857110261917,0.5404508113861084,0.14238469302654266,-0.19013382494449615,-0.2587394118309021,-0.1489957571029663,0.5838170647621155,0.28488343954086304,0.002396213822066784,0.06414875388145447,0.028456034138798714,0.14550185203552246,-0.1973816305398941,0.11423856019973755,-0.0025759334675967693,0.1571713387966156,-0.15072886645793915,0.3884555697441101,0.3319687843322754,0.1097894161939621,-0.5759612321853638,0.1595010757446289,0.07193024456501007,-0.3477310836315155,-0.499505877494812,-0.10840141773223877,0.3202478885650635,-0.19674232602119446,-0.17134323716163635,-0.04075263440608978,0.06636382639408112,0.0437517911195755,0.5813271999359131,0.17792685329914093,-0.23139257729053497
628.0,-0.24152350425720215,-0.30529704689979553,-0.5000537633895874,0.09400069713592529,0.12602780759334564,-0.20591305196285248,-0.40137413144111633,0.02460506372153759,-0.6240871548652649,0.3726717233657837,0.0963330939412117,-0.09622308611869812,-0.34850212931632996,0.005198346916586161,-0.13120080530643463,-0.16261810064315796,0.06330031901597977,0.3307533264160156,-0.34210795164108276,-0.4523025453090668,-0.3165610134601593,0.046320948749780655,-0.24104006588459015,0.1734689176082611,0.4837186932563782,0.041081465780735016,-0.14130409061908722,-0.41541263461112976,0.19693128764629364,0.3065633475780487,0.4818420112133026,0.17461737990379333,-0.32751893997192383,-0.29426172375679016,-0.15216867625713348,0.552669882774353,0.28614991903305054,-0.044038962572813034,0.003024305449798703,-0.010413709096610546,0.07224676012992859,-0.16619879007339478,0.12685242295265198,0.018433254212141037,0.15403270721435547,-0.2355775386095047,0.40699270367622375,0.3479655981063843,0.009772788733243942,-0.5308605432510376,0.21654215455055237,0.05271226167678833,-0.3455919325351715,-0.47300446033477783,-0.15342876315116882,0.33251532912254333,-0.24209317564964294,-0.1704072803258896,-0.05968938395380974,-0.040181584656238556,0.10896576195955276,0.5340562462806702,0.22417056560516357,-0.26899778842926025
629.0,-0.2244771122932434,-0.24826554954051971,-0.5893368124961853,0.06646416336297989,-0.042632732540369034,0.03826334699988365,-0.5122455358505249,0.03152474761009216,-0.565683901309967,0.3643374741077423,0.21797659993171692,-0.25757721066474915,-0.2735564708709717,-0.06352304667234421,-0.13349011540412903,-0.33871710300445557,0.0043013207614421844,0.12247693538665771,-0.24037446081638336,-0.24230468273162842,-0.6078298687934875,0.21805760264396667,-0.31068623065948486,0.269596129655838,0.3888818919658661,-0.07218492031097412,-0.5021581053733826,-0.24968735873699188,0.17195665836334229,0.28902724385261536,0.161733940243721,-0.26716160774230957,-0.31097373366355896,0.04843950271606445,-0.02768145501613617,0.6507400274276733,0.4169403910636902,-0.19381679594516754,0.10983598977327347,0.0865381732583046,0.15805287659168243,-0.03154122456908226,0.21322466433048248,-0.22034145891666412,0.007662050426006317,0.016200777143239975,0.47673264145851135,0.2013980895280838,0.051116906106472015,-0.35068443417549133,0.028980176895856857,-0.004276935011148453,-0.19677770137786865,-0.21591390669345856,0.19335132837295532,0.07170496881008148,-0.23436838388442993,-0.07054214924573898,-0.2535984516143799,0.004015179350972176,0.10295107960700989,0.4542260766029358,0.28005802631378174,-0.3672611713409424
630.0,0.06614503264427185,0.0540766641497612,0.05313064903020859,0.18438537418842316,-0.18066737055778503,0.030642475932836533,-0.6763365864753723,-0.03296046331524849,-0.4156355857849121,0.1433573067188263,-0.1035253033041954,-0.24763621389865875,-0.30695319175720215,0.09525755047798157,0.1917884796857834,-0.4207448661327362,0.05466620624065399,0.2503412067890167,-0.13813038170337677,0.03325900807976723,-0.2716805636882782,0.07976409792900085,-0.23254813253879547,-0.47192221879959106,0.26571160554885864,-0.05564971640706062,0.2529774308204651,-0.1859995722770691,0.6473237872123718,-0.5563395023345947,0.0619133822619915,0.3099074363708496,0.2312556505203247,-0.013300079852342606,-0.07869232445955276,0.24462071061134338,0.12098135054111481,0.42661386728286743,-0.1603398621082306,-0.4063447117805481,-0.1549500972032547,0.3889729678630829,0.35012444853782654,0.05653069168329239,0.1993342489004135,-0.05970872566103935,-0.40963560342788696,0.11051356047391891,0.19372966885566711,0.1251203417778015,0.6269508004188538,0.024798793718218803,0.0987633466720581,0.18996691703796387,-0.46639394760131836,0.4118971526622772,-0.5812469720840454,-0.14544686675071716,0.3276510238647461,0.3958740532398224,-0.10410986840724945,0.29252561926841736,-0.1678922027349472,-0.18700692057609558
631.0,0.023382535204291344,-0.06252234429121017,0.13095436990261078,0.249603733420372,-0.25750938057899475,0.08726691454648972,-0.736240804195404,-0.03482968360185623,-0.39928990602493286,0.08782181143760681,-0.18168947100639343,-0.18170341849327087,-0.3879745602607727,0.15250682830810547,0.18373677134513855,-0.3769535720348358,0.03523099794983864,0.289325088262558,-0.19252042472362518,0.17845922708511353,-0.440594345331192,0.08555491268634796,-0.20645783841609955,-0.5469990968704224,0.324319988489151,-0.06783086061477661,0.07381556183099747,-0.18605434894561768,0.5414682030677795,-0.7147282361984253,-0.09170260280370712,0.300599604845047,0.24791620671749115,-0.05048050358891487,-0.07971020042896271,0.35078102350234985,0.08015983551740646,0.27637118101119995,-0.0790104940533638,-0.4234001040458679,-0.2800831198692322,0.46813103556632996,0.3652755320072174,-0.056119732558727264,0.16312508285045624,-0.0552581287920475,-0.4136156439781189,-0.05148092284798622,0.12425593286752701,-0.008862237446010113,0.4740292429924011,-0.03251219913363457,0.12408264726400375,0.15356764197349548,-0.46015670895576477,0.3440130949020386,-0.39966967701911926,-0.038490861654281616,0.33736616373062134,0.46980366110801697,-0.09002231061458588,0.1861349642276764,-0.2513219714164734,-0.16821348667144775
632.0,-0.019713707268238068,-0.10130105167627335,0.04867546632885933,0.25135675072669983,-0.1629791259765625,0.07912573218345642,-0.6374719738960266,-0.07625412940979004,-0.32205671072006226,0.10783738642930984,-0.13043801486492157,-0.08852089196443558,-0.3149454891681671,0.13284899294376373,0.12339486926794052,-0.3245600163936615,0.03692568093538284,0.32612690329551697,-0.19413231313228607,0.1694692075252533,-0.3132489025592804,0.05646318569779396,-0.22435776889324188,-0.4214153289794922,0.27305668592453003,-0.1595900058746338,0.03794167935848236,-0.1831723004579544,0.445676326751709,-0.6502997875213623,-0.04850424453616142,0.2782050669193268,0.19122882187366486,-0.07415303587913513,-0.07793976366519928,0.23043939471244812,0.04223350062966347,0.1676902174949646,-0.11155086010694504,-0.3421536982059479,-0.27388063073158264,0.3051498532295227,0.30111879110336304,-0.170589417219162,0.11695101857185364,-0.06819126009941101,-0.3685395121574402,-0.08565901219844818,0.12272098660469055,-0.07637553662061691,0.3228059709072113,-0.042016174644231796,0.11320047080516815,0.11086954921483994,-0.4341484308242798,0.36367180943489075,-0.26348739862442017,-0.024238090962171555,0.23730066418647766,0.46094775199890137,-0.032047636806964874,0.17073307931423187,-0.20695963501930237,-0.07266169786453247
633.0,-0.15854083001613617,0.1577509641647339,-0.04717789590358734,0.10727261751890182,-0.12350881099700928,-0.03579815477132797,-0.691668689250946,-0.10368776321411133,-0.44331130385398865,0.33863329887390137,0.19386130571365356,-0.35299208760261536,-0.27949970960617065,0.219233900308609,0.10016357153654099,-0.5667300224304199,0.24932199716567993,0.3272530138492584,0.07199006527662277,0.19112315773963928,-0.14090022444725037,0.13670900464057922,-0.43096020817756653,-0.3046882450580597,0.06085677817463875,-0.13331596553325653,0.21931155025959015,-0.015299146994948387,0.44228819012641907,-0.32044756412506104,0.059276215732097626,0.046753834933042526,0.23860226571559906,0.029249615967273712,0.16206805408000946,-0.051776472479104996,0.2038794308900833,0.24019138514995575,-0.27659693360328674,-0.42256197333335876,-0.22173373401165009,0.5286757349967957,0.3139469623565674,-0.16381676495075226,0.49368444085121155,-0.23884384334087372,-0.39369457960128784,0.009164582006633282,-0.04892074689269066,0.2291790097951889,0.6000871658325195,-0.19795821607112885,0.03039132058620453,0.21845176815986633,-0.42245373129844666,0.1574341356754303,-0.3043826222419739,-0.4358986020088196,0.29959702491760254,0.566150963306427,-0.2200423777103424,0.08550208806991577,-0.2892434895038605,-0.015674902126193047
634.0,-0.016520237550139427,0.07713688910007477,0.04789046198129654,0.2521054446697235,-0.2886119782924652,-0.10212111473083496,-0.8094322681427002,-0.04985498636960983,-0.5616230964660645,0.1709616482257843,-0.20925521850585938,-0.24181820452213287,-0.4901810884475708,0.20185427367687225,0.21500951051712036,-0.39995142817497253,0.08975018560886383,0.18353751301765442,-0.2450096309185028,0.1672491878271103,-0.6238390207290649,0.0831167921423912,-0.33551228046417236,-0.4102952182292938,0.3277370035648346,0.007356374058872461,0.12728840112686157,-0.3093631863594055,0.5304881930351257,-0.5056796669960022,-0.03919539228081703,0.25426018238067627,0.12855274975299835,-0.11123275011777878,0.0027332345489412546,0.4713630676269531,0.10585090517997742,0.27600616216659546,-0.0878586545586586,-0.44573935866355896,-0.329689621925354,0.5599361062049866,0.34367433190345764,-0.014427055604755878,0.22229453921318054,-0.1774369329214096,-0.34103718400001526,0.03150945529341698,0.08826953172683716,-0.07065221667289734,0.5376821756362915,-0.07586022466421127,0.029985029250383377,0.04905781149864197,-0.41635605692863464,0.25764986872673035,-0.4643789529800415,-0.040547363460063934,0.28269606828689575,0.4163825809955597,-0.10780277103185654,0.1976875513792038,-0.12519574165344238,-0.245406836271286
635.0,-0.03676743060350418,0.12371400743722916,0.08256741613149643,0.4100281596183777,-0.2544845938682556,-0.08290471136569977,-0.7201541662216187,-0.08831187337636948,-0.646028995513916,0.07029367983341217,-0.1194489374756813,-0.1931932270526886,-0.3656073808670044,0.06334979832172394,0.22304368019104004,-0.4371984899044037,0.07446926087141037,0.11844801157712936,-0.3095353841781616,-0.011411774903535843,-0.6954781413078308,0.09732262045145035,-0.2044484168291092,-0.45825475454330444,0.32996413111686707,0.2280234396457672,-0.04613468796014786,-0.38967251777648926,0.4659935235977173,-0.5476499795913696,0.019725671038031578,0.40229207277297974,0.17031866312026978,-0.24248510599136353,0.08822255581617355,0.5051993727684021,0.053885672241449356,0.2178880274295807,0.13166572153568268,-0.3545994162559509,-0.15692701935768127,0.35139721632003784,0.25726214051246643,0.17247243225574493,0.299761027097702,-0.255593478679657,-0.4360874891281128,-0.00881197676062584,0.16594378650188446,-0.10170559585094452,0.4572276771068573,-0.012479700148105621,-0.19648900628089905,-0.17003054916858673,-0.2531723082065582,0.19993194937705994,-0.5602582097053528,0.051688920706510544,0.24415042996406555,0.4897650480270386,-0.21174241602420807,0.20916379988193512,-0.042622752487659454,-0.4692535400390625
636.0,-0.08405493944883347,0.11175235360860825,0.12483600527048111,0.4149177074432373,-0.18102174997329712,0.011675381101667881,-0.6129503846168518,-0.08070025593042374,-0.47750505805015564,-0.007077941671013832,-0.10283135622739792,-0.09755269438028336,-0.2521929442882538,0.04560377821326256,0.1800137609243393,-0.33430802822113037,0.020609604194760323,0.13599228858947754,-0.3195054531097412,-0.0872359350323677,-0.6382244825363159,0.054889608174562454,-0.20824196934700012,-0.380106121301651,0.28351232409477234,0.15100057423114777,-0.07694993168115616,-0.3563176393508911,0.4122968018054962,-0.4554072916507721,0.030511554330587387,0.4469850957393646,0.1489466279745102,-0.24154622852802277,-0.01502317190170288,0.3513282835483551,-0.018634118139743805,0.13949711620807648,0.16596651077270508,-0.34056341648101807,-0.12297452241182327,0.20950397849082947,0.24925921857357025,0.1920207142829895,0.21588556468486786,-0.21088159084320068,-0.36482733488082886,0.01667950674891472,0.14150215685367584,-0.17480063438415527,0.3747551441192627,0.03903910145163536,-0.15263395011425018,-0.21663206815719604,-0.2409004122018814,0.21182148158550262,-0.46887311339378357,0.08818123489618301,0.2064618021249771,0.451205849647522,-0.07212264090776443,0.181243896484375,-0.08642099052667618,-0.44376128911972046
637.0,-0.20216552913188934,0.2917574644088745,0.3646151125431061,0.29493117332458496,-0.24067232012748718,0.01633116975426674,-0.6639299988746643,-0.0445283018052578,-0.19713856279850006,-0.06611661612987518,-0.1164642795920372,0.0227192509919405,-0.1682266891002655,0.18465545773506165,0.40329375863075256,-0.18666613101959229,0.0676998719573021,0.12729422748088837,-0.2787591218948364,0.1466609090566635,-0.647327184677124,-0.009022113867104053,-0.30488038063049316,-0.5635027289390564,0.19835874438285828,0.07147741317749023,-0.08396023511886597,-0.2828257977962494,0.3124890923500061,-0.44939854741096497,-0.12518887221813202,0.5980667471885681,0.1322176307439804,-0.24250051379203796,-0.08776290714740753,0.24921220541000366,-0.0888543650507927,0.07331041991710663,0.08786456286907196,-0.601969301700592,-0.2657706141471863,0.29578545689582825,0.23790083825588226,0.2534889876842499,0.2581828534603119,-0.27848365902900696,-0.5645907521247864,-0.05666366219520569,0.006527688354253769,-0.13334286212921143,0.3729839622974396,-0.04272603988647461,0.07592321187257767,-0.16049857437610626,-0.5071015954017639,0.21599417924880981,-0.42833831906318665,0.07481786608695984,0.3421677052974701,0.5503368377685547,0.09099157899618149,-0.05954862758517265,-0.313681423664093,-0.39243340492248535
638.0,-0.07549788802862167,0.05215838924050331,0.03521573916077614,0.4757270812988281,-0.10428840667009354,-0.005775370169430971,-0.5131292343139648,-0.0705479234457016,-0.4739309251308441,0.02320953458547592,-0.22075626254081726,-0.009865767322480679,-0.29866746068000793,0.04778439179062843,0.12088968604803085,-0.3363076150417328,-0.009134646505117416,0.0899522602558136,-0.3441930115222931,-0.01179362740367651,-0.574423611164093,-0.028323978185653687,-0.034483376890420914,-0.31470736861228943,0.14203351736068726,0.13624638319015503,-0.09129323065280914,-0.2753628194332123,0.4293733239173889,-0.637868344783783,-0.008781425654888153,0.36880943179130554,0.17557434737682343,-0.2834779620170593,-0.04836956784129143,0.2868709862232208,-0.05902925878763199,0.10783515870571136,0.18247291445732117,-0.21984408795833588,-0.09071851521730423,0.1935349553823471,0.27058279514312744,0.16643406450748444,0.23371292650699615,-0.17093850672245026,-0.32591962814331055,-0.0025039082393050194,0.20907923579216003,-0.19992752373218536,0.33797088265419006,0.04307854175567627,-0.14362840354442596,-0.2001686543226242,-0.17419525980949402,0.14590312540531158,-0.35905343294143677,0.13920769095420837,0.16544213891029358,0.3953077793121338,-0.17122475802898407,0.21849484741687775,-0.07214562594890594,-0.4070349335670471
639.0,-0.019903913140296936,0.0332559272646904,0.1120501160621643,0.2873319089412689,-0.287929892539978,-0.018246259540319443,-0.7014685869216919,-0.06738273799419403,-0.5284225940704346,0.0914965346455574,-0.10595941543579102,-0.23823422193527222,-0.38558951020240784,0.11641382426023483,0.20088453590869904,-0.36322781443595886,0.0565008670091629,0.18781353533267975,-0.2338310331106186,-0.0031720330007374287,-0.6089242696762085,0.11908328533172607,-0.2577667534351349,-0.4912876784801483,0.39101046323776245,0.14689256250858307,0.06247525289654732,-0.3143436908721924,0.4608837068080902,-0.4310305714607239,0.015575113706290722,0.33469343185424805,0.20128972828388214,-0.1351349651813507,0.02732926793396473,0.49417755007743835,0.08837872743606567,0.27815625071525574,0.060815442353487015,-0.43327099084854126,-0.2160859853029251,0.44635796546936035,0.2701115310192108,0.10155190527439117,0.22621576488018036,-0.18550068140029907,-0.39622417092323303,0.032076556235551834,0.0977029874920845,-0.07628820836544037,0.46820685267448425,-0.027732517570257187,-0.0649779736995697,-0.033132728189229965,-0.357217937707901,0.2531972825527191,-0.5050594210624695,-0.03469036892056465,0.3011282682418823,0.4506518840789795,-0.11548341810703278,0.19175276160240173,-0.11427785456180573,-0.31761932373046875
640.0,-0.18025706708431244,-0.021806420758366585,-0.0672914981842041,0.1920224279165268,-0.1095687597990036,-0.259676069021225,-0.5370205640792847,-0.0406372994184494,-0.5595456957817078,0.2773582935333252,-0.04187428206205368,-0.034862324595451355,-0.4540548324584961,0.12618204951286316,0.21091511845588684,-0.29577335715293884,0.2012895792722702,0.2768155336380005,-0.30503952503204346,0.017131762579083443,-0.41581952571868896,0.07905622571706772,-0.29624292254447937,-0.33940988779067993,0.48628050088882446,0.0676322653889656,0.09075470268726349,-0.3670632243156433,0.321569561958313,-0.22049592435359955,0.09255685657262802,0.33686694502830505,-0.1690445840358734,-0.20634205639362335,-0.057943783700466156,0.5110511779785156,0.12484198063611984,-0.001391942729242146,-0.10428065806627274,-0.29723888635635376,-0.2322062999010086,0.49068984389305115,0.1721196174621582,0.1293092668056488,0.30625173449516296,-0.37624508142471313,-0.08784978836774826,0.06444262713193893,-0.07004476338624954,-0.12739351391792297,0.4189826250076294,-0.11808409541845322,-0.27150046825408936,-0.16045613586902618,-0.4011976420879364,0.27744707465171814,-0.24200619757175446,-0.1684998869895935,0.24731002748012543,0.38154512643814087,-0.07078255712985992,0.31504201889038086,-0.07173176854848862,-0.3065451979637146
641.0,-0.08728988468647003,-0.006489366292953491,-0.12368281185626984,0.25373756885528564,-0.1945725530385971,-0.09169676154851913,-0.7042025327682495,-0.051737990230321884,-0.5415949821472168,0.24290607869625092,-0.14579522609710693,-0.16922244429588318,-0.4485343396663666,0.2000696063041687,0.12114884704351425,-0.38654816150665283,0.08892713487148285,0.19853052496910095,-0.25593504309654236,0.08272439241409302,-0.5327568054199219,0.03676158934831619,-0.3311275839805603,-0.22159747779369354,0.28856977820396423,-0.033434078097343445,0.06956726312637329,-0.3151174485683441,0.4875410795211792,-0.33476975560188293,0.08667708188295364,0.1964447796344757,0.07368811219930649,-0.1259322166442871,-0.02053377404808998,0.4199468791484833,0.12972429394721985,0.20686504244804382,-0.06617478281259537,-0.35035982728004456,-0.26869383454322815,0.4360829293727875,0.3427780568599701,-0.07272450625896454,0.21610623598098755,-0.16806839406490326,-0.18443980813026428,0.09872815012931824,0.08473729342222214,-0.19116254150867462,0.4636850953102112,-0.04999353364109993,0.017293211072683334,-0.02535502426326275,-0.38561153411865234,0.24643385410308838,-0.36259812116622925,-0.06961886584758759,0.19116851687431335,0.3341367244720459,-0.040374159812927246,0.28054752945899963,-0.09246086329221725,-0.21576495468616486
642.0,-0.03824334219098091,-0.21612277626991272,-0.06260305643081665,0.20491735637187958,-0.17321251332759857,-0.11171752959489822,-0.5197872519493103,-0.08024869114160538,-0.4643092155456543,0.18613675236701965,-0.1899181306362152,-0.06372660398483276,-0.5306246876716614,-0.002290962263941765,-0.021774254739284515,-0.2958661913871765,0.11413008719682693,0.3373793065547943,-0.18998050689697266,-0.0008382410742342472,-0.2411266714334488,0.14220449328422546,-0.19705788791179657,-0.27088889479637146,0.4666402041912079,-0.04306935891509056,0.18285015225410461,-0.3108762204647064,0.3039485216140747,-0.4100966155529022,0.07699454575777054,0.16523988544940948,-0.03226015716791153,-0.09285936504602432,0.03690526634454727,0.32622167468070984,0.06687584519386292,0.06470925360918045,-0.09820066392421722,-0.21573053300380707,-0.2915360927581787,0.41155457496643066,0.25212424993515015,-0.12695910036563873,0.158145472407341,-0.14214719831943512,-0.14192475378513336,-0.03210253268480301,0.037774380296468735,-0.15781228244304657,0.29991769790649414,-0.08235268294811249,-0.09222988039255142,-0.03242480382323265,-0.34271201491355896,0.23532117903232574,-0.15486577153205872,-0.046097613871097565,0.17558902502059937,0.3458358943462372,-0.15087899565696716,0.22545602917671204,-0.06418681144714355,-0.09054583311080933
643.0,-0.09444805979728699,0.037805818021297455,0.05900363624095917,0.13555556535720825,-0.30381637811660767,-0.21743179857730865,-0.5246665477752686,-0.16300299763679504,-0.3646472990512848,0.26966699957847595,-0.011431727558374405,-0.09618367999792099,-0.44458770751953125,0.10989940911531448,0.08633219450712204,-0.396700918674469,0.2462327480316162,0.3199988603591919,-0.010704509913921356,0.13873228430747986,-0.2253596931695938,0.18976742029190063,-0.5998938679695129,-0.2988288104534149,0.5051370859146118,-0.055610865354537964,0.4184892773628235,-0.32692626118659973,0.19452741742134094,-0.13513514399528503,-0.016912385821342468,0.11462000757455826,-0.05531901866197586,-0.01032082550227642,0.2544043958187103,0.23608705401420593,-0.06768003106117249,-0.007590712979435921,-0.2038499116897583,-0.3712296783924103,-0.47385990619659424,0.8093338012695312,0.2077513486146927,-0.17604492604732513,0.26052579283714294,-0.32008329033851624,-0.37213894724845886,-0.1537475436925888,-0.1563926637172699,-0.010133178904652596,0.2599424719810486,-0.20079241693019867,-0.13846305012702942,0.10556945949792862,-0.4814286530017853,0.05788803845643997,-0.06731152534484863,-0.18346863985061646,0.2797778248786926,0.6028428077697754,-0.16742868721485138,-0.021958086639642715,-0.24799491465091705,0.006146276369690895
644.0,-0.06670162081718445,0.03794381394982338,-0.15693652629852295,0.21941538155078888,-0.25788334012031555,-0.1649494171142578,-0.7999998927116394,-0.08558636903762817,-0.6454494595527649,0.25893935561180115,0.017670609056949615,-0.309307336807251,-0.38414669036865234,0.15454405546188354,0.12362554669380188,-0.4313969314098358,0.10808002203702927,0.22327861189842224,-0.24930307269096375,-0.02844104915857315,-0.5873847603797913,0.13543114066123962,-0.47698166966438293,-0.19186708331108093,0.3958045542240143,0.05139501765370369,0.05005469545722008,-0.4162847697734833,0.4440237581729889,-0.16478434205055237,0.19404150545597076,0.23585984110832214,0.052048586308956146,-0.14751127362251282,0.07296620309352875,0.5294981002807617,0.15503859519958496,0.24731393158435822,-0.09859105199575424,-0.3883444666862488,-0.2022564560174942,0.38296931982040405,0.26812681555747986,-0.08010561764240265,0.2466476708650589,-0.24993720650672913,-0.2660497725009918,0.08846022188663483,0.07506018877029419,-0.16683298349380493,0.46839162707328796,-0.06269245594739914,-0.09061922132968903,-0.09010346978902817,-0.3567083775997162,0.2673209607601166,-0.5311123132705688,-0.11375042796134949,0.1762435883283615,0.3949897885322571,-0.03541997820138931,0.2869802415370941,-0.019175004214048386,-0.24389027059078217
645.0,-0.1561722457408905,-0.25834447145462036,-0.58537358045578,0.12520906329154968,-0.001986547140404582,-0.166718989610672,-0.5788854956626892,-0.06955087929964066,-0.6265979409217834,0.29044437408447266,0.2596075236797333,-0.27562737464904785,-0.2057320475578308,-0.04251959174871445,-0.20282138884067535,-0.25669026374816895,0.014917044900357723,0.29942888021469116,-0.2897668182849884,-0.4828730821609497,-0.37659022212028503,0.1661382019519806,-0.487380713224411,0.3477367162704468,0.4112318754196167,-0.03300611302256584,-0.24738465249538422,-0.5205310583114624,0.1852899193763733,0.3998986482620239,0.6388728022575378,0.15097200870513916,-0.24723578989505768,-0.22615379095077515,0.023239267989993095,0.5225997567176819,0.24157588183879852,0.03902238979935646,-0.04616248607635498,-0.060523368418216705,0.09891918301582336,-0.3698540925979614,0.1224617213010788,-0.20398539304733276,0.10416241735219955,-0.19644436240196228,0.25465333461761475,0.2633431553840637,0.11903491616249084,-0.5608752369880676,0.10418787598609924,0.08406864106655121,-0.23279976844787598,-0.45335865020751953,-0.1143072098493576,0.37163037061691284,-0.44675910472869873,-0.07699649035930634,-0.20857244729995728,0.02544124238193035,0.23640777170658112,0.42552828788757324,0.3112793564796448,-0.20573511719703674
646.0,-0.3993866443634033,-0.042621221393346786,-0.585229754447937,0.24777790904045105,0.22697272896766663,-0.300364226102829,-0.3417032063007355,-0.30226123332977295,-0.33634769916534424,0.5897486805915833,0.4233075976371765,0.08974038809537888,0.040097158402204514,0.11456706374883652,-0.10204826295375824,-0.43246030807495117,0.08510815352201462,0.3989030122756958,-0.4839361310005188,-0.28142961859703064,-0.36068195104599,-0.0677788108587265,-1.0200004577636719,0.5780655145645142,0.32120487093925476,-0.40352779626846313,0.15820306539535522,-0.5245566964149475,0.19178545475006104,0.5391613841056824,0.25547462701797485,0.007055880501866341,-0.44921621680259705,-0.2075926661491394,0.009066799655556679,0.03459006920456886,-0.07213005423545837,-0.4578922688961029,-0.01679600216448307,-0.0393620990216732,-0.14200173318386078,0.049393489956855774,0.20058144629001617,-0.3517126739025116,0.13511411845684052,-0.3919695317745209,0.18840338289737701,0.14454607665538788,-0.32167235016822815,-0.5434284210205078,-0.05982812121510506,-0.06431034207344055,-0.35535168647766113,-0.3456760048866272,-0.2190546840429306,0.23238997161388397,0.020349975675344467,-0.24370282888412476,-0.1874697208404541,0.3644375205039978,0.46306881308555603,0.3950083255767822,0.061675626784563065,-0.11114629358053207
647.0,-0.20592337846755981,-0.20826900005340576,-0.5374221205711365,0.24563738703727722,-0.006524916738271713,-0.1141732782125473,-0.49442657828330994,-0.06336190551519394,-0.6774844527244568,0.3225838541984558,0.10215748846530914,-0.18707415461540222,-0.32050827145576477,-0.0011763888178393245,-0.22017550468444824,-0.3394360840320587,0.037799857556819916,0.23291845619678497,-0.310604453086853,-0.38589468598365784,-0.457460880279541,0.09052032232284546,-0.3173486292362213,0.2678462266921997,0.31208258867263794,0.07044269889593124,-0.20340733230113983,-0.42062005400657654,0.2506687045097351,0.21862517297267914,0.5031959414482117,0.08538438379764557,-0.11680516600608826,-0.25179892778396606,0.024900831282138824,0.4643077552318573,0.19576717913150787,0.04968427121639252,0.08075167238712311,-0.037522003054618835,0.04606054723262787,-0.14981521666049957,0.18909978866577148,-0.1183924525976181,0.1974828988313675,-0.19045695662498474,0.21720758080482483,0.3079057037830353,0.1769905537366867,-0.5748080015182495,0.1892635077238083,0.09114174544811249,-0.24948915839195251,-0.4405808746814728,-0.06685066223144531,0.14377519488334656,-0.30806198716163635,-0.04804781824350357,-0.14868217706680298,0.0828670933842659,0.027166033163666725,0.4577785134315491,0.21222050487995148,-0.2828619182109833
648.0,-0.1759425401687622,-0.3406495749950409,-0.6952959895133972,0.1712421178817749,-0.033980172127485275,-0.18922525644302368,-0.5765323042869568,-0.08270557969808578,-0.7564988136291504,0.3746584951877594,0.2993881106376648,-0.356444776058197,-0.24140368402004242,-0.03465394303202629,-0.2942555546760559,-0.33040136098861694,0.04253627359867096,0.3209723234176636,-0.2832077443599701,-0.56769198179245,-0.37744274735450745,0.22986763715744019,-0.4602493643760681,0.4085307717323303,0.45533841848373413,0.04582515358924866,-0.29493510723114014,-0.509223222732544,0.18045812845230103,0.46920135617256165,0.723639965057373,0.10265979170799255,-0.21012172102928162,-0.2643534541130066,0.08231077343225479,0.613140344619751,0.296339750289917,0.05896216630935669,-0.014738485217094421,-0.020308952778577805,0.14278647303581238,-0.35297030210494995,0.11409010738134384,-0.21950195729732513,0.16892848908901215,-0.20839710533618927,0.301228404045105,0.3171168267726898,0.17024484276771545,-0.6207252144813538,0.11916854232549667,0.08418140560388565,-0.3019747734069824,-0.514258086681366,-0.06163041666150093,0.3065556585788727,-0.4367736279964447,-0.11130391061306,-0.20635700225830078,0.038918912410736084,0.1262752264738083,0.5121622085571289,0.3452664017677307,-0.232248455286026
649.0,-0.2032686173915863,-0.34133341908454895,-0.5418865084648132,0.12866155803203583,0.11406689882278442,-0.22205641865730286,-0.36101967096328735,0.005119883455336094,-0.6043879985809326,0.36533987522125244,0.017869465053081512,-0.06389503180980682,-0.38028448820114136,0.015282935462892056,-0.21603935956954956,-0.19874559342861176,0.07840261608362198,0.27736756205558777,-0.2837263345718384,-0.32451343536376953,-0.20195311307907104,0.06546833366155624,-0.14020152390003204,0.2697012722492218,0.36024266481399536,0.003380975453183055,-0.1514434963464737,-0.37707608938217163,0.18713584542274475,0.12681478261947632,0.5115476250648499,0.09575865417718887,-0.27121224999427795,-0.2792656421661377,-0.08332548290491104,0.4728507399559021,0.21260805428028107,-0.014017760753631592,-0.07654748857021332,0.059675589203834534,0.053529042750597,-0.171712726354599,0.11903593689203262,-0.09224461019039154,0.18977995216846466,-0.19030113518238068,0.35997799038887024,0.26164624094963074,0.12405987828969955,-0.4872857332229614,0.16845488548278809,0.034017857164144516,-0.28801804780960083,-0.43167153000831604,-0.15228092670440674,0.26815852522850037,-0.14490050077438354,-0.10059422254562378,-0.10613289475440979,-0.019485412165522575,0.009055877104401588,0.47351494431495667,0.23311147093772888,-0.1853915899991989
650.0,0.049983661621809006,0.012560129165649414,-0.3394656479358673,0.13555029034614563,-0.1729303002357483,-0.28521668910980225,-0.6810968518257141,-0.1571025401353836,-0.5938147902488708,-0.2079332321882248,0.14183714985847473,-0.3224540054798126,-0.10895421355962753,-0.19176529347896576,-0.12057168036699295,-0.19761325418949127,0.15722757577896118,0.10967813432216644,-0.12045517563819885,-0.24589379131793976,-0.09576792269945145,0.39018020033836365,-0.1683911234140396,0.17717090249061584,0.19124269485473633,0.09597674012184143,-0.307350218296051,-0.6144193410873413,0.00035828203544951975,-0.3383815884590149,0.5758307576179504,0.28301528096199036,-0.31839677691459656,-0.4284527897834778,0.33430051803588867,0.44703224301338196,0.0315827801823616,0.1353188455104828,-0.3812207579612732,0.08494143187999725,0.001129268785007298,-0.6615320444107056,-0.09126149863004684,-0.3005850911140442,0.18578052520751953,-0.28217121958732605,-0.23582476377487183,-0.19307026267051697,0.4169001579284668,-0.17159271240234375,0.07888894528150558,-0.11513755470514297,-0.3614501357078552,-0.40500229597091675,0.06323914974927902,0.36228394508361816,-0.5918415188789368,0.20791064202785492,-0.32822033762931824,0.057033855468034744,-0.15453964471817017,0.11007370054721832,0.5516161918640137,-0.19587445259094238
651.0,0.05340884253382683,0.005401349160820246,-0.3366412818431854,0.1505303829908371,-0.10334981977939606,-0.2858574092388153,-0.6151928305625916,-0.16730274260044098,-0.48598405718803406,-0.14330364763736725,0.08196250349283218,-0.1914161741733551,-0.06105434149503708,-0.11404476314783096,-0.05989430844783783,-0.09873364120721817,0.14374330639839172,0.040176134556531906,-0.09997297078371048,-0.11480803042650223,-0.05655509978532791,0.28912821412086487,-0.09641166776418686,0.19716408848762512,0.08687884360551834,0.05216953530907631,-0.3547251224517822,-0.5042569041252136,-0.007348985411226749,-0.3047555088996887,0.5212463736534119,0.3182789385318756,-0.25949519872665405,-0.39972221851348877,0.24976202845573425,0.38299667835235596,-0.05287664756178856,0.09044517576694489,-0.42401039600372314,0.01116206869482994,0.0034394406247884035,-0.5981186032295227,-0.04810721427202225,-0.2743900716304779,0.18563242256641388,-0.23881541192531586,-0.23298174142837524,-0.17201483249664307,0.37130996584892273,-0.14868797361850739,0.029194897040724754,-0.044369395822286606,-0.22662535309791565,-0.3776126503944397,-0.027296289801597595,0.36336198449134827,-0.4923243224620819,0.2787104845046997,-0.2585632801055908,0.09968926757574081,-0.09536666423082352,0.07880307734012604,0.42849618196487427,-0.11509953439235687
652.0,0.12026433646678925,-0.11946669965982437,-0.5332793593406677,0.02834596112370491,-0.2625671327114105,-0.43384116888046265,-0.8113726377487183,-0.13493028283119202,-0.6817541122436523,0.019874446094036102,0.3002910912036896,-0.47272175550460815,-0.05580221116542816,-0.10205858945846558,-0.08694742619991302,-0.0857110321521759,0.16181622445583344,0.14483481645584106,-0.03930268436670303,-0.2743361294269562,-0.07722066342830658,0.49804285168647766,-0.3558325469493866,0.31768324971199036,0.34921759366989136,0.10390819609165192,-0.38859814405441284,-0.639953076839447,-0.05372771620750427,0.12463324517011642,0.8593001961708069,0.36632490158081055,-0.35233718156814575,-0.35249608755111694,0.2992272973060608,0.7614718079566956,0.12659065425395966,0.26757386326789856,-0.5731711387634277,-0.0859496146440506,0.06787434965372086,-0.6849050521850586,-0.10666763782501221,-0.3489004671573639,0.197605162858963,-0.2619864344596863,-0.13159297406673431,-0.0582464337348938,0.35475265979766846,-0.20558476448059082,0.08914123475551605,-0.007018452510237694,-0.25231069326400757,-0.4289882779121399,-0.13475726544857025,0.549081563949585,-0.7673054337501526,0.18455299735069275,-0.25902530550956726,0.04161457717418671,0.053705353289842606,0.14205661416053772,0.5567031502723694,-0.07276471704244614
653.0,0.10193324089050293,-0.16991445422172546,-0.5450286269187927,0.005761049222201109,-0.2109733670949936,-0.3988589346408844,-0.7482314109802246,-0.17412719130516052,-0.608102023601532,-0.013493718579411507,0.3316143751144409,-0.42593199014663696,0.017078308388590813,-0.12046490609645844,-0.1084667518734932,-0.08337236195802689,0.169744610786438,0.1483256220817566,-0.01615489274263382,-0.25951069593429565,0.02317209355533123,0.511672854423523,-0.31054025888442993,0.34445831179618835,0.3118792176246643,0.0687241405248642,-0.4657539427280426,-0.6026555895805359,-0.10200533270835876,0.11321425437927246,0.866430401802063,0.39980074763298035,-0.3518061339855194,-0.37776827812194824,0.2902994155883789,0.7076929211616516,0.09521838277578354,0.1790463626384735,-0.605379581451416,-0.046580106019973755,0.09330746531486511,-0.7692624926567078,-0.13674072921276093,-0.4148041903972626,0.20741413533687592,-0.2552032470703125,-0.15791495144367218,-0.11762195080518723,0.36442631483078003,-0.20783434808254242,-0.0010118745267391205,-0.005210151895880699,-0.2698127031326294,-0.41228553652763367,-0.11261874437332153,0.5706011056900024,-0.6876702904701233,0.2117050439119339,-0.28224289417266846,0.07286879420280457,0.05820102617144585,0.13975948095321655,0.572880744934082,0.020795347169041634
654.0,-0.2784864902496338,0.19434964656829834,-0.23342318832874298,0.04154617339372635,0.0315546914935112,-0.24201186001300812,-0.4846157729625702,-0.3036075532436371,-0.2277718037366867,-0.04820803925395012,0.5459843873977661,-0.08200742304325104,0.17905771732330322,-0.10628516227006912,-0.022308990359306335,-0.3028560280799866,0.27203214168548584,0.27063971757888794,-0.07433614134788513,-0.11161001026630402,0.08516387641429901,0.2792586088180542,-0.46247008442878723,0.1341722458600998,0.07921793311834335,-0.09433452039957047,-0.16783303022384644,-0.4050227999687195,-0.1464727371931076,-0.12986116111278534,0.3101319372653961,0.18817661702632904,-0.34434667229652405,-0.4146527945995331,0.3204329311847687,0.0031389999203383923,-0.10108929127454758,-0.301341712474823,-0.37468114495277405,0.015904763713479042,-0.05934901908040047,-0.45126044750213623,-0.14709168672561646,-0.33116841316223145,0.32733920216560364,-0.5168257355690002,-0.42245805263519287,-0.36208462715148926,0.035629287362098694,0.013393325731158257,-0.10660932213068008,-0.29571571946144104,-0.47982853651046753,-0.35677677392959595,-0.030799120664596558,0.17395083606243134,-0.17884035408496857,-0.045131102204322815,-0.22381503880023956,0.4149966239929199,-0.07495680451393127,-0.02703438326716423,0.24095778167247772,-0.07368084788322449
655.0,-0.15369655191898346,0.036987826228141785,-0.09941240400075912,0.23544354736804962,-0.02479466050863266,-0.008711508475244045,-0.5956066250801086,-0.17580437660217285,-0.44407936930656433,0.1273433119058609,-0.07277952879667282,-0.05536951869726181,-0.28061622381210327,0.08533637225627899,-0.015229685232043266,-0.3919185698032379,0.09534116089344025,0.17658844590187073,-0.17622406780719757,0.05967823415994644,-0.33481696248054504,0.0159009899944067,-0.22315840423107147,-0.19698341190814972,0.05903749167919159,-0.07994906604290009,0.008452080190181732,-0.2175721377134323,0.41334933042526245,-0.36361294984817505,0.050077278167009354,0.18029068410396576,0.1218690350651741,-0.16823109984397888,-0.011120568960905075,0.15887568891048431,-0.0014827621635049582,0.0841040164232254,-0.14796707034111023,-0.26979273557662964,-0.21754510700702667,0.250203937292099,0.28265371918678284,-0.10318031907081604,0.26889893412590027,-0.12612348794937134,-0.27277177572250366,0.0421719066798687,0.17871351540088654,-0.07957780361175537,0.30657097697257996,-0.03595982864499092,-0.008802041411399841,-0.07377804815769196,-0.25719040632247925,0.12807194888591766,-0.2720809876918793,0.004789413884282112,0.14194083213806152,0.4108163118362427,-0.06368575990200043,0.30709660053253174,-0.05186204984784126,-0.13837312161922455
656.0,-0.38264229893684387,0.23795604705810547,-0.0014595221728086472,0.09433291107416153,-0.1850239783525467,0.15231867134571075,-0.5973482131958008,-0.05972859263420105,-0.22569619119167328,0.1314210593700409,0.23365384340286255,-0.16859005391597748,-0.18815886974334717,0.08891745656728745,-0.027524784207344055,-0.4891347587108612,0.15958495438098907,0.25498825311660767,-0.02409040927886963,-0.07619453966617584,-0.4303451180458069,0.1577662080526352,-0.5558526515960693,-0.18044672906398773,0.18312284350395203,-0.04264429584145546,0.02872292883694172,-0.1385139375925064,0.19698219001293182,-0.008752628229558468,-0.03185204043984413,0.011694392189383507,0.06223640963435173,-0.12554407119750977,0.1512041687965393,0.04899495840072632,0.0369425043463707,-0.06135633960366249,0.03920649364590645,-0.3687862455844879,-0.209115132689476,0.3330916464328766,0.28528302907943726,-0.08804265409708023,0.307147353887558,-0.2583998143672943,-0.3596123158931732,0.02991490438580513,-0.0240591112524271,-0.15855008363723755,0.2514951825141907,-0.16096700727939606,-0.026524946093559265,-0.13402383029460907,-0.2894658148288727,-0.10414499044418335,-0.18453077971935272,-0.1735234558582306,0.11763647943735123,0.5111479759216309,-0.03319011628627777,0.025307338684797287,-0.2121095210313797,-0.25719767808914185
657.0,-0.12351460754871368,0.036800045520067215,-0.07964318245649338,0.31768739223480225,-0.23367559909820557,0.07342590391635895,-0.6868071556091309,0.06320593506097794,-0.35574087500572205,0.19365578889846802,-0.24989645183086395,-0.03395773470401764,-0.5026320815086365,0.18214227259159088,0.13957856595516205,-0.4475439190864563,0.13236507773399353,0.157289057970047,-0.1444527953863144,0.2997455894947052,-0.5108264088630676,0.08190111815929413,-0.11925434321165085,-0.30979207158088684,0.16716164350509644,-0.11097170412540436,-0.0918508768081665,-0.10882226377725601,0.39750051498413086,-0.7670653462409973,-0.1678626388311386,0.10395179688930511,0.06255431473255157,-0.08526508510112762,-0.01381690800189972,0.3012096583843231,0.02388172410428524,0.014611727558076382,-0.07158712297677994,-0.3242723345756531,-0.26963725686073303,0.5042924284934998,0.4855755865573883,-0.1228671595454216,0.25917020440101624,-0.09274148941040039,-0.26704248785972595,-0.06504666060209274,0.16550733149051666,-0.11434945464134216,0.4012486934661865,-0.08349787443876266,0.13483674824237823,0.05676580220460892,-0.41548845171928406,0.10700398683547974,-0.18450601398944855,0.07925326377153397,0.20385845005512238,0.45681923627853394,-0.2269536405801773,0.10768347233533859,-0.23660334944725037,-0.2665001451969147
658.0,-0.08609188348054886,0.0441238209605217,-0.09171215444803238,0.2645682394504547,-0.12474276125431061,-0.09612280130386353,-0.6034104824066162,-0.0760493278503418,-0.4526943862438202,0.18190446496009827,-0.15774604678153992,-0.10775287449359894,-0.35225868225097656,0.17210499942302704,0.1146325096487999,-0.34622928500175476,0.08142535388469696,0.1433265656232834,-0.2607671618461609,0.11246199160814285,-0.4729427099227905,-0.015678629279136658,-0.26882949471473694,-0.17113709449768066,0.1714434176683426,-0.044797707349061966,0.0676354244351387,-0.2800341844558716,0.4157901704311371,-0.42066970467567444,0.03197230398654938,0.18428926169872284,0.04995394125580788,-0.1611839085817337,-0.012881362810730934,0.2809308171272278,0.03661937266588211,0.12484905123710632,-0.051604267209768295,-0.25789234042167664,-0.23832270503044128,0.3530866503715515,0.30010369420051575,-0.07472864538431168,0.20477448403835297,-0.17295818030834198,-0.19202262163162231,0.02541976608335972,0.10297444462776184,-0.1476856917142868,0.3807317018508911,-0.05636237934231758,-0.002360349288210273,-0.03711547702550888,-0.31412237882614136,0.1844019591808319,-0.2757638990879059,-0.015096298418939114,0.14057165384292603,0.3288564383983612,-0.06193222105503082,0.21390821039676666,-0.08019480109214783,-0.19564825296401978
659.0,-0.1718338131904602,0.07288820296525955,-0.10803605616092682,0.18942460417747498,-0.3481478691101074,0.17250333726406097,-0.5654916167259216,0.08332516998052597,-0.3907015919685364,0.057358402758836746,0.16478866338729858,-0.26770132780075073,-0.3609887659549713,-0.04207322746515274,-0.02106615900993347,-0.5563787221908569,0.1531483381986618,0.2505453824996948,-0.03275518864393234,-0.18755888938903809,-0.4449821710586548,0.32382556796073914,-0.2865566909313202,-0.24782998859882355,0.4058879017829895,0.11000743508338928,-0.09861317276954651,-0.1846664398908615,0.19851501286029816,-0.2612887918949127,0.03284687548875809,-0.04349416866898537,0.05560466647148132,-0.06275518983602524,0.26255759596824646,0.32704979181289673,0.12304224818944931,0.044850822538137436,0.14149820804595947,-0.2114305943250656,-0.07954571396112442,0.3078831732273102,0.2579418420791626,-0.0971606969833374,0.2398335039615631,-0.20650328695774078,-0.3165871798992157,-0.04777408763766289,0.11824168264865875,-0.13346897065639496,0.2916809320449829,-0.1384325623512268,-0.16179443895816803,-0.08177240937948227,-0.10850841552019119,-0.05838507041335106,-0.2948598861694336,-0.12363390624523163,0.05678308755159378,0.38999250531196594,-0.32746559381484985,0.06320923566818237,-0.06537424772977829,-0.38043782114982605
660.0,-0.5370631217956543,0.13295122981071472,-0.4782956540584564,-0.1412772238254547,-0.09525667130947113,-0.1352090686559677,-0.5469951629638672,0.11456126719713211,0.07529189437627792,0.39700937271118164,0.3056827783584595,0.10274893045425415,-0.020253051072359085,0.20434103906154633,0.024118194356560707,-0.036702871322631836,0.16301092505455017,0.1364966183900833,-0.15814179182052612,-0.0018048272468149662,-0.4733421802520752,0.0509851835668087,-0.7017814517021179,0.45853713154792786,0.1856851726770401,-0.2862098515033722,-0.38444072008132935,-0.36018216609954834,-0.15754695236682892,0.5983445048332214,0.24930989742279053,0.034632608294487,-0.6315785646438599,-0.2547222375869751,-0.12416474521160126,0.540034830570221,0.09168928861618042,-0.413794606924057,-0.17842550575733185,-0.3501547574996948,-0.0665798932313919,-0.3019239902496338,0.2544113099575043,-0.2461150884628296,0.07202763110399246,-0.20488688349723816,0.1605319082736969,0.20976486802101135,-0.11637917160987854,-0.6104129552841187,-0.09917251020669937,-0.0575726144015789,0.22144268453121185,-0.35109859704971313,-0.558100700378418,0.09768021106719971,-0.1917734295129776,-0.0025936421006917953,-0.14564035832881927,0.07682392746210098,0.5597984194755554,0.09481693059206009,-0.02333073876798153,-0.24056309461593628
661.0,-0.25172168016433716,-0.21050165593624115,-0.7352666854858398,-0.004237412475049496,-0.30483826994895935,0.06300395727157593,-0.8211553692817688,0.3025049567222595,-0.45271310210227966,0.3123212456703186,0.27543675899505615,-0.34867197275161743,-0.355439156293869,-0.025930704548954964,-0.11319490522146225,-0.3035571277141571,0.14923791587352753,0.27132534980773926,-0.10889443010091782,-0.36922577023506165,-0.4960497319698334,0.5172970294952393,-0.4158289134502411,0.3881334364414215,0.6018399000167847,-0.10693155229091644,-0.6962615251541138,-0.4334895610809326,-0.02063140645623207,0.3039720058441162,0.5439353585243225,0.017139198258519173,-0.5646357536315918,-0.08004803210496902,0.07058286666870117,0.8545176982879639,0.35832810401916504,-0.14180374145507812,-0.13798171281814575,-0.1643451452255249,0.1906081587076187,-0.4436977803707123,0.35430285334587097,-0.3027991056442261,0.07819890975952148,-0.09713582694530487,0.3362501263618469,0.21475857496261597,0.21435438096523285,-0.6259413957595825,0.12108298391103745,0.045890722423791885,-0.013908286578953266,-0.37538453936576843,-0.25407958030700684,0.3743192255496979,-0.5596207976341248,0.06829635053873062,-0.2960655987262726,-0.012334932573139668,0.1693064123392105,0.2379801720380783,0.307017982006073,-0.44628483057022095
662.0,-0.20686791837215424,-0.15607504546642303,-0.6315464973449707,-0.034516848623752594,-0.3378278613090515,0.07461179047822952,-0.7487642168998718,0.3826703727245331,-0.4324706196784973,0.2787969410419464,0.2907954454421997,-0.3525007963180542,-0.3159995377063751,-0.07781040668487549,-0.048621468245983124,-0.227044478058815,0.11808880418539047,0.17464900016784668,-0.09129966050386429,-0.47849079966545105,-0.5854549407958984,0.4921516180038452,-0.35227933526039124,0.32634225487709045,0.6136556267738342,0.007973836734890938,-0.6947488784790039,-0.4589855670928955,-0.04014149308204651,0.4437052309513092,0.5140937566757202,0.05865108221769333,-0.5194794535636902,-0.08409074693918228,0.04516078904271126,0.928206741809845,0.39304518699645996,-0.08652912080287933,-0.030632050707936287,-0.19430935382843018,0.2562601864337921,-0.521953821182251,0.33878573775291443,-0.17088980972766876,0.014784188941121101,-0.08487830311059952,0.3244459629058838,0.2768867611885071,0.2350906878709793,-0.6004486680030823,0.17363102734088898,0.12408024817705154,-0.004868370480835438,-0.4014246463775635,-0.20841166377067566,0.3058205246925354,-0.7008190155029297,0.11571724712848663,-0.2967464327812195,-0.12517261505126953,0.1934669017791748,0.188687264919281,0.32663801312446594,-0.5529698729515076
663.0,-0.10399428755044937,-0.13441185653209686,-0.3656262159347534,0.17943046987056732,0.005867332685738802,-0.09739110618829727,-0.5141091346740723,-0.04028511792421341,-0.49022337794303894,0.08214838802814484,0.12793415784835815,-0.16649216413497925,-0.09776322543621063,-0.059229541569948196,-0.021645884960889816,-0.11017346382141113,-0.055701397359371185,0.1622290462255478,-0.3812152147293091,-0.4421996474266052,-0.4289436638355255,0.06277036666870117,-0.29825547337532043,0.19740521907806396,0.3207944631576538,0.020513826981186867,-0.29786819219589233,-0.545795202255249,0.20906886458396912,0.2124081403017044,0.4942975342273712,0.3180476129055023,-0.217184379696846,-0.2773076295852661,-0.08738354593515396,0.4983069598674774,0.16152557730674744,0.052079830318689346,0.023382412269711494,-0.06523257493972778,0.1173606887459755,-0.4919886291027069,0.08162796497344971,-0.0017300272593274713,0.022209346294403076,-0.13401256501674652,0.1680404245853424,0.25234270095825195,0.18585972487926483,-0.4829491972923279,0.1382436603307724,0.1502975970506668,-0.18401198089122772,-0.46389222145080566,-0.06202205643057823,0.4133490025997162,-0.5622177124023438,0.11088471859693527,-0.20342034101486206,-0.04405521601438522,0.2995832562446594,0.38793671131134033,0.32318419218063354,-0.3297303318977356
664.0,-0.24913005530834198,-0.19730010628700256,-0.585386335849762,0.06157505512237549,-0.2145480364561081,0.0014844253892078996,-0.5865060091018677,0.3289982080459595,-0.35125887393951416,0.3020041286945343,0.1686977595090866,-0.1841246336698532,-0.30796077847480774,-0.012550144456326962,-0.0460544191300869,-0.19134442508220673,0.11522948741912842,0.18090233206748962,-0.17934304475784302,-0.2785671651363373,-0.5264902114868164,0.26909124851226807,-0.2167380303144455,0.26816245913505554,0.4084635078907013,-0.017128486186265945,-0.626649022102356,-0.36750301718711853,-0.018894897773861885,0.17134684324264526,0.39654460549354553,0.08487623929977417,-0.4355705976486206,-0.12054374068975449,0.031781867146492004,0.7607133388519287,0.3425356447696686,-0.18522575497627258,0.04634230583906174,-0.0984952300786972,0.18669478595256805,-0.48138052225112915,0.2605839967727661,-0.14757040143013,0.03433084487915039,-0.10166171193122864,0.33961021900177,0.2163572907447815,0.23131543397903442,-0.5496281385421753,0.050170838832855225,0.14804674685001373,-0.007572654169052839,-0.3252445459365845,-0.20210331678390503,0.2525292932987213,-0.4746745228767395,0.10656274855136871,-0.25319305062294006,-0.13006405532360077,0.1632484793663025,0.2113794982433319,0.25326085090637207,-0.5047503113746643
665.0,-0.01174570806324482,-0.0016764516476541758,-0.1400400996208191,0.37540075182914734,-0.2037125676870346,-0.13004837930202484,-0.5296648144721985,-0.02324698679149151,-0.5300276279449463,0.11586738377809525,-0.2745274603366852,-0.19551882147789001,-0.3564288020133972,0.372129887342453,0.14235636591911316,-0.34657740592956543,0.08821045607328415,0.10574523359537125,-0.14417053759098053,0.3099806606769562,-0.37832003831863403,0.043845370411872864,-0.07870111614465714,-0.21001216769218445,0.14046745002269745,0.15551196038722992,-0.053561024367809296,-0.08783344179391861,0.4056079685688019,-0.6149911880493164,0.12827230989933014,0.23100116848945618,0.29598844051361084,-0.246758371591568,-0.003901530522853136,0.35085710883140564,-0.07021459937095642,0.3493993580341339,-0.1907380372285843,-0.2628118395805359,-0.2597384452819824,0.7051572203636169,0.20513352751731873,-0.007484521251171827,0.44992679357528687,-0.25765785574913025,-0.3109593987464905,-0.025302443653345108,0.18812225759029388,-0.2075445055961609,0.5082014799118042,-0.17517594993114471,0.006401087623089552,-0.1005597859621048,-0.31494656205177307,0.13004577159881592,-0.06178554892539978,-0.10831639170646667,0.3439582288265228,0.4926636219024658,-0.41058507561683655,0.14426064491271973,-0.29346778988838196,-0.0046862270683050156
666.0,-0.012475916184484959,-0.0023562207352370024,-0.08531521260738373,0.2914898991584778,-0.33147096633911133,-0.07267927378416061,-0.7400681376457214,-0.08025330305099487,-0.6393159627914429,0.15990562736988068,-0.17816272377967834,-0.30443716049194336,-0.44609683752059937,0.21991322934627533,0.10453679412603378,-0.4093325138092041,0.07814567536115646,0.159376859664917,-0.07725012302398682,0.24510151147842407,-0.4755624234676361,0.1771605908870697,-0.23987574875354767,-0.30141907930374146,0.2670093774795532,0.12124066799879074,-0.05815809592604637,-0.17802533507347107,0.4344887435436249,-0.4694596230983734,0.18339066207408905,0.22625498473644257,0.29813873767852783,-0.15438179671764374,0.04622691497206688,0.5367867350578308,0.1088426411151886,0.4309283494949341,-0.16473577916622162,-0.4089539647102356,-0.25441300868988037,0.5966044068336487,0.24973243474960327,-0.042601414024829865,0.3886260986328125,-0.14930647611618042,-0.37848255038261414,0.048207275569438934,0.16882066428661346,-0.12384659051895142,0.5138041973114014,-0.15434329211711884,0.037702735513448715,-0.052347488701343536,-0.41363897919654846,0.21225017309188843,-0.276254266500473,-0.13800573348999023,0.35890993475914,0.5518717169761658,-0.2969769537448883,0.18132998049259186,-0.22900857031345367,-0.10068419575691223
667.0,-0.06881646066904068,-0.07071756571531296,-0.07266741991043091,0.31474894285202026,-0.16665326058864594,0.013358721509575844,-0.6300696134567261,-0.1137000024318695,-0.47000613808631897,0.22758673131465912,-0.14570635557174683,-0.11472625285387039,-0.42711445689201355,0.17369593679904938,0.04926884546875954,-0.5019295811653137,0.08266161382198334,0.2925064265727997,-0.16317138075828552,0.21341127157211304,-0.4004492163658142,0.05354331433773041,-0.2180120348930359,-0.32823339104652405,0.2203168421983719,-0.0807335302233696,0.0989895910024643,-0.1327076405286789,0.4934607148170471,-0.6578894257545471,-0.03599287569522858,0.13432148098945618,0.2432664930820465,-0.09918948262929916,0.008842688985168934,0.2312108725309372,0.02467062696814537,0.18237891793251038,-0.08227674663066864,-0.32323142886161804,-0.2954132854938507,0.5585967898368835,0.3540402054786682,-0.18591925501823425,0.28513672947883606,-0.12915685772895813,-0.36630234122276306,-0.054110437631607056,0.12295453995466232,-0.059089407324790955,0.38827118277549744,-0.10197582840919495,0.01455223374068737,0.07439401000738144,-0.38854071497917175,0.1560932993888855,-0.14641410112380981,-0.09483321011066437,0.2696634531021118,0.5527414679527283,-0.23129981756210327,0.22693327069282532,-0.23642653226852417,-0.068707674741745
668.0,0.030215473845601082,0.6387547850608826,0.0680447444319725,0.09214668720960617,-0.5108607411384583,-0.2558737099170685,-0.6914741396903992,0.14092862606048584,-0.0961495116353035,-0.11255564540624619,-0.00041170488111674786,-0.3847726285457611,-0.03921063616871834,0.19237983226776123,0.4964388608932495,-0.16613303124904633,0.19596070051193237,-0.017334025353193283,0.1282351315021515,0.14326131343841553,-0.22465203702449799,0.3021295964717865,-0.7045581340789795,-0.2786039412021637,0.5303938984870911,0.2625677287578583,0.11355091631412506,-0.5115548968315125,0.315916508436203,0.14337646961212158,0.622679591178894,0.5651187896728516,-0.20297767221927643,-0.1164686530828476,0.12119317799806595,0.6408130526542664,-0.07054495811462402,0.611353874206543,-0.48944291472435,-0.5587405562400818,-0.20567840337753296,0.4512890875339508,0.00014383031520992517,0.4250545799732208,0.40630990266799927,-0.4189131259918213,-0.5388132929801941,0.07040563970804214,0.2679036557674408,-0.1429549604654312,0.7684175372123718,-0.2277708798646927,0.016574453562498093,-0.05827787518501282,-0.6497114300727844,0.3657674193382263,-0.8253220915794373,-0.4024551808834076,0.3838326632976532,0.4338127076625824,-0.19619329273700714,-0.19858358800411224,-0.47309330105781555,-0.3079080879688263
669.0,-0.06174800917506218,0.03634015843272209,-0.026091670617461205,0.3803609311580658,-0.23445698618888855,-0.0764496922492981,-0.7465505599975586,-0.06582546979188919,-0.6503826379776001,0.27848300337791443,-0.309641569852829,-0.1524806022644043,-0.6108913421630859,0.26076778769493103,0.11683715134859085,-0.5205653309822083,0.10672865808010101,0.18207986652851105,-0.25625303387641907,0.2364012897014618,-0.6330720782279968,-0.021797750145196915,-0.2309904396533966,-0.3949523866176605,0.22491075098514557,0.04056278616189957,0.16577859222888947,-0.21912330389022827,0.590627908706665,-0.6568505764007568,-0.07922584563493729,0.1554815173149109,0.25763288140296936,-0.13988885283470154,0.015515187755227089,0.3759966194629669,0.06740621477365494,0.26916369795799255,-0.015785980969667435,-0.4038051962852478,-0.3760828375816345,0.7729111313819885,0.4306081533432007,-0.06183808669447899,0.33280840516090393,-0.1644277274608612,-0.3331773579120636,0.0422128327190876,0.12258700281381607,-0.09873716533184052,0.5804675221443176,-0.09239031374454498,0.03503422811627388,0.05457222834229469,-0.41533270478248596,0.0866578072309494,-0.24856074154376984,-0.06838947534561157,0.33032503724098206,0.5037669539451599,-0.2760631740093231,0.2733273506164551,-0.21341532468795776,-0.20195424556732178
670.0,-0.14489862322807312,0.08898347616195679,-0.2578362822532654,0.36475011706352234,-0.09955901652574539,-0.2456750124692917,-0.5385333299636841,-0.25897759199142456,-0.5357599258422852,0.22291716933250427,0.05590531975030899,-0.04081341624259949,-0.24550166726112366,0.13690629601478577,0.007020161487162113,-0.5200774073600769,0.23263287544250488,0.09442034363746643,-0.09341416507959366,0.25951775908470154,-0.29087764024734497,0.12648887932300568,-0.2555581033229828,-0.031719133257865906,-0.02824820950627327,0.002407591789960861,-0.09934080392122269,-0.19499514997005463,0.22891052067279816,-0.4780520796775818,0.1073853075504303,0.15235383808612823,0.11976106464862823,-0.22895915806293488,0.25875362753868103,0.17538410425186157,-0.12449698150157928,-0.030496446415781975,-0.2508627474308014,-0.2009570151567459,-0.24468356370925903,0.38865867257118225,0.18476901948451996,-0.27282896637916565,0.4828488528728485,-0.3034079968929291,-0.4564366042613983,-0.19358354806900024,0.17266608774662018,0.03540659695863724,0.18314829468727112,-0.1478506624698639,-0.17454290390014648,-0.12477725744247437,-0.21306028962135315,-0.032808784395456314,-0.07589652389287949,0.044665172696113586,0.10305491089820862,0.6352084279060364,-0.34207409620285034,0.13243259489536285,-0.04751025512814522,-0.050373632460832596
671.0,-0.19381169974803925,0.565065324306488,-0.08243273198604584,0.14856195449829102,-0.38282960653305054,-0.20468218624591827,-0.7534766793251038,-0.022060183808207512,-0.3016643822193146,0.2560274004936218,0.32383960485458374,-0.31942614912986755,-0.19618147611618042,0.1506108194589615,0.3480537235736847,-0.655847430229187,0.35063591599464417,0.10151272267103195,0.04486843943595886,0.19949744641780853,-0.44948357343673706,0.254152774810791,-0.7849846482276917,-0.22068190574645996,0.20070187747478485,-0.013385673984885216,0.11861222982406616,-0.319480836391449,0.29552075266838074,-0.17183434963226318,0.09232998639345169,0.0819045901298523,-0.06503926217556,-0.018690861761569977,0.4288583993911743,0.202764093875885,0.07300157845020294,0.06396161764860153,-0.12483972311019897,-0.42945989966392517,-0.22089700400829315,0.5205565690994263,0.2313985675573349,-0.09655997902154922,0.4802924394607544,-0.47074609994888306,-0.6710327863693237,-0.16386425495147705,0.024996129795908928,0.14659997820854187,0.4908101260662079,-0.2546112537384033,-0.12480149418115616,0.11649692803621292,-0.3814336657524109,-0.00813617929816246,-0.5336519479751587,-0.3436017334461212,0.13638445734977722,0.6454284191131592,-0.28742846846580505,-0.1696302741765976,-0.2644163966178894,-0.36253076791763306
672.0,-0.10990279167890549,0.15634135901927948,-0.07132177799940109,0.27437901496887207,-0.2331337034702301,-0.15738266706466675,-0.6290473937988281,-0.20849980413913727,-0.5545139312744141,0.0757366344332695,0.083302803337574,-0.199416846036911,-0.2948252260684967,0.053790345788002014,0.0541783943772316,-0.5157456398010254,0.21441957354545593,0.1510775089263916,-0.09420831501483917,0.09975041449069977,-0.36081662774086,0.20692910254001617,-0.34028804302215576,-0.22836443781852722,0.17403453588485718,0.08356354385614395,0.017545459792017937,-0.28204551339149475,0.24806495010852814,-0.4256274998188019,0.0748395100235939,0.11867397278547287,0.09915487468242645,-0.1920587420463562,0.3173045516014099,0.21279262006282806,-0.033434636890888214,0.08668158203363419,-0.11440801620483398,-0.23876923322677612,-0.27523210644721985,0.40450119972229004,0.12955108284950256,-0.1711227297782898,0.38977566361427307,-0.3152128756046295,-0.49533891677856445,-0.18316416442394257,0.13171342015266418,0.03825424611568451,0.28183406591415405,-0.20857015252113342,-0.2341633290052414,-0.08666393905878067,-0.13984233140945435,0.004456571768969297,-0.2481229603290558,-0.053503334522247314,0.108578160405159,0.5649004578590393,-0.33676600456237793,0.08500351011753082,-0.013459283858537674,-0.17491115629673004
673.0,-0.06660927087068558,0.10465910285711288,-0.2275889664888382,0.2599945068359375,-0.19767673313617706,-0.26640528440475464,-0.6967495679855347,-0.23272456228733063,-0.565018892288208,0.2386637181043625,1.6873935237526894e-05,-0.1641891896724701,-0.3358039855957031,0.1885092407464981,0.04022617265582085,-0.5121365189552307,0.258688360452652,0.1318577378988266,-0.02826598659157753,0.345663458108902,-0.23182325065135956,0.17246860265731812,-0.24955417215824127,-0.11920492351055145,0.004635676275938749,-0.001908675767481327,0.006604893133044243,-0.19511640071868896,0.2767981290817261,-0.5998281240463257,0.12976133823394775,0.1463969647884369,0.12809103727340698,-0.2245536893606186,0.26601508259773254,0.2761991620063782,-0.06761942058801651,0.13516467809677124,-0.39831575751304626,-0.2857646644115448,-0.30480262637138367,0.4262334704399109,0.20603476464748383,-0.33545371890068054,0.48761695623397827,-0.2984568774700165,-0.5283603668212891,-0.2191321849822998,0.19781218469142914,0.10644891113042831,0.32801583409309387,-0.206280916929245,-0.0824553370475769,-0.020309772342443466,-0.3324689269065857,0.06182011216878891,-0.1919548213481903,-0.002558918436989188,0.16605310142040253,0.5926892757415771,-0.37616512179374695,0.09854160994291306,-0.06637871265411377,0.03493250161409378
674.0,-0.09852178394794464,0.10268817842006683,-0.13989967107772827,0.3953397870063782,-0.09403163194656372,-0.21962496638298035,-0.6055851578712463,-0.22670157253742218,-0.5180798768997192,0.14005586504936218,-0.08944778889417648,-0.02764996699988842,-0.30528339743614197,0.1422802060842514,0.04590149223804474,-0.46114155650138855,0.19775846600532532,0.0939953625202179,-0.12085748463869095,0.31704968214035034,-0.2963239848613739,0.07454230636358261,-0.16403166949748993,-0.1316055953502655,-0.03982919827103615,0.0017820949433371425,-0.060077864676713943,-0.19137373566627502,0.3001834750175476,-0.6912859678268433,0.0681077241897583,0.2117474377155304,0.126649409532547,-0.28645509481430054,0.19406087696552277,0.1374782919883728,-0.13856790959835052,0.04662275314331055,-0.23577971756458282,-0.20144575834274292,-0.26963087916374207,0.3587247133255005,0.22099122405052185,-0.21949438750743866,0.45756396651268005,-0.2828020751476288,-0.4702547788619995,-0.21649809181690216,0.2033691108226776,0.02491878904402256,0.26001957058906555,-0.1412362903356552,-0.13879895210266113,-0.10037007182836533,-0.24422067403793335,0.027475036680698395,-0.10657458752393723,0.09581935405731201,0.12250865250825882,0.5878720879554749,-0.354068785905838,0.09951449185609818,-0.07189128547906876,-0.0531291663646698
675.0,-0.2589282989501953,-0.12165451049804688,-0.39922091364860535,0.3331933319568634,-0.10008344054222107,-0.09993522614240646,-0.6530376076698303,-0.10657285898923874,-0.72407466173172,0.4733857810497284,0.013135445304214954,-0.19988255202770233,-0.4964278042316437,0.19094498455524445,-0.08953555673360825,-0.6046363711357117,0.10725583881139755,0.28693392872810364,-0.2794478237628937,-0.07951465249061584,-0.5907497406005859,0.04420661926269531,-0.4562261402606964,-0.006750158499926329,0.3156159222126007,-0.012158135883510113,0.015466811135411263,-0.28546491265296936,0.4822266399860382,-0.11233004182577133,0.21684758365154266,0.015149789862334728,0.09881004691123962,-0.16050469875335693,0.05694333463907242,0.3975532054901123,0.16158342361450195,0.08141791820526123,0.04451797902584076,-0.24670931696891785,-0.20872963964939117,0.5167296528816223,0.34869977831840515,-0.16756168007850647,0.3566848635673523,-0.24287201464176178,-0.04248126596212387,0.1971377730369568,0.0688660517334938,-0.38289326429367065,0.3927454650402069,-0.04837184026837349,-0.14451776444911957,-0.18673838675022125,-0.26729753613471985,0.05429381504654884,-0.17654073238372803,-0.20248757302761078,0.13234910368919373,0.44110047817230225,-0.14851132035255432,0.43766069412231445,-0.08407724648714066,-0.2086230367422104
676.0,-0.3460130989551544,-0.00181606225669384,-0.2191891223192215,0.2483099102973938,-0.07257689535617828,-0.15841445326805115,-0.4870140850543976,-0.18194690346717834,-0.5330913662910461,0.5265916585922241,0.05556435137987137,0.04647508263587952,-0.45406579971313477,0.24912850558757782,0.007428076583892107,-0.5645065307617188,0.16237705945968628,0.3604360520839691,-0.31830644607543945,0.03349555283784866,-0.5681977272033691,-0.0372566357254982,-0.7484316229820251,-0.061355702579021454,0.46073368191719055,-0.16738799214363098,0.2736397981643677,-0.32616910338401794,0.393585741519928,0.1851876974105835,-0.01431536115705967,0.016760168597102165,-0.059108465909957886,-0.0408879779279232,-0.011333423666656017,0.2799854874610901,0.03371293470263481,-0.14577431976795197,-0.02106674388051033,-0.3595734238624573,-0.4321869909763336,0.9089556932449341,0.3358495533466339,-0.14103244245052338,0.3007921576499939,-0.33663511276245117,-0.03386447951197624,0.18954764306545258,-0.21418650448322296,-0.3149736523628235,0.3007212281227112,-0.15423201024532318,-0.17523153126239777,-0.07535699009895325,-0.4242681860923767,-0.019559364765882492,0.0950801819562912,-0.3008277118206024,0.21913965046405792,0.5967395901679993,0.0637579932808876,0.39431077241897583,-0.26900580525398254,-0.1350913941860199
677.0,-0.19439055025577545,-0.10489940643310547,-0.28514161705970764,0.37733685970306396,-0.0631115585565567,-0.08867184817790985,-0.5146317481994629,-0.11502258479595184,-0.6459596753120422,0.4129326641559601,-0.17598003149032593,-0.09940464794635773,-0.5480157732963562,0.2313794046640396,-0.08319772779941559,-0.5647619962692261,0.0767895057797432,0.23165707290172577,-0.24700921773910522,0.09740406274795532,-0.5219969153404236,-0.06525347381830215,-0.256129652261734,-0.09769146144390106,0.14814843237400055,0.004096852615475655,0.12704406678676605,-0.14011363685131073,0.5328767895698547,-0.38398775458335876,0.05359397456049919,-0.01837628148496151,0.22713780403137207,-0.13855944573879242,0.02550407312810421,0.23495014011859894,0.07706552743911743,0.1312175691127777,0.07327673584222794,-0.21289761364459991,-0.2502346336841583,0.6733927130699158,0.3791337013244629,-0.13201965391635895,0.383812814950943,-0.1625773310661316,-0.09174871444702148,0.13967595994472504,0.09637881815433502,-0.261494517326355,0.41596996784210205,-0.05864015594124794,-0.06727059930562973,-0.0915057435631752,-0.2694399654865265,-0.04207954555749893,-0.008131634443998337,-0.1787097454071045,0.21310384571552277,0.45425617694854736,-0.27983561158180237,0.38475301861763,-0.19237428903579712,-0.12159430980682373
678.0,-0.22944900393486023,-0.11378856748342514,-0.37291720509529114,0.28513431549072266,-0.16469047963619232,-0.10870136320590973,-0.567753255367279,-0.08356834948062897,-0.7376188039779663,0.4833967983722687,0.07080438733100891,-0.27790382504463196,-0.4671270251274109,0.18189339339733124,-0.11015091836452484,-0.6042279601097107,0.10924987494945526,0.26420530676841736,-0.21314486861228943,-0.12636955082416534,-0.5932700037956238,0.06733221560716629,-0.460660457611084,-0.015643678605556488,0.333705335855484,0.11789151281118393,0.053907692432403564,-0.215758815407753,0.4196838140487671,0.038941819220781326,0.22986961901187897,-0.05122753977775574,0.18492218852043152,-0.1361418515443802,0.1371029019355774,0.45231500267982483,0.20461761951446533,0.16950847208499908,0.13012923300266266,-0.2686934471130371,-0.1640099287033081,0.591288149356842,0.30490487813949585,-0.11565593630075455,0.37198489904403687,-0.24809947609901428,-0.08184897899627686,0.2448301464319229,0.03614611551165581,-0.33830738067626953,0.38856807351112366,-0.05851474776864052,-0.16295790672302246,-0.16937576234340668,-0.23865748941898346,-0.05356213077902794,-0.1815294325351715,-0.28857749700546265,0.1810695081949234,0.4121681749820709,-0.2216818630695343,0.3821128010749817,-0.12297675013542175,-0.1994638592004776
679.0,-0.297837495803833,-0.12761211395263672,-0.3482411801815033,0.2425200343132019,-0.06433567404747009,-0.18573597073554993,-0.4453120827674866,-0.08563553541898727,-0.6394268274307251,0.5005425810813904,0.12187549471855164,-0.08596507459878922,-0.4475676715373993,0.16544388234615326,-0.04042569920420647,-0.5227563381195068,0.201263427734375,0.3131738603115082,-0.2339177131652832,-0.07918119430541992,-0.41701316833496094,0.07629504799842834,-0.36413082480430603,-0.08600722253322601,0.3867374360561371,0.061152491718530655,0.03529480844736099,-0.21812112629413605,0.3052937686443329,-0.0016634343191981316,0.17588277161121368,0.0699060931801796,0.017895182594656944,-0.1505463570356369,0.04162277281284332,0.4049357771873474,0.14936017990112305,-0.05256253108382225,-0.010834185406565666,-0.2356397807598114,-0.17206305265426636,0.5767273306846619,0.23189523816108704,-0.06346995383501053,0.42563915252685547,-0.34095653891563416,-0.04725658521056175,0.14202871918678284,-0.042657170444726944,-0.23306113481521606,0.3294502794742584,-0.09420144557952881,-0.281572550535202,-0.20596471428871155,-0.28307098150253296,0.01429122406989336,-0.030586684122681618,-0.2573888897895813,0.18951164186000824,0.47596773505210876,-0.20554323494434357,0.39358779788017273,-0.10701186954975128,-0.18658697605133057
680.0,-0.1193806529045105,0.13595348596572876,-0.031183693557977676,0.3540096879005432,-0.12967057526111603,-0.10049161314964294,-0.6153026819229126,-0.12774036824703217,-0.49810171127319336,0.10808475315570831,-0.12997640669345856,-0.04753907397389412,-0.3166992664337158,0.13148795068264008,0.16515670716762543,-0.3663855791091919,0.07842045277357101,0.13244348764419556,-0.33199918270111084,0.05137033015489578,-0.5861777067184448,-0.013293199241161346,-0.3156275451183319,-0.21493172645568848,0.19077734649181366,0.005167252849787474,0.0060751778073608875,-0.37527957558631897,0.40153732895851135,-0.3927656412124634,0.011649053543806076,0.2889477014541626,0.028482431545853615,-0.20995503664016724,0.008284242823719978,0.2827838957309723,-0.01375993900001049,0.06697208434343338,0.04208717495203018,-0.28409549593925476,-0.23777002096176147,0.3191976249217987,0.27383899688720703,0.030895866453647614,0.23132461309432983,-0.23055176436901093,-0.25738829374313354,0.018167058005928993,0.09599477052688599,-0.1976473480463028,0.34047967195510864,-0.04785825312137604,-0.10906124114990234,-0.14265753328800201,-0.25903698801994324,0.17403137683868408,-0.3384760022163391,0.035734307020902634,0.12179549038410187,0.39684003591537476,-0.04113783687353134,0.2109740972518921,-0.05698775500059128,-0.32671689987182617
681.0,-0.12055759876966476,0.022156769409775734,-0.10477576404809952,0.32663917541503906,-0.08379383385181427,-0.08310944586992264,-0.6141581535339355,-0.1235843300819397,-0.45289963483810425,0.18257898092269897,-0.22975702583789825,-0.030822761356830597,-0.4066847860813141,0.17301176488399506,0.08275741338729858,-0.3705669939517975,0.07421088963747025,0.17948412895202637,-0.27486830949783325,0.17756754159927368,-0.4725109934806824,-0.051569413393735886,-0.2707308530807495,-0.15999643504619598,0.13418982923030853,-0.1126479059457779,0.06095224991440773,-0.2578044831752777,0.45731016993522644,-0.5374212265014648,-0.008201484568417072,0.1623939424753189,0.053511690348386765,-0.17221659421920776,-0.026621943339705467,0.19217301905155182,-0.022355936467647552,0.06844867765903473,-0.07937446981668472,-0.237964928150177,-0.2955538034439087,0.39660197496414185,0.33187979459762573,-0.11116725951433182,0.2313200831413269,-0.15826661884784698,-0.18300889432430267,0.004829818848520517,0.09460251778364182,-0.17967648804187775,0.36199983954429626,-0.08372633159160614,-0.0010509537532925606,-0.055526088923215866,-0.30364322662353516,0.16714997589588165,-0.16848653554916382,0.02540423534810543,0.13921219110488892,0.39111557602882385,-0.061838146299123764,0.2411174476146698,-0.12338308990001678,-0.1539621353149414
682.0,-0.023634005337953568,0.04891094192862511,-0.07655175030231476,0.18306799232959747,-0.3207964599132538,-0.13354600965976715,-0.7425126433372498,-0.06508154422044754,-0.5408213138580322,0.21735239028930664,0.05059775710105896,-0.2882162630558014,-0.3560495376586914,0.15234629809856415,0.14706607162952423,-0.41131845116615295,0.1469816416501999,0.19199930131435394,-0.12788477540016174,0.05670950934290886,-0.47517335414886475,0.19282548129558563,-0.39632073044776917,-0.28987011313438416,0.34152376651763916,0.07370110601186752,0.05217968672513962,-0.2929621636867523,0.35389819741249084,-0.24193903803825378,0.11527705937623978,0.22215396165847778,0.12802523374557495,-0.09549509733915329,0.15022115409374237,0.4880051612854004,0.11898382008075714,0.24780182540416718,-0.12471187114715576,-0.4116477072238922,-0.23963594436645508,0.4360603988170624,0.23969954252243042,-0.10359081625938416,0.25476282835006714,-0.23083831369876862,-0.3736593723297119,-0.01715238206088543,0.0725746676325798,-0.030322523787617683,0.41105201840400696,-0.06813271343708038,-0.03487082198262215,0.015458798035979271,-0.3650132417678833,0.20104114711284637,-0.45915287733078003,-0.06684333086013794,0.2280382513999939,0.43743595480918884,-0.11323806643486023,0.1423855572938919,-0.056240014731884,-0.1680261492729187
683.0,-0.05084027349948883,0.04947490990161896,-0.052550315856933594,0.20235013961791992,-0.26849251985549927,-0.11666671186685562,-0.7801796197891235,-0.07520966976881027,-0.5441750288009644,0.17626701295375824,-0.06776991486549377,-0.23987413942813873,-0.40216583013534546,0.17281964421272278,0.15906071662902832,-0.38649725914001465,0.10901954770088196,0.21097230911254883,-0.22308339178562164,0.0822332575917244,-0.5164544582366943,0.12441224604845047,-0.3974680006504059,-0.2786601185798645,0.35927504301071167,-0.009902249090373516,0.053204815834760666,-0.3468923270702362,0.4269125163555145,-0.3468036353588104,0.07995456457138062,0.2564070224761963,0.06251363456249237,-0.13726261258125305,0.02619023621082306,0.4586494565010071,0.08993852883577347,0.21755647659301758,-0.1253485232591629,-0.4178524315357208,-0.2795839011669159,0.4150792062282562,0.284892201423645,-0.07876300066709518,0.2189195603132248,-0.212506964802742,-0.32092615962028503,0.015269660390913486,0.06743068248033524,-0.09572169929742813,0.4394630193710327,-0.07712912559509277,0.00824865885078907,-0.02107122354209423,-0.41205230355262756,0.2716177999973297,-0.4421575665473938,-0.03177536278963089,0.2194114625453949,0.39520925283432007,-0.05611295625567436,0.20268993079662323,-0.07249607145786285,-0.1959056258201599
684.0,-0.15881377458572388,0.30123433470726013,-0.0176067017018795,0.19026145339012146,-0.19490748643875122,-0.09266582876443863,-0.4865512251853943,-0.12005497515201569,-0.28119099140167236,0.20633117854595184,0.047676391899585724,0.09468091279268265,-0.23597665131092072,0.28967300057411194,0.18104083836078644,-0.4793349504470825,0.17303292453289032,0.11053971946239471,-0.2189951092004776,0.2335055023431778,-0.5214741826057434,-0.06345777958631516,-0.5098651051521301,-0.19852955639362335,0.13406142592430115,-0.07481098920106888,0.15785270929336548,-0.24277541041374207,0.24116624891757965,-0.11447657644748688,-0.12307660281658173,0.13394677639007568,0.12401127070188522,-0.10434114933013916,0.03167108818888664,0.17267674207687378,-0.12585465610027313,-0.019240587949752808,-0.0985865443944931,-0.45884278416633606,-0.39521268010139465,0.6604596376419067,0.2627798318862915,-0.14144621789455414,0.24715256690979004,-0.2982828915119171,-0.47044631838798523,-0.0002743462100625038,-0.018549691885709763,-0.028059715405106544,0.3002018332481384,-0.15057238936424255,0.039249151945114136,0.036562349647283554,-0.44098517298698425,-0.10800785571336746,-0.07995089143514633,-0.011816073209047318,0.18972814083099365,0.49233725666999817,-0.04334340617060661,0.08092942088842392,-0.18248091638088226,-0.13252931833267212
685.0,0.11196509748697281,-0.2513198256492615,-0.4762827455997467,-0.06609221547842026,-0.2875308394432068,-0.13301602005958557,-0.8631393313407898,0.07468470931053162,-0.6307437419891357,0.06950808316469193,0.37918752431869507,-0.5547463893890381,-0.013784503564238548,-0.14285825192928314,-0.0012040524743497372,-0.029519299045205116,-0.04630540311336517,0.2894958555698395,-0.3078213334083557,-0.749129593372345,-0.399821013212204,0.43048593401908875,-0.519030749797821,0.2094094455242157,0.738990306854248,0.07964418828487396,-0.45357516407966614,-0.816044270992279,0.12170659750699997,0.5618999004364014,0.8737872242927551,0.48924317955970764,-0.38152122497558594,-0.22480101883411407,-0.0422094501554966,1.070114016532898,0.41642752289772034,0.354951411485672,-0.15912599861621857,-0.2286054491996765,0.2498166412115097,-0.9048191905021667,-0.011981384828686714,-0.10392943024635315,-0.14000889658927917,-0.12442886829376221,0.13606232404708862,0.3462163209915161,0.2842840850353241,-0.5359596610069275,0.19568246603012085,0.23654252290725708,-0.15082904696464539,-0.43206244707107544,-0.2132546603679657,0.8371612429618835,-1.152700424194336,0.05145268142223358,-0.25076472759246826,-0.22010675072669983,0.486713171005249,0.4113321304321289,0.6014301180839539,-0.3982512950897217
686.0,0.0971505343914032,-0.2564540207386017,-0.3913210928440094,0.08070027828216553,-0.16917359828948975,-0.1298227459192276,-0.7618258595466614,0.04951786994934082,-0.6168485283851624,0.01889047957956791,0.1192496046423912,-0.3892003297805786,-0.14695271849632263,-0.13786190748214722,-0.038908593356609344,-0.05186562240123749,-0.051677413284778595,0.2194989025592804,-0.3150296211242676,-0.527089536190033,-0.385317325592041,0.2967146337032318,-0.23980294167995453,0.1352107971906662,0.5316800475120544,0.10555097460746765,-0.39707663655281067,-0.6683420538902283,0.2121673822402954,0.11838909238576889,0.7006329894065857,0.4387010633945465,-0.2565813660621643,-0.28677865862846375,-0.06294703483581543,0.8482605218887329,0.3086733818054199,0.29012155532836914,-0.11131640523672104,-0.10927611589431763,0.2069268673658371,-0.7231125235557556,0.059076979756355286,-0.05711125209927559,-0.05193062499165535,-0.06372828036546707,0.11372090131044388,0.23154880106449127,0.3488488495349884,-0.4843807518482208,0.2155054211616516,0.19316737353801727,-0.1383042335510254,-0.419616162776947,-0.15509501099586487,0.6758893728256226,-0.9015563726425171,0.15731869637966156,-0.18874752521514893,-0.14473742246627808,0.26406607031822205,0.3971906006336212,0.49564453959465027,-0.34846171736717224
687.0,-0.3342093527317047,0.006106500048190355,-0.3456238806247711,0.022200411185622215,-0.04186992347240448,-0.08813321590423584,-0.546983003616333,-0.07659643143415451,0.010006268508732319,0.37109842896461487,0.5481622219085693,-0.13759535551071167,0.2420404553413391,0.1055980771780014,0.009030576795339584,-0.25132131576538086,0.06524981558322906,0.41988319158554077,-0.25556275248527527,-0.26507267355918884,-0.36707234382629395,0.15823149681091309,-0.951154351234436,0.36111506819725037,0.42692118883132935,-0.29108694195747375,-0.06710430979728699,-0.3975681960582733,0.012965628877282143,0.3871084451675415,0.21505135297775269,0.11106123775243759,-0.4189690947532654,-0.23402537405490875,0.01820845901966095,0.2875835597515106,-0.008216974325478077,-0.3417395055294037,-0.017738156020641327,-0.23835326731204987,-0.006399107631295919,-0.2647833526134491,0.16604189574718475,-0.3438601791858673,0.031223082914948463,-0.30460187792778015,-0.10006147623062134,0.010461485013365746,-0.2752475142478943,-0.46969062089920044,-0.10199995338916779,-0.06536469608545303,-0.09648364782333374,-0.3155454695224762,-0.39466020464897156,0.3287997245788574,-0.2761130928993225,-0.15613976120948792,-0.08624479174613953,0.33980312943458557,0.48019492626190186,0.05691160261631012,-0.004214134532958269,-0.138827845454216
688.0,-0.06309694051742554,-0.07670537382364273,-0.4331139028072357,0.04240100458264351,-0.21653512120246887,-0.033065829426050186,-0.6426977515220642,0.22983410954475403,-0.3654208481311798,0.06363481283187866,0.1636487990617752,-0.23276881873607635,-0.11840198934078217,-0.08252579718828201,0.05340130254626274,-0.056061580777168274,0.04543266445398331,0.11258219927549362,-0.20880278944969177,-0.40035104751586914,-0.4498233497142792,0.34366393089294434,-0.2014569789171219,0.2284483164548874,0.4291135370731354,0.04476793482899666,-0.601752519607544,-0.5025057196617126,-0.049576859921216965,0.20669247210025787,0.4732109010219574,0.25513193011283875,-0.46016570925712585,-0.19061830639839172,0.0015914842952042818,0.7737067937850952,0.24534007906913757,-0.0383901409804821,-0.07853741943836212,-0.13300062716007233,0.22750140726566315,-0.6753365397453308,0.17173372209072113,-0.05085508152842522,-0.04795454069972038,-0.10808778554201126,0.19302590191364288,0.1615041345357895,0.28255751729011536,-0.48933377861976624,0.11530637741088867,0.1696619689464569,-0.04923735186457634,-0.38837525248527527,-0.1358841508626938,0.4282120168209076,-0.7214873433113098,0.2549450099468231,-0.2839567959308624,-0.15191926062107086,0.24207188189029694,0.1724802553653717,0.38768115639686584,-0.5189874172210693
689.0,0.10804107040166855,-0.21202881634235382,-0.4930652379989624,-0.026220427826046944,-0.23432239890098572,-0.2127247452735901,-0.8138592839241028,0.08583374321460724,-0.6644580364227295,0.13030651211738586,0.20764519274234772,-0.4763842225074768,-0.12126126885414124,-0.06896837055683136,-0.03571769595146179,-0.0611858069896698,0.014547321014106274,0.17402702569961548,-0.2718333601951599,-0.5650202035903931,-0.4138703942298889,0.3393387794494629,-0.3621126115322113,0.24739126861095428,0.5612962245941162,0.1004483699798584,-0.37279292941093445,-0.7139756679534912,0.1632567048072815,0.42565202713012695,0.8051688075065613,0.38974636793136597,-0.3482096791267395,-0.24862200021743774,-0.003744315356016159,0.9731422662734985,0.38162460923194885,0.3386654257774353,-0.23037850856781006,-0.18374168872833252,0.19083315134048462,-0.7215887904167175,0.06011660769581795,-0.1380094587802887,-0.0487358458340168,-0.10004128515720367,0.17351111769676208,0.3367197513580322,0.3287518322467804,-0.48979103565216064,0.23184604942798615,0.193825364112854,-0.08550315350294113,-0.4015049934387207,-0.21386393904685974,0.6977980136871338,-1.0135555267333984,0.11137431859970093,-0.23176133632659912,-0.2627190351486206,0.3615967631340027,0.40577375888824463,0.5628685355186462,-0.34176695346832275
690.0,-0.10219357162714005,0.041834089905023575,-0.07566548883914948,0.30933648347854614,-0.12330388277769089,-0.0928151085972786,-0.6547248363494873,-0.15651275217533112,-0.4422503709793091,0.21696791052818298,-0.12909169495105743,-0.05076736584305763,-0.3985828161239624,0.20778833329677582,0.1123848482966423,-0.44172564148902893,0.13532091677188873,0.20554356276988983,-0.20315176248550415,0.27159392833709717,-0.40840625762939453,0.0013671866618096828,-0.32433468103408813,-0.23812967538833618,0.12188740074634552,-0.13769489526748657,0.07462682574987411,-0.21465429663658142,0.43974268436431885,-0.5542041063308716,-0.040231853723526,0.2034476399421692,0.1300901174545288,-0.12036880105733871,0.03197474405169487,0.16427768766880035,-0.04943813756108284,0.07290666550397873,-0.19286397099494934,-0.3346060812473297,-0.3600054085254669,0.5112847685813904,0.33909228444099426,-0.19280973076820374,0.2852047085762024,-0.1821863353252411,-0.32399070262908936,-0.06424639374017715,0.09014350920915604,-0.05917559191584587,0.3637249767780304,-0.10500046610832214,0.02080649323761463,0.04195217043161392,-0.40007272362709045,0.15591059625148773,-0.1454268991947174,0.008620668202638626,0.20819874107837677,0.5297626256942749,-0.09954604506492615,0.1857260763645172,-0.18790936470031738,-0.0669790580868721
691.0,-0.20258446037769318,0.23189032077789307,-0.06493768841028214,0.22851049900054932,-0.26300179958343506,-0.10412643104791641,-0.7006799578666687,-0.1924905627965927,-0.47383448481559753,0.27921921014785767,0.05355706810951233,-0.19271159172058105,-0.3374858498573303,0.28867000341415405,0.14455197751522064,-0.5809824466705322,0.21755468845367432,0.18236930668354034,-0.09359787404537201,0.32275015115737915,-0.5102710723876953,0.08755878359079361,-0.6185517311096191,-0.22276687622070312,0.13889241218566895,-0.09939605742692947,0.12038224935531616,-0.17493461072444916,0.3764362633228302,-0.22427402436733246,-0.050026047974824905,0.07157868146896362,0.19779109954833984,-0.02464669942855835,0.20426718890666962,0.18061213195323944,0.01392426434904337,0.11394324153661728,-0.1895304024219513,-0.4631859064102173,-0.44082310795783997,0.8045541644096375,0.2781970798969269,-0.22831714153289795,0.4006659686565399,-0.30643966794013977,-0.45455044507980347,-0.04893942177295685,-0.011303801089525223,0.013477003201842308,0.36433374881744385,-0.20473217964172363,0.02221822179853916,0.09991136193275452,-0.3649529218673706,-0.0394817553460598,-0.13961279392242432,-0.18972527980804443,0.23675279319286346,0.6770779490470886,-0.13532079756259918,0.08380896598100662,-0.2762884199619293,-0.04708928242325783
692.0,-0.08422558754682541,0.04695254564285278,-0.11332595348358154,0.21473006904125214,-0.14101065695285797,-0.1414094865322113,-0.6262227892875671,-0.14340239763259888,-0.4188598394393921,0.1423746645450592,-0.02553873136639595,-0.11041995137929916,-0.2599247694015503,0.13575081527233124,0.09586109966039658,-0.3200332820415497,0.12501613795757294,0.1867801994085312,-0.17134232819080353,0.13107137382030487,-0.31052321195602417,0.10322272777557373,-0.35009732842445374,-0.1272108256816864,0.17998825013637543,-0.1033339872956276,0.004512759856879711,-0.2947362959384918,0.29074978828430176,-0.33288317918777466,0.09593629837036133,0.22740289568901062,-0.016256023198366165,-0.15290307998657227,0.06891296803951263,0.23971529304981232,-0.029200628399848938,0.05071411654353142,-0.2205049842596054,-0.26326555013656616,-0.24889253079891205,0.2506135404109955,0.22371576726436615,-0.19945788383483887,0.23048387467861176,-0.20601078867912292,-0.25264430046081543,-0.07076984643936157,0.08106493949890137,-0.08792412281036377,0.2706209719181061,-0.09039940685033798,-0.048722043633461,-0.05582074075937271,-0.30901557207107544,0.22017855942249298,-0.2610139846801758,0.027264969423413277,0.09935814887285233,0.39207324385643005,-0.0242155734449625,0.1335146129131317,-0.025464080274105072,-0.06654839962720871
693.0,-0.0654197633266449,-0.003751151030883193,-0.21656805276870728,0.193897545337677,-0.26976659893989563,-0.1688939481973648,-0.716740608215332,-0.11053547263145447,-0.6075496077537537,0.22433270514011383,0.10931040346622467,-0.2796613872051239,-0.30077889561653137,0.11149195581674576,0.05955423787236214,-0.42340630292892456,0.15074968338012695,0.22525037825107574,-0.1497744619846344,-0.007467793766409159,-0.41913822293281555,0.22510208189487457,-0.41413894295692444,-0.13999512791633606,0.3409881889820099,0.07043615728616714,-0.05786456540226936,-0.33831286430358887,0.27925950288772583,-0.13610954582691193,0.24162425100803375,0.21064156293869019,0.07272259891033173,-0.16947714984416962,0.16491113603115082,0.4980064332485199,0.11781501770019531,0.18305757641792297,-0.1569967120885849,-0.34200188517570496,-0.1767568737268448,0.2843577563762665,0.1762012094259262,-0.15546496212482452,0.30177390575408936,-0.2580028772354126,-0.31704533100128174,0.010071849450469017,0.11426082253456116,-0.14019383490085602,0.3369583785533905,-0.05943674221634865,-0.10809335112571716,-0.10237200558185577,-0.3003881275653839,0.21244747936725616,-0.4094941020011902,-0.058321692049503326,0.12720736861228943,0.42596787214279175,-0.10398140549659729,0.20115740597248077,0.011565183289349079,-0.1633114069700241
694.0,-0.07687319070100784,0.03698425740003586,0.01019902341067791,0.28858667612075806,-0.17345307767391205,-0.05462901294231415,-0.6356512904167175,-0.1324794739484787,-0.4384785294532776,0.13433852791786194,-0.09775451570749283,-0.1118360310792923,-0.2855662703514099,0.1346561163663864,0.1427638828754425,-0.36315396428108215,0.0949186384677887,0.2075004130601883,-0.19740848243236542,0.16101574897766113,-0.42337527871131897,0.06579501181840897,-0.2766553461551666,-0.3045573830604553,0.1995735764503479,-0.03565140441060066,0.0218757726252079,-0.23169557750225067,0.3937506079673767,-0.5271825194358826,0.00948542170226574,0.2661363184452057,0.1334339827299118,-0.13934849202632904,0.03774401545524597,0.24686186015605927,0.0057014175690710545,0.13505913317203522,-0.08767207711935043,-0.31038913130760193,-0.2399454414844513,0.355339378118515,0.2605825364589691,-0.09228827059268951,0.2430705577135086,-0.18516258895397186,-0.3482741713523865,-0.052492644637823105,0.09477990120649338,-0.054776765406131744,0.32243168354034424,-0.0662289559841156,-0.03463107720017433,-0.018313368782401085,-0.34621381759643555,0.219367116689682,-0.27736297249794006,-0.004313805606216192,0.19685356318950653,0.4701591432094574,-0.10324247181415558,0.1471652090549469,-0.12713657319545746,-0.1491982787847519
695.0,0.15494859218597412,-0.5373228788375854,-0.4488271176815033,0.05765242874622345,-0.13082292675971985,0.03205130249261856,-0.6208767890930176,-0.03090466372668743,-0.492183655500412,-0.005750890821218491,0.27618032693862915,-0.3996366560459137,-0.01834043301641941,-0.26204821467399597,-0.2378399819135666,-0.08012952655553818,-0.06437374651432037,0.39800554513931274,-0.07418804615736008,-0.5176622867584229,0.052586525678634644,0.4515540897846222,0.000834625621791929,0.06406594812870026,0.49295204877853394,0.04732925444841385,-0.48587340116500854,-0.4194198548793793,0.11962030082941055,-0.16938133537769318,0.7256060838699341,0.37588265538215637,-0.07580434530973434,-0.23639234900474548,0.011517800390720367,0.7221614122390747,0.24991707503795624,0.2928656339645386,-0.2444148063659668,0.00011208053911104798,0.3090786933898926,-0.8848106861114502,0.001915321801789105,-0.28988412022590637,-0.0210289116948843,0.04279623180627823,-0.08536103367805481,0.03984365239739418,0.46384790539741516,-0.2967909276485443,0.008191404864192009,0.17501692473888397,-0.1537303328514099,-0.3095197379589081,-0.12183844298124313,0.6911656260490417,-0.703688383102417,0.09725099802017212,-0.16092008352279663,0.007689875550568104,0.033998649567365646,0.3510720133781433,0.4277831017971039,-0.08669549226760864
696.0,0.032078903168439865,-0.48750385642051697,-0.5306193828582764,0.06054229289293289,-0.20046086609363556,0.15126830339431763,-0.7383843064308167,0.17923954129219055,-0.4339089095592499,0.059241656213998795,0.18609030544757843,-0.35502198338508606,-0.17565467953681946,-0.2073860615491867,-0.17884352803230286,-0.15480901300907135,0.011315187439322472,0.3748518228530884,-0.07825861126184464,-0.41743460297584534,-0.14061971008777618,0.5109515190124512,-0.009245471097528934,0.09020909667015076,0.5446479320526123,-0.03055696003139019,-0.6698899865150452,-0.3591685891151428,0.11175492405891418,-0.23929594457149506,0.5981928110122681,0.2797706723213196,-0.2538025379180908,-0.16708829998970032,-0.024097716435790062,0.8177974820137024,0.2947215139865875,0.11796300858259201,-0.23511658608913422,-0.04403354600071907,0.29239287972450256,-0.7699958682060242,0.21004638075828552,-0.2946871817111969,-0.00691863102838397,0.06932350993156433,0.07693063467741013,0.03852256014943123,0.45393288135528564,-0.4013294279575348,0.07239846885204315,0.1325739473104477,-0.0325816310942173,-0.2901928424835205,-0.18912504613399506,0.6074300408363342,-0.6566669344902039,0.16990166902542114,-0.20185218751430511,0.013820306397974491,0.020450526848435402,0.30527666211128235,0.3491046726703644,-0.24466048181056976
697.0,0.19250443577766418,-0.508272647857666,-0.4493899345397949,-0.011280830018222332,-0.21271181106567383,-0.02290964685380459,-0.640821099281311,0.05555961653590202,-0.6014848351478577,0.02645541913807392,0.24867765605449677,-0.514228105545044,-0.08616186678409576,-0.1965773105621338,-0.23104418814182281,-0.07074403762817383,-0.04808904975652695,0.31038743257522583,-0.06369519233703613,-0.542576253414154,-0.05481759458780289,0.45397844910621643,-0.012461081147193909,0.08050540089607239,0.5253153443336487,0.19920240342617035,-0.4599473476409912,-0.41165658831596375,0.10252251476049423,0.01172083243727684,0.7966546416282654,0.3207365870475769,-0.0378054678440094,-0.21384742856025696,0.059317175298929214,0.9295557141304016,0.3717198669910431,0.42377954721450806,-0.1881827414035797,-0.02613017149269581,0.33524951338768005,-0.7692316174507141,-0.031132996082305908,-0.21278712153434753,0.026813501492142677,0.02634534239768982,-0.031451016664505005,0.1358264982700348,0.46461620926856995,-0.3239898681640625,0.10186038166284561,0.17329709231853485,-0.15441416203975677,-0.30705028772354126,-0.10866802930831909,0.6239210963249207,-0.7884891629219055,0.04323253035545349,-0.1350521445274353,-0.10415638983249664,-0.03732498735189438,0.3653419315814972,0.4533834159374237,-0.12856920063495636
698.0,0.1857922375202179,-0.4470627009868622,-0.4326772689819336,0.016751686111092567,-0.21668539941310883,-0.028107913210988045,-0.6934348344802856,0.07741130888462067,-0.6016303896903992,-0.0022717781830579042,0.20408859848976135,-0.5157414674758911,-0.09287754446268082,-0.16802917420864105,-0.17440229654312134,-0.05903639271855354,-0.057864975184202194,0.30730047821998596,-0.11144710332155228,-0.5447242856025696,-0.13758476078510284,0.41373926401138306,-0.025551700964570045,0.04751091077923775,0.5209610462188721,0.1776714324951172,-0.4585701525211334,-0.4802508056163788,0.13857480883598328,-0.031630367040634155,0.7555934190750122,0.36830297112464905,-0.05576380714774132,-0.24094219505786896,-0.0030711819417774677,0.8993310332298279,0.34088993072509766,0.4211505353450775,-0.1754641979932785,-0.06475973129272461,0.3026227355003357,-0.7917858362197876,-0.009806536138057709,-0.18776245415210724,-0.012785868719220161,0.043340377509593964,-0.009782438166439533,0.145155131816864,0.4499167799949646,-0.3490745723247528,0.1567462980747223,0.18844129145145416,-0.11839567124843597,-0.333107054233551,-0.12230365723371506,0.6856539845466614,-0.8399479389190674,0.0981622189283371,-0.14208966493606567,-0.12763676047325134,0.04271010309457779,0.3618200719356537,0.48845425248146057,-0.16590532660484314
699.0,-0.2939263582229614,-0.07844599336385727,-0.3091498911380768,-0.07787061482667923,-0.09776480495929718,0.07738276571035385,-0.7376980781555176,-0.06425297260284424,0.14758767187595367,0.3090682923793793,0.897438645362854,-0.40701574087142944,0.463789701461792,-0.055866144597530365,-0.010335234925150871,-0.26986199617385864,0.031572047621011734,0.5169872045516968,-0.042339615523815155,-0.39554426074028015,-0.19606031477451324,0.38177549839019775,-0.9366618394851685,0.1844506412744522,0.4219958782196045,-0.2820190191268921,-0.22242242097854614,-0.3297785222530365,0.025314491242170334,0.30419427156448364,0.33162903785705566,0.15621861815452576,-0.2466365247964859,-0.16571421921253204,0.14523588120937347,0.2939206659793854,0.10418630391359329,-0.2507650554180145,-0.041405655443668365,-0.28563544154167175,0.26069456338882446,-0.6764559745788574,0.1313939243555069,-0.4509178102016449,0.027184562757611275,-0.2130511850118637,-0.43358761072158813,-0.1885666698217392,-0.145480677485466,-0.3097234070301056,-0.19869650900363922,0.04159693419933319,-0.07696936279535294,-0.173710435628891,-0.3762224018573761,0.4876843988895416,-0.6495122909545898,-0.2513260543346405,-0.09745338559150696,0.45173630118370056,0.44773536920547485,-0.054347701370716095,-0.05828334018588066,-0.11420398205518723
